type,received_at,event_text_encoded,uptime_s,temp_c,gyro_z_dps,command_value,random,pd0,pd1,pd2,pd3,photoreflector_adc,wifi_signal_quality
pico_reply,21:29:42,1%C8%29%A7%29%A71%C61%C71%C7%29%A6%29%A6%29%A7%29%A6%29%87%29%86%29%A6%29%A6%29%C6%29%C6%29%A6%29%A6%29%C7%29%C7%29%E7%29%E7%29%E7%29%E72%201%E7%29%E7%29%C7%29%C71%E72%202%202%20%3A%20%3A%20%3A%28%3A%201%E81%E71%E72%27%3A%272%28%3A%28%3A%282%28%3A%28%3A%28%3A%28%3A%28%3A%20%3A%28%3A%28%3A%28%3A%20%3A%20%3A%20%3A%28%2AGKIc%8EB%8DBHBI%3AH%3AH%3A%29%3A%28%3Ah2h%3Ah%3Ai%3A%89Bi%3A%89%3A%89%3A%89%3A%89B%89BiBI%3A%29%3AhBHB%29B%28BI%3AH%3AGB%88Bi%3AH%3AhBhBhJiBIJ%88B%88B%88J%CAB%89B%89B%89B%89J%89B%A9J%A9B%E9B%A8c%AB%5BKJ%CBR%CAJ%EAJ%A9B%AAJ%E9J%EAJ%EAJ%EAK,0,0.00,NA,0,0,0,0,0,0,NA,96
pico_reply,21:29:42,S,0,0.00,NA,0,0,0,0,0,0,NA,96
pico_reply,21:29:42,S,0,0.00,NA,0,0,0,0,0,0,NA,96
pico_reply,21:29:42,S,0,0.00,NA,0,0,0,0,0,0,NA,96
pico_reply,21:29:42,S,0,0.00,NA,0,0,0,0,0,0,NA,96
camera,21:29:42,Camera%2Fcontrol%20line%20discarded%3A%20too%20long,0,0.00,NA,0,0,0,0,0,0,NA,96
pico_reply,21:29:42,%20%85%3A%261%C7%29%C7%29%C71%C61%C71%C7%29%A6%29%A6%29%A7%29%86%29%87%29%86%29%A6%29%A6%29%A6%29%A7%29%A7%29%A7%29%A7%29%C7%29%E7%29%E7%29%E7%29%E71%E8%29%E7%29%E7%29%C71%C72%202%202%20%3A%20%3A%20%3A%28%3A%28%3A%281%E91%E82%202%282%202%20%3A%20%3A%282%28%3A%28%3A%28%3A%28%3A%28%3A%28%3A%282H%3AH%3A%20%3A%20%3A%282%20%2A%28CHc%8E%3AL%3A%28%3A%28%3AH%3AH%3AH2%282%28%3AI2%282%28%3AH%3A%282%282H%3A%89%3Ai%3Ai%3A%89BiB%89B%89JjJj%3Ai%3AhB%89B%88BhBhB%88B%87BhB%89BiBhBhB%88B%88B%A9B%89BiB%89J%89J%89B%A9J%A9B%C9J%A9K%20R%EAB%ABR%CAR%EAJ%C9J%CAJ%C9J%EAJ%EAJ%EAJ%EAS,0,0.00,NA,0,0,0,0,0,0,NA,96
pico_reply,21:29:42,S,0,0.00,NA,0,0,0,0,0,0,NA,96
pico_reply,21:29:42,R%EA%5B,0,0.00,NA,0,0,0,0,0,0,NA,96
camera,21:29:43,Camera%2Fcontrol%20line%20discarded%3A%20too%20long,0,0.00,NA,0,0,0,0,0,0,NA,96
pico_reply,21:29:43,%851%E7%29%C8%29%C7%29%C71%C71%C71%A7%29%A6%29%A6%29%A6%29%86%29%86%29%86%29%A6%29%A6%29%A6%29%A7%29%A7%29%A7%29%A7%29%C7%2A%20%29%E61%E71%E7%29%E7%29%E71%E7%29%C7%29%E72%201%E72%20%3A%20%3A%20%3A%202%28%3A%281%E81%E8%29%C72%202%202%20%3A%202%20%3A%28%3A%20%3A%202%28%3AH%3A%282%202%202%202%20%3A%20%3A%202%20%2A%27%3A%A8S%2C2%2A%3A%28%3A%28%3AG%3A%27%3A%292%28%3A%28%3A%282%282%282%20%3A%20%3A%28%3AH%3A%20%3AH%3AI%3AhBiB%89%3AiBjBiB%A9B%A9B%CAJ%CAJ%C9J%E9J%EAB%89BiBiBiBhBiB%89B%89B%C9B%89B%89J%89J%89B%89B%A9J%A9J%8ABiB%89R%E9B%AAR%C9R%E9J%C8R%EAJ%EAJ%EAJ%EAR%EAJ%EAS,0,0.00,NA,0,0,0,0,0,0,NA,96
pico_reply,21:29:43,S,0,0.00,NA,0,0,0,0,0,0,NA,96
pico_reply,21:29:43,S,0,0.00,NA,0,0,0,0,0,0,NA,96
pico_reply,21:29:43,S,0,0.00,NA,0,0,0,0,0,0,NA,96
camera,21:29:43,Camera%2Fcontrol%20line%20discarded%3A%20too%20long,0,0.00,NA,0,0,0,0,0,0,NA,96
pico_reply,21:29:43,%29%C7%29%A7%29%E71%C71%C71%C71%A7%29%A6%29%86%29%A6%29%A6%29%A6%29%A6%29%A6%29%A6%29%A6%29%A6%29%A6%29%A6%29%A6%29%C7%29%C7%29%C6%29%E6%29%C71%C7%29%C7%29%C6%29%E7%29%E7%29%C71%E72%201%E82%202%28%2A%272%281%E81%E8%29%A7%29%E71%E71%E71%E7%3A%282%28%3A%282%282%282G2%281%E81%E71%E72%201%E81%E81%C7%3A%20%2A%28%3AI%29%E8%3A%28%3A%28%3A%28%3AH2%282%282%28%3A%202%282%28%3A%28%3A%28%3A%28%3A%28%3A%29%3A%29%3A%29%3AI%3A%28%3AI%3A%89%3AiB%89B%89B%A9B%A9J%CAJ%EAJ%C9J%CAJ%A9J%CAB%A9B%C9R%CAJ%AAB%89B%89J%C9B%89J%A9J%A9J%A9J%A9J%C9J%A9J%8AJ%A9J%E9R%C9R%CAJ%C9S%20J%C9R%CAR%CAR%CAR%CAS,0,0.00,NA,0,0,0,0,0,0,NA,96
pico_reply,21:29:43,J%EAS,0,0.00,NA,0,0,0,0,0,0,NA,96
pico_reply,21:29:43,S,0,0.00,NA,0,0,0,0,0,0,NA,96
camera,21:29:43,Camera%2Fcontrol%20line%20discarded%3A%20too%20long,0,0.00,NA,0,0,0,0,0,0,NA,96
pico_reply,21:29:43,e%21%85%2A%201%E8%29%C81%E71%C71%C71%C71%A7%29%A6%29%A6%29%86%21e%29%A5%29%A6%21%86%29%A6%29%C6%29%A6%29%A6%29%A6%29%A6%29%A6%29%A6%29%A6%29%C61%C61%C6%29%C6%29%C61%C7%29%C7%29%C61%E7%3A%20%3A%201%E82%202%272%281%E81%A7%29%A61%C71%C71%E71%E71%E71%E71%C71%E7%29%E7%29%E61%E6%3A%202%201%E71%E71%C71%C71%C71%E7%29%E7%3AH%3A%209%E8%3A%20%3A%28%3AH2%282%28%3A%27%3A%202%202%202%28%3A%28%3A%28%3A%28%3A%29%3A%29%3A%28%3AI%3AH%3Ah%3AiBi%3AHBHBIBIBI%3AhB%A9J%8AJ%AAB%CAB%C9R%CAJ%AAJ%EAJ%CAJ%CA%3A%A9J%C9J%AAJ%AAJ%CAB%A9B%CAJ%CAJ%C9J%C9B%A9J%C9R%C9J%EAJ%E9J%EAR%C9R%CAR%CAR%EAJ%EAS%20R%EBS,0,0.00,NA,0,0,0,0,0,0,NA,96
pico_reply,21:29:43,S%20S,0,0.00,NA,0,0,0,0,0,0,NA,96
pico_reply,21:29:43,S,0,0.00,NA,0,0,0,0,0,0,NA,96
camera,21:29:43,Camera%2Fcontrol%20line%20discarded%3A%20too%20long,0,0.00,NA,0,0,0,0,0,0,NA,96
pico_reply,21:29:43,%E81%E7%29%C8%29%C7%29%E71%A71%87%29%A6%29%861%86%29%A7%29e1%C6%29%A6%29%C51%E7%29%A7%29%86%29%A6%29%A6%29%86%29%A61%A6%29%C6%29%E61%C6%29%C6%29%C6%29%C7%29%A7%29%A7%29%86%29%A6%29%A71%E82%202%202%201%C8%29%A7%29%A6%29%E71%C7%29%C71%E7%29%E7%29%C7%29%C71%E8%29%E7%29%C7%29%A7%29%A7%29%A7%29%C6%29%E71%C71%E71%C72%202G%3AH9%E89%C82%20%3A%282%282%282%282%27%3A%202%202%202%282%28%3A%28%3A%20%3A%29%3A%28%3A%28%3A%28%3AH%3Ah%3Ai%3AiBiBiBiBiBiBiJ%89BjJ%89B%CAJ%AAB%89J%C9B%CAJ%CAJ%EAJ%EAJ%EBJ%CBJ%CAJ%CAJ%EAJ%EAJ%EAJ%E9J%E9K,0,0.00,NA,0,0,0,0,0,0,NA,96
pico_reply,21:29:43,S,0,0.00,NA,0,0,0,0,0,0,NA,96
pico_reply,21:29:43,R%C9R%CAJ%E9S%20R%EAR%CAR%CAS,0,0.00,NA,0,0,0,0,0,0,NA,96
pico_reply,21:29:43,J%EAS,0,0.00,NA,0,0,0,0,0,0,NA,96
pico_reply,21:29:43,S,0,0.00,NA,0,0,0,0,0,0,NA,96
camera,21:29:43,Camera%2Fcontrol%20line%20discarded%3A%20too%20long,0,0.00,NA,0,0,0,0,0,0,NA,96
pico_reply,21:29:43,e%29%86%29%862%20%29%A71%C71%C8%29%E7%29%E7%29%A71%87%29%A6%21%85%3Ag9%E7%29%E82%20%3Ah%21%A7%21f%21g%29%86%29%86%29%A7%29%861%861%87%29%A61%C61%C6%29%C6%29%E6%29%A6%29%A6%29%A6%29%A6%29%C6%29%C71%E71%E82%201%C71%A7%29%A6%29%86%29%A6%29%C61%C71%C7%29%E7%29%C61%C71%C7%29%A7%29%C6%29%C61%A71%C71%C61%E61%E71%C71%C72%202G%3A%299%E79%C71%E8%3A%282%282%282%202%20%3A%202%202%202%282%28%3A%28%3A%20%3A%28%3A%28%3A%28%3A%28%3AH%3AH%3Ah%3AHBiBIBIBiBiB%89JiJjJ%A9J%CAB%8AB%89B%E9J%CAJ%CAB%A9J%EBJ%CBJ%CBJ%CBJ%CAJ%EAJ%EAK,0,0.00,NA,0,0,0,0,0,0,NA,96
pico_reply,21:29:43,S,0,0.00,NA,0,0,0,0,0,0,NA,96
pico_reply,21:29:43,K%2ASKS%20J%EAJ%EAB%EAK,0,0.00,NA,0,0,0,0,0,0,NA,96
pico_reply,21:29:43,R%EAS,0,0.00,NA,0,0,0,0,0,0,NA,96
pico_reply,21:29:43,S%20S%20K,0,0.00,NA,0,0,0,0,0,0,NA,96
camera,21:29:43,Camera%2Fcontrol%20line%20discarded%3A%20too%20long,0,0.00,NA,0,0,0,0,0,0,NA,96
pico_reply,21:29:43,%21%85%29e%29e%21%85%29%C61%E7%29%C7%29%C7%29%C8%29%E7%29%C69%E6%29g%29%86%20FB%E8B%89Jk%29%E8%3AH%29%E5%3A%26%21i%29%86%29%A6%29%A6%29%86%29%86%29%A7%29%A7%29%A7%29%A6%29%C6%29%C6%29%A6%29f%21e%29%A6%29%A6%29%A7%29%A7%29%C71%E71%C7%29%A7%29%86%29%86%29%A6%29%A6%29%C6%29%C7%29%C6%29%C6%29%A7%29%A7%29%A7%29%A7%29%A6%29%C7%29%C71%A6%29%C7%29%C71%C7%29%C7%29%E72%201%E81%A79%E81%E8%3A%209%E82%202%272%202%201%E72%202%282%28%3A%28%3A%20%3A%20%3A%28%3AH%3A%28%3A%28%3AH%3AH%3AhBHBiBiB%89B%89BiBiBjJ%EAJ%CAB%89B%AAJ%AAB%8AB%89J%8AJ%CAB%EAJ%EAJ%CAJ%CAJ%CAJ%EAS,0,0.00,NA,0,0,0,0,0,0,NA,96
pico_reply,21:29:43,S,0,0.00,NA,0,0,0,0,0,0,NA,96
pico_reply,21:29:43,K,0,0.00,NA,0,0,0,0,0,0,NA,96
pico_reply,21:29:43,S%20S%20S%20S%20S%2BS%2BR%EAS,0,0.00,NA,0,0,0,0,0,0,NA,96
pico_reply,21:29:43,S%20J%EBJ%E9S%2AS%2BK,0,0.00,NA,0,0,0,0,0,0,NA,96
camera,21:29:43,Camera%2Fcontrol%20line%20discarded%3A%20too%20long,0,0.00,NA,0,0,0,0,0,0,NA,96
camera,21:29:43,Camera%2Fcontrol%20line%20discarded%3A%20too%20long,0,0.00,NA,0,0,0,0,0,0,NA,96
pico_reply,21:29:43,o%84o%8C%90%8C%90%8C%B1%8C%B0%8C%D1%8C%D1%8C%D0%8C%D0%8C%D1%8C%F1%8D%20%8C%D1%8C%B1%94%F0%95%20%952%951%95R%95R%9D2%9D3%9D3%9D2%9D2%9D3%9D3%A52%A53%A53%9D3%9D3%A53%A5S%A5S%A5T%A5s%A5s%A5s%A5s%A5s%9DS%9DS%9DS%A5s%A5%94%A5%93%A5%94%A5%B4%A5%B4%A5%94%A5%B4%AD%94%AD%94%AD%94%AD%B4%AD%B4%B5%94%AD%94%AD%94%B5%B4%B5%D4%B5%D4%ADs%AD%94%5B%92S%8BdNdPd%20%5Bnc%ADc%2C%5B%2C%5BKS%2C%5Bl%5B-J%ECB%CB%3A%A9B%A8BI%3A,0,0.00,NA,0,0,0,0,0,0,NA,96
pico_reply,21:29:43,%29%86%21e%21f%21F%20%24%21%20%20%20%20d%29e%29%85%29%85%29%A6%29%A6%29%20%21%83%21%86%21d%29f%20%24%21D%21D%21E%21E%21D%21D%21%24%21%24%20%24%21%20%20%24%20%24%20%24%21%24%21D%21e%29e%29f%29f%29e%29%85%29%85%29e%20E%29%C6%29%C7%29%C7%29%E7%29%C7%29%C7%29%C61%869F%21%85%3A%E5u1%84%F0d2tPtsS%8Dck%29%89%29%A6%29%A7%29%A6%29%A6%29%A6%29%A6%29%A6%21%A6%29%A6%29%86%21%A6%29f%29f%21E%29e%21%85%29%86%29%A6%29%C6%29%C6%29%C7%29%A6%29%A6%29%A6%29%86%29%A6%29%A61%A6%29%A6%29%A6%29%A6%29%A6%29%A6%29%C6%29%A6%29%A6%29%A7%29%A6%29%A61%A61%C6%29%E6%29%C61%E7%29%C71%C61%C61%E71%E71%E72%202%202%201%E81%E82%202%20%3A%20%3A%20%3A%28%3A%28%3AH%3AH%3A%28%3AHB,0,0.00,NA,0,0,0,0,0,0,NA,96
camera,21:29:43,Camera%2Fcontrol%20line%20discarded%3A%20too%20long,0,0.00,NA,0,0,0,0,0,0,NA,96
camera,21:29:43,Camera%2Fcontrol%20line%20discarded%3A%20too%20long,0,0.00,NA,0,0,0,0,0,0,NA,96
camera,21:29:43,Camera%2Fcontrol%20line%20discarded%3A%20too%20long,0,0.00,NA,0,0,0,0,0,0,NA,96
camera,21:29:43,Camera%2Fcontrol%20line%20discarded%3A%20too%20long,0,0.00,NA,0,0,0,0,0,0,NA,96
camera,21:29:43,Camera%2Fcontrol%20line%20discarded%3A%20too%20long,0,0.00,NA,0,0,0,0,0,0,NA,96
pico_reply,21:29:43,%CAR%CAJ%EA%5BIK,0,0.00,NA,0,0,0,0,0,0,NA,96
camera,21:29:43,Camera%2Fcontrol%20line%20discarded%3A%20too%20long,0,0.00,NA,0,0,0,0,0,0,NA,96
camera,21:29:43,Camera%2Fcontrol%20line%20discarded%3A%20too%20long,0,0.00,NA,0,0,0,0,0,0,NA,96
camera,21:29:43,Camera%2Fcontrol%20line%20discarded%3A%20too%20long,0,0.00,NA,0,0,0,0,0,0,NA,96
pico_reply,21:29:44,%A6%29%A61%86%29%A61%C61%A61%A6%20eK%20B%8BB%89%3A%29%21g1%C61%C6%29%E61%C61%C61%E61%E71%C71%E71%E72%202%202%20%3A%202%202%272%20%3A%20%3A%20%3A%27%3A%27%3A%28%3A%28BHB%28BH%3AH%3AiB%28BiBhBiBiB%89B%89BjJ%89J%89J%A9B%A9J%C9J%C9B%C9B%E9B%EAJ%EAR%EBR%CAJ%EBJ%EAK,0,0.00,NA,0,0,0,0,0,0,NA,96
camera,21:29:44,Camera%2Fcontrol%20line%20discarded%3A%20too%20long,0,0.00,NA,0,0,0,0,0,0,NA,96
pico_reply,21:29:44,%25%21%25%29f%21e%21e%29e%29e%29f%29f%21%86%20f%3Ah1%C7%29%A7%29%A7%29%A71%A7%29%87%29%861%851f9f1%201%259f1%20%29e9%E7%20%26%20%20%29f%29%86%29%86%29%A5%29%85%21%86%29%A6%29%86%21%86%29e%29%86%29%86%29%86%29%86%21%86%20%85%21%A6%29%A6%21%A6%29%86%29%86%29%86%29%86%21%85%21%C61%E81%E7%29%E71%C71%E7%29%C7%29%A6%29%A6%29%A6%29%A6%29%A6%29%A61%A61%A61%A6%29%A6%2AF%7C%AE%84%B2S%2FJ%E9%3A%281%C81%C6%29%E61%C61%C61%C71%C69%E72%201%E72%202%202%202%202%202%202%272%28%3A%20%3A%27%3A%27%3A%28%3A%28%3AH%3AH%3A%28BHBIB%28BiBhBiB%89B%88B%89B%89B%89J%A9J%A9B%A9J%C9J%A9J%CAJ%CAB%EAJ%CAR%CAJ%EAK,0,0.00,NA,0,0,0,0,0,0,NA,96
pico_reply,21:29:44,K,0,0.00,NA,0,0,0,0,0,0,NA,96
camera,21:29:44,Camera%2Fcontrol%20line%20discarded%3A%20too%20long,0,0.00,NA,0,0,0,0,0,0,NA,96
pico_reply,21:29:44,%24%21E%21E%29f%21e%29%86%29e%29e%29f%29f%21%A5%21%A52%29%29%A7%29%A7%29%A71%C71%A7%29%86%29%86%29%86%29%861%861f1e1%869%86%29E%29e%21e%29%A6%29%86%29%86%29%86%29%A6%29%86%21%A5%29%A5%29%86%21%86%29%85%29%86%29%86%29%86%29%86%21%86%21E%21f%29%85%29%86%29%85%29%85%29%86%29%86%21%851%E61%E81%E7%29%E71%E71%C7%29%A7%29%C6%29%A6%29%A6%29%86%29%A6%29%A61%A61%A69%861%862D%951t%B3K%2FtP%3A%20%29i1%C61%C71%C61%C61%C71%C71%C71%C71%E71%E72%202%202%20%3A%20%3A%202%272%28%3A%27%3A%27%3A%28%3A%28%3A%28BIBH%3AHBHBH%3AhBHB%88B%89BhB%89BiB%89B%A9J%A8J%89B%A9J%A9J%A9J%CAJ%CAJ%C9J%CAR%CAR%EAJ%EAR%EA,0,0.00,NA,0,0,0,0,0,0,NA,96
pico_reply,21:29:44,S,0,0.00,NA,0,0,0,0,0,0,NA,96
camera,21:29:44,Camera%2Fcontrol%20line%20discarded%3A%20too%20long,0,0.00,NA,0,0,0,0,0,0,NA,96
pico_reply,21:29:44,%29f%21e%29e%29e%21%85%29%86%29%86%21%A6%29%E62%20%29%A8%29%C7%29%C71%C71%A7%29%86%29%86%29%86%29%86%29%A6%29%86%29%86%21%86%29f%29%86%29%86%29%86%29%86%29%86%29%A6%29%A6%29%A6%29%86%21%A6%21%A5%21%A6%29%86%29%86%29%86%29%86%29%86%29%86%21%86%21e%21f%29%86%29%86%21%86%29%85%29%85%21%86%21e2%202%202%20%2A%20%29%E71%E7%29%A7%29%A6%29%A6%29%A6%29%A6%29%A6%29%A6%29%A61%A61%861%86Jgt1%7D%20Z%F0S%B0J%851%CB1%C61%C71%C61%C61%C71%C71%C71%E71%E71%E72%202%202%20%3A%20%3A%20%3A%202%282G%3A%27%3A%28B%28%3A%27BIBI%3AHBhBIBH%3AH%3A%28BIJiB%88BhJ%89B%A9J%C8J%A9B%A9J%A9J%AAJ%89J%A9J%C9J%CAJ%CAJ%EAJ%EAR%CAR%EAK,0,0.00,NA,0,0,0,0,0,0,NA,96
camera,21:29:44,Camera%2Fcontrol%20line%20discarded%3A%20too%20long,0,0.00,NA,0,0,0,0,0,0,NA,96
pico_reply,21:29:44,f%29f%29%85%29%86%29f%21%85%29%A5%29%A6%21f2%27%29%E71%C8%29%A7%29%C7%29%C71%A7%29%A6%29%86%29%86%29%A6%29%A6%29%86%29%86%29%85%29%85%29%86%29%86%29%86%29%86%29%86%29%A5%29%A5%29%86%29%86%21%86%21%85%21%A6%29%86%29%86%29f%29%86%29%86%29%A6%21%86%21e%21e%29%86%29%86%21%86%29%85%29%85%21%86%21E2%201%E71%E7%2A%201%E71%E7%29%C7%29%A6%29%A6%29%A6%29%86%29%A6%29%A7%29%A61%861%87%29%86R%E6%7CP%85OR%EESOR%E7%29%AB1%C71%C71%C61%C61%C69%C61%E71%E71%E71%E71%E72%202%20%3A%20%3A%20%3A%202%272G%3A%27%3A%28%3A%27%3AHBi%3A%29BH%3A%28%3AgBH%3A%A8B%A8%5BLR%EABiBIBJB%88J%C8J%A9B%89J%89J%8AJ%A9J%A9J%AAJ%AAJ%CAJ%EAJ%CAR%CAR%EAK,0,0.00,NA,0,0,0,0,0,0,NA,96
pico_reply,21:29:44,J%EA%5B%2BS%2B%5B,0,0.00,NA,0,0,0,0,0,0,NA,96
camera,21:29:44,Camera%2Fcontrol%20line%20discarded%3A%20too%20long,0,0.00,NA,0,0,0,0,0,0,NA,96
pico_reply,21:29:44,%29E%21e%29e1f%21f%3A%201%E81%A81%C71%E71%E7%29%A7%29%A6%29%86%21%86%21%86%29%A6%29%86%29%86%29%86%29%86%29%86%29%86%29%86%29%86%29%86%29%A5%29%A5%29%86%29%86%29%86%21%85%21%A6%29%86%29%86%29f%29%86%21%86%29%86%29%86%21e%29e%29%85%29%86%21%86%29%85%29%85%29%86%21%851%E71%E71%E7%2A%20%29%E71%C7%29%A7%29%A7%29%A6%29%A61%86%29%A6%29%A71%A61%879%87%29%A5BDs%CCdM%5B,0,0.00,NA,0,0,0,0,0,0,NA,96
camera,21:29:44,Camera%2Fcontrol%20line%20discarded%3A%20too%20long,0,0.00,NA,0,0,0,0,0,0,NA,96
pico_reply,21:29:44,%B5%D4%B5%D4%B5%D4%B5%95%9D5k%F1%5BLSMB%CCSkk%CDc%AFc%CE%5B%8Fs%8Ek%AEk%EE%2F%20%5B%F0SpSoKnSmS.Kn2KBI%29i%29%E7B%A8J%AB%3AK2HBiBiBE%29%85%29f%20%25%21D%21E%21E%21D%21D%21%25%21%20%21%25%20%20%20%20%21%20%21%24%21%24%21%24%21e%29f%29%86%29%85%29f%29e%21e9%C6%29%87%21f1%C81%E81%C71%E72%201%E7%29%A6%29%86%29%86%29%86%21%85%29%A6%29%86%29%86%29%86%29%86%29f%29%86%29%86%29%86%29%86%29%A5%29%A6%29%86%29%86%29%86%21%A6%21%86%29%86%21%85%21%86%29%86%21%A6%21%A6%29%A7%21F%21e%29%85%29%86%21%86%21%86%29%86%21%A6%21%859%E71%E71%E71%E71%C7%29%C7%29%C6%29%A7%29%A7%29%A61%86%29%A6%29%A61%A61%871%A69f9%861%E7%3A%87R,0,0.00,NA,0,0,0,0,0,0,NA,96
pico_reply,21:29:44,S%2A%5B%2B%5B%2B%5B%20%5B%20S,0,0.00,NA,0,0,0,0,0,0,NA,96
camera,21:29:44,Camera%2Fcontrol%20line%20discarded%3A%20too%20long,0,0.00,NA,0,0,0,0,0,0,NA,96
pico_reply,21:29:44,%E71%E91%E71%E71%E7%3A%20%3A%20%21f%29%86%29%86%29%86%29%85%29%A6%29%86%29%86%29%86%21%86%29%86%29%86%29%86%29%86%29%86%29%86%29%86%29%86%29%A6%29%86%21%86%29%86%29%85%21%85%21%86%29%86%29%86%29%A6%29%A7%21F%21%85%29%85%29%86%29%86%21e%29%86%29%85%29%A51%E71%E81%C7%29%C7%29%C7%29%C7%29%A6%29%A7%29%A7%29%861%86%29%A6%29%A61%A61%861%A69%869e1%C5%29%86%29F%21%251%C61%C71%C7%29%C61%C61%C61%C61%E61%E71%C71%E71%E89%E89%E7%3A%202%27%3A%27%3A%27%3A%27%3A%20%3A%20%3A%27B%28%3AGBh%3A%20%3AH%3Ah%3AhBhJH%3AhSg%95%91%7CrtQ%5BN%3A%8AB%A8B%A9B%A9J%A9B%CAJ%C9J%CAJ%A9J%C9R%C9R%CAJ%E9J%EAR%EAR%EAR%EAS,0,0.00,NA,0,0,0,0,0,0,NA,96
pico_reply,21:29:44,S%20S,0,0.00,NA,0,0,0,0,0,0,NA,96
camera,21:29:44,Camera%2Fcontrol%20line%20discarded%3A%20too%20long,0,0.00,NA,0,0,0,0,0,0,NA,96
pico_reply,21:29:44,%29%85%20f%3A%272%202%202%292%202%202%20%3AH%3A%20%21g%29%86%29%86%29%86%29%86%29%C6%29%86%21f%29%86%29%A6%29%86%29%86%29%86%29%86%29%85%29%A6%29%A6%29%C61%C6%29%86%29%86%29f%29%86%21%A6%29%86%29%86%29%86%29%86%29%A7%29f%21%85%29%C6%29%87%21%86%29%A6%29%A7%29%87%29%C61%E7%29%C81%E7%29%C7%29%C7%29%A7%29%A6%29%A7%29%A7%29%871%86%29%A6%29%A61%A6%29%A6%29%A61%A61%A6%29%C61%C69%C71%A61%C61%C6%29%E6%29%E61%C61%C61%C61%E61%E71%E71%E71%E79%E79%E7%3A%202%27%3A%27%3A%27%3A%27%3A%20%3A%20%3A%28B%28%3A%28%3A%28B%28BHBH%3AHBhJI%3AhSg%95RtRt%20cmB%8AB%A9B%A9B%A9J%89B%A9J%C9J%EAJ%C9J%A9J%CAJ%C9J%EAJ%EAS,0,0.00,NA,0,0,0,0,0,0,NA,96
pico_reply,21:29:44,S,0,0.00,NA,0,0,0,0,0,0,NA,96
pico_reply,21:29:44,R%EBS,0,0.00,NA,0,0,0,0,0,0,NA,96
pico_reply,21:29:44,S,0,0.00,NA,0,0,0,0,0,0,NA,96
pico_reply,21:29:44,S,0,0.00,NA,0,0,0,0,0,0,NA,96
pico_reply,21:29:44,S%2AS,0,0.00,NA,0,0,0,0,0,0,NA,96
camera,21:29:44,Camera%2Fcontrol%20line%20discarded%3A%20too%20long,0,0.00,NA,0,0,0,0,0,0,NA,96
pico_reply,21:29:44,BH%3A%28%3A%272%282%28%3A%291%E8%3Ah9%E9%29%87%29%85%29%861%86%29E%29%A51%C6%29%86%29%86%29%A6%29%86%29%86%29%A6%29%86%29%86%29%86%29%A6%29%A61%C6%29%86%29f%29%86%29%86%29%86%21%86%29%86%29%86%29%A6%29%87%21%86%21%861%A6%29%A7%29%C61%E7%3A%20%29%C71%E71%C7%29%A8%29%C7%29%C7%29%A7%29%A7%29%A61%A6%29%A71%A61%A6%29%A6%29%A6%29%A6%29%A6%29%A6%29%A6%29%A6%29%C7%29%C61%C71%A61%C6%29%C6%29%E6%29%C61%C71%C61%E61%E61%E71%E71%E7%3A%201%E72%20%3A%20%3A%20%3A%20%3A%27%3A%20%3A%20%3A%27%3A%27%3A%28%3A%28B%28B%28BHBH%3AHBhJ%29%3AHKf%8Dpt2cR%3AkB%88B%8AB%89J%A9J%89B%89J%CAJ%EAJ%C9J%A9R%CAR%CAJ%EAR%E9R%EAS%29S,0,0.00,NA,0,0,0,0,0,0,NA,96
pico_reply,21:29:44,%5B%2BS,0,0.00,NA,0,0,0,0,0,0,NA,96
pico_reply,21:29:44,%5B,0,0.00,NA,0,0,0,0,0,0,NA,96
camera,21:29:44,Camera%2Fcontrol%20line%20discarded%3A%20too%20long,0,0.00,NA,0,0,0,0,0,0,NA,96
pico_reply,21:29:44,%29%86%29%A52%20%29%C8%3AI2I2%28%3AH%3AHJ%CB1%C9%29%87%29%85%29%869F%29%A52%24J%AA%20%20%29%86%29%A6%21%A6%29%86%21%A6%21%85%29%86%29%86%29%A6%29%A6%29%A6%29f%29f%29%86%21%85%21%A5%21%A6%29%86%29%86%29%A6%29%A7%29%87%21%86%29%C6%29%C72%202%20%3A%201%E71%E71%E7%29%C7%29%E7%29%C7%29%A7%29%A71%A6%29%A6%29%A6%29%A6%29%A6%29%C61%C7%29%A7%29%A7%29%A6%29%C6%29%C6%29%C7%29%A61%861%A71%C6%29%C6%29%C6%29%C61%A71%C61%E61%E61%E61%E72%202%202%202%20%3A%20%3A%20%3A%20%3A%27%3A%20%3A%20%3A%20%3A%27%3A%28B%28B%28%3AHBHBH%3AHBhBIJ%28S%28%5BJc-J%8D2%27J%A9B%8AB%A9J%A9J%A9J%A9J%CAJ%EAJ%C9J%CAR%CAR%CAJ%E9S,0,0.00,NA,0,0,0,0,0,0,NA,96
pico_reply,21:29:44,R%CBK,0,0.00,NA,0,0,0,0,0,0,NA,96
pico_reply,21:29:44,S,0,0.00,NA,0,0,0,0,0,0,NA,96
pico_reply,21:29:44,S%2BS,0,0.00,NA,0,0,0,0,0,0,NA,96
camera,21:29:44,Camera%2Fcontrol%20line%20discarded%3A%20too%20long,0,0.00,NA,0,0,0,0,0,0,NA,96
camera,21:29:44,Camera%2Fcontrol%20line%20discarded%3A%20too%20long,0,0.00,NA,0,0,0,0,0,0,NA,96
camera,21:29:44,Camera%2Fcontrol%20line%20discarded%3A%20too%20long,0,0.00,NA,0,0,0,0,0,0,NA,96
pico_reply,21:29:44,%C6%29%A61%C7%29%A7%29%A61%A61%A61%C71%C7%29%E6%29%E6%29%E61%C61%E71%E69%E71%E79%E72%202%20%3A%209%E7%3A%20%3A%20%3A%20%3A%20%3A%27%3A%27%3A%27%3A%28%3A%28B%28%3A%28BH%3AH%3AHBH%3AhBHJiJIBhBhB%A9J%C8J%A9BiJ%8AJ%A9J%C9J%C9J%CAJ%CAJ%CAJ%AAR%CAJ%EAJ%EAR%CAR%EBR%CBS%20S%2B%5B%2B%5B%20%5B,0,0.00,NA,0,0,0,0,0,0,NA,96
camera,21:29:44,Camera%2Fcontrol%20line%20discarded%3A%20too%20long,0,0.00,NA,0,0,0,0,0,0,NA,96
pico_reply,21:29:44,%21e%3A%20%3A%201%E81%E72%202F%3AH%21%87%29%A6%29%A69F0%E5%5Bb%85L%BE%97c%B8%21%A51%C7%21%A6%29%A6%29%A7%29%A6%29%A6%21%A7%29%C7%29%A7%29%A7%29%A6%29%A6%29%A6%29%A6%29%86%29%A5%29%A5%29%A6%29%A7%29%A7%29%C7%29%86%29%C6%29%A72%202%202%201%E82%201%E7%29%E7%29%C71%C7%29%A71%A61%A61%A71%C7%29%C6%29%C6%29%A61%A71%C6%29%C6%29%C6%29%A61%C61%A6%29%A61%C61%C61%C71%E71%C71%C71%E61%E79%E71%E71%E71%E71%E72%202%20%3A%209%E7%3A%209%E7%3A%20%3A%27%3A%20%3A%27%3A%27%3A%28%3A%28%3AGBH%3AHBHBh%3AHBHBhBhJ%89BhJhB%89J%A8J%89J%89J%A9B%A9J%E9J%C9J%CAJ%CAJ%C9J%C9J%EAK,0,0.00,NA,0,0,0,0,0,0,NA,96
pico_reply,21:29:44,S,0,0.00,NA,0,0,0,0,0,0,NA,96
pico_reply,21:29:44,%5B,0,0.00,NA,0,0,0,0,0,0,NA,96
pico_reply,21:29:44,R%EAR%EAS,0,0.00,NA,0,0,0,0,0,0,NA,96
camera,21:29:45,Camera%2Fcontrol%20line%20discarded%3A%20too%20long,0,0.00,NA,0,0,0,0,0,0,NA,96
pico_reply,21:29:45,1%A6%29e%29f%29%86%29%862%272%201%C81%A7%29%E6%3A%86%3AI%21%87%29%A61fAF%29c%9C%E5%AER%9D%94%5BV%21%C6%29%C7%29%A7%29%A6%29%A6%29%A6%21%A6%29%A7%29%C7%29%C7%29%C6%29%C6%29%A6%29%A6%29%A6%29%C61%E7%29%E7%29%A6%29%A7%29%A7%29%A7%29%87%29%C61%E62%202%282%202%202%201%E81%E8%29%E7%29%C71%C71%A71%C71%C71%C7%29%C7%29%A7%29%A71%A71%C7%29%C6%29%C6%29%A6%29%A6%29%C6%29%C61%C61%C61%E72%201%E71%C71%E61%E79%E71%E71%E71%E71%E72%202%20%3A%20%3A%20%3A%20%3A%20%3A%27%3A%27%3A%20%3A%27%3A%27B%28%3AGBGBHB%28BHBh%3AHBHBhB%89BiJ%89JiB%89B%A8BiJ%A9J%89B%89R%E9J%C9J%C9J%AAJ%CAJ%CAK,0,0.00,NA,0,0,0,0,0,0,NA,96
pico_reply,21:29:45,K,0,0.00,NA,0,0,0,0,0,0,NA,96
pico_reply,21:29:45,K,0,0.00,NA,0,0,0,0,0,0,NA,96
pico_reply,21:29:45,S,0,0.00,NA,0,0,0,0,0,0,NA,96
pico_reply,21:29:45,R%EAS,0,0.00,NA,0,0,0,0,0,0,NA,96
pico_reply,21:29:45,S,0,0.00,NA,0,0,0,0,0,0,NA,96
camera,21:29:45,Camera%2Fcontrol%20line%20discarded%3A%20too%20long,0,0.00,NA,0,0,0,0,0,0,NA,96
pico_reply,21:29:45,%A6%29f%29%86%29%86%21%862%281%E8%29%C81%C7%29%E6%3Af%3AI%21%871%A69fH%C61a%AD%28%85%D2%C6qR%FB%21%C6%29%C7%29%A7%29%A6%29%A6%29%A6%29%A6%29%A7%29%86%29%A6%29%C6%29%A6%29%C6%29%A7%29%C6%29%C61%C7%29%C7%29%A6%29%A7%29%A71%C7%21%87%21%A61%C72%202%282%202%20%3A%201%E81%E81%E7%29%C71%C71%C7%29%A7%29%C7%29%C7%29%C71%C7%29%A71%A71%C7%21%A6%29%C51%E61%E71%C6%29%E61%C61%C6%29%E72%272%201%C71%E71%E79%E71%E79%E71%E71%E62%20%3A%20%3A%20%3A%20%3A%20%3A%20%3A%27%3A%27%3A%27%3A%27%3A%27B%28%3AGBGB%28B%28B%28BH%3AhBhBhBhB%88J%89JiB%89B%A8J%A8J%89J%A9J%E9J%CAJ%C9J%A9J%C9J%CAJ%CAS,0,0.00,NA,0,0,0,0,0,0,NA,96
pico_reply,21:29:45,S,0,0.00,NA,0,0,0,0,0,0,NA,96
pico_reply,21:29:45,K,0,0.00,NA,0,0,0,0,0,0,NA,96
pico_reply,21:29:45,J%EAS,0,0.00,NA,0,0,0,0,0,0,NA,96
pico_reply,21:29:45,S%20R%EASKS,0,0.00,NA,0,0,0,0,0,0,NA,96
camera,21:29:45,Camera%2Fcontrol%20line%20discarded%3A%20too%20long,0,0.00,NA,0,0,0,0,0,0,NA,96
pico_reply,21:29:45,%21%85%21%A52%281%E81%C71%A71%C7%3AGB%2A%29h%29fI%20Af1%80%E7P%95%D0%EF%95%203%29%E4%29%C5%29%86%29%86%29%A6%29%A5%29%A5%29%86%29%A6%29%A6%29%A5%29%C6%29%A6%29%A6%29%A6%29%87%29%A7%29%A7%29%A6%29%A6%29%A71%C7%21g%21%861%E61%E82%282%282%28%3A%201%E81%E8%29%C8%29%C71%E71%C71%A8%29%C7%29%E7%29%E71%C71%E7%29%E7%29%E72%20%29%E71%E71%C71%C72%201%E71%C7%29%E72%272%201%E71%E71%E71%E72%20%3A%209%E71%E72%20%3A%20%3A%20%3A%20%3A%20%3A%27%3A%27%3A%28%3A%27%3A%27B%27%3A%28%3AGBGB%28B%28B%28%3A%28%3AhBhBhBhB%88B%89JiB%89B%A8J%C8J%A9J%C9J%CAJ%CAJ%C9J%EAR%EAJ%EAJ%EAK,0,0.00,NA,0,0,0,0,0,0,NA,96
pico_reply,21:29:45,S,0,0.00,NA,0,0,0,0,0,0,NA,96
pico_reply,21:29:45,K,0,0.00,NA,0,0,0,0,0,0,NA,96
camera,21:29:45,Camera%2Fcontrol%20line%20discarded%3A%20too%20long,0,0.00,NA,0,0,0,0,0,0,NA,96
pico_reply,21:29:45,%21e%21%85%29%85%29%A6%21%A6%29%85%21%86%21%A52%272%201%C81%E8%29%A71%C7%3A%27BI%29%891eQ%201%20%7Ba%CE%F8%C5%F3t%20%20%20%21%87%29%A6%29%A6%29%A6%21%86%29%86%29%86%29%86%29%A6%29%A6%29%A6%29%A5%29%A6%29%A6%29%86%29%A6%29%A7%29%A71%A6%29%A7%29%A7%29%A7%21f%21%85%29%C4%29%A7%29%87%29%C7%29%C71%C71%E71%E8%29%C81%C7%29%A7%29%A61%E61%C7%29%E71%C71%E71%E8%29%C81%E71%E72%202%201%C7%29%E72%201%E71%E72%20%3A%272%201%E72%202%209%E71%E72%27%3A%27%3A%202%201%E7%3A%20%3A%20%3A%28%3A%27%3A%27%3A%28%3A%27%3AH%3AG%3A%28BHB%28B%28B%28B%28BhB%88BiBhJhBiBhB%89B%89B%A8J%C8R%A9BiB%89J%CAJ%A9J%CA%5B,0,0.00,NA,0,0,0,0,0,0,NA,96
camera,21:29:45,Camera%2Fcontrol%20line%20discarded%3A%20too%20long,0,0.00,NA,0,0,0,0,0,0,NA,96
camera,21:29:45,Camera%2Fcontrol%20line%20discarded%3A%20too%20long,0,0.00,NA,0,0,0,0,0,0,NA,96
camera,21:29:45,Camera%2Fcontrol%20line%20discarded%3A%20too%20long,0,0.00,NA,0,0,0,0,0,0,NA,96
pico_reply,21:29:45,%A7%29%C61%C71%A71%A71%C7%29%A7%29%C6%29%C61%C61%C7%29%E6%29%E61%C6%29%E61%C61%C71%E61%C62%201%C71%C72%202%202%202%202%202%20%3A%202%27%3A%27%3A%20%3A%28%3A%28%3A%27%3A%27%3AHBH%3AH%3AHBIBIBH%3AH%3AhBhB%89BiJ%89J%AAJ%8AJ%A9B%C9B%89J%AAJ%A9R%CAJ%8AJ%AA%5BLR%EAR%C9J%EAJ%EAS%20R%E9S,0,0.00,NA,0,0,0,0,0,0,NA,96
pico_reply,21:29:45,S%20R%EBJ%EAS%2B%5B%2C%5B%20%5B%2C%5BK%5BKcK%5BK%5Bk%5BKclck%5BKcKckckc%8Cc%8Cc%8Cc%8Cc%ACk%ADk%CEc%ADc%ACc%ACk%CCk%CDk%CDk%ADs%AEs%8Dt%20%7C%20s%CDs%CDs%CEs%EDs%EEs%EE%7B%EE%7B%EEs%EEt%20tt%20%7C%20%7C%20%7C.t.%7CN%7CN%7CO%7CO%7Cp%7Co%84o%84o%84o%84%8F%84%8F%84%90%84%8F%84%8F%84%B0%8C%B0%8C%B0%8C%B0%8C%B1%8C%D1%8C%B1%94%D0%94%D1%8C%D1%8C%F1%94%F1%94%F2%8C%F1%8D%20%8C%F1%8C%F1%95%20%8D%20%95%20%95%20%95%20%9D%20%95%20%95%20%9D%20%9D%20%9D2%A52%A52%A5R%A5S%A5S%A5S%A5S%A5S%A5S%A5S%A5S%ADs%ADs%A5s%A5%93%A5%93%A5%93%A5%93%A5%93%A5%93%A5%93%A5%B3%A5%B3%A5%B3%A5%B3%A5%B3%A5%B4%A5%B4%A5%B4%A5%B4%AD%B4%AD%94%AD%B4,0,0.00,NA,0,0,0,0,0,0,NA,96
pico_reply,21:29:45,%3AI2%20%3AJ2%292%282%29%3A%29%3A%201%E91%E81%A71%A71%25%21%20%29E%21D%21D%21%25%21%25%21E%21D%21E%21%25%21%24%21%20%21%24%21%25%21E%29%85%29%86%29%86%29f%29%86%29%85%29%85%29%86%21%851%E7%29%C8%29%C7%29%C7%29%A71%C71%E7%3AGB%2AI%20A%25A%80%E6%F1%9Dp%C621%B3%21%85%29%A6%29%A6%29%A6%29%A6%29%A6%21%A6%29%86%21%A6%29%A6%29f%29%86%29%86%29%85%29%86%29%86%29%A6%29%A6%29%A6%29%A6%29%86%29%A7%29%87%29%86%21E%21e%29f%29%86%29%C61%C71%C71%A71%E7%29%A6%29%A6%29%A61%C61%C71%C71%A61%A6%29%C6%29%C61%C61%C61%C6%29%E7%29%E71%C61%C61%C61%E61%C61%C61%C61%C61%C61%E72%201%E61%E62%20%3A%20%3A%202%202%20%3A%20%3A%27%3A%27%3A%20%3A%20%3A%28%3A%20%3A%27%3A,0,0.00,NA,0,0,0,0,0,0,NA,96
camera,21:29:45,Camera%2Fcontrol%20line%20discarded%3A%20too%20long,0,0.00,NA,0,0,0,0,0,0,NA,96
pico_reply,21:29:45,%21%20%21%24%21%25%29%85%29%85%29%86%29%86%29f%29%86%29%85%21%A5%21%A42%262%20%29%C8%29%C7%29%C7%29%C71%A71%E7%3AFJ%2AQ%20%40%84b%A1%D6%B6%9D%B1%9D%20%29%AD%29%C6%29%A6%29%A6%29%A6%29%86%29%A6%21%A6%29%86%29%A6%29%A6%29f%29%86%29%86%29%86%29%86%29%A6%29%86%21%86%29%A6%29%A6%29%86%29%A7%29%87%21%86%21F%21e%29f%29%86%29%C6%29%A71%86%29%86%29%A61%C6%29%A6%29%A61%E71%C7%29%C7%29%C61%C6%29%C6%29%C61%C6%29%C6%29%C61%E71%C71%E71%C6%29%C61%C61%C61%C61%C61%C61%C71%C71%E71%C72%202%202%201%E72%202%20%3A%20%3A%20%3A%20%3A%20%3A%20%3A%20%3A%27%3A%28%3A%28%3A%28%3AHB%28%3AHBHB%28%3AH%3A%88%3AiJ%89J%8AB%89B%A9B%A9J%CAJ%AAR%AAB%A7tH%AD%F5c%92S%20S%2AS,0,0.00,NA,0,0,0,0,0,0,NA,96
camera,21:29:45,Camera%2Fcontrol%20line%20discarded%3A%20too%20long,0,0.00,NA,0,0,0,0,0,0,NA,96
pico_reply,21:29:45,%24%21%25%21E%21e%29%85%29f%29f%29f%29e%21%86%21%85%21%A6%2A%262%20%29%C8%29%C7%29%C71%C71%A7%29%C6B%87I%EBP%E5P%C2%8B%C5%B5%D4%A5%B3%9C%D4%20%20%29%C5%29%A6%29%A6%29%A5%29%86%29%86%21%A5%29%A6%29%A6%29%A6%29%86%29%86%29%86%29%86%29%A6%29%86%29%A6%21%A6%29%A6%29%86%29%A6%29%A6%29%A6%29%85%29E%21E%29%85%29%86%29%A6%29%A61%861%86%29%A61%C6%29%861%A6%29%C6%29%C7%29%C7%29%C61%C7%29%A7%29%C61%A7%29%C7%29%A71%E7%29%C71%E71%C6%29%A6%29%C61%C61%C61%C61%C61%E6%29%C7%3A%20%3A%201%E62%202%201%E72%202%20%3A%20%3A%20%3A%20%3A%20%3A%27%3A%20%3A%20%3A%27%3A%28%3AH%3AH%3AH%3AHBHBH%3AHB%88J%A9BiBiB%89B%A9B%89J%89J%89R%A9J%C6%A5L%A5tJ%8FR%A9J%A9J%C9,0,0.00,NA,0,0,0,0,0,0,NA,96
camera,21:29:45,Camera%2Fcontrol%20line%20discarded%3A%20too%20long,0,0.00,NA,0,0,0,0,0,0,NA,96
pico_reply,21:29:45,f%29f%29f%21%86%29%86%21%C62%261%E7%29%A8%21%C7%29%C71%C71%A7%21%A6J%A8R%20X%A5I,0,0.00,NA,0,0,0,0,0,0,NA,96
camera,21:29:45,Camera%2Fcontrol%20line%20discarded%3A%20too%20long,0,0.00,NA,0,0,0,0,0,0,NA,96
pico_reply,21:29:45,%86%29%86%29%86%29%86%29%86%29%C62%271%E7%29%C7%29%C6%29%E71%C71%A6%20E%5B%20QjIEY%80%CEL%95%20%9C%F2%29%90%29%82%29%A7%29%A6%29%A6%29%A6%29%86%29%A6%21%85%29%86%29%86%29%86%29%86%29%86%29%86%29%A6%29%A61%A6%29%85%29%A6%29%A6%29%A6%29%A6%29%A6%21%A6%29f%29F%29E%29e%21%85%29%86%29%86%29%851%86%29%A6%29%A6%29%A61%A6%29%A61%C61%A71%A7%29%A6%29%A6%29%C7%29%C6%29%C7%29%A71%E71%A71%C61%E6%29%C71%C61%C61%C71%C71%C71%C71%E6%29%E7%29%C62%201%E79%E79%E7%3A%20%3A%201%E7%3A%20%3A%20%3A%20%3A%27%3A%27B%27%3A%27%3A%28%3AH%3AH%3AHBHBHB%28BI%3AHBiBIBiB%89J%A9J%89J%A9R%89Zgc%20%7C.%5B%8ES%20J%AAJ%EAS,0,0.00,NA,0,0,0,0,0,0,NA,96
pico_reply,21:29:45,R%EAR%EAS,0,0.00,NA,0,0,0,0,0,0,NA,96
pico_reply,21:29:45,%5B%2BZ%EASJS,0,0.00,NA,0,0,0,0,0,0,NA,96
camera,21:29:45,Camera%2Fcontrol%20line%20discarded%3A%20too%20long,0,0.00,NA,0,0,0,0,0,0,NA,96
pico_reply,21:29:45,%86%21%86%29f%21%852%20%2A%20%29%E7%29%C7%29%C7%29%E71%C7%29%A6%20ec%20IKH%C4r%C2%BDsl%AE%9D%2F%29%D01%A5%29%87%29%A5%29%A6%29%86%29%86%29%85%29%85%29%86%29%86%29%86%29%86%29%86%29%A6%29%A6%29%861%86%29%86%29%A6%29%A6%29%A6%29%A6%29%A6%29%85%29%86%21f%21E%29e%29e%29%86%29%86%29%86%29%86%29%86%29%A6%29%A6%29%C6%29%C6%29%C61%A71%A7%29%A6%29%A6%29%C7%29%C6%29%C71%C71%C71%C61%C61%A6%29%A71%C61%E61%E71%E71%C71%C71%C61%E61%E72%209%E79%E79%E79%E79%E7%3A%20%3A%20%3A%20%3A%20%3A%20%3A%27B%27%3A%27%3A%28B%28B%28%3A%28BHBHBHBIJiBiBiBhB%89J%89B%89J%A9RiJf%7C%88%9DrS%20B%89R%EAJ%EAS%20R%EAR%EAS,0,0.00,NA,0,0,0,0,0,0,NA,96
pico_reply,21:29:45,%5B%20%5B,0,0.00,NA,0,0,0,0,0,0,NA,96
pico_reply,21:29:45,S%20S,0,0.00,NA,0,0,0,0,0,0,NA,96
camera,21:29:45,Camera%2Fcontrol%20line%20discarded%3A%20too%20long,0,0.00,NA,0,0,0,0,0,0,NA,96
pico_reply,21:29:45,%21%A6%21%A6%29f%29%852%20%2A%20%29%E7%29%C7%29%E6%29%E71%E71%A6%21%A6R%A7Y,0,0.00,NA,0,0,0,0,0,0,NA,96
pico_reply,21:29:45,I%25b%C0%BE%20%85%2F%D6%D6%20%201%A5%29%87%29%85%29%A6%29%86%29%86%29%86%29%86%29%86%29%86%29%86%29%85%29%85%29%A6%29%A6%29%A61%86%29%86%29%A6%29%A6%29%A6%29%A6%29%A6%29%A6%29%86%21f%29E%29E%29E%29%861%A6%29%A6%29%A6%29%A6%29%A6%29%A6%29%C6%29%C6%29%A71%A71%A61%A6%29%A6%29%C6%29%C61%C61%C7%29%C61%C61%C61%A61%C71%C61%C61%E71%E61%E71%E71%E61%E61%E62%209%E79%E7%3A%20%3A%209%E79%E8%3A%202%20%3A%20%3A%20%3A%20%3A%27%3A%27%3A%28%3A%28%3A%28%3A%28BHBhBHBiB%89BiBiJ%88B%89B%89J%89RiJ%A9S%20%B6N%BE5B%AFJ%C9R%EAR%CAR%EAS,0,0.00,NA,0,0,0,0,0,0,NA,96
pico_reply,21:29:45,R%CA%5B%20R%EB%5B%20S%20%5B,0,0.00,NA,0,0,0,0,0,0,NA,96
camera,21:29:45,Camera%2Fcontrol%20line%20discarded%3A%20too%20long,0,0.00,NA,0,0,0,0,0,0,NA,96
pico_reply,21:29:45,%A6%29%86%29%86%21%862%20%29%E8%29%E7%29%C7%29%C71%C71%E7%29%E6%29%C6A%E9P%A7%21%60%A5,0,0.00,NA,0,0,0,0,0,0,NA,96
camera,21:29:46,Camera%2Fcontrol%20line%20discarded%3A%20too%20long,0,0.00,NA,0,0,0,0,0,0,NA,96
pico_reply,21:29:46,f%29%A6%29%86%29%A6%29%86%29%86%29%A61%E7%29%E7%29%E7%29%C7%29%C81%C71%C6%29%C51%C5Q%E9Af1%20%E7j%ADU%BD%B6%20%EE%29%82%29%A6%29%86%21%A6%29%86%29%86%29%86%29%86%29%86%29%86%29%A6%29%85%29%A5%29%A6%29%86%29%A6%29%A6%29%86%29%86%29%A6%29%A6%29%A6%29%A6%29%86%29%A6%21%A6%21%86%29E%29e%29%85%29%861%861%869%C7%29%861%C61%A7%29%C6%29%A6%29%A61%A6%29%A6%29%A61%A71%A7%29%C61%C61%A71%C71%C61%C61%C61%E61%C71%C71%C71%E61%E71%E71%E71%C61%E61%E79%E71%E71%E7%3A%209%E8%3A%20%3A%20%3A%20%3A%20%3A%20%3A%20%3A%28B%27BHBH%3AHBH%3AH%3AiBiBiBiBiBhB%88B%88B%89JjRiZhk%28s%CES-J%E8R%CAR%CAR%CAR%CAZ%EAR%EAR%EA%5B,0,0.00,NA,0,0,0,0,0,0,NA,96
camera,21:29:46,Camera%2Fcontrol%20line%20discarded%3A%20too%20long,0,0.00,NA,0,0,0,0,0,0,NA,96
pico_reply,21:29:46,%29%86%29%A6%29%A6%29%A6%29%86%29%A6%29%A61%E81%C7%29%E7%29%C71%E81%C71%C7%21%C59%E6Z,0,0.00,NA,0,0,0,0,0,0,NA,96
pico_reply,21:29:46,AEbC%A4%B1l-%AD%D2%20.%29%86%29%A6%29%A6%21%A6%29%A6%29%86%29%A6%29%A6%29%87%29%86%29%A6%29%A5%29%A6%29%A6%29%A6%29%A6%29%A6%29%86%29%86%29%A61%A6%29%A6%29%A6%29%86%29%86%29%85%29%86%29E%29e%29f%29%861%869%269%25%29f%29%851%A61%A6%29%A6%29%A61%A6%29%A6%29%A61%A71%C7%29%A61%C61%C71%C71%C6%29%E61%C61%E61%C61%C71%C71%C61%E71%E71%E61%E61%E79%E79%E79%E79%E7%3A%20%3A%20%3A%209%E8B%20%3A%20B%20B%20%3A%20B%27BH%3AH%3AH%3AHBH%3AHBiBiBiBiBhBhB%88J%89JiZJJ%29%7Ci%951R%F0J%E9R%CAR%CAR%EAR%EAZ%EBR%EBJ%CA%5B,0,0.00,NA,0,0,0,0,0,0,NA,96
camera,21:29:46,Camera%2Fcontrol%20line%20discarded%3A%20too%20long,0,0.00,NA,0,0,0,0,0,0,NA,96
pico_reply,21:29:46,%29%86%29%A6%29%A6%29%A6%29%86%29%A6%29%C61%E8%29%E8%29%E7%29%E82%201%C71%C71%A69%E6IGADjB%94%D2%7CK%EF%B8%29%AD%29%C5%29%A6%29%A6%29%A6%29%A6%29%86%29%A6%29%86%29%86%29%A6%21%A5%29%A6%29%A6%29%A6%29%A6%29%86%29%A6%29%A6%21%86%29%A51%A6%29%A6%29%A6%29%86%29%C6%29%C6%29%87%29f%29f%29%851%85I%26A%209CZ%CD1%C9%29d%29%87%29%A6%29%A61%A61%A6%29%86%29%A6%29%A61%C61%E71%C71%C71%C61%C61%C61%C61%A61%C61%C61%E71%E71%E71%E71%C61%E79%E79%E79%E79%E8%3A%202%27%3A%20%3A%209%C8B%20I%E8I%E89%E71%C72%20BH%3AH%3AHBH%3AHBhB%88BiBhB%88BhB%89J%89ZIR%8AJf%AD%EE%9DQBnJ%E9R%CAR%CBR%CAS,0,0.00,NA,0,0,0,0,0,0,NA,96
camera,21:29:46,Camera%2Fcontrol%20line%20discarded%3A%20too%20long,0,0.00,NA,0,0,0,0,0,0,NA,96
pico_reply,21:29:46,%21E%29%86%29%A6%29%A6%29%A6%29%A6%29%A6%29%A6%29%86%21%86%29%E61%E81%E7%29%E7%29%E82%281%E71%C7%29%A69%86P%E6%29%21%A4%81%AE%99%AD%20%A5%3E%21%24%29%86%29%A6%29%A6%29%A6%29%86%29%86%29%86%29%86%29%A6%29%86%21%851%A61%A61%861%86%29%A6%29%A6%29%A5%29%A6%29%A61%A61%A61%A61%A61%A61%871g%29%25%29%20%29%249%25P%C7I%20R%27%AC%93b%F11%861%A61%A61%A6%29%A61%A61%A61%A6%29%C6%29%C61%C61%C71%C71%C6%29%A61%A61%C61%C61%C71%C61%C61%E71%E71%E62%201%E79%C79%E79%E79%E8%3A%20%3A%20%3A%20%3A%20J%29Q%E9I%A8Z%20Z%2AZ%AA1%E9BF%3AH%3AH%3AH%3AHBiBiBiB%88BhBhJ%A9J%A9bIJHk%26%A53k%AFBHR%CAR%CAR%CAR%CA%5B,0,0.00,NA,0,0,0,0,0,0,NA,96
camera,21:29:46,Camera%2Fcontrol%20line%20discarded%3A%20too%20long,0,0.00,NA,0,0,0,0,0,0,NA,96
camera,21:29:46,Camera%2Fcontrol%20line%20discarded%3A%20too%20long,0,0.00,NA,0,0,0,0,0,0,NA,96
camera,21:29:46,Camera%2Fcontrol%20line%20discarded%3A%20too%20long,0,0.00,NA,0,0,0,0,0,0,NA,96
pico_reply,21:29:46,%831%A61%A61%A61%861%A61%C61%C6%29%A71%C71%A61%A71%A6%29%A61%A61%C61%A61%C71%C71%E71%E71%C71%E6%3A%209%E79%E79%E7A%E7A%A79%A7A%C6Q%C7A%86IfY%20AG%AC%8B%BD%F8%D6%BB%5B%3AJ%87Bi%3AI%3Ah%3AhBIBiBhBhBhJiJ%AAJ%8AZiRg%94%AC%9C%91b%AEb%89Z%8BZ%8Aj%EAc,0,0.00,NA,0,0,0,0,0,0,NA,96
camera,21:29:46,Camera%2Fcontrol%20line%20discarded%3A%20too%20long,0,0.00,NA,0,0,0,0,0,0,NA,96
camera,21:29:46,Camera%2Fcontrol%20line%20discarded%3A%20too%20long,0,0.00,NA,0,0,0,0,0,0,NA,96
camera,21:29:46,Camera%2Fcontrol%20line%20discarded%3A%20too%20long,0,0.00,NA,0,0,0,0,0,0,NA,96
camera,21:29:46,Camera%2Fcontrol%20line%20discarded%3A%20too%20long,0,0.00,NA,0,0,0,0,0,0,NA,96
pico_reply,21:29:46,%CE%98%C6%98%CE%97%CE%B8%CE%B9%CE%B9%CE%B9%CE%D9%D6%F9%D6%F9%D6%F9%D7%20%D7%20%D7%20%D6%D9%C6x%BE5%BE6%BE5%BEU%BEV%C66%C66%BEV%C6V%B5%97%8C%96c-cmc%ADc%ADk%CDR%CEB%AC%5Blt1t1t1tQtQl1tQ%7Cq%7Crl%20k%F1l%20l%20l%20s%F0s%F0sE%21E%21%25%21%25%21%25%21E%21E%21%24%21%24%21D%21e%21E%29f%29%86%29%86%29%A6%29%A6%21%A61%E6%29%87%29%C6%3Ag%29%E71%C71%E7%29%E71%E81%C81%A61%A79fI%269%40%B4%C4%AD5%A54s%B7%29%A5%29%C5%29%A6%29%86%29%A6%29%A6%29%85%29%A61%86A%27I%26QDb,0,0.00,NA,0,0,0,0,0,0,NA,96
pico_reply,21:29:46,b%29j%A9r%CDQ%CCY%E9Z,0,0.00,NA,0,0,0,0,0,0,NA,96
pico_reply,21:29:46,a%EAa%CAi%C9i%AA%8A%AC%A3%B0%C4%B5%D4%F8%D57%DDx%E5%9B%ED%BB%E5%9A%E5%B9%FE%FB%E3W%89.j%26%D5q%BC%D9%94S%A43jsI%88I%C99h%29f%29%C7%29%86%29%861%A61%A61%A61%A61%C61%C69%E79%C79%A6A%A7A%A7I%A7A%C79%A81%88I%87YGIe%8B%8A%9B%F1%ACQ%CD4%DD%D7%E6Y%E6%20%F5%9A%9B%20s%20%B5%D61%ECBGBIB%28BHBiBiBiBiBhB%89B%A9J%89Z%A9Rf%A4%A9%B4%D2%83q%CDR%E68%CDy%D5y%CD%D9%CD%D7%DEZ%DEx%CD%B8%E69%B5%96%94%D4%84%97S,0,0.00,NA,0,0,0,0,0,0,NA,96
camera,21:29:46,Camera%2Fcontrol%20line%20discarded%3A%20too%20long,0,0.00,NA,0,0,0,0,0,0,NA,97
camera,21:29:46,Camera%2Fcontrol%20line%20discarded%3A%20too%20long,0,0.00,NA,0,0,0,0,0,0,NA,97
camera,21:29:46,Camera%2Fcontrol%20line%20discarded%3A%20too%20long,0,0.00,NA,0,0,0,0,0,0,NA,97
pico_reply,21:29:46,%90%20%E6%29g1%A61%C61%A69%A79%A6I%C7Q%86a%C8i%E9jj%83M%9C%20%B4%93%93q%8A%CF%8A-%92%CE%EE%20%C57%C4%97%8A%B2%8Am%82l%8A%AC%93%AF9%2A%9CM%7C69%E7B%29B%29%3AHB%88B%89B%89BiBiJ%89B%89J%89Zjb%29bf%C5O%C5W%D67%83RZ%20bHj%29b%20%93j%83P%83N%7B%20z%ACK,0,0.00,NA,0,0,0,0,0,0,NA,97
camera,21:29:46,Camera%2Fcontrol%20line%20discarded%3A%20too%20long,0,0.00,NA,0,0,0,0,0,0,NA,97
pico_reply,21:29:46,%A6%29%A61%E8%21%A5%29%C71%E81%E71%A71%C71%E81%C71%C71%A79%A7Q%27%40%E3%93%E2%B4%F3%95%20%8C%B4%20%E8%21f1%A61%A6%29%A6%29%C61%A61%A69%A6IF%60%C6i%E7%D53%DD%BB%D5%B8%DD%B9%DD%9B%C4%D8%CC%F8%CD%20%CD%20%C4%D8%C5%20%D4%D6%C3%B7%9AOp%C7p%E8i%28aHP%87H%879%20%21%20%20%E4%29%20H%C5h%A3%91%E7%AA%EF%A3%AE%DD%95%CDX%D5x%E5%9B%DD%BB%C5y%CE%20%8B%F5%29k%29%869%C59%A69%A69%C6QgAGY%87z%8E%93%AF%BC%D4%CDy%DD%B9%DD%FC%DD%FA%D5%20%CC%F7%E4%D8%C3%DCz%20a%ABQ%20Y%20YGaHY%A91%E4%C5%AD%BD%DC1%AEB%26JiJ%89J%A9J%89J%89JiJiJ%89J%89J%89bJI%E8%94%28%E6%20%B4%99%84%20J%89J%89R%CAZ%AAj%8Aj%8BZKbJRKbjC,0,0.00,NA,0,0,0,0,0,0,NA,97
camera,21:29:46,Camera%2Fcontrol%20line%20discarded%3A%20too%20long,0,0.00,NA,0,0,0,0,0,0,NA,97
camera,21:29:46,Camera%2Fcontrol%20line%20discarded%3A%20too%20long,0,0.00,NA,0,0,0,0,0,0,NA,97
pico_reply,21:29:46,%8C%D1%94%D1%94%D1%94%D1%8C%F1%8D%20%95%20%94%F2%94%F1%95%20%95%20%95%20%95%20%952%952%952%9D2%9D2%9D3%9D3%9D3%9D3%A53%A53%9D%20%A53%A53%A5S%A5T%A5s%ADs%A5t%A5%94%A5%94%ADt%ADs%AD%94%AD%B3%A5%B4%AD%B3%A5%B3%A5%B3%A5%B3%A5%93%A5s%9Dt%9D%93%A5%B3%AD%F5%AE%20%AD%F6%B67%B6%20%B66%BEX%C68%C6%98%C6%98%CEx%CE%98%CE%B9%CE%D9%CE%D9%CE%D9%CE%F9%CE%D9%CE%D9%D7%20%D7%20%D6%F9%D7%20%D7%20%D79%D7%20%D7Z%CE%D8%BE7%C6W%C6V%BEV%C67%BE6%BEV%BE6%C6v%BD%D6%8C%F6S-cnJ%EEB%ECc%CE%84%93t3tQlRl2l2l%20t2t2trtQtQtQt1t%20t%20t%20t%20te%21e%20E%29d%21E%21E%21E%21%24%21%20%20%25%21D%29g%21e%29%85%21%85%29%86%29%86%29,0,0.00,NA,0,0,0,0,0,0,NA,97
pico_reply,21:29:46,%29H%21D%29%871%87%29%A6%29%87%21f%29%86%29f%21E%21e%29%85%29%861f9%27I%26X%A5%60%E5yhy%20y%20yg%A3L%DD3%D5%BA%DE%B7%BD%99b%F01HA%A5A%87Q%20H%87j%C8%CD%B3%DDz%D4%98%B3r%9A%8D%81%C9%8AI%9B%2B%B4%20%B4%20%8C39%EA1%C6%3A%20%3A%28%3A%27B%28I%E8a%88aGr%E6%D5%F5s5J%20A%E8A%E7I%E7A%C7I%E8I%E9I%C9R%29Z%89bJR%2Ab%88%BD%20%94%96B%8ABjJ%CAR%CAR%EAR%EAS,0,0.00,NA,0,0,0,0,0,0,NA,97
pico_reply,21:29:46,R%EAS%20%5B%20c,0,0.00,NA,0,0,0,0,0,0,NA,97
camera,21:29:46,Camera%2Fcontrol%20line%20discarded%3A%20too%20long,0,0.00,NA,0,0,0,0,0,0,NA,97
pico_reply,21:29:46,%86%29%A6%29%86%29%86%21%A7%21%A5%3AH1%C81%E81%C71%C71%E71%C71%C71%C7IHI%259%E0%F7%CD%CD%D7%DD%B8%28%B2I%84A%889g1%861%871GIGafi%A7z%29sk%D5%8E%D5%3C8%C9I%24I%25%40%C5%40%C5I%20I%20A%20A%259d1%851%A5%29%851%A6%29%A6%29%A6%29%A6%29%85%29f%21E%21e%29e%29%85%29%86%29f1%86AFA%26IGH%E6X%85X%A5y%20%AAkz%8D%BD%B1%D6%20%9CXAM9%20I%26Y%26a%89%93K%FF%20%8BUQ%8CIfI%24QfQ%20YFYgQg9%A71%A6%3A%20B%20B%20%3A%27BGB%28Y%88a%20Z%28%BD%20%8B%96s%20R%20Z,0,0.00,NA,0,0,0,0,0,0,NA,97
pico_reply,21:29:46,Y%E9Z,0,0.00,NA,0,0,0,0,0,0,NA,97
pico_reply,21:29:46,bKj%8Bj%ACr%CCz%ED%7B%20%7Bn%9C.%C5%B5kQR%C7R%E9J%CAJ%C9R%EAR%EAS,0,0.00,NA,0,0,0,0,0,0,NA,97
pico_reply,21:29:46,S,0,0.00,NA,0,0,0,0,0,0,NA,97
camera,21:29:46,Camera%2Fcontrol%20line%20discarded%3A%20too%20long,0,0.00,NA,0,0,0,0,0,0,NA,97
pico_reply,21:29:46,%86%29f%29%86%21f%29%86%29%86%29f%20%A6%2A%202,0,0.00,NA,0,0,0,0,0,0,NA,97
pico_reply,21:29:46,1%C81%E81%C71%E72%201%871%871%A7Q%270%C3%83,0,0.00,NA,0,0,0,0,0,0,NA,97
pico_reply,21:29:46,a%EAz%20%83N%C42%AC%3D9J%21%26%29f1g9%87IgAG9%26%29f1%A69%E7%3A%20B%27%3A%20%3A%201%C71%E7Q%A8a%29bg%D5%D2%CD%DA%BDx%945%94%20%93%F2%93%D2%A4T%AC%B5%AC%D5%B5%20%AC%B7%BC%D6%B56%CEv%D7%20c%B4J%C9R%CAR%EAR%EAR%EAS,0,0.00,NA,0,0,0,0,0,0,NA,97
pico_reply,21:29:46,S,0,0.00,NA,0,0,0,0,0,0,NA,97
pico_reply,21:29:46,R%EAS,0,0.00,NA,0,0,0,0,0,0,NA,97
camera,21:29:46,Camera%2Fcontrol%20line%20discarded%3A%20too%20long,0,0.00,NA,0,0,0,0,0,0,NA,97
pico_reply,21:29:46,%29f%29f%29%85%21e%29%86%29%87%21%A62%202%201%C81%E81%C71%E81%C89%C81%C79%87IgH%E2%BB%C6%AC0%CD%20%C4%F9%9B%B2%A3%D2%A3%F2%9B%F0%93%B1%93Qz%8EzL%9B.%AB%B3%B4u%D5w%FF%5E%21R9%A41%C71%C71%A61%A71%A71%C71%C71%C61%C7%29%A7%29%C6%29%A6%29%C6%29%A6%29%A6%29%86%29%86%29%86%21F%21e%29e%29%A5%29%86%29%861%861%861%A61%A61%C69%A6A%87IgX%E7p%A6q%C6%94.%E5%F7%BC%BA%A4%20%A4%20%A4%20%CDT%F6%9AR%201%859%E6%3A%209%E79%E8A%C8A%E8A%E7%3A%20%3A%209%E8%3A%20B%27%3A%20%3A%209%E7%3A%20Q%A8iIj%20%E5%F3%CD%D9%EE%DA%D6%5B%D6X%D6%20%D5%F9%DE%20%DD%FA%D5%D9%DE9%EE%3C%E6%20%BD%96%E7%20%A5x2S%20S,0,0.00,NA,0,0,0,0,0,0,NA,97
pico_reply,21:29:46,R%EAS,0,0.00,NA,0,0,0,0,0,0,NA,97
pico_reply,21:29:46,S%20S%20S,0,0.00,NA,0,0,0,0,0,0,NA,97
pico_reply,21:29:47,S%2A%5BKS%20c,0,0.00,NA,0,0,0,0,0,0,NA,97
camera,21:29:47,Camera%2Fcontrol%20line%20discarded%3A%20too%20long,0,0.00,NA,0,0,0,0,0,0,NA,97
pico_reply,21:29:47,%29%A6%29%86%29%86%21%862%202%201%E81%E81%C71%E81%C89%C71%C69%87I%268%E2%DDG%BD%B3%FE%BB%D5%3F%BC%B6%CC%F9%C5%20%C57%C5%20%BC%98%B4%20%A3%B3%C4%D4%DD%99%D5%B9%E5z%94%DC%21G%29%86%29%A7%29%A61%C71%A71%A71%A6%29%C6%29%C61%C7%29%C7%29%C7%29%A6%29%C6%29%A6%29%A6%29%A6%29%A6%29%86%29f%21E%29%85%29%85%29%86%29%86%29%A6%29%A61%A71%A6%29%A61%C71%A79%C7I%88a%26iD%8BI%D5%95%DD%DB%DD%F9%E6%7C%D5%D8%D5x%9C%F91%EA1%E6%3A%209%E79%E7%3A%209%E89%E8%3A%20%3A%20%3A%20%3A%20%3A%20%3A%20%3A%27%3A%20%3A%20%3A%28I%A8a%C7%82%20%AB%CF%9B%CE%BD%20%BD4%C5t%C5T%C54%C4%F3%BCs%AC1%B4%90%CC%93%AC%20%93%CC%ADTk%D1%3A%27K,0,0.00,NA,0,0,0,0,0,0,NA,97
camera,21:29:47,Camera%2Fcontrol%20line%20discarded%3A%20too%20long,0,0.00,NA,0,0,0,0,0,0,NA,97
pico_reply,21:29:47,%21D%21D%21E%20d%21%85%29%86%29f%21%86%29%A5%29%A6%29%86%29%86%29%A7%29%862%202%201%E81%E81%C71%E81%C71%C71%A6IGIf1%60%FF%AE%FE%BD%FF%FF%CC%FF%DD8%E4%FA%D5%20%DDw%D5%99%CD%20%D4%F8%CC%D8%F6%20%F6%20%CD%3A%8Bs1%CD%29%A61%C71%C71%C71%A61%A71%A71%A7%29%C7%29%C71%E7%29%C7%29%C7%29%A7%29%C6%29%C6%29%A6%29%A6%29%C6%29%C7%29f%21e%29%86%29%A6%29%A61%A6%29%A7%29%A71%A71%C61%C61%C71%C79%C79%C7Igh%C6y%A8%ABl%D5%20%E5%B8%F6%20%BD%20%7B%20B%2C9%E7%3A%202%20%3A%20%3A%20%3A%20%3A%209%E8%3A%27%3A%209%E8%3A%20%3A%28%3A%20%3A%28%3A%28%3A%20%3A%28%3A%20J%20Y%E7i%EAY%C9r%89z%8Cz%8Cr%ACj%8BjjjIjJbJb,0,0.00,NA,0,0,0,0,0,0,NA,97
camera,21:29:47,Camera%2Fcontrol%20line%20discarded%3A%20too%20long,0,0.00,NA,0,0,0,0,0,0,NA,97
camera,21:29:47,Camera%2Fcontrol%20line%20discarded%3A%20too%20long,0,0.00,NA,0,0,0,0,0,0,NA,97
camera,21:29:47,Camera%2Fcontrol%20line%20discarded%3A%20too%20long,0,0.00,NA,0,0,0,0,0,0,NA,97
pico_reply,21:29:47,otoreflector_adc%3D693,0,0.00,NA,0,0,0,0,0,0,NA,97
pico_reply,21:29:47,FRAME_STREAM%2C320%2C240%2CRGB565%2C153600%2Cc19a33ec,0,0.00,NA,0,0,0,0,0,0,NA,97
camera,21:29:47,Camera%2Fcontrol%20line%20discarded%3A%20too%20long,0,0.00,NA,0,0,0,0,0,0,NA,97
camera,21:29:47,Camera%2Fcontrol%20line%20discarded%3A%20too%20long,0,0.00,NA,0,0,0,0,0,0,NA,97
pico_reply,21:29:47,%24%21%24%21%24%20%24%21%24%21E%21E%21%24%20%24%21%24%21E%21e%21e%21e%29%A5%29%85%29e%29e%21%85%29%85%29%85%29e%29e%21e%29%85%29%86%29%85%21%84%29%85%29%A6%29e%29e%29%85%29%85%21%86%21%85%29%86%29%86%29%85%29e%29E%29e%29%A5%29%85%21d%29e%21%A5%29%86%29%85%29%A5%21%85%29%86%29%86%29%85%29%86%21e%29%A6%29%85%29%85%29F%21E%21E%21e%21%85%29%85%29%A6%29%A6%29%A6%29%86%29%85%29%A6%21%85%29%A5%29%A5%29%85%29%85%29%A61%A5%29%A6%29f%21f%21%86%29%85%29%86%29f%29e%29%A5%29%A6%29%851%A6%29%C6%29%C6%29%A6%29%A6%29%86%29%86%21%25%20%20%20%E3%21d%29%85%21f%29%A7%29%A61%E7%29%E71%E61%E71%E71%E7%29%C6%29%E61%E72%201%C8%29%A7%29%C71%E8%3A%20J%88B%201%A7%21D%20%C3%20%C3%20%20%21E%21E,0,0.00,NA,0,0,0,0,0,0,NA,97
camera,21:29:47,Camera%2Fcontrol%20line%20discarded%3A%20too%20long,0,0.00,NA,0,0,0,0,0,0,NA,97
camera,21:29:47,Camera%2Fcontrol%20line%20discarded%3A%20too%20long,0,0.00,NA,0,0,0,0,0,0,NA,97
camera,21:29:47,Camera%2Fcontrol%20line%20discarded%3A%20too%20long,0,0.00,NA,0,0,0,0,0,0,NA,97
pico_reply,21:29:47,%86%29e%20%25%20D%21e%29%C61%E62%202%20%3A%201%E61%E61%E62%202%20%2A%262%26%3A%27%3A%202%202%20%3A%28%3A%20B%86%5B%20B%28%29%86%20%20%20%E4%20%24%21D%29%A5%21%86%21%86%29%A7%21%E7%2FGKIc%CDSLS%8DS%AD%5B%EEk%EFk%EFt%20s%EFt%20t%20t%2Ft%20t%20k%EEc%CD%5B%ED%5B%CDc%8D%5B%8C%5BLS%20S,0,0.00,NA,0,0,0,0,0,0,NA,97
camera,21:29:47,Camera%2Fcontrol%20line%20discarded%3A%20too%20long,0,0.00,NA,0,0,0,0,0,0,NA,97
camera,21:29:47,Camera%2Fcontrol%20line%20discarded%3A%20too%20long,0,0.00,NA,0,0,0,0,0,0,NA,97
camera,21:29:47,Camera%2Fcontrol%20line%20discarded%3A%20too%20long,0,0.00,NA,0,0,0,0,0,0,NA,97
pico_reply,21:29:47,1%C5%29%E52%201%A6%21e%21e%21%20%20E%21%84%29%E62%272%272%202%202%202%202%202%202%27%3A%202%202%202%272%282%28%3Ag%3A%E8c%CAcNB%20%29f%20%E3%20%E3%20D%21d%21%A6%29%A6%29%A6%21%862F%3A%88%5B%ABC%20S%2CS%8Cc%EDk%EEt%20lN%84%CE%8D%20%84%D1%7CPt%20l%20tNt.k%CEc%CDc%CCc%8D%5BM%5BL%5BKK,0,0.00,NA,0,0,0,0,0,0,NA,97
camera,21:29:47,Camera%2Fcontrol%20line%20discarded%3A%20too%20long,0,0.00,NA,0,0,0,0,0,0,NA,97
pico_reply,21:29:47,%29%A5%29%A5%29%A5%29%A5%29%A5%29%A5%29%A5%29%A5%29%A5%29%A6%29%A5%29%A51%A51%A6%29%A5%29%A5%29%C51%C61%A61%A51%A51%A6%29%A6%29%A6%29%A6%29%A5%29%A5%29%A51%C5%29%A6%29%A51%A5%29%C6%29%C5%29%C61%C6%29%A6%29%A6%29%A5%29%C51%C51%E51%E52%20%29%C61%C61%A61%C6%29%C5%29%C61%C61%C51%A51%C5%29%C5%29%C6%29%C6%29%C61%C61%A61%C6%29%C6%29%E6%29%E6%29%E6%29%E62%20%29%C6%29%85%21%25%20%23%21d%21%A6%3A%26%3AH2%202%202%202%202%202%201%E6%3A%272%20%3A%202%272%272%28%29%E82%27%5B%89R%CCJi9%E8%21%27%20%C4%21%23%20%24%29%A4%29%86%29%A6%21%86%29%C7%21%E7SiK%2C%5B%8CSlk%CDk%AEk%AEd%7C%8D%8DT%85%20%7C%91%7CPt%2Fl%2Fl%20k%EDc%CEc%ADc%8Dcm%5Bl%5B%8CSl,0,0.00,NA,0,0,0,0,0,0,NA,97
camera,21:29:47,Camera%2Fcontrol%20line%20discarded%3A%20too%20long,0,0.00,NA,0,0,0,0,0,0,NA,97
pico_reply,21:29:47,%29%A5%29%A5%29%C5%29%A5%29%A5%29%A5%29%A6%29%A5%29%C51%A6%29%A6%21%A5%29%C5%29%A61%A51%C61%A5%29%A5%29%C5%29%C6%29%A61%C6%29%C6%29%A5%29%C5%29%C5%29%A5%29%A51%A51%A5%29%C51%E51%A6%29%C6%29%C6%29%C6%29%A51%C5%2A%20%3AF%3A%20%29%C61%C61%A61%A6%29%C5%29%C61%C61%C51%C5%29%C51%C5%29%C6%29%C6%29%A6%29%A5%29%C51%C5%29%C5%29%E6%29%C61%C61%E52%20%29%E61%C6%29%A6%29e%21%20%20e%21%A52%272%20%3A%202%202%272%202%202%201%E72%202%272%272%272%202%201%E7Bh%3AgZ%E7R%8B9%C71d%20%E4%20%20%20c%21e%21%A6%29%A5%29%A6%21%86%3A%C8B%AA%5B%8D%5B%8D%5Bl%5Bncnc%EE%5B%AE%85%20%7C%D2%84%91%7CP%7CPl%2Fl%20l%20l%20c%ADc%8Dc%8Dcl%5B%8DSl%5BlS%2BS,0,0.00,NA,0,0,0,0,0,0,NA,97
pico_reply,21:29:47,J%EAS,0,0.00,NA,0,0,0,0,0,0,NA,97
camera,21:29:47,Camera%2Fcontrol%20line%20discarded%3A%20too%20long,0,0.00,NA,0,0,0,0,0,0,NA,97
pico_reply,21:29:47,%29%A5%29%A5%29%A5%29%A5%29%A6%29%A5%29%C5%29%A61%E51%E6%29%C6%29%A5%29%A51%C61%A6%29%A5%29%C5%29%C6%29%C6%29%C6%29%A6%29%A5%29%C6%29%C5%29%C6%29%A51%A61%C6%29%E5%29%E61%C6%29%C5%29%C6%29%C5%29%C51%C6%29%E5%3A%25%3A%271%E61%C61%A6%29%A6%29%C5%29%C6%29%C6%29%C6%29%C5%29%C5%29%C6%29%C6%29%E5%2A%20%29%E61%C61%C6%29%C6%29%E61%C6%29%C6%29%E62%201%E62%202%201%A6%21%26%20%25%20%20%29%C62%20%3A%27%3A%272%272%272%272%201%E72%202%202%202%272%202%201%E7B%202%A7J%E4s%CDJ%8A9%C7%20%C5%20%E3%20%23%21D%29%A4%29%A5%29%A6%21g2%202H%5B%8AS%2B%5BKc%8Dk%CDd%20k%EF%7Cpk%F0t%2Ft%2FtPlPlOtOtOk%EEk%CEc%8D%5B%8C%5B%8DSm%5BlS%2CS%2BJ%EBK,0,0.00,NA,0,0,0,0,0,0,NA,97
pico_reply,21:29:47,S,0,0.00,NA,0,0,0,0,0,0,NA,97
camera,21:29:47,Camera%2Fcontrol%20line%20discarded%3A%20too%20long,0,0.00,NA,0,0,0,0,0,0,NA,97
camera,21:29:47,Camera%2Fcontrol%20line%20discarded%3A%20too%20long,0,0.00,NA,0,0,0,0,0,0,NA,97
camera,21:29:47,Camera%2Fcontrol%20line%20discarded%3A%20too%20long,0,0.00,NA,0,0,0,0,0,0,NA,97
pico_reply,21:29:47,%E61%E6%29%A6%29%86%20E%20D%29%C61%E6%3AG2%272%272%20%3A%202%202%202%20%3A%27%3A%27%3A%27%3A%27%3A%20%2AF%3AeJ%EBB%C8%5B,0,0.00,NA,0,0,0,0,0,0,NA,97
camera,21:29:47,Camera%2Fcontrol%20line%20discarded%3A%20too%20long,0,0.00,NA,0,0,0,0,0,0,NA,97
pico_reply,21:29:47,%21D%21D%21D%21D%21D%21D%21D%21d%21d%21D%21d%21d%21d%29E%29e%29%85%29%85%21e%29%84%29%85%29%85%29e%29%85%29%85%29%A5%29%A5%21%A5%29%A5%29%A5%29%A5%29%A5%29%A5%29%C5%29%C6%29%C51%C51%C6%29%E61%C51%A51%A5%29%A5%29%C6%29%A5%29%A6%29%A6%29%A5%29%A51%C61%A61%A6%29%C51%A5%29%A5%29%C51%C6%29%C6%29%C6%29%A61%A6%29%A51%E51%E61%C61%C61%C6%29%A51%C51%C61%C61%C61%E7%3A%281%E71%C61%E61%C6%29%C61%C61%C61%C6%29%C6%29%E6%29%E6%29%E61%C61%C61%C61%C6%29%C71%E61%C61%E61%E52%201%E62%202%26%3AG2%202%209%E61%E61%E61%C6%29%A5%21e%20%25%20%85%21%C52%27%3A%282%202%27%3A%20%3A%20%3A%282%20%3A%20%3A%20%3A%202%202%272H1%E8%3AH%3AHJ,0,0.00,NA,0,0,0,0,0,0,NA,97
camera,21:29:47,Camera%2Fcontrol%20line%20discarded%3A%20too%20long,0,0.00,NA,0,0,0,0,0,0,NA,97
pico_reply,21:29:47,1%A61%A6%29%A5%29%C6%29%C51%A6%29%86%29%A5%29%A5%29%C51%A61%A6%29%C5%29%A5%29%A6%29%C6%29%C5%29%C5%29%C6%29%C61%A6%29%A6%29%C51%E61%E61%C61%C6%29%C51%E5%29%E61%C51%C61%E7%3A%271%C7%29%E61%E61%C61%C61%C61%C61%C6%29%E61%E61%C6%29%E61%C61%C61%C61%C6%29%E71%C61%E61%C61%E61%E71%E72%202%27%3AG1%E72%201%C71%E6%3A%262%262%201%A6%21f%20D%21E%29%E6%3AG2%27%3A%27%3A%20%3A%20%3A%27%3A%27%3A%27%3A%20%3A%202%20%3A%20%3A%20%3A%28%2A%20%3A%88J%EA%5B%28k%ABBj%20%27%20%C4%21%24%20%23%29%A4%29%A6%29%A6%29g%20F%2F%25%5B%89S%8DSl%5Bl%5Blc%8Ek%EEt.l.%7CotP%7Cp%7CPt%2Ft.l%20c%CEc%ADc%CDc%AD%5B%8Dcl%5BmS%2C%5BLS,0,0.00,NA,0,0,0,0,0,0,NA,97
camera,21:29:47,Camera%2Fcontrol%20line%20discarded%3A%20too%20long,0,0.00,NA,0,0,0,0,0,0,NA,97
pico_reply,21:29:47,1%A61%A6%29%C61%A6%29%86%29%A51%A5%29%A5%29%A61%A6%29%C5%29%A5%29%A6%29%A6%29%C5%29%C5%29%C61%C61%A5%29%C6%29%E5%29%E61%C61%C69%C6%29%C61%E5%29%E61%C5%29%E6%21%C6%3A%201%C71%C61%C61%C6%29%E61%C61%C6%29%E61%C61%C61%C6%29%E61%E61%C61%C61%C61%E61%E61%E61%E61%E61%E71%E71%E7%3A%27%3AG2%202%201%E62%202%202%20%3A%261%E7%29%A6%29%85%21F%21e%29%C5%3AG%3AH%3A%20%3A%202%27%3A%27%3A%27%3A%20%3A%27%3A%27%3A%27%3A%20%3A%272%26%3AG%3AGSgk%EA%5B%2C9%E9%29E%20%C4%20%23%20D%29%A6%29%A6%29%A6%21%A6%21%E5Khc%CDK.SK%5Bm%5B%8E%5B%CDl.l%20totOtP%7CP%7CPt%20l%2Fk%EEk%CEk%CDk%ADk%AEc%8Dc%2C%5B%2C%5BKS%2BK,0,0.00,NA,0,0,0,0,0,0,NA,97
camera,21:29:47,Camera%2Fcontrol%20line%20discarded%3A%20too%20long,0,0.00,NA,0,0,0,0,0,0,NA,97
pico_reply,21:29:47,%29%A51%A51%C6%29%A61%A6%29%A6%29%A51%A51%A51%A6%29%A6%29%C5%29%C61%A6%29%C6%29%C6%29%C5%29%C61%C61%A6%29%C6%29%C61%C61%C6%29%A61%A6%29%C6%29%E6%29%E61%C5%29%E5%29%E5%3A%261%C61%C61%C61%C6%29%E61%E61%C6%29%C61%C61%C61%C6%29%C61%E61%C61%C6%29%E6%29%E61%C61%C61%C61%E62%201%E71%E6B%27%3AH2%271%E61%E72%202%262%202%20%3A%201%E61%A6%29e%20%25%20D%29%E5%3Ag%3A%29%3A%272%27%3A%27%3A%27%3A%20%3A%202%27%3A%28%3A%20%3A%202%202%28%29%E7B%E7SI%5B%2BJ%CB9%E7%20%20%20%20%20%E3%21d%29%A6%29%A6%29%C6%20f2%88R%E9Snc%8B%5Bm%5Bm%5B%8Clk%EElOtP%7Cp%7Cp%7CPt%2FtOt%2Fl%20l%20c%CEk%AE%5BN%5BlS-%5B%8C%5BLSK,0,0.00,NA,0,0,0,0,0,0,NA,97
pico_reply,21:29:47,K,0,0.00,NA,0,0,0,0,0,0,NA,97
camera,21:29:47,Camera%2Fcontrol%20line%20discarded%3A%20too%20long,0,0.00,NA,0,0,0,0,0,0,NA,97
pico_reply,21:29:47,1%A5%29%C5%29%C6%29%C6%29%C6%29%A61%A6%29%A6%29%A6%29%C51%A61%A6%29%C6%29%C5%29%C5%29%C6%29%C6%29%C61%C6%29%A61%A5%29%A51%C51%C6%29%C6%29%C6%29%E6%29%C5%29%C6%29%C52%20%29%E61%C61%C61%E61%C61%A6%29%C61%C61%C61%C61%C61%E7%29%C71%C61%C61%E61%E61%C61%E62%201%E61%E71%E72%20BGBh2%201%E62%202%202%262%202%202%202%201%C61%A6%21e%21e%20%85%29%E5BH%3A%20%3A%27%3A%20%3A%20%3A%20%3A%272%272%28%3A%28%3A%272%202%272%27B%A7R%C8B%AAS%28J%AA9%C9%20%20%20%C2%21D%21%86%29%86%29%A7%29%86%21%E72%20KK%5B%AD%5Bn%5BnS%8Dc%CDd%20lPlP%7Cp%7CptPtO%7C%2F%7C%2Ft%20l%20k%EEk%EEc%8Ec%8D%5B%8D%5B%8D%5BLSlSKK,0,0.00,NA,0,0,0,0,0,0,NA,97
camera,21:29:48,Camera%2Fcontrol%20line%20discarded%3A%20too%20long,0,0.00,NA,0,0,0,0,0,0,NA,97
camera,21:29:48,Camera%2Fcontrol%20line%20discarded%3A%20too%20long,0,0.00,NA,0,0,0,0,0,0,NA,97
camera,21:29:48,Camera%2Fcontrol%20line%20discarded%3A%20too%20long,0,0.00,NA,0,0,0,0,0,0,NA,97
camera,21:29:48,Camera%2Fcontrol%20line%20discarded%3A%20too%20long,0,0.00,NA,0,0,0,0,0,0,NA,97
camera,21:29:48,Camera%2Fcontrol%20line%20discarded%3A%20too%20long,0,0.00,NA,0,0,0,0,0,0,NA,97
pico_reply,21:29:48,S%2BKKKKS%2A%5B,0,0.00,NA,0,0,0,0,0,0,NA,97
camera,21:29:48,Camera%2Fcontrol%20line%20discarded%3A%20too%20long,0,0.00,NA,0,0,0,0,0,0,NA,97
pico_reply,21:29:48,%29%A6%29%C5%29%C61%A61%A6%29%C6%29%C6%29%C6%29%C51%A6%29%C5%29%E5%29%C6%29%C6%29%C5%29%C61%C61%C6%29%C6%29%E61%C51%C6%29%C61%E51%C61%C61%E7%29%C51%E51%A61%C61%C61%C61%C61%E6%29%E6%29%E51%C61%C61%C61%C61%C6%29%E6%29%E62%201%E61%E61%E61%E62%20%3A%202%202%202%209%E72%202%20%3A%20%3A%202%202%20%3A%20%3A%27%3A%27%3A%202%201%A6%21f%20%25%29%C62GBHB%28%3A%27%3A%28%3A%28%3A%272G%3A%27%3A%27%3A%27%3A%27%3A%27B%201%E82%20B%27B%A8R%C9B%2A%21%26%20%C3%20%E3%20%84%29%85%29%C71%A5%29%C7%20%C7C%28%5B%8EKMK-c%AD%5B%ADk%EEk%EFt%20%7C%2F%7C0%7CQt0t%20%7C%20t%20k%EEs%EEk%CEk%CDc%AD%5Bl%5BM%5B%5B%20K%2BS%2AJ%EBJ%EA,0,0.00,NA,0,0,0,0,0,0,NA,97
camera,21:29:48,Camera%2Fcontrol%20line%20discarded%3A%20too%20long,0,0.00,NA,0,0,0,0,0,0,NA,97
pico_reply,21:29:48,%29%C6%29%C6%29%A61%A6%29%C62%20%29%C5%29%C61%A6%29%C5%29%C51%C6%29%C6%29%C6%29%C61%C61%C6%29%C61%C51%C5%29%C5%29%E61%C61%C71%A6%29%A6%29%E72%201%C61%C61%C61%C71%C61%E62%20%29%E61%C71%C61%E61%C61%C61%E61%E61%E61%E61%E61%E61%E62%20%3A%202%202%202%202%202%202%202%202%27%3A%20%3A%202%202%27%3A%202%27%3AF%3A%261%87%29%86%20E%21%A51%E6B%28%3A%28%3AhBh%3A%20%3A%27%3A%27%3A%27%3A%27%3A%28%3A%27B%20%3A%28%3AG%3AHB%C8R%A8%5B,0,0.00,NA,0,0,0,0,0,0,NA,97
camera,21:29:48,Camera%2Fcontrol%20line%20discarded%3A%20too%20long,0,0.00,NA,0,0,0,0,0,0,NA,97
camera,21:29:48,Camera%2Fcontrol%20line%20discarded%3A%20too%20long,0,0.00,NA,0,0,0,0,0,0,NA,97
camera,21:29:48,Camera%2Fcontrol%20line%20discarded%3A%20too%20long,0,0.00,NA,0,0,0,0,0,0,NA,97
camera,21:29:48,Camera%2Fcontrol%20line%20discarded%3A%20too%20long,0,0.00,NA,0,0,0,0,0,0,NA,97
camera,21:29:48,Camera%2Fcontrol%20line%20discarded%3A%20too%20long,0,0.00,NA,0,0,0,0,0,0,NA,97
pico_reply,21:29:48,c%CCR%CARj1%87%20%A5%20%E3%20d%21%86%29f1%A8%21f%2A%202gJ%EBK%20%5BM%5Bmc%ADt%20t0%7Cp%7CP%7Cq%7C0%84P%7C0t%2Ft%20t%20l%20c%EDk%CEc%8Ec%ADk%AD%5Bm%5B%2B%5B%2CS%20S,0,0.00,NA,0,0,0,0,0,0,NA,97
camera,21:29:48,Camera%2Fcontrol%20line%20discarded%3A%20too%20long,0,0.00,NA,0,0,0,0,0,0,NA,97
pico_reply,21:29:48,%29%A6%29%A6%29%C6%29%C5%29%C6%29%C6%29%C6%29%C51%C61%A61%A61%A61%C6%29%C6%29%C61%C61%C61%C61%C61%C61%C61%E71%C61%C61%C61%E61%C61%E61%E62%201%E7%29%E6%29%E61%E61%E61%E61%E71%E7%29%C62%201%E61%E61%E61%E72%202%201%E61%E61%E61%E72%201%E71%E72%202%202%20%3A%202%27%3A%20%3A%279%E6%3A%20%3A%27%3A%20%3A%20%3A%202%27%3A%201%E8%29f%21e%21d%29%A6%3A%27%3A%28%3AG%3A%20%3A%20%3AG%3A%28%3A%28%3A%28%3A%27%3A%27%3A%28%3A%28%3A%28%29%C9B%C8J%A9R%C9R%AA%29h%20%A4%20%20%21D%29%852%20%29%86%21%C7%21%A6J%AAK,0,0.00,NA,0,0,0,0,0,0,NA,97
camera,21:29:48,Camera%2Fcontrol%20line%20discarded%3A%20too%20long,0,0.00,NA,0,0,0,0,0,0,NA,97
camera,21:29:48,Camera%2Fcontrol%20line%20discarded%3A%20too%20long,0,0.00,NA,0,0,0,0,0,0,NA,97
camera,21:29:48,Camera%2Fcontrol%20line%20discarded%3A%20too%20long,0,0.00,NA,0,0,0,0,0,0,NA,97
pico_reply,21:29:48,1%C61%E61%E61%E61%E62%202%202%272%271%E79%E72%202%202%20%3A%202%20%3A%20%3A%279%E7%3A%20%3A%209%E7%3A%28%3A%27%3A%28%3A%27%3A%20%3A%20%3A%27%3AGB%279%E7%21%26%20%24%20D%2A%25B%A7Bj%3A%20%3A%28%3A%28B%20%3A%28%3A%28%3A%28%3A%27%3A%20%3A%27B%28%3A%20%3A%282%86S%20s%AC9%E9%21E%20%C4%20%E3%21d%29%C41%C6%21%87%21%882g%3A%A9%5B%AD%5B%8Dc%ACc%AEl%20tOt0tP%7Cp%7Cq%7CQ%7CplQt%2Ft0c%CFk%CEc%8Dc%ADk%AE%5BM%5Bm%5B-c%2CS%20S,0,0.00,NA,0,0,0,0,0,0,NA,97
camera,21:29:48,Camera%2Fcontrol%20line%20discarded%3A%20too%20long,0,0.00,NA,0,0,0,0,0,0,NA,97
pico_reply,21:29:48,%29%C6%29%C61%A6%29%A61%A61%A61%A51%A61%A61%C61%C6%29%C6%29%C61%C61%C61%C61%C61%A5%3A%201%C61%C61%C61%C61%C61%C61%E69%E61%C61%E61%E51%E61%C6%29%E62%201%E61%E61%C61%E61%E71%C61%E61%E62%201%E71%E61%E6%3A%26%3A%20%3A%202%202%202%202%202%209%E7%3A%202%272%20%3A%20%3A%20%3A%27%3A%27%3A%20%3A%20%3A%20%3A%27%3A%27B%27BG1%E9%29f%20%E5%21e%29%E5%3A%27BH%3A%27%3AH%3A%27%3A%27%3A%28%3A%28%3A%27%3A%28%3A%27%3A%20%3A%20%3A%28%2A%27B%A7c%AAc,0,0.00,NA,0,0,0,0,0,0,NA,97
pico_reply,21:29:48,9%E9%20%25%20%C3%21D%21%84%29%C7%29%A61%E7%2A%20%20%E6K%2BS-c%ADc%8Ed%20l0l%20%7C1%7CQ%7Cp%7C%90%7CQt0t%2F%7C%2Fk%EFk%EEk%CEk%CDk%8E%5Bm%5Bk%5BLkMR%EBS%2AS,0,0.00,NA,0,0,0,0,0,0,NA,97
camera,21:29:48,Camera%2Fcontrol%20line%20discarded%3A%20too%20long,0,0.00,NA,0,0,0,0,0,0,NA,97
pico_reply,21:29:48,%29%C61%C61%A61%A61%A61%C51%A61%C61%C61%C6%29%C6%29%E61%C61%C61%A61%C61%C61%C61%C71%C61%C61%C6%29%C61%E61%E61%E61%E61%C61%E6%29%E62%201%E61%E61%E61%E61%E61%E61%E61%E61%E61%E61%E61%E62%202%20%3A%26%3A%20%3A%202%202%202%20%3A%20%3A%209%E79%E72%20%3A%20%3A%20%3A%20%3A%20%3A%27B%20%3A%27%3A%20%3A%27%3A%27%3A%20%3A%20%3AH9%C6%29G%20%20%20%24%21%84J%87Bi%3AH%3AG%3A%27%3A%28%3A%28%3A%20BG%3A%27%3A%27%3A%20%3A%28%3AH2%28K%2A%5B%2A%5B%20B%28%20%C6%20%E3%20%23%29%851%C6%29%C7%29%C7%20%E72%88SLc%8B%5Bm%5B%ADl%20t%20%7CP%7CP%7CQ%7Cp%7Cp%7Cq%7C0%7COl%2FlOt%20c%AFc%8Ec%8D%5B%8Cc%8CkmS%20R%EAS,0,0.00,NA,0,0,0,0,0,0,NA,97
pico_reply,21:29:48,J,0,0.00,NA,0,0,0,0,0,0,NA,97
camera,21:29:48,Camera%2Fcontrol%20line%20discarded%3A%20too%20long,0,0.00,NA,0,0,0,0,0,0,NA,97
pico_reply,21:29:48,1%A61%A6%29%C51%C61%C61%C61%C61%C6%29%C61%C61%C61%C61%C61%C61%E61%E7%29%E6%29%E61%E6%29%C6%29%E61%E61%C61%C61%C61%E61%E62%201%E61%E61%E61%E61%C61%C61%E61%E61%E61%E61%E62%202%202%209%E79%E6%3A%202%202%262%20%3A%20%3A%20%3A%202%202%27%3A%20%3A%20%3A%20%3A%20%3A%27%3A%20%3A%20%3A%272%27%3A%20%3A%20%3A%272%271%E79%A8%29F%21%20%20%20%29%E5B%87Bi%3AG%3AH%3A%28%3A%28%3AH%3A%28%3A%27%3A%27%3A%28%3A%28%3A%282%20B%A9J%E9cJc%209%A9%20%C4%20%23%20%24%29%85%29%A6%29%A6%21%E6%21%C7%3A%CAB%E9%5Bm%5B%AEc%CDc%EEt0t1tQ%7Cp%7Cp%84Q%7CP%7COtOtPt%2Fl%20k%CEs%CEc%AD%5B%8Dcl%5B-%5B%20J%EBS,0,0.00,NA,0,0,0,0,0,0,NA,97
camera,21:29:48,Camera%2Fcontrol%20line%20discarded%3A%20too%20long,0,0.00,NA,0,0,0,0,0,0,NA,97
camera,21:29:48,Camera%2Fcontrol%20line%20discarded%3A%20too%20long,0,0.00,NA,0,0,0,0,0,0,NA,97
camera,21:29:48,Camera%2Fcontrol%20line%20discarded%3A%20too%20long,0,0.00,NA,0,0,0,0,0,0,NA,97
camera,21:29:48,Camera%2Fcontrol%20line%20discarded%3A%20too%20long,0,0.00,NA,0,0,0,0,0,0,NA,97
pico_reply,21:29:48,%20%24%20D%29%A6%29%86%29f%21e%21%85%21e%21E%21D%21D%21D%21%24%21%24%21D%21%25%21%24%21e%21%84%29%A5%29%85%21e%21D%21E%21D%21d%21d%21e%21e%21d%21e%21%85%21%85%29%85%29%85%29%85%29%85%29%85%29%86%29%85%29%85%29%86%29%86%29%861%A6%29%86%29%85%29%A5%29%A5%29%A5%29%A5%29%A6%29%86%29%A5%29%A61%A61%A61%A6%29%A51%A6%29%C6%29%C6%29%C6%29%C6%29%C6%29%A61%A61%A6%29%E6%29%C61%A6%29%A6%29%C61%C6%29%C6%29%E6%29%C61%E61%E61%C61%C7%29%C6%29%E6%29%E71%C61%C6%29%C61%C6%29%E61%E61%E71%C71%A71%E61%E61%E61%E61%E61%E61%E61%E61%E62%202%202%202%202%202%202%209%E7%3A%209%E71%E72%209%E79%E7%3A%202%20%3A%20%3A%202%202%27%3A%209%E7%3A%20%3A%27%3A%28%3A,0,0.00,NA,0,0,0,0,0,0,NA,97
camera,21:29:48,Camera%2Fcontrol%20line%20discarded%3A%20too%20long,0,0.00,NA,0,0,0,0,0,0,NA,97
camera,21:29:48,Camera%2Fcontrol%20line%20discarded%3A%20too%20long,0,0.00,NA,0,0,0,0,0,0,NA,97
camera,21:29:48,Camera%2Fcontrol%20line%20discarded%3A%20too%20long,0,0.00,NA,0,0,0,0,0,0,NA,97
camera,21:29:48,Camera%2Fcontrol%20line%20discarded%3A%20too%20long,0,0.00,NA,0,0,0,0,0,0,NA,97
camera,21:29:48,Camera%2Fcontrol%20line%20discarded%3A%20too%20long,0,0.00,NA,0,0,0,0,0,0,NA,97
pico_reply,21:29:49,%89c%201%89%20%E4%20%20%20E%29%851%C7%29%A71%E7%21%C7J%E9%5B%8Dc%EEc%EFc%EFt0tP%84p%7CP%7C%90%84%90%84p%84p%7C0%7C%2F%7C%20s%CFk%CFk%8Ek%CDc%AEcmc%8D%5BlcLS%2CS,0,0.00,NA,0,0,0,0,0,0,NA,97
camera,21:29:49,Camera%2Fcontrol%20line%20discarded%3A%20too%20long,0,0.00,NA,0,0,0,0,0,0,NA,97
camera,21:29:49,Camera%2Fcontrol%20line%20discarded%3A%20too%20long,0,0.00,NA,0,0,0,0,0,0,NA,97
camera,21:29:49,Camera%2Fcontrol%20line%20discarded%3A%20too%20long,0,0.00,NA,0,0,0,0,0,0,NA,97
camera,21:29:49,Camera%2Fcontrol%20line%20discarded%3A%20too%20long,0,0.00,NA,0,0,0,0,0,0,NA,97
camera,21:29:49,Camera%2Fcontrol%20line%20discarded%3A%20too%20long,0,0.00,NA,0,0,0,0,0,0,NA,97
camera,21:29:49,Camera%2Fcontrol%20line%20discarded%3A%20too%20long,0,0.00,NA,0,0,0,0,0,0,NA,97
camera,21:29:49,Camera%2Fcontrol%20line%20discarded%3A%20too%20long,0,0.00,NA,0,0,0,0,0,0,NA,97
pico_reply,21:29:49,%7C%20%7C%20t%20s%EFs%CEs%CEs%A3%20%A3%20%A2%20%C2%20%C2%20%A2%20%A3%20%A3%20%A3%20%A3%20%C2%20%A3%20%A3%20%C3%20%C3%20%C3%20%A3%20%C3%20%20%21%25%21%24%21%25%21%25%20D%20d%21E%20%20%20%C2%20%C3%20%C3%20%C3%20%A2%20%C2%21C%29%A4%29%A5%21%24%20%20%20%20%20%20%20%E3%20%C3%20%C3%20%E3%20%E3%20%E3%21D%21%24%20%20%20%20%21%20%20%24%20D%21%E7%2A,0,0.00,NA,0,0,0,0,0,0,NA,97
camera,21:29:49,Camera%2Fcontrol%20line%20discarded%3A%20too%20long,0,0.00,NA,0,0,0,0,0,0,NA,97
camera,21:29:49,Camera%2Fcontrol%20line%20discarded%3A%20too%20long,0,0.00,NA,0,0,0,0,0,0,NA,97
camera,21:29:49,Camera%2Fcontrol%20line%20discarded%3A%20too%20long,0,0.00,NA,0,0,0,0,0,0,NA,97
camera,21:29:49,Camera%2Fcontrol%20line%20discarded%3A%20too%20long,0,0.00,NA,0,0,0,0,0,0,NA,97
camera,21:29:49,Camera%2Fcontrol%20line%20discarded%3A%20too%20long,0,0.00,NA,0,0,0,0,0,0,NA,97
pico_reply,21:29:49,%20%29%E9%29%E9%2A%201%E9%2A%20%2A%29%2A%20%2A%20%2A%20%2A%20%29%E8%2A%29%2A%28%2A%282%201%C7%29%C7%29%C61%C5%29%A5%29%85%29%86%29F%29e%29e%29e%29e%29%85%29e%29e%29e%29e%29e%29e%29%85%29%85%29%85%29%A5%29%86%29%85%29%85%29%85%29%85%29%85%29%85%29%851%A6%29%85%29%A6%29%A51%861%A61%A61%C6%29%A61%A6%29%A61%C61%A61%C61%A61%A61%C61%A6%29%A61%C61%C61%C61%C61%C61%C61%C61%E61%E61%E61%E61%C61%C61%C61%C61%E71%E71%E71%E62%201%E71%E71%C69%E79%E71%E61%E61%E71%E71%E71%E71%E71%E62%209%E79%E72%202%202%202%202%202%209%E7%3A%202%272%209%E6%3A%20%3A%20%3A%20%3A%20%3A%20%3A%20%3A%20%3A%20%3A%272%20%3A%20%3A%20%3A%20%3A%20%3A%27,0,0.00,NA,0,0,0,0,0,0,NA,97
camera,21:29:49,Camera%2Fcontrol%20line%20discarded%3A%20too%20long,0,0.00,NA,0,0,0,0,0,0,NA,97
camera,21:29:49,Camera%2Fcontrol%20line%20discarded%3A%20too%20long,0,0.00,NA,0,0,0,0,0,0,NA,97
camera,21:29:49,Camera%2Fcontrol%20line%20discarded%3A%20too%20long,0,0.00,NA,0,0,0,0,0,0,NA,97
camera,21:29:49,Camera%2Fcontrol%20line%20discarded%3A%20too%20long,0,0.00,NA,0,0,0,0,0,0,NA,97
camera,21:29:49,Camera%2Fcontrol%20line%20discarded%3A%20too%20long,0,0.00,NA,0,0,0,0,0,0,NA,97
camera,21:29:49,Camera%2Fcontrol%20line%20discarded%3A%20too%20long,0,0.00,NA,0,0,0,0,0,0,NA,97
camera,21:29:49,Camera%2Fcontrol%20line%20discarded%3A%20too%20long,0,0.00,NA,0,0,0,0,0,0,NA,97
camera,21:29:49,Camera%2Fcontrol%20line%20discarded%3A%20too%20long,0,0.00,NA,0,0,0,0,0,0,NA,97
camera,21:29:49,Camera%2Fcontrol%20line%20discarded%3A%20too%20long,0,0.00,NA,0,0,0,0,0,0,NA,97
camera,21:29:49,Camera%2Fcontrol%20line%20discarded%3A%20too%20long,0,0.00,NA,0,0,0,0,0,0,NA,97
camera,21:29:49,Camera%2Fcontrol%20line%20discarded%3A%20too%20long,0,0.00,NA,0,0,0,0,0,0,NA,97
camera,21:29:49,Camera%2Fcontrol%20line%20discarded%3A%20too%20long,0,0.00,NA,0,0,0,0,0,0,NA,97
camera,21:29:49,Camera%2Fcontrol%20line%20discarded%3A%20too%20long,0,0.00,NA,0,0,0,0,0,0,NA,97
camera,21:29:49,Camera%2Fcontrol%20line%20discarded%3A%20too%20long,0,0.00,NA,0,0,0,0,0,0,NA,97
camera,21:29:49,Camera%2Fcontrol%20line%20discarded%3A%20too%20long,0,0.00,NA,0,0,0,0,0,0,NA,97
camera,21:29:49,Camera%2Fcontrol%20line%20discarded%3A%20too%20long,0,0.00,NA,0,0,0,0,0,0,NA,97
camera,21:29:49,Camera%2Fcontrol%20line%20discarded%3A%20too%20long,0,0.00,NA,0,0,0,0,0,0,NA,97
camera,21:29:49,Camera%2Fcontrol%20line%20discarded%3A%20too%20long,0,0.00,NA,0,0,0,0,0,0,NA,97
camera,21:29:49,Camera%2Fcontrol%20line%20discarded%3A%20too%20long,0,0.00,NA,0,0,0,0,0,0,NA,97
camera,21:29:49,Camera%2Fcontrol%20line%20discarded%3A%20too%20long,0,0.00,NA,0,0,0,0,0,0,NA,97
pico_reply,21:29:49,%C6%20%24%29%A61%E71%E7%29%C6%2AgS%2Ac%8Fc%CEt%2Ft0%7C%90%84q%84%91%84%B1%8C%B1%84%91%7CQ%7Co%7C%90%7C0t%2Ft.t%20s%CFk%ADk%AE%5Bm%5BMR%CCJ%8D%20%89Si%84%CF%7C%92%7C%91%7C%90%84%91%7CP%7Cq%7Cp%84%91%84%91%84q%7Cq%7Cp%7C%90%7C%91%7Cq%84Q%7Cp%7Cp%7Cp%84p%84q%7Cq%84p%84Q%7CP%7CP%7CP%7CP%7CP%7CP%7CP%7CP%7CP%7CP%7CP%7CP%84p%7Cq%7Cq%7Cp%84P%84p%7C0%7C0%7CO%7Cp%7CP%7CPt0%7C0t%20%7C%20%7C%20%7C%A2%20%A2%20%A2%20%A2%20%C3%20%C3%20%C3%20%A2%20%C3%20%C3%20%C3%20%C3%20%C4%20%A3%20%E3%20%24%21E%21D%21E%21E%21e%21e%21E%20%20%20%C3%20%A3%20%A3%20%A3%20%A3%20%E2%21%84%29%85%21F%20%20%20%E3%20%E4%20%E3%20%E3%20%20%20%E3,0,0.00,NA,0,0,0,0,0,0,NA,97
camera,21:29:49,Camera%2Fcontrol%20line%20discarded%3A%20too%20long,0,0.00,NA,0,0,0,0,0,0,NA,97
camera,21:29:49,Camera%2Fcontrol%20line%20discarded%3A%20too%20long,0,0.00,NA,0,0,0,0,0,0,NA,97
camera,21:29:49,Camera%2Fcontrol%20line%20discarded%3A%20too%20long,0,0.00,NA,0,0,0,0,0,0,NA,97
camera,21:29:49,Camera%2Fcontrol%20line%20discarded%3A%20too%20long,0,0.00,NA,0,0,0,0,0,0,NA,97
camera,21:29:49,Camera%2Fcontrol%20line%20discarded%3A%20too%20long,0,0.00,NA,0,0,0,0,0,0,NA,97
pico_reply,21:29:49,%202%202%282%292%292%202%29%3A%292%292%292I2%292%292I2I%3AI%3AI2I2%29%3AH%3A%281%E72%202%20%3A%209%C71%A61%C61%E69%E62%20%3A%281%E71%C61%C61%A61%C61%C61%A69%A61%A71%C61%E61%C61%C61%C61%C71%C6%3A%202%201%E71%E71%E71%E61%E61%E62%20%3A%202%201%E71%E79%E72%202%209%E71%E71%E72%202%202%209%E79%E72%202%202%209%E79%E7%3A%20%3A%209%E72%20%3A%202%202%20%3A%20%3A%202%20%3A%20%3A%20%3A%20%3A%20%3A%20%3A%20%3A%20%3A%20%3A%20%3A%20%3A%27%3AG2%27%3A%28B%20%3A%20%3A%28%3A%27%3A%27B%27%3AG%3AHB%29B%20%3A%28BH%3AGBHBiBhB%89B%89J%89JiBhJhBiBiBhBhBh,0,0.00,NA,0,0,0,0,0,0,NA,97
camera,21:29:49,Camera%2Fcontrol%20line%20discarded%3A%20too%20long,0,0.00,NA,0,0,0,0,0,0,NA,97
camera,21:29:50,Camera%2Fcontrol%20line%20discarded%3A%20too%20long,0,0.00,NA,0,0,0,0,0,0,NA,97
pico_reply,21:29:50,q%84q%7CQ%7Cpt%90%7Cp%7Cp%7C%91%84%91%84p%84%91%7CQ%84q%84q%7C%91%84%91%7Cq%7CP%7Cq%7Cp%7Cq%7Cp%84%90%7Cq%7Cp%7Cp%7CP%7CP%7CP%7CP%7CP%7C%2F%7CPt0%7CP%7C0%7C0s%F0s%EFs%EFs%82%20%82%20%C2%20%A3%20%C3%20%A3%20%A3%20%C3%20%A3%20%A3%20%A3%20%C3%20%C3%20%C3%20%24%29f%21e%29E%21e%21e%21e%29f%20%E4%20%C3%20%C3%20%A3%20%C2%20%A2%20%20%21%83%29%A6%21F%20%20%20%20%20%20%20%E3%20%E3%20%20%20%E3%20%E3%20%E3%20%E3%20%E3%20%E3%20%C4%20%A3%20%C3%20%20%20e%29%C8%29%C8%29%C8%29%E8%2A%20%29%E8%29%E8%29%C8%2A%20%2A%20%2A%20%2A%20%2A%20%29%E8%29%E8%2A%20%2A%202%20%2A%20%2A%20%2A%292%202%202%202%202%202%202%202%202%202%282H%2A%292%292,0,0.00,NA,0,0,0,0,0,0,NA,97
camera,21:29:50,Camera%2Fcontrol%20line%20discarded%3A%20too%20long,0,0.00,NA,0,0,0,0,0,0,NA,97
pico_reply,21:29:50,%7C%91%7Cq%84%91%84%91%84R%7Cp%84%B0%84%B1%84%B1%84q%84q%7C%91%7C%90%84p%84p%84q%7Cq%84q%7C%91%7C%91%7Cq%84P%7Cq%7Cp%7C%91%7Cp%7CQ%7Cp%7Cp%7Cp%7Cp%7CP%7CP%7Cp%7CP%7CP%7CPt%20t0s%EF%7C%20%7C%20%7C0%7C0%7C%82%20%A2%20%C2%20%C3%20%C4%20%A3%20%C3%20%C3%20%C3%20%A3%20%C3%20%C3%20%C3%20%E3%21D%21F%21E%21e%21e%21e%21e%29e%20%C4%20%C3%20%C3%20%A3%20%C2%20%E2%20%23%21%83%29%A6%21%25%20%20%20%20%20%E4%20%E3%20%E3%20%E3%20%20%20%E3%20%E3%20%E3%20%20%20%E3%20%C4%20%C3%20%E3%20%23%21%A5%29%C9%29%C8%29%E8%29%E8%2A%20%2A%201%E81%E9%29%E9%2A%20%2A%20%2A%202%20%29%E9%29%E9%2A%20%2A%201%E9%2A%20%2A%20%2A%29%2A%202%202%292%202%202,0,0.00,NA,0,0,0,0,0,0,NA,97
pico_reply,21:29:50,2%202%202%202%282%282I%2AI2%20%3A%292%292%292%29%3A%2A2%2A2,0,0.00,NA,0,0,0,0,0,0,NA,97
camera,21:29:50,Camera%2Fcontrol%20line%20discarded%3A%20too%20long,0,0.00,NA,0,0,0,0,0,0,NA,97
camera,21:29:50,Camera%2Fcontrol%20line%20discarded%3A%20too%20long,0,0.00,NA,0,0,0,0,0,0,NA,97
pico_reply,21:29:50,%E71%E72%202%202%20%3A%201%E72%20%3A%209%E6%3A%20%3A%20%3A%20%3A%20%3A%20%3A%20%3A%20%3A%27%3A%20%3A%27%3AG%3A%28%3A%27B%27B%20B%27%3A%27B%27B%28B%28BHBH%3AH%3AH%3AHB%28B%28BH%3AhBI%3A%892%20%5B%2AR%EBBiBhBiBiBiJiBiBiJIBiBhJ%89J%88J%89JiJ%A9J%88R%C9BiJ%A89%E8%20%E7%21%A5%5BGJ%ABJ%88J%89JIJiBiB%88BiBhBI%3A,0,0.00,NA,0,0,0,0,0,0,NA,97
camera,21:29:50,Camera%2Fcontrol%20line%20discarded%3A%20too%20long,0,0.00,NA,0,0,0,0,0,0,NA,97
camera,21:29:50,Camera%2Fcontrol%20line%20discarded%3A%20too%20long,0,0.00,NA,0,0,0,0,0,0,NA,97
camera,21:29:50,Camera%2Fcontrol%20line%20discarded%3A%20too%20long,0,0.00,NA,0,0,0,0,0,0,NA,97
camera,21:29:50,Camera%2Fcontrol%20line%20discarded%3A%20too%20long,0,0.00,NA,0,0,0,0,0,0,NA,97
camera,21:29:50,Camera%2Fcontrol%20line%20discarded%3A%20too%20long,0,0.00,NA,0,0,0,0,0,0,NA,97
camera,21:29:50,Camera%2Fcontrol%20line%20discarded%3A%20too%20long,0,0.00,NA,0,0,0,0,0,0,NA,97
camera,21:29:50,Camera%2Fcontrol%20line%20discarded%3A%20too%20long,0,0.00,NA,0,0,0,0,0,0,NA,97
camera,21:29:50,Camera%2Fcontrol%20line%20discarded%3A%20too%20long,0,0.00,NA,0,0,0,0,0,0,NA,97
camera,21:29:50,Camera%2Fcontrol%20line%20discarded%3A%20too%20long,0,0.00,NA,0,0,0,0,0,0,NA,97
pico_reply,21:29:50,%E3%20%E3%20%E4%20%E3%20%20%21%A7%29%C6%29%C8%29%C81%E8%2A%20%3Ai2j2%20%29%E8%29%E8%29%E8%29%E8%29%E8%29%E82%201%E81%E82%202%2A2%292%29%3A%20%3A%2A2,0,0.00,NA,0,0,0,0,0,0,NA,97
camera,21:29:50,Camera%2Fcontrol%20line%20discarded%3A%20too%20long,0,0.00,NA,0,0,0,0,0,0,NA,97
pico_reply,21:29:50,0%7C%20%7B%EFs%CFk%AEk%8Ek%ACc%8CS-%3A%8B%7CM%84R%84r%84%91%84%91%8C%B1%8C%B2%84%B1%84%B1%84%B1%84%92%84%B2%84%91%84%B2%84%91%8C%92%84%B2%84%91%8C%D2%84q%84%91%84%91%8C%92%8C%91%84%91%84%91%8Cq%84q%84p%84p%8Cq%8C%B2%84%D1%84%92%84Q%84q%7CQ%7C0%7CP%7C0%7CO%7CP%7CPt%20%7C%2F%7C%2F%7C%A3%20%A3%20%A3%20%A3%20%C3%20%C3%20%C3%20%C3%20%C3%20%C3%20%C3%20%E4%20%20%21e%29E%29E%21E%21e%21%86%21f%20%20%20%C3%20%A3%20%A3%20%A3%20%C3%20%E2%21D%21%85%29%A5%20%20%20%20%20%20%20%20%20%20%20%20%20%E3%20%20%20%20%20%20%20%E3%20%20%20%20%20%E4%20%E4%20%20%20D%29%C8%29%C8%29%C8%29%C82%202%202%29%3Aj%2A%20%29%E8%29%E8%29%E8%2A%202%202%292%202%202%282%202,0,0.00,NA,0,0,0,0,0,0,NA,97
pico_reply,21:29:50,2,0,0.00,NA,0,0,0,0,0,0,NA,97
pico_reply,21:29:50,%3A%29%2A%20%29%E8%29%CA2%202%292%202%292%202%202%28%2A%292%202%292I%3AJ%3A,0,0.00,NA,0,0,0,0,0,0,NA,97
pico_reply,21:29:50,%3A%20%3A%20%3AI%3A%892%29%3AJ2%29%3A%29%3AJ%3AJ%3A%29%3AI%3Ai%3Ai%3AJ%3Aj%3AI%3AjBj%3Aj%3A%89%3A%8A%3A%8ABj%3Aj%3Aj%3Aj%3A%8A%3A%89B%89Bi%3Ah%3AH%3AHBH%3Ah%3AH%3A%272%201%E79%E71%E71%E71%E61%E72%201%E71%E71%C61%C71%E71%E7%3A%27%3A%201%E72%202%201%E69%E79%E71%C71%E79%E79%E79%E69%E79%E79%E79%E72%202%209%E79%E71%E7%3A%202%202%20%3A%20%3A%20%3A%20%3A%20%3A%20%3A%20%3A%27B%28B%20%3A%20%3A%27%3A%20%3A%20B%27%3A%28%3A%27%3A%27BHBHB%28B%27B%28%3AH%3A%28BIBHBHBHBGBhBHBHBhBHBhBhBIBHBhJ%88BhJiJhJ%89JiJiBIB%89J%89J%89J,0,0.00,NA,0,0,0,0,0,0,NA,97
pico_reply,21:29:50,%3A%87cG%7B%EER%AE%20%E7%29%84%29%851%E71%A7%21%A8K%20SMs%ED%953%84%D1%84%91%8C%B2%8C%D2%8C%D2%8C%D2%8C%D2%84%91%7C%90%84%B1%84R%7C%20%7C0t0t%20k%EFk%AEc%CDcMKcI%84o%84%91%84%91%84%B1%84%B1%8C%B2%84%92%84%B2%84%B1%84%92%84%91%84%D1%84%B1%84%91%8C%B1%84%91%8C%D2%84%91%8C%B2%8C%92%84%B1%84%91%8C%92%84%91%84%91%84%91%84%91%84%91%84q%7CQ%7Cq%84%91%84%92%84q%84r%7CQ%7CP%7C0%7CP%7CO%7CP%7C0t%20%7C%2F%7C%2F%7C%A3%20%A3%20%C3%20%A3%20%C3%20%C3%20%C3%20%C3%20%C3%20%C4%20%A3%20%C3%20%20%29e%29e%29e%21e%21%85%21%85%29f%20%E4%20%C3%20%A3%20%A3%20%A3%20%A3%20%20%20d%21%A5%21E%20%E4%20%20%20%20%20%20%20%20%20%20%20%20%20%20%20%20%20%20%20%E3%20%E3%20%E3%20%E3%20%E4%20%E4%20d%29%C7,0,0.00,NA,0,0,0,0,0,0,NA,97
camera,21:29:50,Camera%2Fcontrol%20line%20discarded%3A%20too%20long,0,0.00,NA,0,0,0,0,0,0,NA,97
pico_reply,21:29:50,%84%B2%84%B2%8C%B2%84%B2%84%D1%84%B1%84%B1%84%B1%84%91%84%B2%84%B1%8C%B1%84%B1%84%92%84%91%84%B1%84%91%8C%91%8C%92%84q%84%B1%84%91%84%91%84%91%7Cq%84%91%84%91%84r%84R%84Q%7CQ%84p%7CP%7CP%7CP%7C0t%20t%20t%20t%20t%A3%20%A3%20%C3%20%C3%20%A3%20%C3%20%C3%20%C3%20%C3%20%C3%20%C3%20%20%21D%21e%21e%21D%21e%21%85%21e%29%86%20%E4%20%C3%20%C3%20%C3%20%A3%20%C3%20%24%21d%29%85%21%25%20%20%20%20%20%20%20%20%20%20%20%20%20%20%20%20%20%E3%20%20%20%E3%20%E3%20%E3%20%20%20%20%20%25%20E%29%C8%29%A8%29%A8%29%E72%282%292%29%2A%28%2A%20%29%E8%29%E8%2A%20%2A%20%2A%202%201%E81%E8B%202%20A%C9A%CA%20Ec%89c%8E%3Am1%E82%202%201%E92%202%202%292%292%292%292%2A9%E9J%289%A5%5B,0,0.00,NA,0,0,0,0,0,0,NA,97
camera,21:29:50,Camera%2Fcontrol%20line%20discarded%3A%20too%20long,0,0.00,NA,0,0,0,0,0,0,NA,97
camera,21:29:50,Camera%2Fcontrol%20line%20discarded%3A%20too%20long,0,0.00,NA,0,0,0,0,0,0,NA,97
pico_reply,21:29:50,2%202%209%E79%E79%E72%20%3A%20%3A%20%3A%202%201%E7%3A%20%3A%20%3A%20%3A%20%3A%209%E7%3A%27%3A%27%3A%20%3A%20%3A%27%3A%28%3A%20%3A%28%3AGB%27%3A%28%3A%27%3AG%3AG%3AHB%28BhBHBHBHBHBh%3AhBhBHBgBhBhBiBhBhBiJ%88JiBHBhJhJ%88J%A8B%88J%A9J%A9J%AAJ%A9J%88J%A9J%8AJ%A9R%C8R%E9K,0,0.00,NA,0,0,0,0,0,0,NA,97
pico_reply,21:29:50,R%EAR%CAJ%CAJ%CAR%EAR%C9R%E9%5B%20%5B%20BJ%29%C9%29%C7B%A8R%EAJ%AAJ%89J%89J%89B%89B%88J%89BI2iB%88S,0,0.00,NA,0,0,0,0,0,0,NA,97
camera,21:29:50,Camera%2Fcontrol%20line%20discarded%3A%20too%20long,0,0.00,NA,0,0,0,0,0,0,NA,97
camera,21:29:50,Camera%2Fcontrol%20line%20discarded%3A%20too%20long,0,0.00,NA,0,0,0,0,0,0,NA,97
camera,21:29:50,Camera%2Fcontrol%20line%20discarded%3A%20too%20long,0,0.00,NA,0,0,0,0,0,0,NA,97
pico_reply,21:29:50,%3AG%3AH%3AHBHBHBHBHBHBHBhBhBHBhBhBhBhBiBhBiBhB%89BiBiB%89J%89J%89J%89J%A9B%88J%88J%89BhJ%A8J%A9J%CAR%A9R%C9J%E9S,0,0.00,NA,0,0,0,0,0,0,NA,97
pico_reply,21:29:50,S,0,0.00,NA,0,0,0,0,0,0,NA,97
camera,21:29:50,Camera%2Fcontrol%20line%20discarded%3A%20too%20long,0,0.00,NA,0,0,0,0,0,0,NA,97
pico_reply,21:29:50,%B2JIRj2%27%7Cn%84%922K%3Ai%3A%8AB%AB%3A%8B%3A%8BBj%3A%8A%3Aj%3A%8A%3A%8A%3A%8A%3A%8AB%8AB%8AB%8AB%8AB%8AB%8A%3A%8A%3A%C9B%CAB%8AB%AAB%AA%3A%C9J%EAB%8BBhB%89%3AhBhBH%3A%289%E79%E79%E61%E6%3A%209%E79%E79%E79%E7%3A%20%3A%209%E71%E71%E69%E7%3A%202%202%20%3A%209%E79%E62%202%20%3A%202%20%3A%209%E79%E7%3A%20%3A%20%3A%202%20%3A%20%3A%20%3A%20%3A%20%3A%20%3A%27%3A%27%3A%27%3A%20%3A%20%3A%28%3A%27B%27B%27%3A%28B%27BH%3AH%3AHB%28B%29%3AHBHBHBGBhBHBIBiBhBhBiBiBiBiBhB%89B%89B%89BiJiJ%89B%89B%89J%89J%89J%89R%C9J%AAJ%C9J%CAR%AAR%AAR%A9R%EAJ%AA,0,0.00,NA,0,0,0,0,0,0,NA,97
pico_reply,21:29:50,SJcKZ%AAB,0,0.00,NA,0,0,0,0,0,0,NA,97
camera,21:29:50,Camera%2Fcontrol%20line%20discarded%3A%20too%20long,0,0.00,NA,0,0,0,0,0,0,NA,97
pico_reply,21:29:51,%3Aj%3A%89B%8A%3Aj%3A%8A%3A%8A%3Ak%3A%8AB%8AB%8AB%8AB%8AB%8AB%8B%3A%AAB%CAB%AAB%AAB%CBB%CAB%AAB%AB%3A%A9B%89J%88BhBhBi%3A%28%3A%27B%27%3A%27%3A%27%3A%209%E79%E81%E72%27%3A%209%E79%E71%E72%202%201%E69%E71%E72%209%E69%E7%3A%209%E6%3A%20%3A%202%202%202%20%3A%20%3A%20%3A%27%3A%20%3A%20%3A%20%3A%20%3A%20%3A%20%3A%27%3A%27%3A%20%3A%20%3A%20%3A%20%3A%20B%28%3A%28%3A%28B%27B%28%3AH%3AHBhBhBH%3AI%3AGBhBHBHBhBhBhBiBiBiBhBhJ%89BiBiBiJ%89J%89B%89B%88J%89J%89J%89R%C9R%EAJ%A8R%C9R%CAJ%AAJ%CAR%EAR%AAJ%C9J%EAR%E9R%CAR%CAR%CAR%AAR%E9%5B%2A%5B,0,0.00,NA,0,0,0,0,0,0,NA,97
pico_reply,21:29:51,R%E9cKBI%20%E7%20fJ%86R%EAR%CAB%89BiJiBiBhJi%3A%89%3AhSk%7CJ%8CNJL%21G%21E9%E79%E7%3A%20B%28B%A9%5B%8Ck%EFtQ%84%91%84%92%8C%F3%95%20%94%F3%94%D3%8C%B2%8C%91%84%91%7CQ%7CP%7CNt%2F%7C%20t%2Fs%EFk%CFc%8ESMt%8C%D2%84%B2%84%B2%8C%B1%8C%B1%8C%B2%8C%D1%95%20%95%20%8C%F2%8C%93%8C%91%84%B1%8C%B1%8C%B2%84%B1%84%B1%84%91%84%91%84q%7C%91%7C%91%84%91%84%91%84%91%7C%90%7C%91%7C%90%7Cp%84%90%7C%90%7Cp%7Cp%7CP%7CQt1%7C0%7C%2F%7C%20%7C%20%7C%A3%20%C3%20%C3%20%C3%20%C3%20%C3%20%C3%20%C3%20%C3%20%C4%20%E4%21d%21f%29e%29e%21%85%21%85%21%85%20%25%20%A3%20%C3%20%C3%20%C3%20%C2%20%E3%21%25%29%84%29E%21%20%20%20%20%20%20%20%20%20%20%E3%20%E3%20%E4%20%20%20%E3,0,0.00,NA,0,0,0,0,0,0,NA,97
pico_reply,21:29:51,%3AI2%29%3AJ%3A%8A%3AjB%8AB%8AB%8BB%8AB%8AB%8AB%8AB%8AB%8AB%AAB%AB%3A%8AB%CBB%8BJ%CAB%ABB%CAB%CBB%CBB%CAB%CAB%89B%89BHBhB%88B%88Bi%3A%282%202%20%3A%209%E79%E71%E71%E79%E79%E79%E72%20%29%E62%209%E71%E72%209%E7%3A%20%3A%209%E72%202%202%202%202%20%3A%20%3A%20%3A%27%3A%20%3A%20%3A%20%3A%20%3A%20%3A%20%3A%20%3A%20%3A%27B%20%3A%28%3A%27B%27%3A%27B%28%3A%28B%28B%28%3AH%3AHBg%3AH%3AHB%88B%88%3AhBhBhBhBiBiBiBiBhB%88B%A8BiB%89B%89JiB%89J%89B%8AJ%89JiJ%89J%A9R%C9%5B,0,0.00,NA,0,0,0,0,0,0,NA,97
camera,21:29:51,Camera%2Fcontrol%20line%20discarded%3A%20too%20long,0,0.00,NA,0,0,0,0,0,0,NA,97
pico_reply,21:29:51,%B4%7F%5B%20%FF%FF%C6%5E%7B%C5%F7%FF%BE_A%A9Ah%5B%20%E7%B2%DE%BF%7Cs%85n%B66kUB,0,0.00,NA,0,0,0,0,0,0,NA,97
pico_reply,21:29:51,B%88J%CA2,0,0.00,NA,0,0,0,0,0,0,NA,97
pico_reply,21:29:51,Bj%3A%2AB%AAB%AAB%8BBjB%8AB%8AB%8AB%8AB%8B%3Aj%3A%8AB%8A%3A%8AJ%AAB%CBB%AAB%8AB%AAB%CAB%AAB%8AB%89J%A9J%89BIBhBi%3AhB%88%3AH%3A%27%3A%27%3A%20%3A%209%E79%E79%E69%E79%E72%20%29%E61%E79%E72%202%209%E79%E79%E79%E79%E72%202%20%3A%209%E7%3A%20%3A%20%3A%20%3A%20%3A%20%3A%20%3A%20%3A%20%3A%20%3A%20%3A%20%3A%28B%28%3A%28B%20B%28B%28B%28%3A%28B%28B%28BHBHBGBH%3AHB%88Bh%3AhBhBhBiJIBHB%88JiBhJ%88J%C9J%89J%89BhJhJ%A9JhJ%8AJhRiR%89J%AAS%20%5B%2BJ%AAJ%AAJ%A9J%C9J%C9J%C9R%CAR%C9R%CAR%CAR%CAR%CAZ%AAZ%CAJ%A9S%20K,0,0.00,NA,0,0,0,0,0,0,NA,97
camera,21:29:51,Camera%2Fcontrol%20line%20discarded%3A%20too%20long,0,0.00,NA,0,0,0,0,0,0,NA,97
pico_reply,21:29:51,lt%20%3A.Bj%3AIJ%C9K%20%3AKB%8B%3A%AAB%AAB%AAB%8AB%8A%3A%AA%3A%A9J%CBB%CBJ%EAK%20B%ABB%ABB%AAB%CAB%ABB%ABB%ABB%CAJ%AABjBJ%3AI%3AhBhBG%3A%20%3A%20%3A%20%3A%20%3A%279%E79%E79%E61%E7%2A%202%202%209%E72%202%209%E79%E79%E79%E79%E72%202%20%3A%209%E7%3A%209%E7%3A%27%3A%20%3A%20%3A%20%3A%20%3A%20%3A%20B%20%3A%20%3A%27%3A%28%3A%28%3A%20B%28%3A%28B%28B%28B%28BHB%28BHBH%3AH%3AHB%88BiBHBhBhBhJIBiB%88BiBiJ%88J%A9J%8ABiJ%89J%89B%A8R%E9%5B%20BiR%89J%89J%A9R%C9J%89R%CAJ%CAJ%C9J%C9J%CAJ%CAR%CAR%C9R%EAR%EAR%C9R%CAZ%AAR%CAR%CAR%EAK,0,0.00,NA,0,0,0,0,0,0,NA,97
pico_reply,21:29:51,K%2AS%2AK,0,0.00,NA,0,0,0,0,0,0,NA,97
camera,21:29:51,Camera%2Fcontrol%20line%20discarded%3A%20too%20long,0,0.00,NA,0,0,0,0,0,0,NA,97
pico_reply,21:29:51,Ri%3A%2AS%20%5Bn%3AJBj%3A%AAB%A9B%AAB%8AB%8AB%AA%3A%CAB%CBB%AAJ%EAK%20B%CBB%8AB%AAB%AAB%AAB%CBJ%CAB%CAB%A9B%AAB%8AJ%AAB%A9B%89BHBIB%28%3A%20%3A%27B%27B%20%3A%202%202%202%201%E62%201%E72%20%3A%209%E79%E79%E79%E79%E7%3A%209%E79%E79%E7%3A%20%3A%20%3A%27%3A%27%3A%28%3A%20%3A%20%3A%20%3A%20B%20%3A%27%3A%27B%28%3A%28B%28B%28%3A%28B%28B%28B%28BHB%28BHBHBh%3AHBhBhBHBHBhBhJHBHJ%88B%89B%89JiBiBiB%89J%89JiB%89R%C9%5B%20J%89R%C9R%A9J%A9R%C9J%89J%89J%89R%C9J%C9J%CAR%CAJ%EAJ%E9R%EBR%CAR%C9R%AAZ%AAR%CAR%EAR%EAJ%EA%5B,0,0.00,NA,0,0,0,0,0,0,NA,97
pico_reply,21:29:51,%5B%29S,0,0.00,NA,0,0,0,0,0,0,NA,97
pico_reply,21:29:51,S,0,0.00,NA,0,0,0,0,0,0,NA,97
pico_reply,21:29:51,Z%EAZ%EC9%C9%20%A52%20c%28R%CBB%89J%89BiJ%C8J%A9B%89J%AA%3AIK%20t,0,0.00,NA,0,0,0,0,0,0,NA,97
camera,21:29:51,Camera%2Fcontrol%20line%20discarded%3A%20too%20long,0,0.00,NA,0,0,0,0,0,0,NA,97
pico_reply,21:29:51,B%AAB%AAB%CAB%CB%3A%ABJ%EAB%AAB%AAB%CAB%AAJ%AAB%AAB%E9J%A9BJBI%3A%28%3A%28%3A%27%3A%20%3A%202%202%20%3A%209%E72%201%E72%20%3A%209%E79%E79%E7%3A%209%E7%3A%20%3A%27B%27B%28%3A%20%3A%20%3A%20%3A%27%3A%27%3A%27%3A%27B%20%3A%28B%20B%20B%28%3A%28%3A%28%3A%28BHB%28%3A%28%3A%28B%28BHBHBHBHBHBhBhBhBHBHBHBhBhBhBhB%88B%88JiJiB%89J%89JiJiJiJiZ%EAJ%89J%A9R%A9J%AAR%C9R%8AJ%89J%89R%A9R%CAJ%CAR%C9S%20J%E9R%CAR%CAR%E9R%E9Z%EAR%CAR%EAR%EAR%EAR%CAR%C9%5B%20S,0,0.00,NA,0,0,0,0,0,0,NA,97
pico_reply,21:29:51,%5B%2AcIb%AA9%A9%21%83%3A%24R%EBS,0,0.00,NA,0,0,0,0,0,0,NA,97
camera,21:29:51,Camera%2Fcontrol%20line%20discarded%3A%20too%20long,0,0.00,NA,0,0,0,0,0,0,NA,97
pico_reply,21:29:51,B%AAB%8AJ%AA%3A%ABB%CAB%8AB%EAB%CBB%ABB%AAB%CAB%AAB%CAJ%EAB%CBB%A9B%AAB%CAB%AAJ%AAB%AAB%AAJ%C9J%AAJ%89BiBgBHB%28%3A%20%3AG%3A%279%E79%E79%E79%C7%3A%20%3A%209%E79%E79%E7%3A%20%3A%20%3A%202%27%3A%27%3A%27%3A%20%3A%20%3A%27BH%3A%27%3A%27%3A%20%3A%20%3A%20%3A%28%3A%28%3A%28%3A%28%3A%28B%28BH%3AHB%28B%28B%28BHBHBHBHBhBhBhBhBhBHBhJhBhJiBiBiBhJ%89BhJ%88J%89JiJ%89J%89J%A9J%AAJ%89J%89R%A9R%A9J%C9R%C9R%A9R%E9R%C9J%CAJ%C9R%CAJ%CAJ%C9R%CAR%AAR%CAR%EAZ%E9Z%EAS,0,0.00,NA,0,0,0,0,0,0,NA,97
pico_reply,21:29:51,R%EAR%CAJ%C9R%C9Z%EB%5B,0,0.00,NA,0,0,0,0,0,0,NA,97
pico_reply,21:29:51,%5B,0,0.00,NA,0,0,0,0,0,0,NA,97
camera,21:29:51,Camera%2Fcontrol%20line%20discarded%3A%20too%20long,0,0.00,NA,0,0,0,0,0,0,NA,97
pico_reply,21:29:51,%BE%20%84%8F%8C%92c01%C9B%CA%3A%ABB%CBB%8BB%8B%3AjB%CAB%AAB%CAB%CBB%CBB%ABB%CAB%CAB%CAJ%EAB%CBB%AAB%AAJ%EAB%CAB%CAB%CBB%EAS,0,0.00,NA,0,0,0,0,0,0,NA,97
pico_reply,21:29:51,B%CBJ%C9J%CA%3A%88%3AhB%28Ji%3AG2%27%3A%20%3A%20%3A%209%C7%3A%20%3A%209%E79%E79%E7%3A%20%3A%20%3A%202%20%3A%20%3A%20%3A%20%3A%27BgBH%3A%28%3A%20%3A%20%3A%20%3A%20%3A%20%3A%20%3A%28%3A%27%3A%28%3A%28%3AH%3AH%3AHB%28BHBHBHBHBHBhBhBiB%89BhBHBhBhBhBhBiJ%88B%88BhJ%89J%89J%89J%89J%88B%88J%A9BiJ%89R%A9R%AAR%AAB%AAJ%A9R%CAR%CAR%CAJ%CBJ%A9R%CAR%CAJ%E9R%CAR%AAR%CAR%EAZ%EAZ%EAR%EBS,0,0.00,NA,0,0,0,0,0,0,NA,97
pico_reply,21:29:51,S%2A%5B%20Z%EBZ%EAZ%EA%5B%20S%20%5B%20k%8AZj1%A9%21%84%3AFS%20J%CAJ%AAJ%8AJ%A9R%C9J%AAJjBI%3A%A7%5B%AA%84m%8419%EB%29%84%29%A59%E71%A8%21%A92%28t%2Bk%EF%84p%8C%F1%95%20%95%20%95%20%95%20%8D%20%95%20%94%D2%8C%B2%8C%B1%84%90%84p%8Cpt0s%EEk%AF%5BOc%8Et-%94%F1%8C%D2%94%D1%8C%D2%84%B2%8C%92%8C%B1%8C%D1%84%D1%8C%B2%84%92%8C%B2%84%B1%84%B1%8C%D2%8C%B2%8C%B2%8C%91%84%91%84%91%84%B1%84%92%84q%84p%84%91%84%90%84%91%84%91%84%90%84%B1%7Cp%84%90%84q%840%840%840%84%C3%20%C3%20%C3%20%E3%20%E3%20%C3%20%C3%20%E3%20%E3%20%24%29%A5%21e%29e%21e%21%85%21%85%29%86%20%E6%20%C3%20%C2%20%A3%20%C3%20%C3%20%20%20C%29%86%21%26%21%20%20%20%20%20%20%24%20%24%20%20%20%20%20%20%20%20%20,0,0.00,NA,0,0,0,0,0,0,NA,97
pico_reply,21:29:51,2%29%2A%292%29A%E9aI1%E4%BD%C9%FF%FF%AD%9C%CF%2F%FF%FF%5BS%BE%E6%FF%FF%9B%20%21G%AEF%FF%FF%8C%B7%C6%AA%FF%FF%D5%9F%7B%F3%84%2B%FF%FF%E7%20%FF%FC%FE%9F%21%2A%9Df%FF%FE%DF~%AD%F3%CEXcSc%20koJ%ECB%A9J%C9R%EBJ%ECB%CAJ%AAB%CAJ%CBB%ABB%CBB%CBB%CAB%AAB%ABJ%EAB%AAB%CAB%CAB%CAB%CAB%CBB%CBJ%CAJ%EAB%A9J%E9B%A8B%89JiJHB%27%3A%27%3A%27%3A%27%3A%279%E89%E7%3A%209%E79%E72%20%3A%20%3A%202%20%3A%20%3A%20%3A%20%3A%202%20%3A%26B%209%E8%3A%20%3A%20%3A%20%3A%20%3A%28%3A%28%3A%28%3A%28%3A%28B%28%3AHBHBHB%28B%28B%28BH%3AHBHBhBhB%29%3AHBhBHJIJHJhB%88J%88BiJ%88BhJ%89J%89J%89J%88J,0,0.00,NA,0,0,0,0,0,0,NA,97
pico_reply,21:29:51,R%EBS,0,0.00,NA,0,0,0,0,0,0,NA,97
pico_reply,21:29:51,%5BJ%5B%2BR%EBR%EBR%CAZ%EA%5B,0,0.00,NA,0,0,0,0,0,0,NA,97
pico_reply,21:29:51,%5B,0,0.00,NA,0,0,0,0,0,0,NA,97
camera,21:29:51,Camera%2Fcontrol%20line%20discarded%3A%20too%20long,0,0.00,NA,0,0,0,0,0,0,NA,97
pico_reply,21:29:51,%BDxc%93%95,0,0.00,NA,0,0,0,0,0,0,NA,97
pico_reply,21:29:51,%9D%94%8C%B3s%F1B%89B%AAB%8BB%CBB%AAB%AA%3A%AAJ%EBB%CBB%CAB%AAJ%AAB%AAJ%CA%3A%8AJ%CAB%AB%3A%AAB%CBB%CBB%CBJ%CAJ%CBJ%AAJ%CAB%A9J%AAB%89J%A8J%88J%88Bh%3AH%3A%27%3A%209%E8%3A%202%20%3A%202%20%3A%20%3A%20%3A%20%3A%209%E7%3A%20%3A%209%E79%E79%E7%3A%209%E7B%20B%20%3A%20%3A%27%3A%28%3A%28%3A%27B%28%3A%27BGBGBHB%28BHBIB%28BHBhBHBHBIBHBgBhJIJHBhBhJ%88BiJ%88J%A9J%89JiJ%89J%89J%89J%89B%89J%C9J%89R%AAJ%A9J%C9R%E9R%EAR%CAR%EAJ%C9J%EAJ%AAR%EAR%EAR%C9J%E9R%C9R%CAR%EAZ%EAR%EBR%EAS,0,0.00,NA,0,0,0,0,0,0,NA,97
pico_reply,21:29:51,%5B,0,0.00,NA,0,0,0,0,0,0,NA,97
pico_reply,21:29:51,Z%EAS%20Z%EA%5B%20%5B%20%5B,0,0.00,NA,0,0,0,0,0,0,NA,97
pico_reply,21:29:51,S%2A%5BK%5BIs%8BR%2C%21%87%29%C2Bg%5B%2BJ%CAR%EAJ%8AJ%8ABiK%20cj%5B%2F%3A%A8%5BI%7B%EEc%20%21h%29e1%A69%E7%29H2%20B%E8cL%84p%84%AF%8C%B1%94%F2%94%D3%95%20%8C%D3%94%D2%8C%F2%84%B1%8C%91%84q%84p%84%90%7CP%7C%20k%AFs%8F%5BNs%AC%84p%8C%F0%94%F2%8C%B3%8C%B1%8C%D1%84%D1%8C%D1%8C%D2%84%B1%8C%D2%8C%F1%84%D2%8C%D2%8C%B2%8C%D2%84%B1%84%91%84%92%84%91%84%91%84%91%84q%84r%7CQ%84p%84p%84%90%84%B0%84%91%7Cp%84P%840%7C%20%7C%20%7C%C3%20%C3%20%C3%20%C3%20%C4%20%C3%20%C3%20%E3%20%20%21d%21f%21f%21e%29e%29%85%21%A6%21F%20%84%20%A3%20%C2%20%C2%20%C3%20%E3%21D%21d%29%A6%20%25%20%20%20%20%20%20%20%24%20%24%20%20%20%20%20%20%20%20%20%20%20%20%20%20%20%20%20%23%21%24%20%26%29,0,0.00,NA,0,0,0,0,0,0,NA,97
pico_reply,21:29:51,2%29%2A%28%2A%29I%A9aI%3A%20%D6%AC%FF%FF%CF%5D%FF%FF%AC%9F%A5.%EF%FD%FF_c4%B5%E9%FF%FF%A5%3E%8C%C7%EF%FF%EF%FF%FE%BE%A5%7B%FF%96%D5_B%29%FF%F6%D6%5D%9C%CC%FF%FA%F7%DF%EF%FC%F7%FF%D5%FFkv%8C%EB%B6t%D6%97%83%F8B%28c%20B%2CBhB%89R%EAJ%EBJ%EBJ%EBB%AAB%AA%3A%AAB%8AB%8AB%CAJ%CBB%AAB%AAJ%CBB%CAB%CAB%EAJ%CBB%AAJ%CAB%C9B%C9J%CBR%AABiBhB%A8Bh%3AHB%27A%E79%E7%3A%20%3A%20%3A%209%E7%3A%20%3A%20%3A%209%E89%E7%3A%202%202%20%3A%20%3A%20%3A%20%3A%20%3A%20B%20%3A%20%3A%28%3A%20B%20%3A%28B%28BGB%28B%28BHBHB%28BHBHBiBHBHBIBhJ%A8JIBIBHJiJhJhJhJ%89J%88J%88J%89J%89J%89J,0,0.00,NA,0,0,0,0,0,0,NA,97
pico_reply,21:29:51,R%C9Z%CAZ%EAZ%CAR%CAS,0,0.00,NA,0,0,0,0,0,0,NA,97
pico_reply,21:29:51,S,0,0.00,NA,0,0,0,0,0,0,NA,97
pico_reply,21:29:52,%5B,0,0.00,NA,0,0,0,0,0,0,NA,97
pico_reply,21:29:52,%5B%20S%20Z%EBZ%EBc%20%5B,0,0.00,NA,0,0,0,0,0,0,NA,97
camera,21:29:52,Camera%2Fcontrol%20line%20discarded%3A%20too%20long,0,0.00,NA,0,0,0,0,0,0,NA,97
pico_reply,21:29:52,%EF%FE%F7%FE%AD%BD%F7%F9%CE%9A%D6yb%D3k%CB%A52Z%F1BiJ%EAK%2BJ%EDB%CDJ%EAB%AAB%AAB%AAB%8AB%AAB%AAJ%ABB%AAB%AAB%CBB%CBB%CAB%EAB%CBJ%CBJ%CAB%C9B%CAJ%ABJ%8AJ%A9B%89B%89%3A%88%3AhBhBH%3A%272%20%3A%20%3A%209%E7%3A%20%3A%20%3A%209%E7%3A%20%3A%20%3A%20%3A%20%3A%20%3A%20%3A%27%3A%20%3A%20%3A%20%3A%28%3A%28%3A%28B%20B%28B%28B%27B%27B%28BIBHBHBH%3AHBiBHBhBhBhJ%A7BiBHB%28JiJhJhJhJ%89J%89J%89JjJiJiJ%89J%89J%89J%A9R%EAR%AAR%A9J%89J%89R%C9J%EAJ%AAR%EBJ%CAJ%A9R%CAR%C9R%E9R%EAR%C9Z%CAZ%EAZ%EAZ%EAS,0,0.00,NA,0,0,0,0,0,0,NA,97
camera,21:29:52,Camera%2Fcontrol%20line%20discarded%3A%20too%20long,0,0.00,NA,0,0,0,0,0,0,NA,97
pico_reply,21:29:52,k%B9%D7%20%FF%FF%8C%95%FFv%D6%DF%FE%D5%CE%9D%C7Q%FF%FE%CE%9E%EF%FF%F7%FF%FF%BFs%D7%A5%8F%D6%D8s%F3c%8B%7B%EEc%CES-S%2CJ%EBB%ABB%AA%3A%AAB%8AB%AAB%AAB%AAJ%AAJ%AAB%CAB%CAB%CBB%CB%3A%AAB%AAB%CAB%CAJ%A9J%EBB%C9J%CAJ%CAB%89B%A8J%A8B%89BhB%88BhB%28B%209%C89%E7%3A%20%3A%20%3A%20%3A%20%3A%202%272%27%3A%27%3A%20%3A%20%3A%27%3A%28%3A%20%3A%27%3A%27%3A%20%3A%28B%28B%28B%28BHB%28B%28JHJHBH%3AHBHBHBHBHBhBhBHBHJHJIJhJiJiJiJ%89JiJiJjJiJ%89J%89R%89J%89Z%EAR%CAR%89R%AAJ%89J%A9R%CAR%AAR%CAR%C9R%C9R%EAR%C9R%E9R%EAR%EAR%EAZ%EAZ%EA%5B,0,0.00,NA,0,0,0,0,0,0,NA,97
pico_reply,21:29:52,S,0,0.00,NA,0,0,0,0,0,0,NA,97
pico_reply,21:29:52,R%EA%5B%2AZ%CA%5B%2BZ%EAc%2B%5B%20%5B%2B%5B,0,0.00,NA,0,0,0,0,0,0,NA,97
camera,21:29:52,Camera%2Fcontrol%20line%20discarded%3A%20too%20long,0,0.00,NA,0,0,0,0,0,0,NA,97
pico_reply,21:29:52,%FF%FFc%20%D6%D0%FF%FF%FF%FE%8D%20%E7%9A%CEZl%20%8C%CD%A5%D4%8C%F4%7CTB%AAJ%CAB%AAB%AA%3A%AAB%AAJ%CBB%AAB%AAB%AAB%8AB%CAB%CAJ%CBB%CBB%AAB%AAB%CAB%AAB%CA%3A%8AB%CBJ%CAJ%CAC,0,0.00,NA,0,0,0,0,0,0,NA,97
pico_reply,21:29:52,J%EAJ%CABi%3A%A8B%A8J%89BIB%28B%28BH%3A%28%3A%27%3A%20%3A%20%3A%28%3A%282%27%3AG9%E8%3A%20%3A%28%3A%20B%20%3A%20%3A%28%3A%28%3A%28%3A%28B%20B%28B%28B%28B%28BHB%28BIBH%3AhBHBHBhBhBhBHBHBHJIJiJiJiBiJiJ%89J%89JjJiJ%89J%89R%A8J%89S%20S,0,0.00,NA,0,0,0,0,0,0,NA,97
pico_reply,21:29:52,R%CAJ%CAR%C9R%EAJ%A9R%CAJ%EAR%CAS,0,0.00,NA,0,0,0,0,0,0,NA,97
pico_reply,21:29:52,R%C9R%EAR%E9R%EAR%EAR%EAZ%EAZ%EAS,0,0.00,NA,0,0,0,0,0,0,NA,97
pico_reply,21:29:52,S%2BS%20%5B%20Z%EBZ%EB%5B%2CS,0,0.00,NA,0,0,0,0,0,0,NA,97
camera,21:29:52,Camera%2Fcontrol%20line%20discarded%3A%20too%20long,0,0.00,NA,0,0,0,0,0,0,NA,97
pico_reply,21:29:52,%FF%FE%BD%FD%FE%B7%FD%FFJ%20%9C%CC%FF%FF%F7%BE%EF%B4%F7%FF%FF%DF%8CX%94%AF%A6t%C6%B6t%20B%A9B%AA%3A%8AB%AAB%CAB%AAJ%CBB%AAB%AAB%CAB%CAB%AAB%AAB%AAJ%AAB%8AB%CAB%AAJ%AAB%AAB%CAB%EBB%CAJ%CAB%CAJ%CBR%CABiB%A9B%89BhBHB%28B%28BG%3A%20%3A%209%E79%E7%3A%20%3A%28%3A%27BG%3A%20%3A%20%3A%28B%20%3A%27%3A%28%3A%28%3A%20%3A%27B%28B%28B%28B%28B%28B%28BH%3AHBIBHBHBHBhBhBhBhBhBHBHJIJiJIJiBhB%88J%89J%89J%8AJ%89J%89J%A9R%A8J%CA%5B%2AR%EAR%CAJ%CAJ%C9J%EAR%AAR%AAJ%CAR%CAR%CAR%C9R%EAR%E9R%C9R%EAR%EAS,0,0.00,NA,0,0,0,0,0,0,NA,97
camera,21:29:52,Camera%2Fcontrol%20line%20discarded%3A%20too%20long,0,0.00,NA,0,0,0,0,0,0,NA,97
pico_reply,21:29:52,%C6%3B%FF%FC%D6%5E%A55%FF%FC%85%5D%F7%FF%AD%20%A56%FF%FF%BD%DD%FF%FF%B5%20%94%AF%D6%96%FF%FF%A5%20%FF%FF%DF%9E%FF%FE%9D%7B%EF%FA%E7%FD%EF%BCR%F5J%C9%3A%AAB%CBB%AAB%CB%3A%AAB%AAB%AAB%AAB%CAB%AAB%ABB%AAB%CAJ%AAJ%ABB%89B%CAJ%AAB%AAB%CAB%EAB%CBJ%CAJ%CBB%CBB%8AJ%EBB%CBB%AAB%A9B%C9B%A9BJ%3AH%3AG%3AH%3A%28B%28%3A%202%20%3A%27%3A%28%3A%20%3A%20%3A%27%3A%28%3A%20%3A%28%3A%28%3A%27%3A%27%3A%20B%20B%28B%28B%28B%28BH%3AHBIB%29BHBhBHBHBhBhBiBhBHJiJiJiBiJ%A8J%89J%89J%A9J%89JiJ%89J%A9R%C8J%A9Z%EAR%EBJ%EAR%CAR%EAR%CAR%AAR%AAR%CAR%CAR%CAR%E9S,0,0.00,NA,0,0,0,0,0,0,NA,97
pico_reply,21:29:52,J%EAR%E9R%EAR%EAS,0,0.00,NA,0,0,0,0,0,0,NA,97
pico_reply,21:29:52,Z%EAS%20K,0,0.00,NA,0,0,0,0,0,0,NA,97
pico_reply,21:29:52,%5B%2BklR%CC%5B%20%5B%20%5B,0,0.00,NA,0,0,0,0,0,0,NA,97
camera,21:29:52,Camera%2Fcontrol%20line%20discarded%3A%20too%20long,0,0.00,NA,0,0,0,0,0,0,NA,97
pico_reply,21:29:52,%FF%FF%E7%3D%FF%FF%9D%7F%DF%20%FF%9F%BE%20%EE%20%E7_%9D%B1%FF%FE%A5%20%FF%FB%E7%FF%F7%FF%3AV%3A%88B%8AJ%CAB%AAB%CBB%AAB%AAB%ABB%CAB%AAB%AAB%8AB%AAB%CAB%CAB%CBJ%CAB%CAJ%AAB%AAB%CAB%EAB%CAJ%AAJ%AAJ%CBB%AAJ%CAJ%EAJ%EAJ%EAK%20J%CAB%8AJ%C8J%A8B%A8J%89BIJHBH%3A%27B%28%3A%20%3A%20%3A%20B%28%3A%20B%20%3A%20B%20%3A%27B%28B%28B%28BHB%28B%28BHBHBHBIBHBhBhBhBhBhBhB%88BhJiJiBiBiJ%A8J%89BiJ%89J%89J%AAJ%8AJ%89J%C8J%C9R%EAR%AAR%CAR%CAR%CAR%AAR%CAR%CAR%CAR%CAR%CAR%EAS,0,0.00,NA,0,0,0,0,0,0,NA,97
pico_reply,21:29:52,R%EAS%20S,0,0.00,NA,0,0,0,0,0,0,NA,97
pico_reply,21:29:52,%5B,0,0.00,NA,0,0,0,0,0,0,NA,97
pico_reply,21:29:52,Z%EAZ%EB%5B%20J%EA%5B%2Bk%8C%5B%20Z%EBZ%EB%5B,0,0.00,NA,0,0,0,0,0,0,NA,97
camera,21:29:52,Camera%2Fcontrol%20line%20discarded%3A%20too%20long,0,0.00,NA,0,0,0,0,0,0,NA,97
pico_reply,21:29:52,%FF%F9%FF%FF%FF%FFk%FB%FF%FD%F7%7Fc6%FF%FE%94%DB%84%CB%FF%FFZ%D7%B5%AD%EF%FF%F7%FF1%F5B%C8%3A%CAB%89J%CAB%AAB%AAB%CAB%ABB%CAB%AAB%AAB%AAB%A9B%CAB%CAB%CBB%AAJ%CAJ%AAB%AAB%CAB%EAB%CAJ%CAB%CAB%ABJ%CBB%CAJ%EAB%EAB%EAJ%EAJ%CAB%8AJ%A9B%89B%88R%A9BIBH9%E9%3A%28B%28%3A%27%3A%28%3A%28%3A%20B%28%3A%28%3A%28%3A%27%3AGBHJHBIBHBHBHBHBHBHBHBHBhBhBhBhBiBiBhBhJ%89J%89BiBiJiJ%89B%88R%E9R%CAR%CAJ%8AJ%C9R%E9R%A9R%AAR%AAR%CAR%CAZ%CAR%CAR%CAR%CAR%CAR%CAR%CAR%CAR%EAR%EAS,0,0.00,NA,0,0,0,0,0,0,NA,97
pico_reply,21:29:52,S,0,0.00,NA,0,0,0,0,0,0,NA,97
pico_reply,21:29:52,S,0,0.00,NA,0,0,0,0,0,0,NA,97
pico_reply,21:29:52,S%20Z%EB%5B%20J%EA%5B%20kk%5B,0,0.00,NA,0,0,0,0,0,0,NA,97
camera,21:29:52,Camera%2Fcontrol%20line%20discarded%3A%20too%20long,0,0.00,NA,0,0,0,0,0,0,NA,97
pico_reply,21:29:52,%93%20QC%83%29%BD%D5%FF%FD%D6%9F%E7%20%FF%FF%848%9D%C7%FF%FFk%BB%BDJ%FE%9Fs%20%9D%20%F7%DD%CF%202%2BB%AA%3A%AA%3A%8AB%CAB%AAB%AAB%CAB%ABB%ABB%AAB%AAB%AAB%CA%3A%AAB%CAB%CAB%AAB%CAB%CAB%CAJ%CBB%CBB%ABJ%CBB%CAB%CBJ%ABB%CAB%EAB%EAB%CBJ%EBJ%CAJ%CBJ%AAJ%A9J%A8J%A8B%A9J%A9JIBHBG%3AG%3A%28%3A%28%3A%27B%28%3A%28%3A%28%3A%27%3AGBHBHBHBHBHBHBHBHBHBHBHBhBhBhJ%88B%29BiB%88BhJ%88J%89B%89B%89JiJ%89B%88R%E9J%C9R%A9J%A9J%A9R%C9R%A9J%AAR%C9J%C9R%C9Z%CAZ%EBR%AAR%CAS,0,0.00,NA,0,0,0,0,0,0,NA,97
pico_reply,21:29:52,R%CAR%CAR%CAR%EAR%EAS%20S,0,0.00,NA,0,0,0,0,0,0,NA,97
pico_reply,21:29:52,Z%EA%5B%20%5B%20Z%EBS,0,0.00,NA,0,0,0,0,0,0,NA,97
camera,21:29:52,Camera%2Fcontrol%20line%20discarded%3A%20too%20long,0,0.00,NA,0,0,0,0,0,0,NA,97
pico_reply,21:29:52,%C7%5E%DF%9D%D6_A%B0jg%9C%AF%ADU%FF%FF%7Cz%FF%FE%B3%FF%29%CB%DE%2B%FF%FF%20%F1%FF%F3%C5%DF%8C%AD%DFx%FF%FF%5B%98%3AiB%C9B%CAB%CAB%AAB%AAB%AA%3A%ABB%ABB%ABB%AAB%ABB%AAB%AA%3A%AAJ%CBB%CBB%CAB%CAB%CAJ%EAJ%CBB%CBB%CAJ%CBB%CAB%AAJ%CBB%CBB%EAB%EAJ%EBJ%CBJ%CAJ%EAS%20S,0,0.00,NA,0,0,0,0,0,0,NA,97
camera,21:29:52,Camera%2Fcontrol%20line%20discarded%3A%20too%20long,0,0.00,NA,0,0,0,0,0,0,NA,97
camera,21:29:52,Camera%2Fcontrol%20line%20discarded%3A%20too%20long,0,0.00,NA,0,0,0,0,0,0,NA,97
pico_reply,21:29:52,R%ECR%EAZ%EBR%CAZ%CAR%CAS,0,0.00,NA,0,0,0,0,0,0,NA,97
pico_reply,21:29:53,%5B%2Bc%2BR%EB%5B%2C%5B%20c%20c%20%5B%2BkKc%2Cc%2Cc%2Cckclc%2B%5BKc%8Bclckcks%ABsN%29%A9%29%C7c,0,0.00,NA,0,0,0,0,0,0,NA,97
pico_reply,21:29:53,J%CAR%CAR%CAR%CAJ%C9J%89JjBj2H%5B%8A%8C%ADc%20%21I1%C69%C7B%209%C9%29%E8%5Bkk%EF%84%91%8C%B2%95%20%95%20%9D%20%95%20%8C%F2%8C%D2%84%D2%8C%D1%8C%D1%84%90%84p%7C%2Ft%2Fs%CEcOk%ED%7CO%84%92%8D%20%8C%D1%8C%F1%8C%F2%8C%F2%8C%F2%8C%D2%8C%D2%8C%B1%84%D1%8C%D1%8C%B1%8C%91%8C%91%8C%91%8Cr%8C%91%84%91%84%91%84%90%84%90%84%B0%7C%91%84q%84P%84P%84%E3%20%E4%20%E4%20%E4%20%E4%20%20%20%20%29%A6%29%86%29%86%21%85%29%A5%29%A6%29F%21G%20%C3%20%C3%20%C3%20%C3%20%C3%20%20%21E%21e%29%85%21%25%20%20%20%20%20%20%20%20%20%20%20%20%20%20%20%20%20%20%20%24%20%20%20%20%20%2F2%202%20%21%C6%21%C7%29%C8%29%E8%21%A8%29%C8%21%E7%21%E7%29%C8%29%A8%21%A7%21%A7%21%C8%21%C8%29%C81%C8Ih1%A5%ADH%FF%FF%EF%FF%F7,0,0.00,NA,0,0,0,0,0,0,NA,97
pico_reply,21:29:53,S%8B%9CRI%D2BD%C6O%F7%FF%FF%FF%AD%BB%C6Q%FF%FF%9Cy%94%B2%FF%F8%A5%3F%8Cm%F7%FFt%DB%F7%FE%BD%FFJ%92%3AKB%A9B%CBB%CBB%ABB%AAJ%ABB%AAB%E9B%CAJ%CAJ%CBJ%ACB%CBB%ABB%AAB%CBB%CAB%CAB%CAB%CAB%CAJ%AAJ%CAB%CAJ%CAB%EAB%CAB%CBJ%CAJ%EBB%CAJ%CAJ%CBJ%EBJ%EBJ%EBJ%EBJ%EAJ%EAK,0,0.00,NA,0,0,0,0,0,0,NA,97
pico_reply,21:29:53,S,0,0.00,NA,0,0,0,0,0,0,NA,97
pico_reply,21:29:53,J%EBJ%EAB%A9J%C9J%C9J%89BhBHBh%3AH%3A%28BHBHBHBHBHBhBHBH%3AHBGBHBh%3AhBhJ%88B%88BhJ%89JhJhB%89B%89J%89J%89J%A9J%AAJ%89J%A9J%89J%A9J%C9J%C9R%A9R%AAR%CAJ%CAJ%EAJ%EAR%AAR%C9J%EAR%EAR%EAR%E9R%EAR%EBR%EBc%29clR%CCZ%EBS,0,0.00,NA,0,0,0,0,0,0,NA,97
pico_reply,21:29:53,%5B%2AZ%EB%5B%20S%2B%5B%2B%5B%20R%EB%5B%20%5B%20c%20%5B%2B%5B%2Bc%2Cc%2Cc%2CcK%5Bk%5BLcL%5Bkc%8BcLcLclck%7B%CBk%20%3AJR%A5J%CA%5B%2AR%CAJ%C9B%A9R%A9J%89Jj%3AjJ%E9t%20%83%EFRn%21f1%E4B%27RI%29%C9B%88%5BK%8C%CF%8C%D1%9D2%9DT%9C%F4%94%F3%8C%F2%8D%20%8C%F2%8C%F2%8C%D1%84q%84p%84O%84ps%CFk%AEk%CEt%20%8C%F0%952%8C%F2%8C%F2%8C%F2%8C%F2%8C%D2%8C%F2%8C%F2%8C%F2%8C%D2%8C%D1%8C%B2%8C%91%8C%92%8C%91%8Cr%8C%92%84%91%84%91%84%90%7C%90%84p%7Cq%7Cq%84Q%84Q%84%E3%20%E4%20%C4%20%E4%20%E4%20%E3%20%24%29%A6%29%86%29%86%21%85%29%A6%29%A6%29%87%21%25%20%C3%20%C3%20%C3%20%C3%20%C2%21%24%20D%21%A5%29e%21%25%20%2F%20%20%20%20%20%20%20%E3%20%20%20%20%20,0,0.00,NA,0,0,0,0,0,0,NA,97
pico_reply,21:29:53,2%282%292%202%202%202%29A%E9AIB%A6%7C%A9%9D%94%84%202,0,0.00,NA,0,0,0,0,0,0,NA,97
pico_reply,21:29:53,J%A6J%8ABI%3AI%3A%27%3AJ%3AJ%3AI%3Ai%3AI%3AjBKBKA%EAA%CA1h1%C8J,0,0.00,NA,0,0,0,0,0,0,NA,97
pico_reply,21:29:53,I%A9R%C7%EFr%FF%FF%FF%7F%7C%20%BE%2C%F7%9F%9CV%94%D4%FF%FA%A5%7D%FE%B2%DF%20%EFq%E6%DFc%B3%29%E9%3AjB%8BB%CAJ%CBB%ABJ%8BB%8AB%CAB%AAB%C9B%A9J%EAJ%CBJ%ABB%ABB%CAJ%CAK%20B%CAB%CAB%CAJ%CAJ%AAJ%CAJ%CAB%CAJ%EAB%CBJ%CBJ%CBJ%EBB%CAJ%EBJ%CBJ%EBJ%CAJ%EBJ%EBJ%EAJ%EAJ%EBK%20K,0,0.00,NA,0,0,0,0,0,0,NA,97
pico_reply,21:29:53,J%EAJ%E9J%E9J%E9J%AABhBgB%88BhBIBHBHBHBH%3AHBhBhBHBHBhBHBh%3AHBhJ%88B%88B%88BiJiJiBiB%89J%89JiJ%A9J%A9J%8AJ%89R%89J%A9J%C9J%C9R%A9R%AAR%AAR%AAR%EAR%C9R%CAR%CAJ%EAR%CAR%C9R%EAR%EAR%EBR%EBR%EBc%20R%ECS%20S,0,0.00,NA,0,0,0,0,0,0,NA,97
pico_reply,21:29:53,Z%EA%5B,0,0.00,NA,0,0,0,0,0,0,NA,97
camera,21:29:53,Camera%2Fcontrol%20line%20discarded%3A%20too%20long,0,0.00,NA,0,0,0,0,0,0,NA,97
pico_reply,21:29:53,B%2BB%2A%3A%29I%C8J%A9%8Dm%D5%9B%8A%F9%3A%28%CF%91%FF%DF%D6%5D%8Cq%FF%FB%A5%3F%FF%FC%8D%3D%FF%FCk%5DB%ACS,0,0.00,NA,0,0,0,0,0,0,NA,97
pico_reply,21:29:53,J%EAJ%ABB%ABB%ABJ%CBB%8AB%8BB%AAB%AAB%C9B%A9J%CAJ%EBJ%AAB%AAB%CAJ%CB%3A%AAB%CBB%AAB%CAJ%CAJ%AAJ%CAB%CAB%CAR%EAJ%EBJ%EBJ%CBJ%CBJ%CAJ%EBJ%CAJ%EAJ%EBJ%EBK%20J%EBJ%EAK%20J%EBK%20K%20J%EAJ%EAJ%C9S%20J%E8J%C9J%CAB%89BiBHBHBHBhBIBI%3A%28BHBhBhBhBhBhBiBHBhB%88BhJhJiJhB%89B%89J%89J%A9J%A9J%89J%89R%89J%AAJ%E9J%AAR%A9J%AAR%CAR%CAR%C9R%C9R%CAR%CAR%EAR%CAR%CAR%EAR%EAJ%EAS,0,0.00,NA,0,0,0,0,0,0,NA,97
pico_reply,21:29:53,R%EAcL%5B%20S,0,0.00,NA,0,0,0,0,0,0,NA,97
pico_reply,21:29:53,%5B,0,0.00,NA,0,0,0,0,0,0,NA,97
pico_reply,21:29:53,R%CA%5B,0,0.00,NA,0,0,0,0,0,0,NA,97
pico_reply,21:29:53,%5B%20S%2BS%2B%5B%20S,0,0.00,NA,0,0,0,0,0,0,NA,97
camera,21:29:53,Camera%2Fcontrol%20line%20discarded%3A%20too%20long,0,0.00,NA,0,0,0,0,0,0,NA,97
pico_reply,21:29:53,%CAQ%8B%40%EA9%E4%E70%F7%FF%E7_%A4%D5%FF%FF%DE%9B%E7%7F%BEU%E7%FF%84%97J%F0B%CBJ%CAJ%ABB%ABB%ABJ%CBJ%8BB%8BB%AAB%CAB%AAB%EAK%20J%CCJ%AAB%CAB%CAJ%EB%3A%AAJ%CBJ%CBB%ABJ%CAB%CAB%CAJ%EAJ%EBJ%EAJ%EAB%EBJ%EBJ%CBJ%EAJ%EAJ%CAS,0,0.00,NA,0,0,0,0,0,0,NA,97
pico_reply,21:29:53,J%CAR%EBK%20K,0,0.00,NA,0,0,0,0,0,0,NA,97
pico_reply,21:29:53,K,0,0.00,NA,0,0,0,0,0,0,NA,97
pico_reply,21:29:53,K%20K%20K%2BK%20S%20%5B%2BK,0,0.00,NA,0,0,0,0,0,0,NA,97
pico_reply,21:29:53,K%20S,0,0.00,NA,0,0,0,0,0,0,NA,97
pico_reply,21:29:53,S,0,0.00,NA,0,0,0,0,0,0,NA,97
pico_reply,21:29:53,J%C9J%88JiBHBHBhBHBIBi%3AGBHBHBHBhBhBhBhBhBhBhJhJhJ%89JhBiB%A8JhJ%A9J%A9J%89J%A9J%A9J%CAB%CAJ%C9J%AAJ%A9Z%CAR%CAR%C9R%EAR%CAR%CAR%C9R%AAR%CAR%CAJ%EAJ%E9S,0,0.00,NA,0,0,0,0,0,0,NA,97
pico_reply,21:29:53,S,0,0.00,NA,0,0,0,0,0,0,NA,97
pico_reply,21:29:53,R%EB%5B,0,0.00,NA,0,0,0,0,0,0,NA,97
pico_reply,21:29:53,S,0,0.00,NA,0,0,0,0,0,0,NA,97
pico_reply,21:29:53,%5BJ%5B%20J%EBS%2B%5B%20%5B%2B%5B%20S,0,0.00,NA,0,0,0,0,0,0,NA,97
pico_reply,21:29:53,S%2A%5B%2B%5B%2BcK%5BKcKcKckcKclclclklklklclcKc%8Cc%ACc%ABk%ACs%EDk%AD1%A9B%A8c%2AZ%ECJ%CAR%C9R%CAJ%89R%8AJ%8BJiS%29%7Cj%7B%AE%29%CB%20%249%E7%3A%20%3AHB%C9%5Bm%84%B0%7C%B2%8C%D3%95%20%95%20%953%95%20%8C%F3%95%20%94%D2%8C%91%84%90%84o%84p%7CO%7C%20k%B0%5BMt-%8C%B1%84%B3%8C%D3%94%D2%94%F2%94%F2%8C%F2%8C%F2%94%D2%8C%B2%8C%B1%8C%D1%8C%D2%8C%B2%84%B2%84%B1%84%B1%84%91%84%91%84%91%84%90%7CP%84q%840%840%84%E3%20%E3%20%E3%20%E4%20%E4%20%20%21e%29%A7%29%86%29%86%29%86%21%A6%29%86%29G%20%E3%20%C3%20%A3%20%A3%20%C3%21%20%29E%21e%29e%21%26%20%20%20%20%20%20%20%20%20%23%20%20%20%20%20%20%20%20%20%E4%20%E3%20%E3%20%20%20%C4%20%24%21,0,0.00,NA,0,0,0,0,0,0,NA,97
pico_reply,21:29:53,A%CA%3A%20Q%88B,0,0.00,NA,0,0,0,0,0,0,NA,97
pico_reply,21:29:53,t%AA%DEW%84%20%7C%20%F7%FF%FF%FF%CE%9A%A5%F2%E7%FF%A5YS3%3A%A9J%CAJ%AAB%AAJ%EBB%AAJ%8ABjB%8AB%ABJ%ABB%AAB%CBB%AAJ%AAB%AAB%ABB%CAB%CBB%AAB%ABB%8BJ%CAB%EAB%EAB%EAJ%CAJ%CBC,0,0.00,NA,0,0,0,0,0,0,NA,97
pico_reply,21:29:53,C,0,0.00,NA,0,0,0,0,0,0,NA,97
pico_reply,21:29:53,J%EBJ%CBJ%EAJ%CBJ%EAK,0,0.00,NA,0,0,0,0,0,0,NA,97
pico_reply,21:29:53,K%2BS%20J%EBK%20K%20K%20K%20K%20K%20K%20S%2CJ%EBS,0,0.00,NA,0,0,0,0,0,0,NA,97
pico_reply,21:29:53,R%EAJ%C9R%E9R%C9R%C9B%89J%89Bi%3A%29B%28BiBHBHBHBHBhBhBhBhBhBhBhJhJiBhBiBiB%89J%88J%A9J%A9J%A9J%A9J%A9J%AAJ%CAJ%CAJ%AAJ%A9R%CAR%AAZ%EAR%C9R%CAR%CAJ%A9R%CAS,0,0.00,NA,0,0,0,0,0,0,NA,97
pico_reply,21:29:53,S%2AS%2AR%EAS,0,0.00,NA,0,0,0,0,0,0,NA,97
pico_reply,21:29:53,R%EAZ%EB%5B,0,0.00,NA,0,0,0,0,0,0,NA,97
pico_reply,21:29:53,S,0,0.00,NA,0,0,0,0,0,0,NA,97
pico_reply,21:29:53,cK%5B%20S%2BS,0,0.00,NA,0,0,0,0,0,0,NA,97
pico_reply,21:29:53,%5B%20%5BK%5B%20S%20%5B%2A%5B%2B%5B%2B%5B%2B%5BKcKcK%5BkcLclclclclclkLclcLclc%8Bk%ACc%ACc%8B%7C%20Z%ADJ%89%3AFR%CBR%EBJ%EAJ%A9J%CAJ%A9J%8AJ%8A%3A%C9c%A9%8C%2Fc%20%29%881%C4B%20BI2jJ%EA%84n%7Co%8C%F1%9DR%95%20%9D%20%95%20%8D%20%8C%D2%8C%D2%8C%91%84q%84%91%84%B0%7Co%7CPs%D0k%AEk%AD%7CO%84%B1%8C%D2%94%D2%94%F3%94%F3%8C%F2%8D%20%8C%D2%8C%D2%8C%D2%8C%D2%8C%D2%8C%B2%84%B2%84%D1%84%B1%84%91%84%92%84q%84%90%84p%84q%84P%84P%84%E3%20%E3%20%E3%20%E4%20%E4%20%20%21%85%29%A6%29%86%29%A6%29%A6%29%A61%C6%21%26%20%E3%20%C3%20%C3%20%C3%20%A3%21%20%21e%21e%29%86%20%20%21%20%20%E3%20%20%20%23%20%20%20%20%20%23%20%20%20%20%20%20%20%E3%20,0,0.00,NA,0,0,0,0,0,0,NA,97
pico_reply,21:29:53,%3Aj%3Aj%29%E82%202%20%3A%20%3A%202%209%C8%60%E9%29%A4%CEg%FF%FF%E7%FF%EF%FF%9E%3C%D7u%E7%FE%CF%5B%DF%3Dk%F8%BD1%29%CCc%A7%5B%D3R%A8B,0,0.00,NA,0,0,0,0,0,0,NA,97
pico_reply,21:29:53,B%29%3A%20%3AgBi%3Aj%3Aj%3Ai%3AJ%3Aj%3AiBk%3AjR%89r%ABA%8AQ%AAA%A9R%89%FF%FA%FF%BF%84r%B6%CA%DF%FF%AD%DBJ%D3%3A%89J%CAB%ABJ%ABB%CBB%AAB%8AJ%CAJ%EBJ%ABJ%CBB%AAB%AAJ%AAB%AAB%AAB%AAB%CAB%EBJ%ABJ%ABBjJ%CAB%CAB%EAB%EAB%EAJ%CBB%EAB%EAJ%EBB%EAJ%EAJ%EBK,0,0.00,NA,0,0,0,0,0,0,NA,97
pico_reply,21:29:54,J%EAJ%EAS%20R%EBK%20K%2BS%20K%20K%20S%20S%20%5B%2CJ%ECS%20R%EAR%E9S,0,0.00,NA,0,0,0,0,0,0,NA,97
pico_reply,21:29:54,R%E9S,0,0.00,NA,0,0,0,0,0,0,NA,97
pico_reply,21:29:54,S%20R%EAJ%A9BiBhB%89BHBHBHBhBhBhJhBhJhJhJhJhJhJhJ%88JiJ%89J%88J%A9J%A9B%A9J%A9J%A9J%AAJ%A9J%C9J%CAJ%CAR%CAR%CAR%CAR%E9R%EAR%CAR%EAS,0,0.00,NA,0,0,0,0,0,0,NA,97
pico_reply,21:29:54,R%EAS,0,0.00,NA,0,0,0,0,0,0,NA,97
pico_reply,21:29:54,S,0,0.00,NA,0,0,0,0,0,0,NA,97
pico_reply,21:29:54,Z%EBS,0,0.00,NA,0,0,0,0,0,0,NA,97
pico_reply,21:29:54,Z%EBS%20%5B,0,0.00,NA,0,0,0,0,0,0,NA,97
pico_reply,21:29:54,S%20%5B%2B%5B%20S%20%5B,0,0.00,NA,0,0,0,0,0,0,NA,97
camera,21:29:54,Camera%2Fcontrol%20line%20discarded%3A%20too%20long,0,0.00,NA,0,0,0,0,0,0,NA,97
pico_reply,21:29:54,jBJBI%3AjB%8ABjBJJ,0,0.00,NA,0,0,0,0,0,0,NA,97
pico_reply,21:29:54,9%C9B%29Y%EAB%29%8B%ACzQ2%20%DF,0,0.00,NA,0,0,0,0,0,0,NA,97
pico_reply,21:29:54,%EF%FF%F7%FFJ%F1J%C9R%EBBkB%8AB%CAB%CBB%CAJ%EBB%CBB%AAB%CAB%EBB%EBJ%ABB%AAB%CAB%CAJ%EAB%CAJ%AAJ%EBB%89J%CBB%CBB%EAB%EAB%EAJ%CAB%EAB%EBJ%CBJ%CAJ%EBJ%EBK,0,0.00,NA,0,0,0,0,0,0,NA,97
pico_reply,21:29:54,K%20K%20S%20R%ECK%20K%2BS%20J%ECJ%EBK%20K%2BS%2BSS%2C%5BLSK%5BKS,0,0.00,NA,0,0,0,0,0,0,NA,97
pico_reply,21:29:54,S,0,0.00,NA,0,0,0,0,0,0,NA,97
pico_reply,21:29:54,R%EAK,0,0.00,NA,0,0,0,0,0,0,NA,97
pico_reply,21:29:54,J%E9R%AAJ%AAB%89JiBHBHBhBhBhBhJhJiJhJhJiJiBiJ%89J%89J%89J%A9J%89J%A9J%C9B%C9J%C9J%C9R%AAJ%A9J%C9R%C9R%CAR%CAR%CAJ%EAS,0,0.00,NA,0,0,0,0,0,0,NA,97
pico_reply,21:29:54,R%CAR%EAS,0,0.00,NA,0,0,0,0,0,0,NA,97
pico_reply,21:29:54,K,0,0.00,NA,0,0,0,0,0,0,NA,97
pico_reply,21:29:54,S,0,0.00,NA,0,0,0,0,0,0,NA,97
pico_reply,21:29:54,S,0,0.00,NA,0,0,0,0,0,0,NA,97
camera,21:29:54,Camera%2Fcontrol%20line%20discarded%3A%20too%20long,0,0.00,NA,0,0,0,0,0,0,NA,97
pico_reply,21:29:54,%D6%F4j%FE%29%E3k%E6%A5u%84%D2%8C%F12%20Bi%3AJ%3AJ%3AI%3Aj%3Aj%3Aj%3AjBj%3A%8A%3A%8ABkRjRK1jQfB%20%7B%EB%F7%FC%C6%DFB%8CB%CAR%EBBkB%8AB%CA%3A%CAJ%A9R%CABiJ%CAJ%C9B%CBB%CAB%CAB%AAB%CAB%CAJ%CAB%CAJ%CAK%20%3A%A9K%20B%CBJ%EAJ%EAB%EAJ%EAJ%CBJ%CBJ%CBJ%CBJ%CBJ%EBK,0,0.00,NA,0,0,0,0,0,0,NA,97
pico_reply,21:29:54,J%EBJ%EBS%20S%20K%20S%20K%20S%20S%20J%EBS%2CS%2BS%2CS%2CS%2BS%2BS%2B%5B%2B%5B%2BS,0,0.00,NA,0,0,0,0,0,0,NA,97
pico_reply,21:29:54,K,0,0.00,NA,0,0,0,0,0,0,NA,97
pico_reply,21:29:54,S%2AZ%EBR%CAJ%A9R%89BHJhBhBhJhJhBhBhBhJhJiJiJiJiJ%89J%89J%89J%8AJ%89J%C9J%C9J%C9J%CAJ%AAR%A9J%CAR%CAR%CAR%CAR%CAJ%C9R%EAR%EAR%CAS,0,0.00,NA,0,0,0,0,0,0,NA,97
pico_reply,21:29:54,R%EAS,0,0.00,NA,0,0,0,0,0,0,NA,97
pico_reply,21:29:54,%5B%20Z%EBS,0,0.00,NA,0,0,0,0,0,0,NA,97
camera,21:29:54,Camera%2Fcontrol%20line%20discarded%3A%20too%20long,0,0.00,NA,0,0,0,0,0,0,NA,97
pico_reply,21:29:54,%2A%2F%8D%20%9D%D6%8DS%C6y%29%D1Bi%3AJ%3AI%3Ai%3Ai%3AjBjBjBj%3A%8A%3AjJ%ABBJBiB%8AZ%8AQ%CBBJ%5B%20%3AN2%20B%89B%AAB%ACB%CAB%CAB%ABR%AAJ%A9S,0,0.00,NA,0,0,0,0,0,0,NA,97
pico_reply,21:29:54,%5BLB%8BB%CAB%CAB%CBB%CBB%CAB%EAJ%CAJ%CAJ%CBB%AAK%20B%EAJ%CBJ%EBB%CCB%EBJ%EAJ%EBJ%CBJ%EAJ%CBJ%ABJ%CBJ%EBR%EBJ%EBJ%EBJ%ECS%20S%20K%20S%20K%20R%EBS%2CS%2BSLS%2CS%2CS%2CS%2CS%2B%5BK%5B%8BSl%5B%2BJ%EAR%E9J%E9R%C9R%CAJiBhJhJ%89BhB%89B%88B%88JiJiJiJiJ%88J%89J%89J%A9J%89J%89J%C8J%C9J%A9J%A9J%C9R%A9R%CAJ%AAR%C9R%CAJ%A9R%EAR%EAZ%CAS%20J%E9S%20S%20S%20R%CBS,0,0.00,NA,0,0,0,0,0,0,NA,97
pico_reply,21:29:54,S,0,0.00,NA,0,0,0,0,0,0,NA,97
pico_reply,21:29:54,%5B%2B%5B%2B%5B,0,0.00,NA,0,0,0,0,0,0,NA,97
camera,21:29:54,Camera%2Fcontrol%20line%20discarded%3A%20too%20long,0,0.00,NA,0,0,0,0,0,0,NA,97
pico_reply,21:29:54,%AD%DE%29%CBBhBJ%3AI%3Ai%3Ai%3Aj%3Aj%3Aj%3Aj%3A%8AB%8AJ%ABB%8AB%8AB%CAJ%AAJjJ%8A2,0,0.00,NA,0,0,0,0,0,0,NA,97
pico_reply,21:29:54,%21%C9B%89B%8BB%AAJ%CAB%CAB%AAR%8BJ%29R%E9kMkOB%89B%A9J%C9B%CAB%CAJ%EAJ%CAJ%EAJ%CAJ%CBB%CAB%EBB%A9J%EAJ%CBJ%CBJ%EBJ%EAJ%EBJ%EAJ%EBJ%EBR%EBJ%ECR%EBR%EBJ%EBK%20K%20S%20S%20K%2BK%20K%20S%20S%20S%20S%20S%2CS%2CS%2CS%2BSKSKSLSLS%2B%5B%2B%5B%2BS%2AZ%E9Z%EAJ%A9R%A8R%89JHB%27BiBhB%89BhJ%89JiB%88J%88J%89B%89J%A9J%89J%89J%C8J%89J%AAJ%A9J%CAR%C9R%CAJ%AAR%A9J%C9R%C9S,0,0.00,NA,0,0,0,0,0,0,NA,97
pico_reply,21:29:54,R%CAZ%CAS%20J%EA%5B%20%5B%20S%20S,0,0.00,NA,0,0,0,0,0,0,NA,97
pico_reply,21:29:54,S%2BS,0,0.00,NA,0,0,0,0,0,0,NA,97
pico_reply,21:29:54,S%20%5B,0,0.00,NA,0,0,0,0,0,0,NA,97
pico_reply,21:29:54,%5B,0,0.00,NA,0,0,0,0,0,0,NA,97
pico_reply,21:29:54,%5B,0,0.00,NA,0,0,0,0,0,0,NA,97
pico_reply,21:29:54,%5B%2AcJcKcL%5B%2B%5B%2BcLc%2BcKcKkKkl%5BK%5Bk%5BkcLclk%8CklcMk%8Dk%8Dkmk%8Dk%8Dk%8Ck%8Ck%8Dk%ADk%8Dk%8Dc%ADl%20%84%2Ct1Z%EC1%C9%5B%20c,0,0.00,NA,0,0,0,0,0,0,NA,97
camera,21:29:54,Camera%2Fcontrol%20line%20discarded%3A%20too%20long,0,0.00,NA,0,0,0,0,0,0,NA,97
pico_reply,21:29:54,J%EAJ%CBJ%CBB%CBC%20K%2BJ%EBJ%EBJ%EBJ%EBJ%EBK%20J%EAJ%EBJ%EAR%EBJ%ACR%EBJ%EBS%20J%ECK%20S%20S%20K%2BKKK%2CS%20S%2CS%2C%5BKS%2BS%2CSLSKSKSlSLSLSl%5Bl%5Bl%5Bk%5BJ%5B,0,0.00,NA,0,0,0,0,0,0,NA,97
pico_reply,21:29:54,%5BKZ%EAJ%8AR%A8J%89B%28B%89BhB%88J%89JiB%88B%A8J%89B%89J%A9J%89J%89J%89R%AAJ%A9J%C9J%CAR%AAJ%CAR%CAR%E9S,0,0.00,NA,0,0,0,0,0,0,NA,97
pico_reply,21:29:55,S,0,0.00,NA,0,0,0,0,0,0,NA,97
pico_reply,21:29:55,R%EAZ%EAZ%EAS,0,0.00,NA,0,0,0,0,0,0,NA,97
pico_reply,21:29:55,R%EAZ%EA%5B%20SJ%5B%2BS%2A%5B%2BJ%CAS,0,0.00,NA,0,0,0,0,0,0,NA,97
pico_reply,21:29:55,%5B,0,0.00,NA,0,0,0,0,0,0,NA,97
camera,21:29:55,Camera%2Fcontrol%20line%20discarded%3A%20too%20long,0,0.00,NA,0,0,0,0,0,0,NA,97
pico_reply,21:29:55,%3F1%EDBIBJBJ%3AI%3AI%3Aj%3Aj%3AiBjB%8A%3A%8A%3AjBjB%8AB%8BB%8A%3A%AAB%CAB%8AB%AAB%ABB%AAJ%AAB%8BJ%CAR%8BZK%3A%C7%A6M%EE%DAl%9A%84%2A%7BuJ%89kIc%AE%3AjB%AAJ%AAJ%CAJ%CBJ%CAJ%EAK%20B%CAJ%EAK,0,0.00,NA,0,0,0,0,0,0,NA,97
pico_reply,21:29:55,K%20K%20K%20J%EBK%20J%EBB%CAS%20J%ECJ%EBS%20R%EBK%20K%20K%20K%20K%20K%2CKKS%2BS%2B%5BLS%20S%2CSLS%2B%5B%2CSlSlSLSK%5Bk%5BKck%5B%2B%5B%2A%5B%2B%5B%20%5B,0,0.00,NA,0,0,0,0,0,0,NA,97
pico_reply,21:29:55,R%E8%5B%29Z%E9R%E9J%A9J%A9J%89J%88B%88B%A8B%A9J%A9B%89J%89J%89J%89R%AAJ%A9B%AAR%C9R%AAR%CAR%CAJ%C9R%E9Z%E9Z%EAR%EA%5B,0,0.00,NA,0,0,0,0,0,0,NA,97
pico_reply,21:29:55,S,0,0.00,NA,0,0,0,0,0,0,NA,97
pico_reply,21:29:55,S,0,0.00,NA,0,0,0,0,0,0,NA,97
pico_reply,21:29:55,Z%EA%5B,0,0.00,NA,0,0,0,0,0,0,NA,97
pico_reply,21:29:55,%5B%2B%5B%2B%5B%20Z%EB%5B%2A%5B,0,0.00,NA,0,0,0,0,0,0,NA,97
pico_reply,21:29:55,%5B,0,0.00,NA,0,0,0,0,0,0,NA,97
camera,21:29:55,Camera%2Fcontrol%20line%20discarded%3A%20too%20long,0,0.00,NA,0,0,0,0,0,0,NA,97
pico_reply,21:29:55,%95%201%EABI%3A%29BIBI%3AJ%3Aj%3Aj%3AJ%3A%2A%3AIB%AAB%8ABjBjBjB%8A%3A%AAB%AAB%AAB%AAB%ABB%AAB%AAB%8BJ%CAZKR%89c%29%F7%FB%FF%FFlX%D5%D3b%D3C%20%9DP%95%20J%CFJ%EBJ%EBJ%8CR%CAR%CB%3AJB%A9%3A%C9S%20K%20K,0,0.00,NA,0,0,0,0,0,0,NA,97
pico_reply,21:29:55,J%EBJ%EBK%20K%20J%EBJ%EBS,0,0.00,NA,0,0,0,0,0,0,NA,97
pico_reply,21:29:55,S%20K%20S%20K%20K%2BK%2BK%20S%20S%2CK%2BKKK%2BK%20%5BKSK%5BKSLS%2B%5BLSkSlSLSLSl%5BL%5BL%5BL%5BK%5BK%5B%2B%5BKS%29c%8A%5B%2AS,0,0.00,NA,0,0,0,0,0,0,NA,97
pico_reply,21:29:55,R%CAJ%8AB%89B%88J%88B%A8J%A9J%C9J%C9J%89J%89J%89R%AAR%A9J%E9R%C9R%AAR%AAJ%AAJ%A9R%CAZ%EAZ%EAR%EAS,0,0.00,NA,0,0,0,0,0,0,NA,97
pico_reply,21:29:55,S,0,0.00,NA,0,0,0,0,0,0,NA,97
pico_reply,21:29:55,R%EAR%CAcJ%5B%2B%5B%2B%5B%2BZ%EBS%20S%20S,0,0.00,NA,0,0,0,0,0,0,NA,97
pico_reply,21:29:55,%5B%2A%5B%2Bc%2C%5B%2B%5B%2Bc%2Cc%2C%5B%2BcJcKcKckclclclclclk%8Dc%8Cklklk%8Ck%8Ck%8Ck%8Ck%8Dk%8Ck%ACk%8Ck%ACk%8Cclk%8Cs%ADkmk%8Ck%8Cs%CCs%AD%5BMJ%E9R%EA%5B%2CZ%EBJ%8BJ%CAR%AAJ%8AJ%8ASJk%ABs%B0c.%29%861%E7BI%3A,0,0.00,NA,0,0,0,0,0,0,NA,97
pico_reply,21:29:55,%3A%8Ak%AC%7CO%9D1%9D2%9D2%95%20%95%20%9D3%8C%F3%84%B1%8C%D1%84%91%84%90%84o%84P%7C%20s%AF%5Bns%EC%95%20%8C%F2%8C%D2%94%D2%8C%F2%94%D2%94%D2%94%B2%8C%D2%8C%D2%8C%D2%8C%B2%8C%B2%8C%B2%84%B2%84%91%8C%B2%84q%84q%84%E3%20%E4%20%20%20%E4%20%841%C61%86%29%86%29%C6%29%E51%C7%21e%20%A3%20%C3%20%A3%20%A3%20%C3%20%E3%21F%20d%21%85%20%20%20%20%20%20%20%23%20%20%20%E4%20%E4%20%20%20%20%20%20%20%20%20%20%20%E4%20%20%21%23%20D%21%A62%29%29%C8%29%C8%29%C8%29%C7%29%C7%21%E7%29%C7%29%C7%29%C7%21%E7%29%C7%29%E8%21%87%21%A7%29%A8%29%C8%29%C8%29%E7%29%C8%29%E8%2A%20%2A%202%202%202%202%201%E82%202%20%2A%20%29%E82%20%2A%201%E9A%C8iH1%E2%FF%AC%FF%FF%84X%FE%B2%E7%5D%BE%8F%FF%FF%8B%9E%2A%20J%A2%CC%941%E9%A6,0,0.00,NA,0,0,0,0,0,0,NA,97
pico_reply,21:29:55,S%20S%20S%2BK%20S%2BS%20K%20S%20S%20S%20KKKKSLS%2CSKSKSLS%20%5B-SKSk%5BL%5BL%5BL%5Bk%5Bk%5B%8C%5Bm%5Blcl%5BK%5BJ%5Bk%5BJcKR%ABJ%89J%89J%88J%C8R%E9J%A9J%A9J%A9J%A9J%A9J%89J%A9J%A9R%AAR%A9J%CAJ%C9S%20R%EAR%CAZ%CAS%20R%CAS,0,0.00,NA,0,0,0,0,0,0,NA,97
pico_reply,21:29:55,%5B,0,0.00,NA,0,0,0,0,0,0,NA,97
pico_reply,21:29:55,R%EAR%E9c%2Ac%20%5B%20%5B,0,0.00,NA,0,0,0,0,0,0,NA,97
pico_reply,21:29:55,%5B%2BS%2BS,0,0.00,NA,0,0,0,0,0,0,NA,97
camera,21:29:55,Camera%2Fcontrol%20line%20discarded%3A%20too%20long,0,0.00,NA,0,0,0,0,0,0,NA,97
pico_reply,21:29:55,%A5%7C%21%8E%3Af%3AI%3Ai%3AI%3AI%3Aj%3A%8A%3AjBJBJ%3AiB%89%3A%8ABjBj%3A%8AB%8AB%AA%3A%8AB%8AB%8AB%8AB%AAJ%EBB%ABRjZkJ%A7%D6%8E%AD%FE%F7%FA%AE%9C%D6%B8%84%20%E7%F4%FF%DF%CE%3F2jlJ%94%D3b%ACZ%89k%A9%94%EF%94q%7B%B1R%ADB%E9K%20KJ%EDK%20J%EBJ%EBJ%CBK%2BS%20J%EBR%EBS%2CS%2BS%20K%2BK%2BS%20S%20K%2BS%2BS%2CSKSKSLS%2C%5BLS%2C%5B%2CSl%5Bl%5BM%5BL%5Bl%5Bl%5B%8C%5BmcL%5BLc%8Bc%8C%5Bk%5B%8Bkk%5B%20R%EAJ%89J%A9B%A9J%A9J%A9J%A9J%89J%89J%E8J%A9R%A9R%A9R%CAR%AAJ%AAJ%E9R%EAR%EAR%CAR%E9%5BK%5B%20S,0,0.00,NA,0,0,0,0,0,0,NA,97
pico_reply,21:29:55,S,0,0.00,NA,0,0,0,0,0,0,NA,97
pico_reply,21:29:55,S%2AS,0,0.00,NA,0,0,0,0,0,0,NA,97
pico_reply,21:29:55,c,0,0.00,NA,0,0,0,0,0,0,NA,97
pico_reply,21:29:55,Z%EB%5B,0,0.00,NA,0,0,0,0,0,0,NA,97
camera,21:29:55,Camera%2Fcontrol%20line%20discarded%3A%20too%20long,0,0.00,NA,0,0,0,0,0,0,NA,97
pico_reply,21:29:55,%FF%F9%F7%FF%CE%BF%5BR%21%87%3AI%3AI%3Ai%3Ai%3AI%3Ai%3AiBIBJ%3AJ%3AIBi%3AjBj%3A%89B%A9B%8AB%8AB%89B%8AB%8A%3A%8A%3A%AB%3A%8BB%AARKZ%20J%85%EFP%D6%FF%EF%FC%DE%2F%7C%20%DE%CD%FF%FF%FF%FF%C5%9F%3BF%C6%90%8B%DER%29cF%AD%8D%C6V%C65%ADS%94Qs%AD%5B%2CSK%5BlR%ECJ%EBK%20R%EBS%20S%20J%ECJ%EBS%2CK%2CS%20K%20K%2CS%20S%2CS%2BS%2BS%2CSKSKSLSLS%2CS%2C%5BKSl%5BL%5BL%5BMS%2C%5Bl%5B%8C%5Bm%5BLcLcLclckck%5BKcJc%8C%5B%2A%5BJS,0,0.00,NA,0,0,0,0,0,0,NA,97
pico_reply,21:29:55,R%C9J%C9R%CAJ%AAJ%A9B%A9J%C9R%A9J%CAJ%C9R%E9J%CAJ%CAR%EAR%CBR%EAS%29%5Bkc%2CZ%EAS%2AS,0,0.00,NA,0,0,0,0,0,0,NA,97
pico_reply,21:29:55,S%20S,0,0.00,NA,0,0,0,0,0,0,NA,97
pico_reply,21:29:55,b%EB%5B,0,0.00,NA,0,0,0,0,0,0,NA,97
pico_reply,21:29:55,%5B%2A%5B%2B%5B%20Z%EB%5B,0,0.00,NA,0,0,0,0,0,0,NA,97
pico_reply,21:29:55,%5B%2Ac%2B%5B%2BcKc%2B%5BL%5B%2BcLcLc%2BcKclclclclklklclk%8Dk%8Ck%8Dk%8Ck%8Dk%8Ck%8Dk%8Dk%8Ds%ACk%ACk%ADk%CDk%ACk%ACs%ACs%ADs%ADk%CDk%CDk%CDk%CCt%20s%CER%ACJ%EA%5BJ%5B%2BR%EAR%EAS,0,0.00,NA,0,0,0,0,0,0,NA,97
pico_reply,21:29:55,R%EBJ%AAR%8A%5B%29%8CLso%29i1%C6%3A%28B%89%3A%2A%5B%ABl%20%7C%93%8C%D2%8D%20%952%95%20%95%20%94%F2%94%D2%8C%D2%8C%B1%8C%91%7CQ%84O%7C%20k%CESmt%8E%8C%F2%9C%F3%8C%B3%8C%B2%8C%D2%8C%D2%8C%D2%8C%D2%8C%D2%8C%B2%8C%B2%8C%B2%84%B1%8C%91%8C%B1%8Cq%8Cq%8C%20%20%20%20%20%20%23%29%A6%29%A6%29%A6%29%A6%29%C61%C7%21h%20%E5%20%C2%20%C3%20%C3%20%A3%20%C2%21D%21E%21d%20E%20%20%20%20%20%E4%20%20%20%20%20%20%20%20%20%20%20%20%20%20%20%20%20%20%20%E4%21%23%21E%20%24%29%E62%2B%29%C9%29%C7%29%E8%29%C8%29%E7%29%C7%29%C7%29%C7%29%C8%29%A8%29%C8%29%A7%29%A8%21%A8%29%A7%29%A8%29%C7%29%C8%29%C8%29%E7%29%E8%29%E8%29%E81%E8%2A%20%2A%20%2A%20%29%E8%29%E8%29%E81%E8%2A%20%2A%201%E8I%88a%88%3A%20%F7%B1%FF%FF%FF%FF%FF%FF%84,0,0.00,NA,0,0,0,0,0,0,NA,97
pico_reply,21:29:55,R%E6%FF%F3%CE%FF%FF%FC%FF%20%3A%F3%CEl%EF%FF%93%D5R3S%A7%FF%D6%83%20B%26%84%27%F7%F9%F7%FC%F7%FD%CE%D9%BD%F4%95%20%7C%20l1J%CCJ%ECJ%EBK%20R%EBS%20S%20J%ECJ%EBS%2CK%20S%2BS%2BK%2BS%2BS%2BS%2BS%2BSLSLSKSLSLSL%5BLSL%5BL%5Bl%5BL%5BMS%2CcL%5Bm%5Bm%5BlclcLclc%8Cc%8Cc%8Cc%8Bc%CCk%8Bk%AB%5B%2BR%CBJ%CAJ%C9J%A9B%A9B%A9J%C9R%C9R%CAJ%C9R%E9R%EBR%AAR%CAR%CAR%EAS%20%5B%2BZ%EBZ%EAS%20S,0,0.00,NA,0,0,0,0,0,0,NA,97
pico_reply,21:29:55,S,0,0.00,NA,0,0,0,0,0,0,NA,97
camera,21:29:55,Camera%2Fcontrol%20line%20discarded%3A%20too%20long,0,0.00,NA,0,0,0,0,0,0,NA,97
pico_reply,21:29:55,%FF%FF%E4%FFBH%FF%EC%DE%9F%5BU%20G%29%C72I%3AI%3AI%3AI%3AI%3AI%3AI%3AIBI%3Aj%3AjBiB%89%3A%89%3A%89%3AjBjB%8AB%8AB%8A%3A%8AB%8AB%8A%3A%8AB%ABB%8AJKZ%2AZ%89%DE%F0%F7%FC%FF%FF%D5%9Fk%8C%FF%D0%CD%DFQJB%A6%A6%20%EE%BFz%D6cE%E7Q%FF%FF%FF%FF%F7%FF%F7%FF%F7%BD%C6%9A%B6%20%A5%D6J%EFS%20S%20S%20K%20S%20S%20S%20S%20S%2BSLS%2CK%2BS%2BS%2BS%2BSKSKSLSK%5BKSLSL%5BL%5BL%5Bl%5BLSl%5BL%5Bl%5BLcm%5Bl%5Bl%5BlcmcLclc%8Cclclclc%8Cckk%ACclcKR%EAR%C9R%C9R%C9J%C9R%C9J%C9J%CAR%EAJ%AAJ%C9R%E9R%CAR%CAR%EAS%20Z%EAZ%EBZ%CBS%20S,0,0.00,NA,0,0,0,0,0,0,NA,97
pico_reply,21:29:55,S,0,0.00,NA,0,0,0,0,0,0,NA,97
pico_reply,21:29:55,S,0,0.00,NA,0,0,0,0,0,0,NA,97
pico_reply,21:29:56,%5B%20R%EAcK%5B%2Bc%2Bc%20%5B%2B%5B%2AcKcKcKc%2B%5BK%5BKc%2CcKcL%5BLc%8Cclckclc%8Cklk%8Ds%ADk%ADk%8Ck%ADk%8Dk%ADk%ADk%AEk%8Dk%ADs%ADs%CDk%CDk%CDs%CDs%ADs%CDs%CDs%CDs%ADk%CDs%ADs%ADk%EC%7Cl%7B%EFBlJ%C9kkR%ECR%EAJ%CBJ%CAJ%AAS,0,0.00,NA,0,0,0,0,0,0,NA,97
pico_reply,21:29:56,%5BJs%EC%84%8DZ%AC%29%891%E7A%E9%3AI2H%5B%AB%7C%90%8D%20%953%953%9D3%95%20%95%20%94%F2%8C%D1%8C%91%84q%84p%84%2F%7CPk%AFSOc%8D%8C%B0%94%F2%94%F3%8C%B2%8C%D2%8C%D2%8C%D2%8C%D2%84%D2%84%B1%8C%D2%84%B1%84%91%84%B1%84%91%84%91%84%20%20%20%20%24%21e%29%A7%29%A6%29%86%29%A6%29%C61%C7%21G%20%C4%20%C3%20%C3%20%C3%20%E3%20%2F%21E%21e%21e%20%25%20%20%20%E4%20%E3%21%20%20%20%20%20%20%20%20%20%21%20%20%20%20%20%20%20%21%20%21%24%20%23%20%C5%2A%20%3AJ%29%C8%29%E8%29%E8%29%E7%29%E7%29%C8%29%C7%29%C8%29%A8%29%C8%29%C8%29%C8%29%A8%29%88%21%87%21%A7%29%C8%29%C8%29%E8%2A%20%29%E82%20%2A%201%E8%29%E8%2A%20%2A%20%29%E8%29%E81%E82%202%201%E81%E8A%E9Y%89I%A8%7Cl%CE7%BB%DB9%20%84%27%FF%FD%EF%FF%FF%DFz,0,0.00,NA,0,0,0,0,0,0,NA,97
pico_reply,21:29:56,I%A9%94%AA%EF%9A%FF%FE%D6%7Fk%F0%FF%F8%AC~sOC%20%FF%F1%E6%20%20m%7CI%FF%FF%BD%FE%C6U%FF%FF%FF%FF%FF%FE%EF%FD%F7%FF%B6%20B%D1S%2BS%20K%20K%20S%2CJ%ECR%EBS%20S%20SLS%2BS%2BS%20S%2BSKSKSLKLSkSLSLSK%5BK%5BL%5BL%5BL%5BL%5Bl%5Bl%5BL%5Bl%5Bl%5Bm%5Blc%8Dcmcl%5B%8Dcmcmc%8Dk%ACc%8Cc%8Ck%ACck%5BjcKR%EAJ%EAJ%CAJ%CAJ%CAJ%EAJ%CAJ%CAJ%C9J%C9R%CAR%CBR%CBR%EA%5B,0,0.00,NA,0,0,0,0,0,0,NA,97
pico_reply,21:29:56,%5B,0,0.00,NA,0,0,0,0,0,0,NA,97
pico_reply,21:29:56,%5B%2AR%EBS,0,0.00,NA,0,0,0,0,0,0,NA,97
pico_reply,21:29:56,S,0,0.00,NA,0,0,0,0,0,0,NA,97
camera,21:29:56,Camera%2Fcontrol%20line%20discarded%3A%20too%20long,0,0.00,NA,0,0,0,0,0,0,NA,97
pico_reply,21:29:56,%FF%BE%20%7C%AE%FF%FF%A6%20t%20%3AQ%3AI%3AI%3AI%3Ai%3AI%3AI%3AI%3AI%3AI%3Ai%3Aj%3Aj%3Aj%3Ai%3A%8A2i%3A%8AB%8A%3A%89B%8AB%8ABjB%8AB%89B%8AB%8ABjJja%EAJ%20%A5K%EF%FA%DF%9F%FF%FD%7C%20%EF%F7%FF%20SY%7D%A7%FF%BE%A3%DDJ%82%E6%CE%FF%DFs%92%C6%2B%FF%FF%FF%FF%FF%FF%EF%FF%F7%FF%DF%5EB%D3SJS%20K%20J%EBS%20Z%EBR%AAJ%CBJ%CBS%2CS%2BS%20S%2BS%2B%5BK%5BK%5BlSL%5Bk%5BlSLSKSK%5BL%5BL%5Bl%5BmSlSl%5Bl%5Bl%5Bl%5Bl%5BMcmcmcmcmkmk%8Dc%8Dk%8Cc%8Dc%8Ck%8Bk%ABc%8BcK%5B%2A%5B%2AR%EAR%E9R%C9R%AAR%AAR%C9J%CAR%C9R%EAR%EBR%EBJ%EA%5B,0,0.00,NA,0,0,0,0,0,0,NA,97
pico_reply,21:29:56,%5B,0,0.00,NA,0,0,0,0,0,0,NA,97
pico_reply,21:29:56,R%EA%5B,0,0.00,NA,0,0,0,0,0,0,NA,97
pico_reply,21:29:56,S,0,0.00,NA,0,0,0,0,0,0,NA,97
pico_reply,21:29:56,S,0,0.00,NA,0,0,0,0,0,0,NA,97
pico_reply,21:29:56,%5B%2BS%2BR%EB%5BK%5B%2B%5B%2Bc,0,0.00,NA,0,0,0,0,0,0,NA,97
pico_reply,21:29:56,%5B%2C%5BKcKcKcKcKcK%5BkcLcLclk%8Cckclclklk%8Ck%8Dk%8Dk%ADs%ADk%8Dk%ADk%8Ds%ADk%ADk%8Dk%ADs%CDk%AFs%ADs%ADk%CDk%CDs%CDs%CDs%CDs%ADs%AEs%ADs%CDs%CDs%EDs%EDs%CDs%AEs%AF%3A%20R%E9%5B%20J%EAJ%CAR%CAJ%EAJ%CBJ%CBJ%C9%7B%CC%83%EEB%20%29%87BHBH%3AIK,0,0.00,NA,0,0,0,0,0,0,NA,97
camera,21:29:56,Camera%2Fcontrol%20line%20discarded%3A%20too%20long,0,0.00,NA,0,0,0,0,0,0,NA,97
pico_reply,21:29:56,S%20S%2BSK%5BLc%2BK%20Sj%5BlSLSKSk%5BL%5BL%5BL%5BmSl%5Bl%5BL%5Bl%5Blcl%5Bmclcmcmc%8Dcmkmc%8Dc%ADk%EEk%AEk%ADc%ABc%ABc%ABk%CCc%ABcl%5B%2BR%EAR%CBR%CAR%EAR%EAR%CAS,0,0.00,NA,0,0,0,0,0,0,NA,97
pico_reply,21:29:56,S%20R%EBJ%EAS%29S,0,0.00,NA,0,0,0,0,0,0,NA,97
camera,21:29:56,Camera%2Fcontrol%20line%20discarded%3A%20too%20long,0,0.00,NA,0,0,0,0,0,0,NA,97
pico_reply,21:29:56,%89B%28k%E5%FF%DE%BC%BCZ%AA%9D%EA%DF%FF%BE%FF%9D%5B%20K%3AI%3A%29%3A%29%3A%29%3AI%3AI%3Ai%3AIBI%3Ai%3Aj%3Ai%3Ai%3Ai%3Ai%3Aj%3A%89%3A%89%3Ai%3Aj%3Ai%3Aj%3Aj%3A%89B%89B%89B%89ZJ%3AH%AD%2B%CE%2F%C6%D8%DE%7B%EE%3Ac%20%DE%F1%EF%7D%8C%D3%F7Y%BC%BF%3A%24%AD%89%FF%FF%A5%9C%C6D%FF%FF%FF%FF%FF%FF%FF%FF%FF%FF%F7%FF%EF%FFB%8F%5BKR%ECR%EBB%AAS%20c%20R%CCk%A9%7COS.S%2AS%20%5B%20S%2C%5B%20Z%ACZ%AA%5B%2A%5B%2B%5BlSL%5Bk%5Bk%5BL%5BlSL%5Bm%5BK%5Bl%5B%8Cc%8C%5BLcl%5Bmclcmk%8Cclc%8Ckmc%8Ec%8Dk%EDs%EEs%CDk%8Cc%8Cc%ACc%ACc%ABc%ACk%8CcLZ%EBZ%EAR%CAZ%E9%5B,0,0.00,NA,0,0,0,0,0,0,NA,97
pico_reply,21:29:56,R%EBS%20R%EAS%2AS,0,0.00,NA,0,0,0,0,0,0,NA,97
pico_reply,21:29:56,S,0,0.00,NA,0,0,0,0,0,0,NA,97
pico_reply,21:29:56,S%20Z%EAS,0,0.00,NA,0,0,0,0,0,0,NA,94
pico_reply,21:29:56,%5B,0,0.00,NA,0,0,0,0,0,0,NA,94
pico_reply,21:29:56,%5B%20%5B%20%5B,0,0.00,NA,0,0,0,0,0,0,NA,94
pico_reply,21:29:56,%5B%2BS%20cK%5BKcLc%2CcKcKcKcKcKckclclclclclclclc%8Ck%8Ck%8Ck%ACk%ADk%ADk%8Dk%8Dk%8Dk%ADk%8Dk%ADs%ADs%CEk%CEs%CDs%CDk%CDk%EDk%EE%7B%EDs%CD%7B%AEs%CD%7Cs%EEs%EEs%CEs%CDs%CEs%CEk%ED%84m%7COR%CBS%2B%5B,0,0.00,NA,0,0,0,0,0,0,NA,94
camera,21:29:56,Camera%2Fcontrol%20line%20discarded%3A%20too%20long,0,0.00,NA,0,0,0,0,0,0,NA,94
pico_reply,21:29:56,J%CESKZ%ECS%20Z%EAkmZ%CBR%E9%95%9D%95B%AFSKS%2C%5B%2Cc%20k%20b%CA%7B%CCs%EDR%ECS-B%CC%5Bk%5BL%5BL%5BlSl%5Bm%5BL%5BlSlc%8D%5Bmc%8Ccmc%8Dcm%5B%8Ck%CCk%ADk%8Dk%8Ecmtk%EEk%CDk%ADc%ADc%8Dc%8Cc%AC%5B%8C%5Bkk%ACcLcK%5B%20R%CBZ%CAR%CCR%EBS%29S%20S%2AR%CBR%EAR%EA%5B%2A%5B%20%5B%20Z%EB%5B,0,0.00,NA,0,0,0,0,0,0,NA,94
pico_reply,21:29:56,%5B%2B%5B%20%5Bjckcl%5B%2CklclcLcLcKc%8BclcLclclcLclc%8Bclklc%ACk%ACk%ACk%ADk%8Dk%8Dk%8Dk%ADk%ADs%ADs%ADs%ADk%CDs%CDs%EEk%CDk%EDs%EDs%CDs%CD%7B%CDs%CEs%EEs%CEs%EEs%CEs%EEs%CEs%EFs%EEs%ED%84nkNR%EBJ%E8R%CAR%ECR%CBJ%EAJ%CAB%AAc%8Cs%CDk%20%5B%20%29%A89%E6%3AH2,0,0.00,NA,0,0,0,0,0,0,NA,94
pico_reply,21:29:56,J%ABk%8C%94%D0%9D%20%9D4%9D3%9D3%95%20%94%D3%94%D2%8C%92%84%91%7C%91%84%8F%84ps%EFc%AFk%ED%84%90%9D3%8C%D2%8C%D2%8C%B2%8C%D2%8C%F2%8C%D2%8C%B1%8C%91%8Cq%8C%91%8C%91%8C%E4%20%E4%21d%29%C7%29%C6%29%C6%29%C6%29%E61%E7%29%87%20%83%20%C3%20%C3%20%C3%20%C2%20%20%21d%21e%29E%21e%29d%21D%20%20%20%20%21%20%20%E4%20%E3%21%20%21%20%20%24%20%20%20%E3%20%E3%21%20%20%24%29%E5Bj%3Aj2I%3Aj%3Aj2%282H%3AH2%291%E92%20%29%E8%2A%20%29%E8%29%C8%21%C7%21%C7%29%A8%29%A71%C7%29%E8%29%E8%2A%20%2A%201%E82%20%29%E8%29%E72%202%282%282%20%2A%201%E81%E81%E82%202%202%202%202%202%282%282%282%292%292%292%20%3A%29%3A%29Jl%21%2A8%C6R%20cf%DF%F7%D7%3F%7CY%20F%3Ah%3A,0,0.00,NA,0,0,0,0,0,0,NA,94
pico_reply,21:29:56,J%8B%BD%AF%AD%D7S-S%2AS%2C%5B%20b%CCR%CCs%CA%B5%D0%B5%D4%7B%D0k%CESLc%8B%5Bl%5Bl%5Bl%5Bm%5BL%5BL%5B%8C%5BlcM%5Bmc%8Ccmc%8Cc%8Dc%8Cc%ADc%ADk%8Dk%8Dc%8Dtk%EEk%AEk%8Dk%ADk%ACk%ADc%ADc%CCc%CCk%ACc%8Ck%8Cklc%2Bb%EAR%ABJ%CA%5B%20S,0,0.00,NA,0,0,0,0,0,0,NA,94
pico_reply,21:29:56,R%EA%5B,0,0.00,NA,0,0,0,0,0,0,NA,94
pico_reply,21:29:56,Z%EAS,0,0.00,NA,0,0,0,0,0,0,NA,94
pico_reply,21:29:56,%5B%2A%5B%20%5B%20S%20S%20S%20c%2B%5B%2BcjcLc%2Bk%8CcLcLclckk%8BklcLclclcLclk%8Cklk%8Ck%ACk%ACk%8Ck%ADk%ADk%8Dk%8Dk%ADk%ADk%ADs%8Ds%ADs%ADs%ADk%ADs%ECk%EDs%EDs%CDs%CD%7B%CDs%CE%7B%CE%7B%CEs%CEs%CE%7B%EEs%CD%7B%EEs%CEs%ED%7C%20%7Cs%8E2%2BJ%E9cLR%ECJ%CAR%CAR%CBR%ECR%EAk%AA%84%8FR%ED%29%8A%3A%27%3A%28JjBIk%CC%84%92%9D4%9D4%9D3%9D3%95%20%8C%F2%8C%B1%8C%D1%84%91%84o%84pt%2Fs%EFc%B0d%8C%D0%8C%D3%8C%D2%8C%D2%8C%D2%94%F3%8C%F2%94%D2%94%D2%8C%91%8Cq%8Cq%8C%20%20%24%29%A4%29%C7%29%A6%29%C6%29%C6%29%C7%29%A7%29%86%20%83%20%C3%20%C3%20%C3%20%C2%21C%21e%21e%21e%20d%29f%21F%20,0,0.00,NA,0,0,0,0,0,0,NA,94
pico_reply,21:29:56,2%29%2A%282H2I%2A%20%29%E8%21%A8%29%C8%29%A8%29%C7%2A%20%2A%20%2A%20%2A%202%20%29%E8%29%C8%29%E8%2A%20%2AH%3Ai%2A%202%201%E81%E82%202%202%202%202%202%282%282%28%3A%282%282%292%29%3A%292I%3AIJ%AC%3AKB%20Q%E9Ri%5B,0,0.00,NA,0,0,0,0,0,0,NA,94
pico_reply,21:29:56,B%AE%21j%2A%20%3AH%3AI%3AI%3AI%3AI%3A%89%3Ai%3Ai%3AI%3AI%3Ai%3Ai%3AjBI%3A%29B%89%3Aj%3A%89%3A%89%3Ai%3A%89Bj%3A%8A%3AiB%8B%3AkBjRKR%2Bz%CA2%8B%E7n%DF%3Dc%F7%FF%FC%FF%FF%5B%F9%F7%F9%A4%BC%7B%20Ji%FF%F3%E6%BFR%AC%FF%FB%FF%FF%FF%FF%FF%FF%FF%FF%EF%FF%FF%FFR%FC%5B%27%5B%20c%20%5Bj%9C%AC%A4%F4%7Cc%8F%FF%F8%D7%20S0K%2BSlc%20k%2CS%29%A5%8D%EF%F8%D7z%9C%F4%95VS-%5Bl%5BlcL%5Bl%5Bm%5BL%5BL%5B%8C%5Bl%5Bm%5Blc%ADclc%8Cc%8Dc%ACc%ACc%ADk%8Dc%ADc%8Dk%CDk%ADk%ADk%8Dk%8Dk%CDk%ADc%CDc%CDk%CEk%8Dc%8Cc%8Bc%8Bk%ACkl%5B%2CR%EA%5B%2AS,0,0.00,NA,0,0,0,0,0,0,NA,94
pico_reply,21:29:56,R%CA%5B,0,0.00,NA,0,0,0,0,0,0,NA,94
camera,21:29:56,Camera%2Fcontrol%20line%20discarded%3A%20too%20long,0,0.00,NA,0,0,0,0,0,0,NA,94
pico_reply,21:29:56,I%3AI2%292%29%3AIJHA%E9%20H%20F%21%A7%3AJBI%3AI%3AI%3AI%3AI%3A%89%3Ai%3AJ%3AI%3AI%3Ai%3Ai%3Aj%3Ai%3A%89%3AJ%3Ai%3A%89%3Ai%3Ai%3A%89%3A%89%3A%8A%3AiB%8AB%8BB%8BJjJ%2BI%C7A%A7%8B%8Ek%90%94%AA%FF%FF%EF%9D%CFP%E7%FF%B5Yr%94%3A%20%FF%F2%B5%DD%A5%28%FF%FF%FF%FF%FF%FF%FF%FF%FF%FF%F7%FF%E7%DF%5BSJ%CC%5B%20b%CDB%CA%B5%AC%BD%FA%A5%91%A5U%FF%FF%E7%BEk%F1K%20SKj%ECR%AB%7B%C9%DE%F5%EF%FF%FF%FB%F7%DC%BE%5E%5Bo%5B%8B%5B%8C%5Bl%5Bl%5Bl%5Bmcm%5B%8C%5B%8Cc%8Dk%ADc%ADc%8Dc%8Dc%8Dc%8Dc%ADc%ADk%8Dk%CDc%ADc%AEk%CDk%ADk%8Dk%8Dk%ADk%ADc%CDc%CDk%CDk%CDk%CDk%CCk%CCk%CCk%8Ck%8Ck%8C%5B%2CR%EA%5B,0,0.00,NA,0,0,0,0,0,0,NA,94
pico_reply,21:29:56,Z%EBR%EA%5B,0,0.00,NA,0,0,0,0,0,0,NA,94
camera,21:29:56,Camera%2Fcontrol%20line%20discarded%3A%20too%20long,0,0.00,NA,0,0,0,0,0,0,NA,94
pico_reply,21:29:56,%20%3A%28%3AI%3A%20%3A%202%29%3A%29%3AH%3AI%3AI%3AI%3A%2A%3AI%3AI%3Ai2I%3Ai%3AI%3AI%3Ai%3A%89%3AI%3Ai%3Ai%3AI%3Ai%3AIBi%3Ai%3Aj%3A%8A%3AiB%8ABiB%8AB%8AB%8AB%8AJJA%AAA%AA%29%87l,0,0.00,NA,0,0,0,0,0,0,NA,94
pico_reply,21:29:56,%BD%20s%F3%F7%92%EF%FF%F7%FFZ%D2k%8C%FF%F7%84%2F%DE%CE%FF%FF%FF%FF%FF%FF%FF%FF%FF%FF%F7%FF%D7%7FB%CFS%2B%5B%20j%CDK%20%C6%CE%E7%3C%F7z%ADW%EF%FA%C6%DF%95WJ%ED%5B%2Cj%ECC,0,0.00,NA,0,0,0,0,0,0,NA,94
camera,21:29:56,Camera%2Fcontrol%20line%20discarded%3A%20too%20long,0,0.00,NA,0,0,0,0,0,0,NA,94
pico_reply,21:29:56,%20%24%21E%21e%21e%29F%21%25%21D%29E%29E%29%A61%C72%282I%3AI%3A%8A%3AJ%3AJ%3AI1%E92%20%2A%202H%3AI%3Ai%3A%292H2%282%201%E8%3A%28%3AiBj2%2B2%202%201%E81%E81%E82%20%2A%202%202I2i2%29%3A%202%292%292%202%202%20%3A%282%28%3AH2H%3AI%3AI%3A%292i%3AJ%3AI2I2I%3A%292J%3Ai%3AI%3AJ2H%3AI%3AI%3Ai%3Ai%3Ai%3AI%3Ai%3Ai%3Ai%3Ai%3AiBI%3AIBj%3A%8A%3A%89%3AjBj%3A%89B%8AB%8A%3A%AAB%8AB%8AB%8AR%2AQ%EBIiJ%20K%88%CF%9A%EF%FER%D2s%AE%FF%F7%9D%3D%CEs%FF%FF%FF%FF%FF%FF%FF%FF%FF%FF%FF%FF%9D%BF%3AhS%2CZ%EBj%8BR%C8%EFq%FF%FF%BE%20%DF%20%C6%DF%F7%FB%95%3EJ%EBc%2Cb%CC%5B,0,0.00,NA,0,0,0,0,0,0,NA,94
pico_reply,21:29:56,S%2A%5B%2B%5BK%5B%2A%5BK%5BLc%2Cckck%5Bl%5Bkc%ABk%8Dkkklc%8Cklklklc%8Ck%8Cs%EDk%ACk%8Dk%8Dk%8Ck%ADs%ADk%ADk%ADs%CDs%AEs%AEs%ADs%CDs%CDs%AD%7B%AD%7B%CE%7B%EDs%EDs%EEs%CEs%EEs%EEs%EE%7B%EE%7C%20%7C%20%7B%EE%7B%EE%7B%CD%7C%20%7B%EE%7B%EEt%20t.%8C%2Fk%90%29%8A%20f%29%E6%5B%20R%ABR%AAR%CAJ%AAJ%CA%3Aj%5B%29s%EBsmA%EA1%87BHBgK%2Bc%CC%8C%B2%9D4%9DT%953%95%20%95%20%94%F3%8C%91%8C%B1%8C%91%84Q%7C%20s%EFk%AFSmt.%953%8C%D2%8C%F2%8C%D2%8C%D2%8C%F2%8C%D2%8C%B2%8C%B2%8C%24%21%851%C7%29%A7%29%A6%29%C6%2A%201%C8%21H%20%C3%20%E3%20%C3%20%C3%20%E2%20%23%20e%21d%29%85%21%24%20%24%21D%21d%21D%20%24%20,0,0.00,NA,0,0,0,0,0,0,NA,94
pico_reply,21:29:56,2%202%201%E82%202%20%2A%20%2A%20%2A%20%2AI2I2,0,0.00,NA,0,0,0,0,0,0,NA,94
pico_reply,21:29:57,%3A%202%292%20%3A%202%202%28%3A%28%3A%292%29%3A%29%3AH%3A%29%3A%292I%3AJ2I2%88BiBj%3AI%3AI%3Ai%3AIB%89%3Ai%3AI%3AI%3Ai%3AI%3AI%3Ai%3Ai%3Ai%3Ai%3AIBI%3AI%3Aj%3Ai%3Ai%3AiBi%3Ai%3A%89B%8A%3A%AAB%AAB%AAB%AABjB%2AJ%2AI%899%CA%3Aik%29ImBG%F7%F2%EF%BE%FF%FC%EF%7B%EF%7D%FF%FF%FF%FF%EF%FF%FF%FF%2A%20K%20%5B%2CZ%CBj%8BcH%FF%D3%F7%FFb%B6%FF%F9s%B5%FF%FB%9D%7F%5BJk%2CK%2C%5BJ%FF%FA%7C8%E7%20%FF%FF%F7%FF%FF%FFS%20%5B%8A%5B%8D%5Bl%5Bl%5Blcmclk%ACk%8Dc%8Cc%8Dcnc%8Dc%8Dk%8Dk%8Dc%ADc%ADk%ADk%CDc%ADc%ADc%AEc%CDc%CDc%CEc%CDk%CEk%CDc%EDk%EDk%EEk%CEk%CDk%CDk%CDk,0,0.00,NA,0,0,0,0,0,0,NA,94
pico_reply,21:29:57,%5BJck%5B%2C%5B%2A%5BK%5B%2AcK%5BLc%2C%5BKclcLcl%5Blc%2BcLklc%8Cklkmklc%8Ck%8Bs%CDk%ACk%8Ck%ADk%ADk%ADs%ADk%ADs%CDk%CDs%CDs%CDs%CDs%ADs%AEs%AD%7B%CD%7B%CE%7B%EDs%EDs%CEs%EEs%EFs%CE%7C%20t%20t%20t%20%7B%EF%7B%EEs%CE%7B%EE%7C%20%7C%20%7C.%7CN%8Cos%F1%29k%29%86%20G%3A%20Jh%5B%20S,0,0.00,NA,0,0,0,0,0,0,NA,94
camera,21:29:57,Camera%2Fcontrol%20line%20discarded%3A%20too%20long,0,0.00,NA,0,0,0,0,0,0,NA,94
pico_reply,21:29:57,%3AF%F7%F6%84%FFS%20kR%AB%AC%CB%E7%FF%BD%B3%BE%20%E7%DD%CE%FD%F7%FCJ%F2%5Bk%5Bl%5Bl%5Blclcmc-k-k%2Cklk%ECk%CCc%ADcmk%8Dk%8Dc%ADc%ADc%CDk%ADc%ADk%8Ec%8Ec%CCc%CDc%CDc%EDk%CDk%CEk%CDk%CDs%CDk%CEk%EEc%EDk%CDk%EDs%CEk%EDk%EDs%EDs%CDk%CDs%CCkLkkckcJc%2B%5B%20%5BJ%5B%2A%5Bk%5BLc%2CcKc%8CcL%5BL%5BlcKslcLk%8CklkmkLk%8Ck%ABk%CDk%ADk%8Ck%ADk%ADs%ADk%ADs%CDs%CDs%ADk%CDs%CDs%CDs%CDs%CEs%AD%7B%CE%7B%EEs%CDs%ED%7B%CEs%EEt%20s%CE%7C%20%7B%EE%7B%EEt%20%7B%EF%83%CEs%CD%83%EE%83%EE%84%20%7C.%84N%84%20%7B%CF%29%CC1%C5%29%A8%21e%2A%20%5B%2A%5B%2C,0,0.00,NA,0,0,0,0,0,0,NA,94
camera,21:29:57,Camera%2Fcontrol%20line%20discarded%3A%20too%20long,0,0.00,NA,0,0,0,0,0,0,NA,94
pico_reply,21:29:57,k%5B,0,0.00,NA,0,0,0,0,0,0,NA,94
pico_reply,21:29:57,%AD%AD%EF%BD%F7%3B%84W%DF%9C%D6%FD%F7%FDS2ckcL%5BL%5BlcLkMs%2Cs%2C%83%ED%8CP%7CQ%5BMc%ADc%8Dc%8Dk%8Dc%ADc%CDc%CDk%ADk%ADk%8Dc%8Ec%CCk%CDc%CDc%CDk%CDk%CEc%EDt%20s%EEk%EEk%EEk%EEk%EDk%CDs%CEk%EEk%EEs%EEs%EEls%EC%7B%EDs%CDkmc%2B%5B%2B%5B%2B%5B%2BS,0,0.00,NA,0,0,0,0,0,0,NA,94
camera,21:29:57,Camera%2Fcontrol%20line%20discarded%3A%20too%20long,0,0.00,NA,0,0,0,0,0,0,NA,94
pico_reply,21:29:57,2%28B%CAB%8A%3AJ2H%3AI2,0,0.00,NA,0,0,0,0,0,0,NA,94
pico_reply,21:29:57,2%29%3AI%3AI%3AI%3Ai%3AI%3AIBI%3AJ%3Ai%3Aj%3Aj%3Ai%3Ai%3Aj%3Aj%3Ai%3Ai%3Aj%3AiBj%3Aj%3A%89BjB%8AB%8AB%8B%3A%C9B%AAB%8BB%A9J%EBJ%CBJ%EAR%ABbkQiY%A8ZJ%94%CF%F7%B9%FF%FF%F7%FF%D7%20c%95%3AIJ%CBc%20S%2B%84%2B%DF%20%FF%9A%B5%DE%D60%9D%FA%CD%F2%AE%20%3Amc-j%ADJ%A9%CF.%FF%FE%B5%DC%BD%EF%FF%FF%FF%FF%EF%DFB%CDcLcL%5BLclkMs%20j%AC%7C%2C%C7%20%F7%7B%9D%7Dc%AEk%8Cc%8Dclk%8Ec%8Dc%CDc%CDc%ADk%ADk%ADc%CDk%EDc%ADc%CDk%CDk%CDc%EEdt%20k%EEk%EDk%EEk%EEk%EDk%EEk%EEs%CEs%EDs%EEs%EEt%20ts%EDs%CDs%ADs%ADc%8Cckc%8CcK%5BJcKcKc%2Bc%8Dclckc,0,0.00,NA,0,0,0,0,0,0,NA,94
camera,21:29:57,Camera%2Fcontrol%20line%20discarded%3A%20too%20long,0,0.00,NA,0,0,0,0,0,0,NA,94
camera,21:29:57,Camera%2Fcontrol%20line%20discarded%3A%20too%20long,0,0.00,NA,0,0,0,0,0,0,NA,94
pico_reply,21:29:57,%21%20%21%20%20%20%21D%21E%21E%21E%29e%21E%29E%21%25%21E%21E%21E%21E%21E%21E%21d%21e%21E%21E%21D%21d%21D%21%25%21D%21%25%21%25%21E%29%20%21%26%21d1%E71%E8%3AI%3AjB%AABk%3A%2A%3Aj%3A%29%3Aj%3Ai%3AI%3AI%3AI%3AI%3A%29%3A%29%3A%29%3A%292%20%3A%292%292%292%292%292%292I2%282%282%282%292%28%3Aj%3AJ2%29%3AI%3A%29%3AI%3A%2A%3A%29%3AI%3AI%3AI%3Ai%3AI%3AI%3AiBIBJ%3AI%3Ai%3Ai%3Ai%3Ai%3Ai%3AiBjBJBjBjB%8AB%AAB%AAB%8AB%8AB%8A%3A%8AB%CAB%CAB%EAB%AAB%CAB%CBJ%CBJ%CBR%ACR%8BZKR%2A9%A9%3A%2B%2A,0,0.00,NA,0,0,0,0,0,0,NA,94
camera,21:29:57,Camera%2Fcontrol%20line%20discarded%3A%20too%20long,0,0.00,NA,0,0,0,0,0,0,NA,94
camera,21:29:57,Camera%2Fcontrol%20line%20discarded%3A%20too%20long,0,0.00,NA,0,0,0,0,0,0,NA,94
camera,21:29:57,Camera%2Fcontrol%20line%20discarded%3A%20too%20long,0,0.00,NA,0,0,0,0,0,0,NA,94
camera,21:29:57,Camera%2Fcontrol%20line%20discarded%3A%20too%20long,0,0.00,NA,0,0,0,0,0,0,NA,94
camera,21:29:57,Camera%2Fcontrol%20line%20discarded%3A%20too%20long,0,0.00,NA,0,0,0,0,0,0,NA,94
camera,21:29:57,Camera%2Fcontrol%20line%20discarded%3A%20too%20long,0,0.00,NA,0,0,0,0,0,0,NA,94
camera,21:29:57,Camera%2Fcontrol%20line%20discarded%3A%20too%20long,0,0.00,NA,0,0,0,0,0,0,NA,94
camera,21:29:57,Camera%2Fcontrol%20line%20discarded%3A%20too%20long,0,0.00,NA,0,0,0,0,0,0,NA,94
camera,21:29:57,Camera%2Fcontrol%20line%20discarded%3A%20too%20long,0,0.00,NA,0,0,0,0,0,0,NA,94
pico_reply,21:29:57,1%29%89%21%A71%C8%29%A81%C81%C81%C71%C71%C7%29%E5BfS,0,0.00,NA,0,0,0,0,0,0,NA,94
pico_reply,21:29:57,J%CAR%CAR%CBJ%CBK%20c%8Csn%5B9%C79%C91%E8Si%7Cm%9DS%95S%8C%F3%94%F3%94%F3%94%F2%8C%D1%8C%D1%84P%7C%20s%B0cm%5Bk%7C%2F%94%B3%94%B3%94%A71%A6%29%E6%2A%201%E71%E8%20%26%20%E3%20%E3%20%C3%20%C3%20%C3%21D%21E%21d%29e%21%20%21%24%21%20%21%20%20%20%21%20%20%E4%21%20%20%20%20%20%20%20%20%E4%21%20%20%20%21%24%20D%21d%21e%21E%21E%20CB%A5%5B1%C9%21%25%21E%21E%21E%21E%21E%21f%29F%21e%20D%21E%21E%21E%21E%21E%21%24%21%24%21E%21E%21e%21e%21E%21E%29e%21e%21%85%21%85%29f%29f%29%85%29%85%29%86%29%86%29%86%29%86%29%86%29%86%29%859%C69%861F%29%A62%202h%3A%A9J%EBB%ABB%ABB%8B%3A%8A%3A%8A%3Ai%3AiBi%3Ai%3AIBi%3Ai%3Ai%3A,0,0.00,NA,0,0,0,0,0,0,NA,94
pico_reply,21:29:57,S%20S%20S%20S%20K%20K,0,0.00,NA,0,0,0,0,0,0,NA,94
pico_reply,21:29:57,SLSL%5B%2Cj%ACZ%EBtI%FF%FF%E6%20%5B,0,0.00,NA,0,0,0,0,0,0,NA,94
pico_reply,21:29:57,%D6%D4%FF%FC%C6%DFJ%CBS%2CS%8C%5BmcMcNK%20%7B%F1%D6%D9%FF%FD%FF%FF%FF%FF%FF%FF%95%20%5Bkc%ADc%ADc%8Dk%8EsnS%8D%A4%AA%CE%DD%AD%B0%C6%BEc%CFk%CDk%CEc%ADk%EDl%20l%20k%EEk%EEk%EEs%EEt-t%20s%EEs%EEs%EE%7B%EE%7C%20%7C%20%7C%20%7C%20%7C%2F%7C%2F%7C%2F%7C%2F%7C%2FtO%7C%2F%7CO%84o%7Co%84O%7Co%7Co%84%8F%84o%7CO%7CN%7B%EDs%CDk%8Ck%8Cc%8Bk%CCk%8Dk%ACs%ADs%ADs%CDk%ACk%ACs%ADs%CDs%CDs%CDs%EDs%CDk%CDs%EDs%CEs%EDs%ED%7B%EEt%20t%20s%EEt%20%7C%20%7C%20%7C.%7C.%7C%20%7C%20%7C%20%84%20%7C%20%7C%2F%7C%2F%84%2F%84%2F%7C%2F%84O%84%2F%84%20%84O%84n%84N%7B%D1%3A%2C%29%C71%C8%29%C8%29%E72%202%28%3AH%3A%201%A9%20E2,0,0.00,NA,0,0,0,0,0,0,NA,94
camera,21:29:57,Camera%2Fcontrol%20line%20discarded%3A%20too%20long,0,0.00,NA,0,0,0,0,0,0,NA,94
camera,21:29:57,Camera%2Fcontrol%20line%20discarded%3A%20too%20long,0,0.00,NA,0,0,0,0,0,0,NA,94
pico_reply,21:29:57,e%21e%21E%21E%21e%21%85%29%A7%29%86%21e%21e%21e%21d%21D%21E%21%24%21%24%21%24%21D%21e%21e%21e%21e%21e%21e%21e%21%85%21e%21e%29%85%29%85%29%86%29%86%29%86%29f%29%86%29%85%29%E6%3A%271%A8%29%A7%29%A61%87%29g%29%86%29%861%861%E6%3A%20%3AI%3A%89B%C9J%EBB%ABB%8BJ%8AJ%AA%3AjB%8ABi%3Aj%3Ai%3AI%3AI%3AI%3AI%3Ai%3Ai%3Ai%3AI%3AI%3AI%3AI%3Ai%3Ai%3A%89%3A%89%3AiBjBi%3A%89B%8ABiBiB%8ABiB%AAB%89B%AAB%AAB%CAB%AAB%AAB%AAB%CAJ%EAJ%CB%3A%AAK,0,0.00,NA,0,0,0,0,0,0,NA,94
pico_reply,21:29:57,B%EBJ%EBS%20J%EBS%20R%EBJ%EBJ%EBK,0,0.00,NA,0,0,0,0,0,0,NA,94
pico_reply,21:29:57,S,0,0.00,NA,0,0,0,0,0,0,NA,94
camera,21:29:57,Camera%2Fcontrol%20line%20discarded%3A%20too%20long,0,0.00,NA,0,0,0,0,0,0,NA,94
pico_reply,21:29:57,%21%20%21%20%21%20%21%20%20%E4%20%20%20%24%21D%20%201%C6%29%A7%21E%29D%21E%20%24%20%24%21e%21e%21e%21e%21f%21e%21e%21%85%29%A7%21%86%21e%21e%21E%21e%21e%21E%21%24%21%24%21%24%21D%21e%21e%21e%21e%29f%21e%21%85%21%85%29e%21%85%29e%21%86%29%86%29%86%29%86%29%86%29%85%21%86%29%E6%3A%201%A81%A61%861%861%A61%A6%29%86%29f%29%85%29%861%86%29%C7%29%E7%3AHB%88J%EAS%20J%EBB%ABB%AABj%3A%8A%3A%89Bj%3AJ%3AI%3AI%3Ai%3Ai%3AJ%3Ai%3AI%3AiBI%3Ai%3Ai%3Ai%3Ah%3AjBjBi%3A%89%3A%8AB%89BjB%8ABiB%AAB%8AB%AA%3A%8AB%CAB%AAB%AAB%AAJ%CAJ%CAJ%CBB%CBJ%EAJ%CBJ%CAB%AAK%20K,0,0.00,NA,0,0,0,0,0,0,NA,94
pico_reply,21:29:57,J%CBJ%EBJ%EBK%20S%20S%20S%20R%EBS%20S%20S%2CS%2BR%EBcZ%8EkK%FF%F9%FF%FF%EF%FE%F7_S%20%5BJclcLcl%5BmcMS%90R%F5%ADs%F7%B7%E7%FF%BE_%A5%20%7CRc%8Dc%ADc%8Dc%ADc%ADk%8Dk%CE%5B%20%F7%F7%FF%FD%EF%9F%5BSc%CCk%AEk%AEcl%9C%CD%94%91%84Qk%D0c%AEk%EFt%20t%20t%20t%20t%20t%20t%20t%2F%7C%2F%7C%20%7C%20%7C%2F%7C%2F%7C%2F%7CO%7C%2F%7CO%7C%2F%7C%2F%84o%84%8F%7C%8F%7C%8F%84o%84p%7Co%84%90%7C%8F%84o%84o%84n%84%8F%7C%2F%7B%EEs%AD%7B%EEk%ADk%CDk%CDk%CDs%ADk%CDs%CDs%EDs%EDs%CEs%CDk%CDs%EEs%CEs%CEt%20%7B%EEs%CEs%ED%7C%7B%EE%7C%20%7B%EE%7C%20%7C%2F%84%2F%7C%20%84%20%84%2F%84%2F%84%2F%84%2F%84%2F%84O%7C%2F%8C,0,0.00,NA,0,0,0,0,0,0,NA,94
pico_reply,21:29:57,%29%C71%E7%29%C81%C7%3A%282%202%201%E81%E71%E7%29%A8%21%A6BfR%EBJ%8AR%AABjSit%8D%8C%2Fc%201%A91%E7%21%C8SJtN%9DS%95%20%8C%F2%94%F2%8C%D2%84%B1%84q%8Cp%7C%2Ft%20kns%8Ds%8Ds%A61%C6%2A%202%201%E8%29G%20%A3%20%E3%20%E3%20%E3%20%E3%21d%20E%29%84%29e%20%24%20%24%21%20%20%E4%20%20%20%23%21%20%21%20%21%20%21%20%20%20%20%20%20%24%21%20%20%20%21D%20%241%C61%C6%21E%21E%21E%21E%29E%21e%21e%21e%21e%29e%21e%21e%21%A5%29%C7%21e%21E%21E%21e%21D%21e%21D%20%25%20%24%20%24%21D%21e%21e%21e%21e%21e%21e%21e%21e%21e%21%85%21%85%29f%29%86%21%86%21%86%29%86%29%85%29%A6%29%A6%29%86%29f%29%A6%29%A6%29%A6%29%A6%29%A6%29%A6%29%A6%29%C6%29,0,0.00,NA,0,0,0,0,0,0,NA,94
camera,21:29:57,Camera%2Fcontrol%20line%20discarded%3A%20too%20long,0,0.00,NA,0,0,0,0,0,0,NA,94
pico_reply,21:29:57,%21%20%20%E4%20%20%20%20%20%20%21%20%21%20%20%20%20%20%20%20%20%20%21%20%20%20%20D%21%841%E71%C7%21E%21E%21E%21E%21E%21e%21e%21%85%21e%29E%29e%21%85%21%A5%29%A6%21%85%21e%21E%21E%21D%21e%21D%20%20%20%24%20%24%21D%21e%21E%21E%21e%21e%21e%21f%29f%21e%21%85%21%86%29%86%29%85%29%A6%21%86%29%86%29%85%29%A6%29%C6%29%A6%29%A6%29%A6%29%A6%29%86%29%A6%29%A6%29%A61%A6%29%A6%29%A6%29%A61%C61%C71%A6%29%86%29%86%29f%29%86%29%A79%E8BIB%89J%CAB%AAB%CAB%AAB%AAB%AABj%3A%8A%3A%8AB%89Bj%3AJ%3AIBjBiB%89BiBjBjB%8ABi%3A%89%3A%89B%8AB%8AB%8AB%8AB%AAB%CAB%AAB%CAB%AAJ%EAJ%CAB%CBB%CAJ%CBB%8AJ%CAK,0,0.00,NA,0,0,0,0,0,0,NA,94
pico_reply,21:29:57,J%CAB%EAS,0,0.00,NA,0,0,0,0,0,0,NA,94
camera,21:29:57,Camera%2Fcontrol%20line%20discarded%3A%20too%20long,0,0.00,NA,0,0,0,0,0,0,NA,94
camera,21:29:57,Camera%2Fcontrol%20line%20discarded%3A%20too%20long,0,0.00,NA,0,0,0,0,0,0,NA,94
camera,21:29:57,Camera%2Fcontrol%20line%20discarded%3A%20too%20long,0,0.00,NA,0,0,0,0,0,0,NA,94
camera,21:29:57,Camera%2Fcontrol%20line%20discarded%3A%20too%20long,0,0.00,NA,0,0,0,0,0,0,NA,94
pico_reply,21:29:57,%8C%90%A51%AD%D5%9DT%AD%93%AD%B4%A5S%A5%B4%8C%92c%20B%CB%3AG%3A%291%E8%29%E71%E82%202%202%202%201%A71%871%87%20%26%3AFJ%A8J%ACJ%CAR%EAJ%ACB%CA%5B,0,0.00,NA,0,0,0,0,0,0,NA,94
camera,21:29:57,Camera%2Fcontrol%20line%20discarded%3A%20too%20long,0,0.00,NA,0,0,0,0,0,0,NA,94
pico_reply,21:29:58,t6S%20c%CEc%ADc%ADc%8Dc%ADs%8Dcnk%EC%FF%96%AD%DD%5B%90c%ADk%EEs%AE%5B%AD%94-%B5%9A%95P%EFz%E7%3C%BE%20k%F6t-t%20c%AF%7C%AF%B5%F4%84%B7t%20t%2Ft%2F%7C%2F%7C%2FtO%7C%20%7CO%7CO%7CO%84O%84O%7CO%7Co%7C%8F%7Co%84p%84p%84p%84%90%7C%8F%84%8F%84%8F%84%90%84%B0%84%B0%84%B0%84%B0%8C%D0%8C%90%84%91%8C%90%8C%B0%8C%B0%84p%84p%84%2F%7B%EE%7B%ADs%ACs%CD%7B%ED%7B%EEs%EE%7B%EEt%20%7B%EE%7B%EE%7B%EEt%20s%EE%7C%7C%20%7C.%7C%2F%7C%2F%84%2F%7C.%84%2F%84%2F%84%2F%84O%84o%8CP%8CP%84p%94%B0%A5r%AD%B4%A5U%A5T%A5%93%ADs%A5T%8C%D3k%90k%AC%3A,0,0.00,NA,0,0,0,0,0,0,NA,94
pico_reply,21:29:58,%3A%281%E71%E71%E81%E8%29%E82%202%20%29%A7%29%A7%29%A7%29G%29f%29%C4%5B%20R%EBBkB%29BJB%C8s%C9k%AE%29%A91%C8%29%E8K%28tN%95%20%8C%F3%8C%D1%8C%B2%8Cq%8Cq%84%20%7B%CF%7B%CF%7B%C72%202%20%3A%20%20%26%20%20%20%E3%20%E3%20%E3%20%E3%29c%21E%21E%29e%21%23%21%20%21%20%21%20%20%24%20%24%20%20%20%20%20%20%20%20%20%20%20%20%21D%21%25%20%20%20D%20%831%C51%E8%21E%21E%21e%21%85%29%A6%29%A61%A6%29f%21E%29E%21E%21%25%21e%29%85%29%85%21e%21e%21d%21E%21E%21e%21e%21%25%21%24%21%25%21E%21e%21e%21e%21e%21f%21f%21e%29e%29e%29e%21e%29%85%29f%29%86%29%86%29%86%29%86%21%85%21%85%29%A6%29%86%29%A6%29%86%29%A6%29%A6%29%A6%29%A61%A6%29%A6%29%A6%29%C6%29%A6%29,0,0.00,NA,0,0,0,0,0,0,NA,94
camera,21:29:58,Camera%2Fcontrol%20line%20discarded%3A%20too%20long,0,0.00,NA,0,0,0,0,0,0,NA,94
pico_reply,21:29:58,%AB%8C%F0%9DT%8C%D2%8C%D2%8C%91%8C%B1%84Q%84%20%84%20%84%E62%202%27BH%20%E6%20%C3%20%E3%20%C3%20%E3%20%C2%29%84%20E%21E%21F%21%20%20%24%20%20%20%20%21%20%20%20%20%20%20%24%20%24%20%20%20%20%20%20%21%20%21%24%20%23%21%24%21e%21d%21e%21%24%29D%21E%21e%29%A6%29%A6%29%86%21e%21e%21E%21e%21e%21e%21F%21E%21E%21e%21e%29E%21E%21e%21d%21E%21%25%20E%21E%21E%21e%21e%21e%29f%29f%21e%21%85%29e%29e%29%86%21%86%29%86%29f%29%86%29e%29%85%29%A5%29%86%29%86%29%A6%29%A6%29%A6%29%A6%29%A6%29%A6%29%A6%29%A6%29%A6%29%A61%A6%29%A61%A61%A6%29%A61%C61%C61%C61%A61%C61%C61%C71%C71%A71%C61%C61%E71%E72%20%3A%201%E79%C71%871%C6%29%E6BhB%AAK,0,0.00,NA,0,0,0,0,0,0,NA,94
camera,21:29:58,Camera%2Fcontrol%20line%20discarded%3A%20too%20long,0,0.00,NA,0,0,0,0,0,0,NA,94
pico_reply,21:29:58,%29%C8B%A7%5B%EC%95p%955%8C%B3%84%B1%84%B1%84Q%84P%84P%84%E72%26%3A%279%E8%20%C5%20%E3%20%C3%20%C3%20%20%20%E1%29%A5%20%25%29%A5%21%25%20%23%20%24%20%20%20%20%21%20%21%20%20%24%20%24%20%24%20%20%20%20%20%20%21%20%29%24%20%23%21%24%21E%21e%21%24%21D%21D%21%85%29%A61%C7%29%85%21e%21e%29E%21E%21e%21E%21e%21e%21E%21e%21e%21e%29E%29E%21E%21e%21E%21%25%20D%21D%21E%21E%21e%21e%29F%21E%21e%29e%29e%21e%29%86%21%86%29%86%29f%29%A61%A6%29%86%29%A6%29%86%29%86%29%86%29%A6%29%A6%29%A6%29%A6%29%A6%29%A6%29%A6%29%A6%29%A61%A6%29%A6%29%A61%A6%29%A6%29%C6%29%C61%C61%C61%C61%C61%C71%C61%C61%C61%E61%E71%E72%202%209%E79%E79%E71%C71%C61%C72%20B,0,0.00,NA,0,0,0,0,0,0,NA,94
camera,21:29:58,Camera%2Fcontrol%20line%20discarded%3A%20too%20long,0,0.00,NA,0,0,0,0,0,0,NA,94
pico_reply,21:29:58,%20%E3%20%C3%20%E3%20%20%21C%20f%21d%29f%20%20%21%20%20%20%20%20%20%20%21%20%20%20%21%24%21%24%20%20%20%20%20%20%20%20%21%24%21%24%21%20%21%24%21E%21e%21D%21D%21E%29%A4%29%C61%C6%21e%21e%21e%21e%21E%21e%21e%21e%21E%21E%21E%21e%21e%29E%21E%21E%21E%21E%21%25%20D%21D%21E%21e%29e%21f%29F%21e%21e%21%85%29e%21e%29%85%29%85%29%85%29%A6%21%86%29%86%29%A6%29%A6%29%86%29%86%29%A6%29%A6%29%A6%29%A6%29%A6%29%A6%29%A6%29%A6%29%A6%29%A6%29%A6%29%A61%A61%A61%A6%29%C61%A61%A61%A61%C61%C6%29%C61%C61%C61%C61%E61%E62%202%201%E71%E71%E71%E71%E7%3A%20%3A%201%E82%209%E81%A71%E7%3AhB%A8K%20SKS%20K%20K%20SLK%20S-K%20K,0,0.00,NA,0,0,0,0,0,0,NA,94
camera,21:29:58,Camera%2Fcontrol%20line%20discarded%3A%20too%20long,0,0.00,NA,0,0,0,0,0,0,NA,94
camera,21:29:58,Camera%2Fcontrol%20line%20discarded%3A%20too%20long,0,0.00,NA,0,0,0,0,0,0,NA,94
camera,21:29:58,Camera%2Fcontrol%20line%20discarded%3A%20too%20long,0,0.00,NA,0,0,0,0,0,0,NA,94
camera,21:29:58,Camera%2Fcontrol%20line%20discarded%3A%20too%20long,0,0.00,NA,0,0,0,0,0,0,NA,94
camera,21:29:58,Camera%2Fcontrol%20line%20discarded%3A%20too%20long,0,0.00,NA,0,0,0,0,0,0,NA,94
pico_reply,21:29:58,SK%5B%8DSlSLK%2CS%2CKJ%EBK%20J%EBS%20J%ACJ%CBJ%EBK%20S%20S%20S%20R%EBS%20K%20K,0,0.00,NA,0,0,0,0,0,0,NA,94
pico_reply,21:29:58,cLSKSKSLS%2CS%2CSl%5Bl%5Bl%5BL%5BL%5BL%5BL%5BL%5Bm%5Bm%5B%8Dcmc%8Dc%8Dc%8Cc%8Cc%8Dc%ADc%8Dc%8Ec%ADc%ADk%ADk%ADkmc%ADlk%CDk%CDk%CDs%B0%5B%DF-%EF%FC%E7%FC%E7%BE%FF%FBcvk%AClO%7C%AE%95u%84%D3%8Dr%C6%D5%84%B5%7C0%7C%20do%84l%C79%95%20%CE%B8%84o%84P%84P%84P%7CO%7CO%7C%90%84%90%84%90%84o%84%90%84%90%84%B0%84%B0%84%90%8C%90%8C%B0%84%D1%8C%B1%84%D1%8C%D0%8C%B0%8C%D1%94%B1%8C%D1%94%B1%94%B1%94%B1%94%B1%8C%F1%8C%D1%8C%D1%8C%D1%8C%D1%8C%D1%8C%F1%94%F0%95%20%9D%20%95%20%94%B0%8Cp%7C%20%7C%20%7C%2F%7B%EF%84%20%7C%2F%7C%2F%84O%840%84O%84O%84P%84P%84p%84p%84p%84p%8Cp%8C%90%8C%B0%8C%D0%9C%F2%84%91%8C%B0%9D%20%84%B1%94%AFt,0,0.00,NA,0,0,0,0,0,0,NA,94
camera,21:29:58,Camera%2Fcontrol%20line%20discarded%3A%20too%20long,0,0.00,NA,0,0,0,0,0,0,NA,94
camera,21:29:58,Camera%2Fcontrol%20line%20discarded%3A%20too%20long,0,0.00,NA,0,0,0,0,0,0,NA,94
camera,21:29:58,Camera%2Fcontrol%20line%20discarded%3A%20too%20long,0,0.00,NA,0,0,0,0,0,0,NA,94
camera,21:29:58,Camera%2Fcontrol%20line%20discarded%3A%20too%20long,0,0.00,NA,0,0,0,0,0,0,NA,94
camera,21:29:58,Camera%2Fcontrol%20line%20discarded%3A%20too%20long,0,0.00,NA,0,0,0,0,0,0,NA,94
camera,21:29:58,Camera%2Fcontrol%20line%20discarded%3A%20too%20long,0,0.00,NA,0,0,0,0,0,0,NA,94
camera,21:29:58,Camera%2Fcontrol%20line%20discarded%3A%20too%20long,0,0.00,NA,0,0,0,0,0,0,NA,94
camera,21:29:58,Camera%2Fcontrol%20line%20discarded%3A%20too%20long,0,0.00,NA,0,0,0,0,0,0,NA,94
camera,21:29:58,Camera%2Fcontrol%20line%20discarded%3A%20too%20long,0,0.00,NA,0,0,0,0,0,0,NA,94
pico_reply,21:29:58,%20BH%3Ah%3Ah%3AhBHBiBiBiB%88BgBhBhBiB%88B%89B%89B%89B%89J%A9J%89BhJ%AAB%CAS,0,0.00,NA,0,0,0,0,0,0,NA,94
camera,21:29:58,Camera%2Fcontrol%20line%20discarded%3A%20too%20long,0,0.00,NA,0,0,0,0,0,0,NA,94
camera,21:29:58,Camera%2Fcontrol%20line%20discarded%3A%20too%20long,0,0.00,NA,0,0,0,0,0,0,NA,94
camera,21:29:58,Camera%2Fcontrol%20line%20discarded%3A%20too%20long,0,0.00,NA,0,0,0,0,0,0,NA,94
camera,21:29:58,Camera%2Fcontrol%20line%20discarded%3A%20too%20long,0,0.00,NA,0,0,0,0,0,0,NA,94
pico_reply,21:29:58,%8C%B0%94%D0%8C%D1%8C%F1%94%D0%94%D0%8C%B1J%CF%21%A71%E81%E89%E8%3A%282%292%29%3A%2A%3AiB%AA2%2A2%28%29%A91%A81%871%C8%29f%21E%21E%21E%21%20%20%20%20%24%20D%29%861%A71%C6BF%3A%28%3A%20%29%A7%3A%27B%201%C81%C81,0,0.00,NA,0,0,0,0,0,0,NA,94
camera,21:29:58,Camera%2Fcontrol%20line%20discarded%3A%20too%20long,0,0.00,NA,0,0,0,0,0,0,NA,94
camera,21:29:58,Camera%2Fcontrol%20line%20discarded%3A%20too%20long,0,0.00,NA,0,0,0,0,0,0,NA,94
camera,21:29:58,Camera%2Fcontrol%20line%20discarded%3A%20too%20long,0,0.00,NA,0,0,0,0,0,0,NA,94
pico_reply,21:29:58,%20%9D2%A5%20%A5%20%A5%20%A5%20%A52%A53%A53%A5R%A5S%9D2%9D%20%8C%D1%84%B0%84%B0%94%B1%8C%90%94%B1%8C%D1%94%B0%94%B1%8C%D1%8C%D1%94%D1%94%D0%94%F1s%D12%202%202%201%E8%3AH%3A%28%3AI%3AI%3AI%3AI%3AI%3A%29%3A,0,0.00,NA,0,0,0,0,0,0,NA,94
pico_reply,21:29:58,2%201%E81%E8%29%C7%29%A7%29%86%21E%20%20%21%20%20%20%20%20%20%20%29%86%29%86%29%851%C6%3A%281%E71%C7%29%C6%3A%20%3A%20%3A%A8%20%E5%20%E3%20%E3%20%E4%20%E3%21%23%21F%21D%29f%21%25%20%20%20%20%20%24%20%24%20%24%20%20%21%20%21%20%20%20%20%20%20%23%20%23%20%24%20%24%20%24%21E%21E%21E%21e%21E%21E%21E%21E%21e%29e%29f%29e%21e%21e%21%85%29%A5%29%A5%29%86%21%85%29%86%21E%21e%21e%29e%29f%21e%29f%21%85%29e%21e%21e%21e%21E%21E%21E%21e%21e%21%85%21e%29e%29e%29f%29e%29e%29%85%29%A5%29%85%29%85%29%85%29%85%29%86%29%86%29%85%29%851%86%29f%29%A6%29%A6%29%A6%29%A6%29%A6%29%A6%29%C6%29%A5%29%A6%29%A6%29%A51%C61%C6%29%A61%A61%C61%C61%C69%C71%E7%3A%281%C71%E61,0,0.00,NA,0,0,0,0,0,0,NA,94
camera,21:29:58,Camera%2Fcontrol%20line%20discarded%3A%20too%20long,0,0.00,NA,0,0,0,0,0,0,NA,94
pico_reply,21:29:58,%21E%29E%29E%21E%21f%29f%20e%29%A5%29%86%21%86%29%A6%21f%21%85%21%A5%29%85%29%A6%29%A6%29%86%21f%21e%29%86%29%86%21e%21E%21e%29%85%29f%21E%21E%21e%21e%21%86%21e%29e%29%85%29%85%29%85%29e%29%85%29%A5%29%85%21%85%29%85%29%85%29%86%29%86%29%86%29%861%86%29%85%29%A6%29%A6%29%A61%86%29%A6%29%A6%29%A6%29%A6%29%C5%29%A6%29%A6%29%C61%C61%A71%A61%C61%C61%A69%E7%3A%27BI1%C81%C61%E71%E62%202%20%3A%27%3A%201%E71%E72%202%27%3A%202%20%3A%20%3A%28%3A%28%3A%28%3AG%3A%27%3A%28%3AH%3AHBHB%28%3A%28BHBHBIBiB%A8J%A9BiBiBiBiB%88J%89J%89J%A9J%A9B%A9B%C9B%A9B%CAJ%C9R%CAB%A9J%C9J%C9R%E9K,0,0.00,NA,0,0,0,0,0,0,NA,94
pico_reply,21:29:58,R%EAR%EAJ%EAR%CAS%20S%20S,0,0.00,NA,0,0,0,0,0,0,NA,94
pico_reply,21:29:58,%5B,0,0.00,NA,0,0,0,0,0,0,NA,94
camera,21:29:58,Camera%2Fcontrol%20line%20discarded%3A%20too%20long,0,0.00,NA,0,0,0,0,0,0,NA,94
pico_reply,21:29:58,%21f%21e%21f%21%85%21%A6%21%86%29%86%29%A6%29%C7%29%C7%21%A6%29%A6%29%A6%29%871%E7%29%A6%29%C6%29%A6%29%A6%29%A6%29%A6%29%A5%29%A5%29%86%21E%21e%21%85%21%85%21f%29%85%29%85%29%85%29%85%29%85%29%85%29e%29%86%29%85%21%85%21%85%29%85%29%86%29%86%29%86%29%86%29%86%29%A6%29%A6%29%A6%29%A61%86%29%A6%29%A7%29%C6%29%C61%A6%29%A6%29%A61%A61%A61%871%A61%C61%A71%C61%E6%3A%27%3AI%29%C71%C61%E61%E71%E62%20%3A%28%3A%202%201%E72%202%20%3A%202%202%20%3A%28%3A%28%3A%28%3AH%3AG%3A%28%3A%28BHBHBH%3AH%3AhBH%3AhBiBiBh%3AiBiBiBiBhB%A9B%A9B%A9B%A8J%C9J%A9B%A8J%CAJ%CAJ%EAJ%C9R%EAJ%E9J%EAJ%EAJ%EAR%EAJ%EAS,0,0.00,NA,0,0,0,0,0,0,NA,94
camera,21:29:58,Camera%2Fcontrol%20line%20discarded%3A%20too%20long,0,0.00,NA,0,0,0,0,0,0,NA,94
pico_reply,21:29:58,%21e%21e%29F%29F%21f%21e%21%86%21%86%21%A61%E71%C7%29%A7%29%E7%2A%272%201%C8%29%E72%20%3A%20%29%A8%29%C7%29%A7%29%A6%21%A6%21%86%29%A6%29%A6%29%87%20E%21%85%21%86%21%86%29%86%21%86%29%86%29%85%29%85%21%85%29%85%29%86%29%85%29%85%21%A5%29%A5%29%86%29%86%29%A6%29%86%29%86%29%86%29%A6%29%A6%29%A6%29%A6%29%A6%29%A6%29%C7%29%C6%29%C61%A6%29%861%A61%A61%A61%A71%A61%A61%C71%E62%20%3AG%3AH1%E71%E61%C61%C61%E72%20%3AH%3A%282%202%202%202%20%3A%20%3A%20%3A%28%3A%20%3A%28%3A%28%3A%28%3AH%3AGBGB%28BHBH%3Ah%3A%88BhBhBiBhBhB%89BiJiJiBiB%89B%C9B%A9J%C9J%C9J%A9J%CAB%C9J%C9R%CAJ%AAR%EBB%CAJ%EAJ%EAR%EAR%EAJ%EAS,0,0.00,NA,0,0,0,0,0,0,NA,94
camera,21:29:58,Camera%2Fcontrol%20line%20discarded%3A%20too%20long,0,0.00,NA,0,0,0,0,0,0,NA,94
pico_reply,21:29:59,%21E%21%25%29%25%21F%21%85%29%A6%29%E71%E7%29%C71%C61%A7%29%C7%29%E7%29%E71%A7%29%E72%27Bj%21%A8%29%C7%29%E7%29%C7%29%C7%29%C7%29%C7%21%A6%21F%20E%21e%21f%21f%29e%29%86%29%A6%29%86%21%85%29%85%29%86%29%86%29%85%29%A5%29%85%29%A5%29%86%29%86%29%85%29%A5%29%A6%29%A6%29%A6%29%A61%C6%29%A5%29%A5%29%A6%29%C6%29%C6%29%C61%A6%29%861%A61%A61%A61%A71%A71%A71%C71%C72%20%3A%261%E62%201%C61%C61%C61%E71%E71%E89%E72%202%20%3A%27%3A%27%3A%20B%20%3A%28%3A%28%3A%20%3A%28%3AG%3AH%3AGBGBGBH%3Ah%3AGBgB%89BiBhBhBhB%88BiJiJiJ%89B%A9B%A9B%A9J%AAB%A9J%C9J%CAJ%C9J%E9R%CAJ%AAB%C9J%E9J%EAJ%EAR%CAJ%E9S,0,0.00,NA,0,0,0,0,0,0,NA,94
pico_reply,21:29:59,S,0,0.00,NA,0,0,0,0,0,0,NA,94
camera,21:29:59,Camera%2Fcontrol%20line%20discarded%3A%20too%20long,0,0.00,NA,0,0,0,0,0,0,NA,94
pico_reply,21:29:59,e%21e%21E%21%26%20%26%29%86%21%A6%29%E71%C8%29%A7%29%86%29%86%29%86%21%A6%21%861%86%2A%202%20Bi%29%A8%29%C7%29%C7%29%C8%2A%20%2A%20%29%E8%29%E7%29%E7%21%C7%21%C6%29%A7%29%A7%29%A7%29%87%29f%29%86%29%A6%21%A6%29%86%29%86%29%85%21%85%21%85%21%85%29%86%29f%29%86%29%A5%29%A6%29%A6%29%C6%29%A61%C6%29%A6%29%86%29%A6%29%C6%29%C6%29%C6%29%C6%29%C61%C61%C61%A61%A61%A71%871%C71%C7%29%A6%29%E61%C61%E61%E69%E71%C71%C71%C72%20%3A%202%20%3A%20%3A%202%27%3A%20%3A%20%3A%20%3A%28B%28%3A%20%3AG%3AH%3AH%3AGB%28BH%3AH%3AG%3Ag%3AhBhBhBhBhB%88BiJ%89JiJ%89B%89B%A9J%A9J%AAJ%AAB%A9J%A9J%C9J%C9R%CBJ%AAB%AAJ%C8J%EAJ%EAJ%EAR%EAS,0,0.00,NA,0,0,0,0,0,0,NA,94
pico_reply,21:29:59,S,0,0.00,NA,0,0,0,0,0,0,NA,94
pico_reply,21:29:59,S,0,0.00,NA,0,0,0,0,0,0,NA,94
pico_reply,21:29:59,S%2BS,0,0.00,NA,0,0,0,0,0,0,NA,94
pico_reply,21:29:59,cLcK%5Bm%5BK%5B%20cKc%2Bc%2B%5BK%5BKckcLcKckcl%5BLckc%ADk%CDk%EDl.t.tN%7Col%20l%20l-tNt%20s%EEs%EEt%20t%20t%20t%20t%20t%20%7C.%7C%2Ft%2FtOtN%7CO%7C%2F%7CO%7C0%7CO%7Co%7Co%7Co%84o%7Cp%7Cp%84%90%84%90%7C%90%7C%90%84%90%84%90%84%90%84%AF%8C%B0%8C%90%8C%91%8C%B0%8C%B0%8C%B1%8C%90%94%D1%8C%B1%94%B1%8C%D1%8C%D0%94%D1%8C%F1%8C%F1%8C%F1%8C%F1%8C%F1%8C%F1%95%20%94%F1%95%20%95%20%95%20%95%20%95%20%95%20%95%20%952%9D%20%9D%20%9D3%A5%20%9D%20%9D3%9D2%9D2%A5S%A53%A5S%A5S%A5S%A5s%A5t%A5s%A5T%A5s%A5s%A5s%A5t%A5s%A5%93%AD%93%AD%93%A5R%9D2%9D%20%95%20%94%F2%8C%F2%94%B0%9C%D2%5Bq%2A,0,0.00,NA,0,0,0,0,0,0,NA,94
pico_reply,21:29:59,2%29%3A%29%3AI%3A%29%3AI%3AI%3AiBi%3Aj%3A%29%3A%292%282%201%E71%C81%86%29%A7%21f%21F%21E%21%25%20%E5%20%E5%20%20%29%A5%29%86%29f%21f%29e%21%25%20%20%21E%21E%21%C4%20%E4%20%E3%20%E3%20%C3%29b%21e%21D%21F%20%20%21%20%21%20%20%20%20%20%20%24%21%24%21%24%20%24%21%20%21%20%20%20%20%24%21%24%21%24%20E%21E%21e%21e%21E%21E%21E%21e%21e%21e%21f%21f1%C7%29%A7%29%C8%29%A7%29%C7%29%A6%29%87%29%A7%29%A6%29%871%87%29%C62%201%E8%21%87%29%C7%29%C7%21%A7%29%C6%29%E7%29%E7%29%C7%29%A7%29%A7%29%C7%29%C81%E81%E81%E81%E8%29%E7%29%C6%29%C7%21%85%29%A6%29%C6%29%C61%C61%A6%29%A61%861%A6%29%C51%C61%C6%29%C61%A61%C61%85%29%86%29%A61%A6%29%C61%C6%29%A61%C61%C61%C61,0,0.00,NA,0,0,0,0,0,0,NA,94
pico_reply,21:29:59,S,0,0.00,NA,0,0,0,0,0,0,NA,94
pico_reply,21:29:59,S,0,0.00,NA,0,0,0,0,0,0,NA,94
pico_reply,21:29:59,%5B,0,0.00,NA,0,0,0,0,0,0,NA,94
camera,21:29:59,Camera%2Fcontrol%20line%20discarded%3A%20too%20long,0,0.00,NA,0,0,0,0,0,0,NA,94
pico_reply,21:29:59,e%21f%29%861%C81%E8%21%A7%29%C7%29%C6%29%A7%29%87%29%A6%29%A6%29%86%29%A6%29%C61%C71%E7%29%C6%29%A6%29%A7%21%87%29%87%21%A6%29%C7%29%E7%29%A7%21%87%21%A6%29%C71%E81%C8%29%C72%202%20%2A%202%202%272%282%20%29%E7%29%E7%29%C6%29%C71%C7%29%A7%29%C6%29%C61%C7%29%A71%A61%C61%C61%A7%29%A61%C61%C7%29%C61%C61%A71%C7%29%C7%29%C6%29%C61%A61%C71%E7%29%C71%C71%C61%C61%E71%E71%E71%E71%E71%E71%E72%202%20%3A%27%3A%202%20%3A%20%3A%20BG%3A%28%3A%20%3A%27%3A%20%3AH%3A%28BHBHBHBH%3A%88B%C7%5BLS%20BhBiBiB%88B%89BhJ%89J%89J%A9B%A9B%A9J%A9J%C9J%CAJ%CAJ%C9J%CAJ%CAJ%C9K%20S,0,0.00,NA,0,0,0,0,0,0,NA,94
pico_reply,21:29:59,J%EAJ%EAR%EAR%EAS,0,0.00,NA,0,0,0,0,0,0,NA,94
pico_reply,21:29:59,S,0,0.00,NA,0,0,0,0,0,0,NA,94
pico_reply,21:29:59,S,0,0.00,NA,0,0,0,0,0,0,NA,94
pico_reply,21:29:59,%5B,0,0.00,NA,0,0,0,0,0,0,NA,94
camera,21:29:59,Camera%2Fcontrol%20line%20discarded%3A%20too%20long,0,0.00,NA,0,0,0,0,0,0,NA,94
pico_reply,21:29:59,%21e%20f%29%A71%C8%29%C7%29%C6%29%C6%29%A6%29%A7%29%A6%29%A6%29%86%29%A6%29%A6%29%A6%29%A6%29%C6%29%A6%29%A6%29%A6%29%C6%29%A7%29%A7%29%A7%21%A7%29%A7%29%87%21F%29%86%29%A6%29%A6%29%C72%202%202%202%202%202%202%202%28%3AI2%28%3A%28%3A%201%C82%202%201%E81%C71%A6%29%C6%29%A61%E61%C71%C61%C61%E79%E79%A71%A6%29%E62%202%201%E71%C71%E61%E71%C71%C61%C71%E71%E79%E81%E71%E71%E81%E79%E79%E6%3A%27B%28BH%3A%28%3AH%3A%27%3AG%3AH%3A%20%3A%20%3A%28%3A%28%3AHBHBHB%28Bh%3A%A7%5B%2BR%ECB%88BiB%89B%88B%88B%88J%89J%89J%89B%A9B%C9J%A9J%C9J%C9J%C9J%CAJ%CAJ%CAJ%EAJ%C9K,0,0.00,NA,0,0,0,0,0,0,NA,94
pico_reply,21:29:59,J%EAS,0,0.00,NA,0,0,0,0,0,0,NA,94
pico_reply,21:29:59,R%EAZ%EA%5B,0,0.00,NA,0,0,0,0,0,0,NA,94
camera,21:29:59,Camera%2Fcontrol%20line%20discarded%3A%20too%20long,0,0.00,NA,0,0,0,0,0,0,NA,94
pico_reply,21:29:59,%21e%21e%29%85%21%86%29%A61%C7%29%C7%29%C7%29%C7%29%A7%29%C7%29%A7%29%A6%29%A7%29%A7%29%A6%29%A6%29%A7%29%A7%29%A6%29%A6%29%A6%29%A6%29%A7%29%A7%29%A6%29%A7%29%A7%29%A7%29%87%29f%29%86%29%A6%29%C71%C7%29%A7%29%A7%29%A7%29%A7%29%C71%E72%202%202%20%3A%202%202%202%28B%88B%89%3AI%3A%282%201%E7%29%E81%E71%E71%E71%E6%3A%20%3A%201%C79%E81%E82%20%29%E71%E71%E7%29%E71%E71%C79%E71%C71%E71%E71%E71%E71%E71%E71%E71%E79%E72%20B%88BiB%89%3AG%3A%27%3AG%3A%28%3A%20%3A%20%3A%27%3AG%3AHBHBHBI%3AI%3A%28%3Ai%3AHBiB%89B%88B%88B%88B%88B%89J%89J%89B%A9B%C9J%C9B%C9J%C9J%CAJ%CAJ%CAJ%CAS%20J%CAJ%EAS%20R%EBS,0,0.00,NA,0,0,0,0,0,0,NA,94
pico_reply,21:29:59,%5B,0,0.00,NA,0,0,0,0,0,0,NA,94
camera,21:29:59,Camera%2Fcontrol%20line%20discarded%3A%20too%20long,0,0.00,NA,0,0,0,0,0,0,NA,94
pico_reply,21:29:59,%21e%21e%21e%29e%21f%29%A7%29%88%29%A7%29%A7%29%C7%29%E6%29%A7%29%A7%29%86%29%A7%29%A7%29%A7%29%A7%29%A7%29%A7%29%C6%29%A6%29%A6%29%A6%29%A7%29%A7%29%A6%29%C7%29%C7%29%C7%29%A7%29f%29%861%C61%C71%C71%C71%C71%C71%C7%29%A71%C81%E7%29%E72%20%3A%20%3A%202%202%27%3Ai%3Ah%3AH%3AI%3Ai%3AI%3A%292%202%209%E8%3AH%3A%20%3A%209%E79%E7%3A%282%282%20%29%E62%201%E7%29%E6%3A%201%E71%C71%E7%3A%20%3A%202%209%E71%E71%C71%C7%3A%202%20%3AhBiBi%3A%27%3AG%3A%27%3A%27B%27B%28BH%3AH%3AH%3Ah%3AH%3Ai%3Ai%3AI%3AhBhBiBiB%88B%88B%88B%88B%A9B%A9J%A9B%89J%A8B%C9B%A9S,0,0.00,NA,0,0,0,0,0,0,NA,94
pico_reply,21:29:59,J%CAJ%CAB%CAR%E9J%CAJ%E9R%CBR%EBR%EBS,0,0.00,NA,0,0,0,0,0,0,NA,94
pico_reply,21:29:59,S,0,0.00,NA,0,0,0,0,0,0,NA,94
camera,21:29:59,Camera%2Fcontrol%20line%20discarded%3A%20too%20long,0,0.00,NA,0,0,0,0,0,0,NA,94
pico_reply,21:29:59,e%21e%21E%21f%21f1%A71%A7%29%A7%29%A7%29%C7%29%E6%29%C7%29%C7%29%A6%29%87%29%A6%29%A7%29%87%29%A7%29%A6%29%C6%29%A7%29%A7%29%C6%29%A7%29%A6%29%A7%29%C7%29%C7%29%C7%29%A7%29%86%29%87%29%C61%C71%E71%E71%E71%C71%C71%C71%E81%E82%202%20%3A%20%3A%201%E72%27%3AH%3Ai%3AI2H%3A%29%3A%29%3AH%3Ah%3AI%3AI%3Ai%3AiB%89BI%3AI%3AH2%29%3Ai2%20%29%E7%3A%20%2A%20%3AG1%E81%C62%202%20%3A%202%202%201%E6%3A%20%3A%20%3A%20%3A%27%3AHBiBh%3A%28%3A%27%3A%28%3A%27BG%3A%28%3AG%3AH%3Ah%3AhBH%3Ah%3Ah%3A%88%3A%88BhBiBi%3AhB%88%3A%A8B%A8B%A9B%C9J%C9J%A9J%C9J%EAJ%EAR%EBB%ABJ%EBJ%CAR%EAJ%CAR%EAR%CAR%EAR%EAR%EAS%2A,0,0.00,NA,0,0,0,0,0,0,NA,94
camera,21:29:59,Camera%2Fcontrol%20line%20discarded%3A%20too%20long,0,0.00,NA,0,0,0,0,0,0,NA,94
pico_reply,21:29:59,%21e%29%851%87%29%87%29%A71%A7%29%C7%29%E6%29%C7%29%A7%29%A6%29%A6%29%A6%29%A7%29%87%29%A7%29%A6%29%A6%29%A6%29%C6%29%C6%29%A6%29%A6%29%A6%29%C7%29%C71%C7%29%A7%29f1%A61%C71%C72%202%201%E81%E71%E81%E71%E81%E81%E72%202%272%28%3A%281%E9%3AH%3AH%3AI%3AH%3A%29%3A%29%3A%28B%28%3AIBi%3Ai%3AhBiBIJ%CAJ%ABBk%3Ah%3AI%3A%282%20B%272%20%3A%26%3AG%3A%27%3A%20%3A%272%27%3A%27%3A%20%3A%20%3A%27%3A%27%3A%20%3A%27%3A%28%3A%20%3A%27%3AG%3AH%3AHBGB%28BG%3Ah%3AhBhBh%3Ah%3AhBhBhBhBiBhB%89B%89B%88B%A9J%C9B%C9J%A9J%89J%C9B%CA%5BJk%ABJ%EBJ%EAS%20S%20R%CAR%CAR%CAR%EAR%EAR%EA%5B,0,0.00,NA,0,0,0,0,0,0,NA,94
pico_reply,21:29:59,S,0,0.00,NA,0,0,0,0,0,0,NA,94
pico_reply,21:29:59,S%2AS,0,0.00,NA,0,0,0,0,0,0,NA,94
camera,21:29:59,Camera%2Fcontrol%20line%20discarded%3A%20too%20long,0,0.00,NA,0,0,0,0,0,0,NA,94
pico_reply,21:29:59,e%3A%271%A7%29%A7%29%A71%A7%29%C7%29%C7%29%C7%29%A7%29%A6%29%86%29%A6%29%A7%29%A7%29%A7%29%C6%29%A6%29%A71%C6%29%A7%29%C7%29%C7%29%C7%29%C8%29%C7%29%C7%29%A7%21%87%29%C71%E72%202%202%20%3A%202%202%271%E81%E71%E81%E72%202%28%3A%28%3A%28%3A%28%3A%28%3AH%3AH%3AH%3A%28%3A%28%3A%28%3A%28%3AH%3AH%3AH%3AH%3A%29%3AI%3A%C8S%2BB%8DBi%3A%89B%A9B%8AB%8A2H%3Ag%3Ah%3AH%3A%202%20%2A%262%26%3AH%3A%292%20%3A%27%3A%28%3A%20%3AH%3A%20%3A%28%3AG%3AH%3A%28B%28BHBH%3Ah%3A%88BhBH%3Ah%3AhB%88BiBiBHB%89B%89B%89B%89B%A9J%A9J%C9B%A9J%A9J%C9K%20k%ACk%EDJ%CAJ%EAR%E9S,0,0.00,NA,0,0,0,0,0,0,NA,94
pico_reply,21:29:59,R%EAR%CAR%EAR%EAR%EAR%EAZ%EAS%20S,0,0.00,NA,0,0,0,0,0,0,NA,94
pico_reply,21:29:59,%5B%2BS,0,0.00,NA,0,0,0,0,0,0,NA,94
camera,21:29:59,Camera%2Fcontrol%20line%20discarded%3A%20too%20long,0,0.00,NA,0,0,0,0,0,0,NA,94
pico_reply,21:29:59,1%E9%29%C6%29%A6%29%C71%C7%29%C7%29%C7%29%C7%29%A7%29%86%29%86%29%A6%29%A7%29%A6%29%C7%29%C6%29%A6%29%A61%C61%A7%21%A7%29%E7%29%E7%29%E72%20%2A%20%29%C7%29%C81%E71%E71%E81%E79%E8%3A%202%202%20%3A%20%3A%201%E72%20%3A%27%3A%20%3A%202%20%3A%20%3A%28%3A%28%3A%28%3AH%3AH%3A%28%3A%28%3A%28%3AH%3AH%3AH%3AHB%292%20%3A%E8cmJ%CDB%88%3Ai%3AhB%A8B%89%3Ah%3Ai%3AI%3AI%3AjB%89B%89B%88%3AhBH%3AI2%28%3A%28%3AH%3Ag%3AH%3A%28%3AGBGBHBH%3A%28%3A%27%3AG%3AhBHBhBHBhB%89BiB%88B%A9J%AABiB%89J%89B%89J%C9J%C9B%A9J%A9B%A9S%2AcMc%8BJ%C8J%E9J%EAR%C9J%EAJ%EAR%EAR%EAR%EA%5B%20R%CBS,0,0.00,NA,0,0,0,0,0,0,NA,94
pico_reply,21:29:59,S,0,0.00,NA,0,0,0,0,0,0,NA,94
pico_reply,21:29:59,SK%5B,0,0.00,NA,0,0,0,0,0,0,NA,94
camera,21:29:59,Camera%2Fcontrol%20line%20discarded%3A%20too%20long,0,0.00,NA,0,0,0,0,0,0,NA,94
pico_reply,21:29:59,%E8%29%C6%29%C61%C71%C7%29%C7%29%C7%29%C7%29%87%29%86%29%86%29%A6%29%A7%29%A7%21%C6%29%C6%29%A6%29%A71%C6%29%C7%29%C71%E8%29%E7%29%E72%20%2A%20%29%E8%29%C8%29%C71%E71%E82%20%3A%202%202%202%202%202%201%E7%3A%20%3A%20%3A%20%3A%20%3A%20%3A%28%3A%28%3A%28%3A%28%3AH%3AI%3A%20%3A%20%3A%28%3A%28%3AH%3AH%3A%28B%292%28C%20%5BMJ%CDBhBi%3AH%3AHBh%3Ai%3AI%3AI%3AiBi%3AiBiB%89%3Ai%3AhB%89%3AjB%88B%89%3Ai%3Ai%3Ai%3AH%3Ah%3AH%3AHB%88Bh%3A%89BhBIBiBIBiBiBiB%89B%89J%AABjB%89J%89B%89B%AAB%A9B%C9B%AAJ%89k%ADR%EBS,0,0.00,NA,0,0,0,0,0,0,NA,94
pico_reply,21:30:00,J%E9R%C9R%CAJ%EAJ%EAJ%EAR%EAR%EAS,0,0.00,NA,0,0,0,0,0,0,NA,94
pico_reply,21:30:00,%5B,0,0.00,NA,0,0,0,0,0,0,NA,94
camera,21:30:00,Camera%2Fcontrol%20line%20discarded%3A%20too%20long,0,0.00,NA,0,0,0,0,0,0,NA,94
pico_reply,21:30:00,%29e%29e%20F%29%C61%E8%29%C7%29%A71%C71%C7%29%C7%29%C7%29%A6%29%87%29%86%29%86%29%A6%29%A7%29%A7%29%A6%29%A6%29%C6%29%A7%29%C7%29%C6%29%E71%E8%29%E7%29%E7%2A%20%2A%20%29%E81%C8%29%E72%201%E72%202%202%202%202%202%282%281%E71%E7%3A%20%3A%20%3A%28%3A%28%3A%282%28%3A%28%3A%282%282%28%3A%20%3A%282H%3A%28%3A%282%28%3A%289%E82GK%28cNB%8D%3AH%3AI%3AH%3AH%3A%28%3A%20%3A%29%3A%29%3A%29%3A%28%3A%20%3A%20%3A%20%3AH%3AHBJ%3AI%3A%88B%89B%AA%3AiB%89%3A%89%3A%88BiBiB%A8B%A8B%A8J%E9B%A9B%A9BiBiBiBhJ%89B%89J%8AJ%89J%89J%89J%8AB%A9B%C9B%C9J%CAB%A9c%8BS%2BJ%EAJ%C9J%E9J%EAJ%EAJ%EAR%CAR%EAR%EAS,0,0.00,NA,0,0,0,0,0,0,NA,94
pico_reply,21:30:00,%5B%2A%5B%2B%5B%20S,0,0.00,NA,0,0,0,0,0,0,NA,94
camera,21:30:00,Camera%2Fcontrol%20line%20discarded%3A%20too%20long,0,0.00,NA,0,0,0,0,0,0,NA,94
pico_reply,21:30:00,2%20%29%C7%29%C7%29%A7%29%C71%C7%29%A7%29%A7%29%A6%29%86%29%86%29%86%29%A6%29%A6%29%A7%29%A6%29%A6%29%A6%29%A6%29%C6%29%C6%29%C71%C8%29%E7%29%E7%29%E7%29%E7%29%E71%E7%29%C62%202%202%202%20%3A%20%3A%202%272%272%201%C71%E71%E7%3A%201%E8%3A%20%3A%282%28%3A%28%3A%202%28%3A%28%3A%28%3A%28%3A%28%3A%202%202%272%28%3A%202%20B%C8R%EDBLB%28%3AH%3AH%3AH%3A%28%3A%28%3A%28%3A%28%3A%28%3A%28%3A%28%3A%28%3A%20%3A%28%3A%28BJ%3AI%3Ai%3Aj%3Ai%3AjBi%3A%89B%C9B%E9J%CAB%CAB%E9J%E9B%A9%3A%89B%89B%89J%A9B%8A%3A%29J%89J%A9J%8ABiJ%A9J%8AJ%8AB%A9J%E9J%CAJ%AAB%AAB%A9S,0,0.00,NA,0,0,0,0,0,0,NA,94
pico_reply,21:30:00,S,0,0.00,NA,0,0,0,0,0,0,NA,94
camera,21:30:00,Camera%2Fcontrol%20line%20discarded%3A%20too%20long,0,0.00,NA,0,0,0,0,0,0,NA,94
pico_reply,21:30:00,%20%24%21%24%21%24%21%24%21E%21e%21%85%21%85%21f%21e%21e%29E%21%86%21%A6%3A%201%C71%C7%29%C7%29%E7%29%C7%21%A7%29%A6%29%A6%29%A6%29%A6%29%86%29%861%86%29%C6%29%A6%29%C6%29%A6%29%A61%A61%A6%29%A6%29%C7%29%C7%29%C71%C7%29%C71%E71%E8%29%C7%2A%201%E72%201%E89%E7%3A%202%272%282%281%E72%202%201%E81%E82%202%282%282%282%202%201%E8%29%E7%2A%209%E79%E81%C82%202%27%3A%20%3A%202%27%3A%291%EA9%E8%3A%20%3AH%3AH2%29%3A%28%3A%282%28%3A%28%3A%28%3A%28%3A%28%3A%20%3A%28%3AH%3Ai%3AH%3Ai%3Ai%3Ai%3Ai%3AiBi%3A%89B%A9B%CAB%CAK%20S,0,0.00,NA,0,0,0,0,0,0,NA,94
pico_reply,21:30:00,J%ABB%8AB%CAJ%AAJ%C9J%CAJ%AAR%CAJ%C9J%AAJ%AAB%89J%A9J%8AJ%C9J%AAR%AAJ%C9J%CAJ%EAJ%CAJ%CAR%CAJ%EAJ%C9J%EAJ%E9R%EAR%EAR%CAR%EA%5B%2AS,0,0.00,NA,0,0,0,0,0,0,NA,94
pico_reply,21:30:00,%5B,0,0.00,NA,0,0,0,0,0,0,NA,94
pico_reply,21:30:00,%5B,0,0.00,NA,0,0,0,0,0,0,NA,94
camera,21:30:00,Camera%2Fcontrol%20line%20discarded%3A%20too%20long,0,0.00,NA,0,0,0,0,0,0,NA,94
pico_reply,21:30:00,%29%A61%E81%C81%C7%29%E7%29%E7%29%C7%29%A7%29%A6%29%A6%21%86%29%86%29%A6%29%A6%29%87%21%A6%29%A7%29%A6%29%A6%29%A6%29%86%29%A6%29%C6%29%A7%21%C7%29%C61%C71%C81%A71%C7%29%C6%29%E71%E72%201%E7%3A%20%3A%202%27%3A%289%E8%29g%29%86%29%A61%A61%E82%209%E82%202%201%E71%E71%C7%29%E61%E71%C71%E71%E72%201%E71%E71%E71%E7%3A%209%E89%E7%3A%20%3A%28%3AH%3A%282%20%3A%20%3A%282%20%3A%272%28%3A%28%3A%20%3A%20%3A%282%28%3AH%3AH%3Ah%3Ai%3AiBhBi%3AiBi%3Ai%3AiBiB%A9J%AAB%AAB%E9B%8AB%AAJ%AAR%EBB%A9J%E9J%EAJ%CAJ%CAJ%AAJ%8AJ%A9J%8BR%AAJ%A9J%EAJ%EAJ%CAR%CAR%CAR%EAJ%C9J%EAJ%EAR%EAR%EBR%EBR%EAR%EAS%20S,0,0.00,NA,0,0,0,0,0,0,NA,94
pico_reply,21:30:00,S,0,0.00,NA,0,0,0,0,0,0,NA,94
camera,21:30:00,Camera%2Fcontrol%20line%20discarded%3A%20too%20long,0,0.00,NA,0,0,0,0,0,0,NA,94
pico_reply,21:30:00,%A6%29%C8%29%A7%29%A7%29%E7%2A%20%29%C7%29%87%29%A6%29%86%29%86%29f%29e%29f%21f%21%A4%29%C7%21%87%29%A6%29%86%29%86%29%A6%29%A6%29%C7%29%A61%A6%29%C7%29%A71%A71%A7%29%A7%29%C7%29%C71%E71%E71%E72%202%282%201%E8%29%87%29%A7%29%C7%29%C71%E82%201%E7%2A%202%20%3A%20%29%C7%29%C7%29%E7%29%E71%E71%E71%E71%E81%C7%29%E72%202%28%3AH1%E89%E8%3A%20%3A%28%3A%28%3A%202%20%3A%20%3A%202%202%28%3A%202%28%3A%28%3A%20%3A%28%3AH%3AH%3AH%3AH%3AiBi%3Ah%3Ai%3Ai%3A%89BiBiBjBiBiB%89J%C9J%AAJ%CAJ%AAR%CAR%C9J%CAJ%EAJ%EAJ%EAR%EBR%EBR%CAJ%ABR%CAJ%AAB%CAJ%E9R%C9R%E9R%EAR%CAJ%C9R%EAJ%EAS,0,0.00,NA,0,0,0,0,0,0,NA,94
pico_reply,21:30:00,S%20R%EAR%EAS,0,0.00,NA,0,0,0,0,0,0,NA,94
pico_reply,21:30:00,S%2AS,0,0.00,NA,0,0,0,0,0,0,NA,94
camera,21:30:00,Camera%2Fcontrol%20line%20discarded%3A%20too%20long,0,0.00,NA,0,0,0,0,0,0,NA,94
pico_reply,21:30:00,%21%862%20%29%A7%29%A8%29%C7%29%E7%29%E6%29%C7%29%A7%29%87%29%C62%201%E7%29%A72%202%20%29%E7%21%86%20G%29%86%29%A6%29%86%29%A6%29%A6%29%C6%29%A61%A6%29%C7%29%A71%A6%29%A6%29%A6%29%87%29%86%29%A61%A61%C62%20%3A%282%201%E7%29%86%29%861%C7%29%C7%29%E72%202%20%29%C71%C71%C7%29%A6%29%C6%29%E6%29%C61%E61%E72%202%201%C71%E7%2A%272%28%3A%282%209%E8%3A%202%28%3A%282%202%20%3A%20%3A%202%202%27%3A%20%3A%28%3A%28%3A%28%3A%28%3AH%3A%28%3AH%3AH%3Ah%3A%88%3Ah%3AiBiBiBiBiB%89JiJ%89B%A9J%E9BjB%C9J%CAR%CAJ%CAJ%CAJ%EAK,0,0.00,NA,0,0,0,0,0,0,NA,94
pico_reply,21:30:00,J%EAJ%CBJ%EAR%CAS%20S,0,0.00,NA,0,0,0,0,0,0,NA,94
pico_reply,21:30:00,%5B%2CS%20S%2AR%EBJ%CAJ%CBJ%CAR%CAJ%EAJ%EAK,0,0.00,NA,0,0,0,0,0,0,NA,94
pico_reply,21:30:00,S,0,0.00,NA,0,0,0,0,0,0,NA,94
camera,21:30:00,Camera%2Fcontrol%20line%20discarded%3A%20too%20long,0,0.00,NA,0,0,0,0,0,0,NA,94
pico_reply,21:30:00,%29%85%21%85%29%85%29e%21%85%21%A62%281%C81%C71%C7%29%E7%29%C6%29%C7%29%871%87%21%85%3A%A6BjB%292%272H2e2%26%29%A8%29%86%29%A6%29%A6%29%A6%29%A6%29%A6%29%A6%29%C7%29%C7%29%C7%29%A7%29%87%29f%29F%21%86%29%A6%29%A6%29%A6%29%E7%29%C71%E71%C7%21f%29g%29f%29%86%29%C7%29%E6%29%C7%29%A6%29%C6%29%A6%29%A7%29%C71%C61%C7%29%A61%C6%29%A7%29%C7%29%E7%29%E7%2A%272H%3A%291%E81%E81%E72%282%282%282%202%20%3A%202%272%27%3A%20%3A%28%3A%28%3A%28%3AH%3AH%3AI%3AI%3AI%3AHB%88%3A%88BiBiBiBiB%89B%89B%89B%89B%E8J%EAB%8AB%A9J%CAJ%CAJ%AAB%A9J%C9B%C9J%CAJ%CAJ%EBJ%CAS%20R%EBS%20S%2A%5BK%5B%2B%5BLS%20S%2B%5B%2B%5B%2BS%2AS%2BS,0,0.00,NA,0,0,0,0,0,0,NA,94
pico_reply,21:30:00,%5B%2BS%2BS,0,0.00,NA,0,0,0,0,0,0,NA,94
pico_reply,21:30:00,S%29%5BK%5B%2B%5B%2A%5B%2B%5B%2B%5B%2B%5BK%5BkcKcLckc%8B%5Bk%5B%8Bckc%8Cc%8Bk%ADc%ACc%ADc%ACc%ACc%ACk%ADk%ADk%CCk%ACk%ADk%ADk%CCk%CCk%CDk%CDs%CEs%EDs%EDs%CD%7B%ED%7B%EEs%EE%7B%EE%7C%20%7C%20%7C.%7C.tN%7C.%7C%20%7C%2F%7CO%7CO%7CN%7CO%84O%7Co%84n%84o%84o%84o%84o%84%8F%8C%8F%8Cp%8Cp%8C%8F%8C%90%8C%B0%8C%B0%8C%B0%8C%B0%8C%D0%84%B0%94%D1%8C%D1%8C%D1%8C%F1%9DQ%95%20%94%F2%95%20%952%9D3%9D2%9D2%9D2%9D2%9D2%9D2%9D2%9D2%9D3%9D3%A52%A52%A5S%A5S%ADR%A5s%A5s%A5t%A5s%A5s%A5s%A5s%A5%93%A5s%A5s%9DR%9DS%9D3%A5%93%AD%93%AD%94%A5%B3%A5%D4%A5%B4%A5%B4%AD%B4%AD%B4%AD%B5%AD%B4%AD%B4%AD%94%B5%94%B5%94%B5%B4%B5,0,0.00,NA,0,0,0,0,0,0,NA,94
pico_reply,21:30:00,J%ABBI%3A%28%3A%281%E7%29g%29%85%29f%21E%21%25%20%20%20%20%21D%29%861%86%29g%29%86%29%86%29%20%21%23%21e%21E%21e%20E%20D%21D%21%24%21%24%21%24%21%24%21%24%21%24%21%24%21%20%20%24%21%24%21%20%21%20%21%25%21D%21e%21%85%21%85%21%85%21%85%29%85%29e%21%85%21%C5%29%E81%C8%29%A71%C7%29%E6%29%C7%29%861f1%86%20%A3S%C9R%ECJ%ED%3A%88CLB%E9B%89%20%28%29%86%29%A6%29%A6%29%A6%29%A6%29%A6%29%A6%29%C6%29%C6%29%A7%29%A6%29%86%29f%21E%21f%21%A6%29%C6%29%861%C7%29%E71%E7%29%C7%29%86%29%86%29%86%29%86%29%C6%29%C6%29%C6%29%A6%29%A6%29%A6%29%A6%29%A6%29%A61%C61%A61%A61%C7%29%E7%29%C7%29%E71%E72%201%E71%E61%E71%E72%202%202%272%202%20%3A%202%202%20%3A%20%3A%20%3A%28%3A%28%3A,0,0.00,NA,0,0,0,0,0,0,NA,94
pico_reply,21:30:00,J%EAR%EBJ%EBS%2BS%2CS%2CS%20S%20S%2BS%2ASKSl%5BK%5B%2CSKSKSK%5BKS%2CS%2B%5B%2A%5B%2A%5B%2A%5B%2B%5B%2B%5BKcLcLckc%8B%5BL%5Bk%5Bkk%ACc%ACk%8Ck%8Dc%ADc%ACc%ACc%CDk%CCk%CDk%CDk%ADk%ADk%CDk%CCk%CCk%ACk%CDs%CE%7B%CDs%EEs%EE%7C%7B%EEt%20%7C%20%7C%20%7C%20%7C.%7C.tN%7CN%7C%2F%7C%2F%7C%2F%7CO%7CO%7Co%7CO%7CO%84O%84o%84o%84p%84o%84%8F%8C%8F%8Cp%8Cp%8C%90%8C%8F%8C%B0%8C%B0%8C%B0%8C%B1%8C%D0%8C%B0%94%D1%8C%D1%8C%D1%94%B1%8C%F1%8C%F1%94%F1%94%F1%95%20%9D2%9D1%9D2%9D2%9D2%9D3%9D3%9D2%9D2%9DS%9D3%A53%9DS%A5S%A5S%A53%A5S%A5s%A5t%A5t%A5t%A5S%A5s%A5%93%A5s%A5s%9DS%9DS%9DS,0,0.00,NA,0,0,0,0,0,0,NA,94
pico_reply,21:30:00,B%ABJ%C9B%89B%291%C8%29%A71%86%29g%29F%21%24%21%20%20%20%21D%29%861%A61%871%861%861%20%21C%29%86%21D%29%85%21%24%20D%21d%21D%21D%21%25%21%24%21%24%21%24%21%24%21%24%21%20%21%20%21%24%21%24%21%24%21d%21f%21%85%21%85%29e%21e%29e%29e%21%85%29%C6%29%C8%21%A71%E7%29%E71%E6%29%A6%29%A69f%21f%2A%85u%20%7CPlsc%AEd%20Cjcj%29%8B%29%A6%29%A6%29%A6%29%A6%29%C6%29%A6%29%C6%29%A6%29%A6%29%86%21%A6%21%86%29%86%21e%21f%21%86%29%A6%29%A6%29%E6%29%E71%E8%29%86%29%A5%29%86%21%86%29%A6%29%C6%29%C6%29%C6%29%A6%29%A6%29%A6%29%A6%29%A6%29%A6%29%C61%A7%29%A6%29%A6%29%C6%29%C7%29%C69%E79%E8%29%C61%E61%E71%E72%202%202%202%272%202%209%E7%3A%209%E8%3A%20%3A%282%282,0,0.00,NA,0,0,0,0,0,0,NA,94
pico_reply,21:30:00,S%20R%CBS%20K,0,0.00,NA,0,0,0,0,0,0,NA,94
camera,21:30:00,Camera%2Fcontrol%20line%20discarded%3A%20too%20long,0,0.00,NA,0,0,0,0,0,0,NA,94
pico_reply,21:30:00,%20%23%21%24%21%24%21%24%21D%21e%29e%21%85%21%85%29e%29e%29e%29e%29%861%E6%29%C8%29%C71%C7%29%C7%29%A7%29%A6%29%A6AF%21%86%3B%20%95%B2%84%D4tRt%92T2t%F1%9C%F1%21l%29%A51%A6%29%A7%29%86%29%86%29%86%21%86%29%A6%29%A6%21%A6%21%A6%21%A6%21f%21e%21e%21%A5%29%C6%29%A7%29%C6%29%C7%29%A6%21f%21%86%29%A6%29%A6%29%A6%29%C61%C71%C7%29%A6%29%A6%29%A6%29%A6%29%A6%29%A6%29%C6%29%A6%29%86%29%A6%29%C61%C61%C71%A79%C61%C62%201%E71%E71%E62%202%202%202%202%209%E7%3A%20%3A%20%3A%20%3A%20%3A%282%282%28%3A%28%3A%28%3AH%3AH%3AH%3Ah%3A%88B%89B%89B%89%3AiB%89BiB%89B%89B%8AB%89B%89B%89J%AAJ%A9B%A9B%89J%C9J%EAJ%EAJ%CAJ%EAK%20R%EBR%CBR%EBS,0,0.00,NA,0,0,0,0,0,0,NA,94
camera,21:30:00,Camera%2Fcontrol%20line%20discarded%3A%20too%20long,0,0.00,NA,0,0,0,0,0,0,NA,94
pico_reply,21:30:00,%23%21%24%21%24%21D%21D%29e%29e%29e%29e%29e%29%85%29f%29f%21%862%27%29%C8%29%C7%29%C7%29%C7%29%A7%29%A61%86AF%20%84S%A6%95U%8C%D4t%20lql%F1%7C%F5%7C2%21h%29%C51%C6%29%A7%29%86%29%86%21%A6%29%86%29%86%21%A6%21%85%21%A6%29%85%21%86%21e%21f%29f%29%A6%29%C6%29%A7%21%A6%29%86%21f%21%85%21%85%29%C6%29%A6%29%C7%29%A61%C7%29%A6%29%861%86%29%A6%29%A6%29%A6%29%C6%29%A6%29%A6%29%C6%29%C61%C61%C71%A61%E61%C7%29%A71%C61%E71%E61%E71%E71%C71%C71%E79%E62%20%3A%201%E8%3A%20%3A%282%28%3A%28%3A%20%3A%28%3A%282%28%3AHBhBHBi%3AH%3AHB%88BiBiB%89B%89B%8AB%89B%A9%3A%AAJ%AAB%A9J%E9R%EBJ%CAJ%EAJ%CAJ%CAK,0,0.00,NA,0,0,0,0,0,0,NA,94
camera,21:30:00,Camera%2Fcontrol%20line%20discarded%3A%20too%20long,0,0.00,NA,0,0,0,0,0,0,NA,94
pico_reply,21:30:00,D%21%24%21%24%21%24%21%20%20%24%21%23%21%24%21D%29d%29e%29e%29e%21e%29%85%29%86%29f%29f%29%862%20%29%C8%29%A7%29%A7%29%A7%29%A7%29%A61f1e%29%C3%8C%AB%84%95%7Cr%7B%F1s%F0%2F%20%5B%B1s%B0%29%A7%29%C6%29%86%29%86%29%86%29%86%21%A6%29%86%29%86%21%A6%21%85%21%A6%21%86%21%86%21%86%29f%29%86%29%86%29%C6%29%A6%29%A6%29%86%29%86%21%A5%21%861%C71%C7%29%C6%29%A61%C6%29%A6%29%A61%86%29%A6%29%A6%29%C6%29%C6%29%A6%29%A6%29%A61%C61%A6%29%C71%C6%29%A71%A7%29%871%E61%C71%C61%E61%E61%E71%E71%E62%202%20%3A%20%3A%20%3A%27%3A%282%28%3A%28%3A%20%3A%27%3A%27%3A%27BG%3A%27BHBhBiBhB%88B%89BiBiB%89B%89B%89B%A9B%A9J%AAB%C9K%20J%EAJ%AAJ%C9J%CAJ%CAB%EA,0,0.00,NA,0,0,0,0,0,0,NA,94
camera,21:30:00,Camera%2Fcontrol%20line%20discarded%3A%20too%20long,0,0.00,NA,0,0,0,0,0,0,NA,94
pico_reply,21:30:00,%21%23%21%23%21D%21d%29e%29e%21e%29e%29%85%21f%29%86%29f%21F%29%A6%29%A9%29%A8%29%A7%29%C7%29%A7%29%A7%29%861f1e9%A5s-R%EE%5Bk%7B%CFc%AF%2F%8C%7C%92%5B5%20E%29%A7%29%86%29e%29%A6%29%86%29%A6%29%86%29%86%29%86%29%86%29%86%21%A6%29%86%21f%29f%29%86%29%86%29%A6%29%A6%29%86%29%86%29f%29%85%21%85%29%C61%C71%C71%E6%29%C6%29%A6%29%A6%29%A6%29%A6%29%A6%29%C5%29%C6%29%C6%29%E61%E71%A7%29g1%862%202%201%E61%A71%C71%C71%E7%29%E61%C61%C71%E71%E62%201%E7%3A%202%202%202%202%20%3A%28%3A%28%3A%28%3A%20%3A%20%3AG%3A%28BHBH%3A%28BH%3AI%3A%28BiBiBiB%89B%89B%89B%A9J%CAJ%C9J%EAJ%CAJ%CAJ%A9J%CAK,0,0.00,NA,0,0,0,0,0,0,NA,94
pico_reply,21:30:00,B%EAJ%EBJ%EAJ%EAR%EBJ%EAK,0,0.00,NA,0,0,0,0,0,0,NA,94
camera,21:30:00,Camera%2Fcontrol%20line%20discarded%3A%20too%20long,0,0.00,NA,0,0,0,0,0,0,NA,94
pico_reply,21:30:00,%21%24%21D%21E%29e%29e%21e%29e%29%86%21f%29%85%29f%29%861%E71%C8%29%C7%29%C7%29%C6%29%C7%29%A6%29%861f1eAgI%8A9%A8Rgb%8C%3A%8A%5B%AAc%2F%20%20%29%84%29%A6%29%86%29f%29%86%21%86%29%86%29%86%29%86%29%86%29%86%29%86%29%86%29%86%21f%21%85%29%86%29%A61%C6%29%A6%29%86%21%86%21%A6%29%A5%29%A6%29%C7%29%E72%201%E7%29%C7%29%C6%29%A7%29%A7%29%A6%29%A6%29%C6%29%C6%29%C6%29%E61%A71%86%29%A6B%E9B%AA%3Ai1%E8%29%891%A71%E61%C6%29%E61%E61%C71%E71%E62%202%209%E79%E72%20%3A%202%20%3A%282%27%3A%27%3A%20%3A%20%3A%28%3A%28BHB%28%3A%28BHBI%3AHBiBiBiBiB%88B%89B%89B%89J%C9K%20J%EAJ%C9J%8AB%AAK%20B%EAJ%EBJ%EAJ%EAR%EBJ%EAK,0,0.00,NA,0,0,0,0,0,0,NA,94
pico_reply,21:30:01,K%2AS%20S,0,0.00,NA,0,0,0,0,0,0,NA,94
camera,21:30:01,Camera%2Fcontrol%20line%20discarded%3A%20too%20long,0,0.00,NA,0,0,0,0,0,0,NA,94
pico_reply,21:30:01,%21%85%29e%29f%21D%29%85%29f%29%86%21F1%E71%C81%C7%29%C7%29%C6%29%C7%29%A6%29%86%29f1e9%861%261FAf9G1%859%C7%21G%20%24%29%A7%29%86%29%A6%29f%29f%29%86%29%86%29%86%29%86%29%86%29%86%21%86%21%A6%21%86%21f%21%85%21%C51%C7%21g%29%86%29%86%29%86%29%86%29%A5%21%C62%202%201%E71%C7%29%C7%29%C7%29%C7%29%A6%29%A6%29%A7%29%A6%29%A61%C6%29%A6%29eA%86%20%87lJtq%5B%AEJ%EB1%E91%C7%29%E6%29%E61%E61%C61%E71%C71%E72%201%E61%E72%202%20%3A%20%3A%20%3A%282%27%3A%27%3A%20%3A%20%3A%20%3AHBHBH%3A%28Bh%3AI%3Ai%3A%89BhJ%89BiB%88B%A8B%89BiBhB%88B%A9J%A9J%AAB%AAJ%E9J%CAJ%EAJ%EAJ%EAR%CBJ%EBS,0,0.00,NA,0,0,0,0,0,0,NA,94
pico_reply,21:30:01,S,0,0.00,NA,0,0,0,0,0,0,NA,94
camera,21:30:01,Camera%2Fcontrol%20line%20discarded%3A%20too%20long,0,0.00,NA,0,0,0,0,0,0,NA,94
pico_reply,21:30:01,D%29%A6%29f%29f%21F%21e%29%85%29e%21%86%21f%3A%291%C71%C8%29%C7%29%C6%29%C7%29%A6%29%86%29%86%29e1%861f1F1%261E%29E%29f%21%85%29%A5%29%A6%29%86%21%A6%29%A6%29f%29%86%29%86%29%86%29%86%29%86%29%86%29%86%21%A6%29%86%21%86%21e%21%A51%A7%21f%29%86%29%86%29%86%29%86%29%A6%29%E52%282%201%E71%C7%29%C7%29%C7%29%A7%29%A7%29%A6%29%A6%29%A6%29%A61%A7%29%A69f9f%20E%8DNl%92%5B%D0c%F0%3A,0,0.00,NA,0,0,0,0,0,0,NA,94
pico_reply,21:30:01,%3A%20%29%C5%29%E61%C61%C71%E71%E62%201%C72%201%E62%20%3A%20%3A%202%27%3A%20%3A%20%3A%20%3A%20%3A%20%3A%28%3AH%3AH%3AI%3A%28BHBhBh%3A%88B%88B%89B%89BhB%88BiBiB%89B%88J%C9J%A9J%CAJ%AAJ%C9J%EAJ%EAJ%EAJ%EAR%CAR%EAS%20R%EBS,0,0.00,NA,0,0,0,0,0,0,NA,94
camera,21:30:01,Camera%2Fcontrol%20line%20discarded%3A%20too%20long,0,0.00,NA,0,0,0,0,0,0,NA,94
pico_reply,21:30:01,d%29g%29%85%29e%29%85%29%A6%29%85%29%85%21%85%21%A62%201%C71%C7%29%C71%C7%29%A7%29%A6%29%86%29%85%29%A6%29%A6%29%86%29%86%29f%29f%29%86%21%86%21%86%29%A6%29%A6%29%86%21%A6%29%A6%29%86%29%86%21%86%29%86%29f%29%86%29%86%29%86%29%A6%29%86%29f%21e%21%A5%21%85%29%86%29f%29f%29f1f%29%85%29%E52%282%201%E71%E71%C7%29%C7%29%A7%29%A6%29%C6%29%A6%29%A6%29%861%A7%29%A79f9%86BF%7C%91l%8F%5BQS%8EJ%861%EB%29%E51%C61%C61%C61%E71%E62%20%29%E72%202%202%202%209%E7%3A%20%3A%20%3A%20%3A%20%3A%27%3A%20%3A%28%3A%28%3AHBhBiBH%3AhBhBhBh%3A%29J%89Bh%3A%88B%87B%89B%89B%89J%A9J%AAB%89J%89J%AAB%A9J%C9J%EAJ%EAR%CAR%EAJ%CBS%20S,0,0.00,NA,0,0,0,0,0,0,NA,94
camera,21:30:01,Camera%2Fcontrol%20line%20discarded%3A%20too%20long,0,0.00,NA,0,0,0,0,0,0,NA,94
pico_reply,21:30:01,%29%84%29f%29%85%29%85%29%86%21%85%21%A5%29%A6%21%86%29%C5%29%E81%C7%29%A7%29%A7%29%A7%29%A7%29%C6%29%85%29%85%29%A5%29%A6%29%86%29%86%29%86%29f%29%86%29%A6%29%A6%29%86%29%A6%29%86%21%A6%21%86%29f%29%86%21%86%29%86%29f%29%86%29%A6%29%86%29%A6%29%86%29%86%21e%21%86%29%86%29%85%29f%21F%29e%29e%21%852%262%202%201%E71%E71%C7%29%C7%29%C6%29%A6%29%A6%29%A6%29%A6%29%A6%29%A7%29%A79f9%A6%3Ae%84%B1%85%20S%20SoJ%A8%29%A9%29%C71%C61%C61%C71%E71%E62%20%29%E62%202%202%202%209%E7%3A%20%3A%20%3A%20%3A%20%3A%27%3A%28%3A%28B%28%3AHBgBH%3AHBhBHBH%3AhJ%A8%5B%2CB%88%3A%CAB%A9%3AJB%89B%A9J%A9J%A9B%89J%89J%A9J%A9J%CAJ%CAJ%CAR%C9J%EAJ%EAS,0,0.00,NA,0,0,0,0,0,0,NA,94
pico_reply,21:30:01,S%20R%CBS,0,0.00,NA,0,0,0,0,0,0,NA,94
pico_reply,21:30:01,%5BK%5BKS,0,0.00,NA,0,0,0,0,0,0,NA,94
camera,21:30:01,Camera%2Fcontrol%20line%20discarded%3A%20too%20long,0,0.00,NA,0,0,0,0,0,0,NA,94
pico_reply,21:30:01,%21%85%29%85%21%86%21E2%201%E7%29%C71%C72%20%29%E8%29%A7%29%C6%29%85%29%86%29%85%29%A6%29%86%21%A6%29%86%29%86%29%86%29%86%29%86%29%86%21%85%29%A6%29%A6%21%A6%29f%29%86%29%86%29%86%29%86%29%86%29%86%29%A6%29%A6%29%A6%29%86%29e%21%86%21%A6%29e%21f%29%85%29%85%29%85%21e%3A%26%3A%282%20%29%E71%E81%C7%29%C7%29%C6%29%C6%29%A6%29%A6%29%86%29%A7%29%A7%29%A79f1%C5BEk%EFd%8Cco%5B21%E7%29%A61%E6%29%E61%C61%C71%C71%C61%E7%29%E71%E71%E72%202%20%3A%20%3A%20%3A%20%3A%20%3A%28%3A%27%3AGBHBH%3AhJ%88BhBHBHBHBH%3AhR%88%5Bl%5B%88c%EDc%8BJ%ECB%88B%A9B%A9B%A9B%A9J%A9J%A9J%CAJ%CAJ%EAJ%EAJ%E9K,0,0.00,NA,0,0,0,0,0,0,NA,94
camera,21:30:01,Camera%2Fcontrol%20line%20discarded%3A%20too%20long,0,0.00,NA,0,0,0,0,0,0,NA,94
pico_reply,21:30:01,%21%24%20D%21D%29e%29e%29e%29e%29e%29%851%C6%21%A6%29%A6%3A%28%29%E81%E71%C72%20%29%E7%29%A7%29%A6%29%86%29%86%29%A6%29%86%29%A6%21%A6%29%86%21%86%29%85%29%A6%29%86%29%86%21%A6%29%86%29%A6%21%A6%29%86%29%86%29%86%29%85%29%85%29%86%21%86%29%86%29%A6%29%A6%29%86%21e%21%85%29%86%29%86%21f%29%85%21%85%29%85%21e%3A%201%C71%C71%E71%E71%C7%29%C7%29%C6%29%C6%29%A6%29%A6%29%A6%29%A6%29%A6%29%A61%A69%85A%C7%21%C8%5B%88Z%CC%29k1%E41%C6%29%E72%201%E6%29%E71%C61%E61%E7%29%C71%E71%E72%202%20%3A%20%3A%20%3A%20%3A%20%3A%28%3A%27BG%3AG%3AH%3AhB%89BiBHBHBHBHB%28B%AA2g%8Dnt%91tO%5BOBiJ%A9B%C9B%A9B%A9J%A9J%AAR%CAJ%AAJ%CAJ%EAJ%EAJ,0,0.00,NA,0,0,0,0,0,0,NA,94
pico_reply,21:30:01,S%20J%EBR%EBZ%EB%5B%20%5B%20S,0,0.00,NA,0,0,0,0,0,0,NA,94
camera,21:30:01,Camera%2Fcontrol%20line%20discarded%3A%20too%20long,0,0.00,NA,0,0,0,0,0,0,NA,94
pico_reply,21:30:01,e1%C6%29%C7%29%C62%28%29%E71%E71%C72%202%20%29%A7%21%A6%29%86%29f1%86%29%85%29%85%29%A6%29%86%21%A6%21%A6%29%A6%29%86%29%86%21%A6%21%A6%29%A6%29%86%29%86%29%86%29%86%29%86%29%85%29%86%29%86%21%A6%29%C6%29%A6%29%86%29f%29%86%29%86%29%86%29%85%29%A6%29%A5%29%A5%29%A61%E71%E81%C81%C71%C7%29%C7%29%A7%29%C6%29%A6%29%A6%29%A6%29%861%C6%29%A6%29%A61%A69%A69%C51%871%C8%20%26%21e%29%C61%C7%29%C61%E7%29%E7%29%E61%C61%E61%E7%29%E71%E71%E72%202%202%20%3A%20%3A%20%3A%20%3A%20%3A%27%3A%27%3A%27%3AHBHBHBH%3AHBHBHBhJHB%A9B%E6%95Qtq%7Cok%8E%3AKB%A9B%A9B%A9J%A9J%A9J%AAJ%AAR%C9J%CAJ%EAJ%EAJ%EAK,0,0.00,NA,0,0,0,0,0,0,NA,94
pico_reply,21:30:01,J%EAS,0,0.00,NA,0,0,0,0,0,0,NA,94
pico_reply,21:30:01,J%EBS%20Z%EBS%2AS,0,0.00,NA,0,0,0,0,0,0,NA,94
camera,21:30:01,Camera%2Fcontrol%20line%20discarded%3A%20too%20long,0,0.00,NA,0,0,0,0,0,0,NA,94
pico_reply,21:30:01,%21%85Bh%29%E8%29%E6%3AI2%201%E81%E72%271%E9%21%A7%29%A6%29%86%29%86%21%861%C6%29%86%21%86%29%A6%21%A6%21%A6%29%86%29%85%29%86%29%86%21%86%21%A6%21%A6%29%A6%29%86%29%86%29%86%29%86%29%86%29%86%21%A6%29%A6%21%A6%29%86%21%86%29%A5%29%A6%29%86%29%86%29%86%21%A6%21%A6%29%A61%C72%201%E71%C7%29%A7%29%C6%29%A6%29%86%29%A6%29%A61%A61%A6%29%86%29%A7%29%A61%A6%29%A6%29%A6%29%87%29%A7%29%A51%C6%29%C61%C61%C7%29%C7%29%E6%29%E61%E61%E6%29%C72%202%202%202%20%3A%272%20%3A%20%3A%20%3A%20%3A%27%3A%27%3AG%3A%27%3AHBHBH%3AI%3AH%3AHBIBhJHB%C8K%20%8D2%7CQ%7Cps%CE%3AJB%89B%A9B%A9J%A9J%A9R%AAJ%C9R%C9J%EAK,0,0.00,NA,0,0,0,0,0,0,NA,94
pico_reply,21:30:01,R%EAJ%E9K,0,0.00,NA,0,0,0,0,0,0,NA,94
pico_reply,21:30:01,K,0,0.00,NA,0,0,0,0,0,0,NA,94
pico_reply,21:30:01,S,0,0.00,NA,0,0,0,0,0,0,NA,94
pico_reply,21:30:01,K,0,0.00,NA,0,0,0,0,0,0,NA,94
pico_reply,21:30:01,%5B,0,0.00,NA,0,0,0,0,0,0,NA,94
pico_reply,21:30:01,R%ECS,0,0.00,NA,0,0,0,0,0,0,NA,94
camera,21:30:01,Camera%2Fcontrol%20line%20discarded%3A%20too%20long,0,0.00,NA,0,0,0,0,0,0,NA,94
pico_reply,21:30:01,%29%85%21eB%281%E8%2A%202H2%202%282%28%3Ah%3A%29%29%86%29%A6%29%86%29%A6%21e%29%C7%29%A6%29%A6%29%A5%29%85%29%86%29%86%21%A6%29%86%21%86%29%86%29%86%29%A5%29%A6%29%86%29%86%29%86%29%86%29%86%29%86%29%A6%29%A6%29%86%29%86%21%A51%C51%A7%29%A7%29%871%A7%29%C7%29%C61%C61%C8%29%C72%201%C7%29%A7%29%A61%A6%29%A6%29%A6%29%A61%A6%29%A6%29%A6%29%A6%29%A7%29%C6%29%A6%29%C6%29%C7%29%C71%C61%C71%C61%E61%C71%C71%C61%C61%E61%E6%29%C71%E72%202%202%202%20%3A%20%3A%20%3A%20%3A%20%3A%20%3A%27%3A%27%3AG%3A%28B%28BH%3AHBH%3A%28BHBhR%29%3A%87KE%95q%84%93ksJ%8BB%A7B%A9B%A9J%A9J%89J%A9R%AAJ%C9R%C9J%EAJ%EAJ%E9J%EAJ%EAJ%EAK,0,0.00,NA,0,0,0,0,0,0,NA,94
pico_reply,21:30:01,S%2A%5BKS%20S,0,0.00,NA,0,0,0,0,0,0,NA,94
camera,21:30:01,Camera%2Fcontrol%20line%20discarded%3A%20too%20long,0,0.00,NA,0,0,0,0,0,0,NA,94
pico_reply,21:30:01,%85%21%85%3A%29%29%E8%3A%89%2A,0,0.00,NA,0,0,0,0,0,0,NA,94
pico_reply,21:30:01,2%27%3A%282HBh%3A%2A%29%86%29%A6%29%86%29%861%C41%E5BH%20%20%29%85%29%86%29%86%29%86%21%A6%29%A6%21%86%29%86%29%86%29%A6%29%A6%29%A6%29%86%29%86%29%86%29%86%29%86%29%A6%29%A6%29%86%29%86%21%A61%C6%29%871%C71%E82%28%2A%201%E81%E71%C7%29%E61%E61%A8%29%A7%29%A7%29%86%29%86%29%A6%29%A6%29%C61%E61%E7%29%A7%29%A7%29%A7%29%A61%C61%C61%C61%C61%C61%C61%E61%E71%C71%C71%E71%E62%201%E72%202%202%202%202%20%3A%202%20%3A%20%3A%27%3A%27%3AG%3AG%3AG%3A%28B%28B%28%3A%29%3AH%3A%28BHBhJIBH%5B%20c%8Ck%8DJ%8D%3AGB%A8B%A9B%A9J%A9J%A9J%A9J%A9J%A9R%CAJ%EAJ%EAJ%EAJ%E9K%20S,0,0.00,NA,0,0,0,0,0,0,NA,94
pico_reply,21:30:01,K%20K,0,0.00,NA,0,0,0,0,0,0,NA,94
camera,21:30:01,Camera%2Fcontrol%20line%20discarded%3A%20too%20long,0,0.00,NA,0,0,0,0,0,0,NA,94
pico_reply,21:30:01,%20E%21%85%29f%29e%29%A52%27%2A%20J%CAB%8B%3AH%3AH2%88R%CA1%EC%29%85%29%A61%869e%21dJ%C4%5BM%29%89%29%A5%29%86%29%A6%29%86%29%A6%29%86%29%86%29%86%29%86%29%A6%29%A6%29%86%29%86%29%86%29%86%29f%29%86%29%A6%29%A6%29%86%21%A6%21%86%29%87%29%A61%C7%29%C72%282%282%201%E71%C7%29%C71%C71%A7%29%A7%29%C6%29%A61%A61%A7%29%A71%C6%29%C6%29%C6%29%C6%29%A6%29%A6%29%A61%A6%29%A61%C61%C61%C61%C61%C7%29%C61%E61%C71%C61%E61%C62%202%202%209%E72%20%3A%20%3A%202%20%3A%28%3A%20%3A%27%3AH%3A%27%3AG%3A%28B%28B%28BHBHBHBHBhJiJIRHB%202%27J%A8B%8AB%89B%A9J%A9J%A8J%A9J%A9R%CAJ%CAJ%CAJ%EAJ%CAS,0,0.00,NA,0,0,0,0,0,0,NA,94
pico_reply,21:30:01,K%20J%E9S,0,0.00,NA,0,0,0,0,0,0,NA,94
pico_reply,21:30:01,S%20K,0,0.00,NA,0,0,0,0,0,0,NA,94
pico_reply,21:30:01,%5B,0,0.00,NA,0,0,0,0,0,0,NA,94
pico_reply,21:30:01,%5B%20S%2BS%2BcKc%2CK%20%7C%AC%7C%D2%95%20k%F0%5Bjck%5B%8Cclc%8Cc%8Cc%8Cc%8Cc%ACc%ACc%ACc%CDc%ADc%ACc%ADk%ADk%ADk%CDk%8Ds%CDs%CC%7C%20s%EDk%EDs%CDs%CDs%CDs%EEs%EEs%EE%7C.%7C%20%7C%20%7C%20%7C.%7C.tNtOtO%7C%2F%7CO%7C%2F%7CO%7CO%7CO%7Co%84o%84%8F%84%8F%84%8F%84%B0%84%90%84%90%8C%90%84%B0%8C%B0%8C%AF%8C%B0%8C%D1%8C%D1%8C%D0%8C%D1%8C%F1%94%D1%8C%D1%94%F1%94%F2%94%F1%95%20%95%20%95%20%95%20%95%20%95%20%95%20%9D%20%9D%20%952%9D%20%9D2%9DR%9D2%9DR%9D2%A53%A52%A5S%A5R%ADS%ADS%A5s%A5s%ADs%ADs%ADs%ADs%A5s%A5%93%A5%B3%A5%93%A5%93%A5%93%A5%B3%AD%B4%A5%B3%A5%B3%A5%B4%A5%B3%A5%B4%AD%94%AD%B4%AD%D4%AD%D4%AD%B4%AD%94%AD%B4%AD%B4%AD,0,0.00,NA,0,0,0,0,0,0,NA,94
pico_reply,21:30:01,J%8BBj1%E8%29%889%C81%E7%29%A7%29%86%29%86%29f1f%21%25%21%25%21%84%21e%21D%21%24%21d%21e%21E%21%24%21%24%21%24%21%24%21%24%21%24%21%20%21%20%21%20%21%24%21e%21f%29e%21%86%21%85%29%861e1e%21%85%2A%25B%8ABk%3AI%3A%89B%88Jj%21%8A%29%A5%29%869fA%25%29%81S%C4%8D1cs%21g%29%A6%29%A6%29%A6%29%A6%29%A7%29%87%29%87%29%A6%29%A6%29%A6%29%A6%29%A6%29%86%21%86%29%86%29%86%29%86%29%A6%29%A6%29%A6%29%C7%29%86%29%C6%29%C7%29%C7%2A%282%20%29%E81%E81%E7%29%C71%C7%29%A7%29%C7%29%C7%29%A6%29%C6%29%A61%C71%C6%29%C6%29%C6%29%A6%29%A7%29%A7%29%A61%A6%29%C6%29%C6%29%A61%C71%C61%E7%29%E61%E61%C71%E71%C71%C62%202%202%209%E72%20%3A%27%3A%202%20%3A%28%3A%20%3A%28%3AH%3A,0,0.00,NA,0,0,0,0,0,0,NA,94
pico_reply,21:30:01,S,0,0.00,NA,0,0,0,0,0,0,NA,94
camera,21:30:01,Camera%2Fcontrol%20line%20discarded%3A%20too%20long,0,0.00,NA,0,0,0,0,0,0,NA,94
pico_reply,21:30:02,%29e%29%85%21%85%29%A5%21%86%29e%29%85%21%A52%26B%8BB%2A1%E8%29%C72H%3AH%21i%29%861fA%268%E4R%E1%85%2B%B6%20c%96%29%A4%29%C5%29%A6%29%A7%29%A6%29%A7%29%87%29%A6%29%A6%29%A6%29%A7%29%A7%29%A6%21%86%29%A61%C6%29%A6%29%A6%29%A6%29%A6%29%C6%29%A7%21%A6%29%C6%29%C7%29%E72%282%282%202%201%E71%E71%C7%29%C7%29%C7%29%C7%29%C6%29%C6%29%C6%29%C71%C6%29%C7%29%C6%29%C6%29%A7%29%A7%29%A6%29%C6%29%C6%29%C61%C61%C61%C61%E61%E71%C61%E71%E71%E79%E72%202%202%209%E72%20%3A%272%20%3A%28%3A%20%3A%20%3A%28%3AH%3AG%3AG%3A%28BH%3AHB%29BHBHBHBHBhBiBhB%88B%89B%89BiB%89J%89J%89J%A9J%CAJ%CAJ%EAJ%EAJ%EAJ%CAJ%CAJ%EAR%EAR%EAS,0,0.00,NA,0,0,0,0,0,0,NA,94
camera,21:30:02,Camera%2Fcontrol%20line%20discarded%3A%20too%20long,0,0.00,NA,0,0,0,0,0,0,NA,94
pico_reply,21:30:02,%85%21%A6%21e%21%86%21%85%29e%29%86%21%A5%3Af1%E89%C8%29%86%29%A6%3AGBH%29%89%29%861fI%260%E2s%E1%9EO%9D%96t%201%C6%29%C6%29%A6%29%A7%29%A6%29%A7%29%86%29%A6%29%A6%29%A7%29%A7%29%A7%29%A6%29%C6%29%C6%29%C6%29%C7%29%C7%29%A7%29%C6%29%C71%C7%29%A6%29%A61%C72%202%282%282%20%2A%202%201%E71%E7%29%C7%29%C7%29%C7%29%C7%29%C6%29%C7%29%C7%29%A6%29%A71%C7%29%A7%29%A7%29%A6%29%86%29%C6%29%E6%29%E61%C61%C71%C61%E61%E71%E71%C71%E71%E79%E72%202%202%209%E72%20%3A%272%20%3A%27%3A%27%3A%20%3A%28%3AH%3AH%3A%28%3AG%3AH%3AHBHBHBHBIBH%3AhBiBhB%A8J%A8J%8AJ%AAB%89J%A9J%89J%AAJ%CAJ%CAJ%C9J%EAJ%EAJ%CAJ%EAJ%EAS,0,0.00,NA,0,0,0,0,0,0,NA,94
pico_reply,21:30:02,S,0,0.00,NA,0,0,0,0,0,0,NA,94
pico_reply,21:30:02,S,0,0.00,NA,0,0,0,0,0,0,NA,94
camera,21:30:02,Camera%2Fcontrol%20line%20discarded%3A%20too%20long,0,0.00,NA,0,0,0,0,0,0,NA,94
pico_reply,21:30:02,%A5%21%85%21%A6%21%A6%21%86%29%86%29%86%21%A62H%29%C81%C8%29%A8%29%C72G%3A%29%29%88%29%861fQ%20%29%20%A5D%8D%D3%BEt%7C%201%C7%29%C6%29%C6%29%A6%29%A7%29%A7%29%86%29%A6%29%A6%29%A7%29%87%29%A7%29%A6%29%A6%29%C6%29%C6%29%C7%29%C7%29%A7%29%A6%29%C61%C7%21%C7%29%A71%C82%202%282%282%202%202%202%201%E7%29%E71%C71%C71%E7%29%E7%29%E62%202%20%29%C71%C61%E71%C71%C71%C7%29%E7%29%E6%29%E6%29%E61%C71%E6%3AF1%E81%E71%E71%E71%E69%E71%E62%202%20%3A%20%3A%20%3A%27%3A%28%3A%20%3A%27%3A%20B%20%3A%28%3AH%3AHBGB%28B%28BHBHBHBIBhBhBiB%88J%88%3AiJiJ%8AB%89J%A9J%AAJ%AAJ%CAJ%CAJ%CAJ%E9J%E9J%EAJ%EAR%EAS,0,0.00,NA,0,0,0,0,0,0,NA,94
pico_reply,21:30:02,S,0,0.00,NA,0,0,0,0,0,0,NA,94
pico_reply,21:30:02,S,0,0.00,NA,0,0,0,0,0,0,NA,94
pico_reply,21:30:02,R%EBS,0,0.00,NA,0,0,0,0,0,0,NA,94
camera,21:30:02,Camera%2Fcontrol%20line%20discarded%3A%20too%20long,0,0.00,NA,0,0,0,0,0,0,NA,94
pico_reply,21:30:02,%21%A5%29%A6%29%A5%29%85%29%86%29%C52%281%E81%E8%29%C7%29%C72%27%3A%29%29%89%29%86AF9F%29%60%EF%2C%A5%94%BE4%3A42%20%29%C6%21%A6%29%86%29%87%29%86%29%85%29%A6%29%86%29%86%29%86%29%A6%29%A6%29%A6%29%C6%29%C6%29%C7%29%C7%29%A7%29%87%29%A6%29%A7%21%A6%21%871%C72%201%E81%E72%202%202%201%E81%E7%29%E71%C71%C71%E7%29%E7%29%E72%202%20%29%C71%E71%E72%202%201%E7%29%E7%29%E6%29%E71%E71%E71%E6%3AG2%202%201%E72%20%3A%27%3A%201%E72%202%20%3A%20%3A%20%3AG%3A%28%3A%28%3A%28%3A%20%3A%20%3A%27%3AH%3AHB%28BHB%28BHBhBHBHBIBhBh%3A%88J%88%3AiJ%89B%89B%A9J%C9J%CAJ%CAJ%C9J%CAJ%CAB%E9J%E9J%CAJ%EAS,0,0.00,NA,0,0,0,0,0,0,NA,94
pico_reply,21:30:02,S,0,0.00,NA,0,0,0,0,0,0,NA,94
pico_reply,21:30:02,S,0,0.00,NA,0,0,0,0,0,0,NA,94
pico_reply,21:30:02,S,0,0.00,NA,0,0,0,0,0,0,NA,94
camera,21:30:02,Camera%2Fcontrol%20line%20discarded%3A%20too%20long,0,0.00,NA,0,0,0,0,0,0,NA,94
pico_reply,21:30:02,%85%21%85%29%A5%29%86%29%86%29%85%29%A52%202%20%29%C7%29%C7%29%C7%29%C72%20%3A%291%A9%29%85I%208%A4j%A0%CE%20%B5%D1%84t%29%8D%21%85%29%A7%29%86%29%86%29f%29%86%29%86%29%85%29%A6%29%86%29%86%29%85%29%A6%29%A6%29%A6%29%A6%29%A7%29%A6%29%A7%21%A7%29%A6%29%A7%29%86%21E%29%C61%E61%E71%E71%E81%E72%202%201%C7%29%C71%E71%C71%C71%C71%C71%E7%29%E6%3A%201%C71%E72%201%E71%E72%202%202%202%20%29%E7%2A%202%202%202%202%20%3A%202%202%209%E7%3A%20%3A%20%3A%20%3A%20%3A%28%3A%28%3A%28%3AG%3A%20B%27%3A%27%3AH%3AG%3AHBHBHBHB%88BHBhBIBhB%88BiB%88B%88J%89BiB%A9J%C9J%C9J%AAJ%A9J%C9J%C9J%C9J%E9R%EAJ%EAS%20S,0,0.00,NA,0,0,0,0,0,0,NA,94
pico_reply,21:30:02,S,0,0.00,NA,0,0,0,0,0,0,NA,94
pico_reply,21:30:02,S%2AS,0,0.00,NA,0,0,0,0,0,0,NA,94
pico_reply,21:30:02,%5B,0,0.00,NA,0,0,0,0,0,0,NA,94
pico_reply,21:30:02,%5B,0,0.00,NA,0,0,0,0,0,0,NA,94
camera,21:30:02,Camera%2Fcontrol%20line%20discarded%3A%20too%20long,0,0.00,NA,0,0,0,0,0,0,NA,94
pico_reply,21:30:02,%86%29%85%29%85%29%A52%202%20%29%C7%29%C7%29%C7%29%A7%2A%20%3A%291%C91%86Y%20P%E4%8Bc%AD%B2%AD%B2%8Cw%20%20%29%A4%29%A6%29%86%29%86%29%86%29%86%29f%29%85%29%A6%29%86%29%86%29%85%29%86%29%A6%29%A6%29%A6%29%A6%29%A6%29%C6%29%A6%29%A6%29%A6%29%86%20%25%29%85%29%C6%3A%201%E71%E71%E72%209%E7%29%A71%E7%29%A61%C61%E71%C71%C71%C7%29%E71%C61%871%A71%C71%E71%E71%E71%E61%E72%20%29%E7%2A%272%272%202%20%3A%202%202%20%3A%27%3A%20%3A%20%3A%20%3A%20%3A%20%3A%28%3A%20%3AH2%27BHB%28%3A%28%3Ah%3AH%3AHBHB%28%3Ai%3AhB%89BiBI%3AIB%88B%89J%A9B%A9B%A9J%AAB%A9J%C9J%CAB%C9R%EBJ%CBJ%CAJ%E9J%E9R%EAS,0,0.00,NA,0,0,0,0,0,0,NA,94
pico_reply,21:30:02,S,0,0.00,NA,0,0,0,0,0,0,NA,94
pico_reply,21:30:02,S,0,0.00,NA,0,0,0,0,0,0,NA,94
pico_reply,21:30:02,S,0,0.00,NA,0,0,0,0,0,0,NA,94
pico_reply,21:30:02,S,0,0.00,NA,0,0,0,0,0,0,NA,94
pico_reply,21:30:02,S%20%5B,0,0.00,NA,0,0,0,0,0,0,NA,94
pico_reply,21:30:02,%5B%2B%5B%2B%5BLSK%5B%2Bc%2BcLcLclclclkLclclc%8Dc%8Cc%8Cc%8Cc%ACc%ACc%ACc%8Ck%ACc%ADk%ADk%ACk%CDk%CDk%CDk%CDtl%20s%CDs%EDs%EDs%EDs%EEtt%20%7C%20s%EEt%20t%20t.%7C%20%7C%2F%7C%2F%7C%2F%7C.%84O%7C0%7CO%7CO%84o%7Co%7Co%84%8F%84%8F%84%90%84%90%84%90%84%91%84%B0%8C%B0%8C%B0%8C%B0%8C%D0%8C%B0%8C%D0%94%D1%8C%D1%94%F1%94%F1%94%F1%94%F1%94%F1%94%F1%95%20%8C%F1%95%20%94%F1%95%20%95%20%95%20%9D%20%952%9D2%9D%20%9D%20%9D2%9D2%A5%20%A53%A53%A5S%A5S%A5S%A5S%A5S%A5S%ADS%ADs%A5s%ADs%ADt%ADs%ADs%AD%93%AD%93%A5%B3%A5%D3%A5%B4%A5%B4%A5%94%A5%93%A5%B4%A5%B4%A5%B4%AD%B4%AD%95%AD%94%B5%94%AD%B4%B5%B4%B5%B4%B5%B4%AD%B4%B5%B4%B5,0,0.00,NA,0,0,0,0,0,0,NA,94
pico_reply,21:30:02,1%E9%29%C8%29%C71%E81%E81%E81%20%21%24%21d%29%85%20%25%21D%21D%21D%21D%29e%21%24%21%24%21%24%21%24%21%24%21E%29%86%21%A6%21%85%29%85%21f%29f%29%85%29%A6%21%86%3A%261%E7%29%C7%29%C7%29%A71%A71%E7%3A%281%E91fX%C6Q%2F%A4e%AD%B4%B6Tcw%20%201%A6%29%A6%29%86%29%86%29%86%29%86%29%A6%29%A6%29%A6%29%86%29%86%29e%29%86%29%A6%29%A6%29%A6%29%A6%29%A6%29%A6%29%A6%29%A6%29%A61%86%21F%29e%21%86%21%85%29%C61%C71%E72%209%E8%29%A71%C6%29%C6%29%C61%E71%E71%C71%C7%29%C61%C71%A71%C71%C81%C71%C71%C61%C61%C61%C6%29%E6%2A%20%29%E71%C71%E7%29%E62%202%202%272%20%3A%20%3A%20%3A%20%3A%20%3A%27%3AH%3A%282%27BhBI%3AHBH%3AHBHBHBi%3AiBhB,0,0.00,NA,0,0,0,0,0,0,NA,94
pico_reply,21:30:02,J%E8J%C9R%E9R%EAS,0,0.00,NA,0,0,0,0,0,0,NA,94
pico_reply,21:30:02,S,0,0.00,NA,0,0,0,0,0,0,NA,94
pico_reply,21:30:02,S,0,0.00,NA,0,0,0,0,0,0,NA,94
pico_reply,21:30:02,S,0,0.00,NA,0,0,0,0,0,0,NA,94
pico_reply,21:30:02,%5B,0,0.00,NA,0,0,0,0,0,0,NA,94
pico_reply,21:30:02,%5B%20%5B,0,0.00,NA,0,0,0,0,0,0,NA,94
camera,21:30:02,Camera%2Fcontrol%20line%20discarded%3A%20too%20long,0,0.00,NA,0,0,0,0,0,0,NA,94
pico_reply,21:30:02,f%29%86%29%85%29%A6%21%862%201%C8%29%C71%C7%29%C71%A71%E7%3AH2%20A%27I%25A%40%D5%EB%A5%20%94%D0%3AS%29%A5%29%A6%29%85%29%86%29%86%29%86%29%86%29%86%29%A6%29%A6%29%A6%29%86%29f%29%86%29%A6%29%A6%29%86%29%A6%29%A5%29%A6%29%A6%29%C6%29%A6%29f%21f%29e%29%86%29%A61%C61%C71%A71%E7%3A%28%29%A7%29%A6%29%C6%29%C61%E71%C71%C6%29%C71%C61%A71%A71%C71%C71%C71%C71%C61%E61%C61%C61%E6%29%E6%29%C61%C61%E61%E72%202%202%202%202%20%3A%20%3A%20%3A%20%3A%27%3A%271%E8%3AH%3A%27%3AH%3A%20%3AHB%28%3A%28BhBhBIBI%3AhBhBiJ%89J%AAB%89J%89B%A9B%A9J%C9J%A9Z%CAJ%CAS%28%7Cql1K,0,0.00,NA,0,0,0,0,0,0,NA,94
pico_reply,21:30:02,S,0,0.00,NA,0,0,0,0,0,0,NA,94
pico_reply,21:30:02,R%EBR%EBK,0,0.00,NA,0,0,0,0,0,0,NA,94
pico_reply,21:30:02,S,0,0.00,NA,0,0,0,0,0,0,NA,94
pico_reply,21:30:02,S%20S%2A%5B%20S%20S,0,0.00,NA,0,0,0,0,0,0,NA,94
camera,21:30:02,Camera%2Fcontrol%20line%20discarded%3A%20too%20long,0,0.00,NA,0,0,0,0,0,0,NA,94
pico_reply,21:30:02,%86%29f1f%21e%29%E61%E81%C8%29%C71%C7%29%A71%A79%A6%3A%279%E8A%26P%C5ZB%CD%D0%85n%A5o2%20%29%A6%29%A7%29%85%29%86%29%86%29%86%29%86%29%A6%29%A6%29%A6%29%86%29%86%29%A6%29%86%29%A6%29%A6%29%A6%29%A6%29%A6%29%A6%29%A6%29%A6%29%86%29f%21f%21e%21%86%29%86%29%A61%871%A7%29%871%A61%C6%29%A6%29%C6%29%C61%E7%29%C71%A7%29%C7%29%C61%C71%C7%29%C61%C71%E71%C71%C61%C61%C61%C61%C61%C61%C61%C71%E72%202%202%201%E72%20%3A%279%E79%E7%3A%20%3A%27B%27%3A%20%3A%27%3A%28%3A%28%3A%28%3AHB%28B%28BHBhBI%3AI%3AHBiBiJ%C9J%A9BiB%89B%AAB%AAB%C9J%A9Z%8AJ%A7k%C7%9Dt%7CRJ%EAR%EAR%EAS,0,0.00,NA,0,0,0,0,0,0,NA,94
pico_reply,21:30:02,S,0,0.00,NA,0,0,0,0,0,0,NA,94
camera,21:30:03,Camera%2Fcontrol%20line%20discarded%3A%20too%20long,0,0.00,NA,0,0,0,0,0,0,NA,94
pico_reply,21:30:03,%24%21f%21e%21%86%21%86%29%86%29%85%29e%29e%21%A52%201%E91%C8%29%A8%29%A71%C71%A81%C6BgJjY%20Y%24b%A0%D6%D4%A6Q%DE%F6%20%CF1%C5%29%A6%29%85%29%A6%29%86%29%86%29%86%29%86%29%A6%29%86%29%86%29%86%29%A6%29%86%29%A6%29%A6%29%A6%29%A6%29%A6%29%A6%29%A6%29%A6%29%86%21f%21e%21e%29%86%29%861%A61%861%A7%29%A6%29%A6%29%A6%29%A6%29%C61%E61%C71%A7%29%C6%29%C6%29%C6%29%C7%29%C7%29%C61%C61%E61%C71%C61%C61%C71%C61%C61%C71%C79%E61%C61%E72%202%201%C72%201%E69%E79%E79%E7%3A%20%3A%20%3A%20%3A%27%3A%28%3A%28%3A%28%3AHB%28%3A%28BHBIBiBh%3AHBhBiBiBhB%88B%A8B%A9B%A9B%A9J%A9R%89R%E6%8Ck%9Dt%5BnJ%C8J%EAR%EBS,0,0.00,NA,0,0,0,0,0,0,NA,94
pico_reply,21:30:03,S%2AS,0,0.00,NA,0,0,0,0,0,0,NA,94
camera,21:30:03,Camera%2Fcontrol%20line%20discarded%3A%20too%20long,0,0.00,NA,0,0,0,0,0,0,NA,94
pico_reply,21:30:03,f%21e%21%86%29%86%21%86%29%85%29e%29e%21%C5%3Af1%E91%C8%29%A81%C71%C71%A7%29%A6BHJJh%C69%20%8C%20%C6%F8%C66cX%20%C0%29%86%29%A6%29%86%29%A6%29%A6%29%86%29%86%29%A6%29%86%29%A6%29%86%29%86%29%A6%29%86%29%A6%29%A6%29%A6%29%86%29%A6%29%A6%29%A6%29%A6%29%86%21f%29%85%21e%29%86%29%86%29%A6%29%A7%29%A7%29%A6%29%A6%29%A6%29%A6%29%C61%C61%C7%29%A71%A7%29%A61%C6%29%C61%C7%29%C6%29%C61%E71%C7%29%C61%C61%C71%C61%C61%C71%C71%E71%C61%E71%E71%E71%E79%E72%202%20%3A%20%3A%20%3A%20%3A%20%3A%20%3A%27%3A%28%3A%28B%28B%20%3AHBHBH%3A%28%3A%28BIBhBhBiBiBiBhB%A8B%89J%A9B%89J%A9ZjR%C8%8C%AC%8D2SMJ%CAR%EAR%EBR%EBS,0,0.00,NA,0,0,0,0,0,0,NA,94
camera,21:30:03,Camera%2Fcontrol%20line%20discarded%3A%20too%20long,0,0.00,NA,0,0,0,0,0,0,NA,94
pico_reply,21:30:03,e%21f%21%85%21%86%21%A6%21%85%29%85%29%86%29e%29%C5%3AF%29%C91%C8%29%A8%29%C71%C71%C7%21fJ%A9Q%EAIF8%C0%CE%29%94%F1%94%B2%29q%29%A2%29%A6%29%86%29%A6%29%A5%29%A6%29%86%29%86%29%A6%29%A6%29%86%29%86%29%86%29%A6%29%A61%86%29%A6%29%86%29%86%29%A6%29%A6%29%A6%29%A6%21%A6%29%86%29f%21E%21%85%29%86%29%85%29%A6%29%86%29%A6%29%A6%29%C61%C6%29%A71%C71%C71%C71%A71%A7%29%C6%29%C61%C71%C71%C61%E71%C71%C61%C61%C61%E71%C71%C71%E71%E71%C71%E79%E79%E71%E71%E72%202%20%3A%20%3A%209%E89%E7%3A%20%3A%27%3A%27%3A%27B%28B%28%3A%27BHB%28%3A%29%3A%28BHBHBhB%89BiBiBhB%A9B%89J%89J%A9R%89RJR%C7%84Mk%CFK%20J%E9J%C9J%CAR%EBS,0,0.00,NA,0,0,0,0,0,0,NA,94
pico_reply,21:30:03,S,0,0.00,NA,0,0,0,0,0,0,NA,94
pico_reply,21:30:03,S%2BS%20S,0,0.00,NA,0,0,0,0,0,0,NA,94
pico_reply,21:30:03,%5B%20S,0,0.00,NA,0,0,0,0,0,0,NA,94
camera,21:30:03,Camera%2Fcontrol%20line%20discarded%3A%20too%20long,0,0.00,NA,0,0,0,0,0,0,NA,94
pico_reply,21:30:03,%29%85%29%85%29%E61%E71%C71%C7%29%C7%29%C71%C71%C7%21%85R%CAI%CBQ%25Q%A3%B4%EFd%8C%A5%8E%3A3%29%86%29%A6%29%86%29%A6%29%85%29%85%29%85%29%86%29%A6%29%A6%29%A6%29%A6%29%86%29%A6%29%A6%29%A6%29%86%29%86%29%86%29%86%29%A7%29%86%29%A6%21%A6%29%85%29f%21e%29e%29%86%29%86%29%A6%29%86%29%A6%29%A6%29%A6%29%C6%29%A7%29%C7%29%A71%A7%29%A7%29%C7%29%C6%29%C61%C7%29%C61%C79%C81%A71%C61%C61%C61%C71%E71%C71%E71%E62%201%C79%C79%E79%E72%202%202%20%3A%20%3A%209%E8%3A%20%3A%20%3A%20%3A%27%3A%27B%28B%28B%27B%28B%28BHBhBiBHBhB%89BiBhBiBiJ%88J%89J%89ZIBHtG%95%20%5BqJ%E9J%CAR%C9J%E9S,0,0.00,NA,0,0,0,0,0,0,NA,94
pico_reply,21:30:03,S,0,0.00,NA,0,0,0,0,0,0,NA,94
pico_reply,21:30:03,S,0,0.00,NA,0,0,0,0,0,0,NA,94
pico_reply,21:30:03,%5B%20S%2BS,0,0.00,NA,0,0,0,0,0,0,NA,94
camera,21:30:03,Camera%2Fcontrol%20line%20discarded%3A%20too%20long,0,0.00,NA,0,0,0,0,0,0,NA,94
pico_reply,21:30:03,%21%A6%21%85%29%86%29%86%29%A62%201%E81%C81%C7%29%C7%29%C71%C71%A7%21%86BIAII%A4RA%CE%95%85%20%DFT%21o%29%A5%29%A6%29%86%29%86%29%86%29%86%29%86%29%86%29%A6%29%A6%29%85%29%A6%29%86%29%86%29%A6%29%86%29%A6%29%A6%29%86%29%86%29%A7%29%86%29%A6%21%C6%29%A6%29f%21d%29e%29%86%29%86%29%A6%29%A6%29%A6%29%A6%29%C6%29%C61%C7%29%C7%29%C61%A7%29%A6%29%A7%29%A7%29%C61%C7%29%C69%E61%A71%A61%C61%C61%C61%C71%E71%E71%E71%E71%E71%C79%E79%E79%E71%E71%E72%20%3A%20%3A%209%E8%3A%20%3A%20%3A%20%3A%27%3A%20B%28%3A%20B%28B%28BHBHB%89BiBhB%89B%89BiBhJ%89BiJ%89J%8ARiRiJ%C7%AD%AB%B6%20S0S%20R%CBR%CAJ%E9S,0,0.00,NA,0,0,0,0,0,0,NA,94
pico_reply,21:30:03,S,0,0.00,NA,0,0,0,0,0,0,NA,94
pico_reply,21:30:03,S%20S%2B%5B%20%5B%2B%5B,0,0.00,NA,0,0,0,0,0,0,NA,94
camera,21:30:03,Camera%2Fcontrol%20line%20discarded%3A%20too%20long,0,0.00,NA,0,0,0,0,0,0,NA,94
pico_reply,21:30:03,%21%A5%29%86%29%86%21%862%201%E71%E81%C7%29%C7%29%E71%C7%29%C7%21%A6JiH%C9%21%83%94%60%D7%BC%BD%D5t9%20%20%29%A7%29%A6%29%86%29%A6%29%A6%29%861%86%29%86%29%A6%29%A5%29%A5%29%86%29%86%29%86%29%A6%29%A6%29%A6%29f%29%86%29%A6%29%A7%29%86%29%A6%29%C6%29%A6%29f%21e%29e%29%85%29%A61%861%861%A61%A7%29%A6%29%C61%C61%A7%29%A61%C71%A6%29%A6%29%A7%29%C61%C61%C71%C71%C61%A6%29%C61%C61%C61%C71%E61%E71%E71%E7%3A%271%C71%E79%E79%E79%E79%E7%3A%20%3A%209%E7%3A%20%3A%20%3A%20%3A%20%3A%27%3A%27B%28%3A%28%3A%28B%28%3A%28%3AHBhBiBhB%89J%89BiB%88J%89B%8AR%A9J%89R%8AR%29Z%A8%8C%8F%8C%91J%EBJ%CAR%CAR%CAR%E9R%EAR%EBR%CA%5B,0,0.00,NA,0,0,0,0,0,0,NA,94
camera,21:30:03,Camera%2Fcontrol%20line%20discarded%3A%20too%20long,0,0.00,NA,0,0,0,0,0,0,NA,94
pico_reply,21:30:03,%21%A6%29%A6%29%86%29%A6%29%86%29g%21%862%20%29%E8%29%A71%C8%29%C71%C7%29%A7%29%C7%29%A6R%29A%209,0,0.00,NA,0,0,0,0,0,0,NA,94
pico_reply,21:30:03,S%20R%CAS,0,0.00,NA,0,0,0,0,0,0,NA,94
pico_reply,21:30:03,%5B,0,0.00,NA,0,0,0,0,0,0,NA,94
pico_reply,21:30:03,c%2B%5B,0,0.00,NA,0,0,0,0,0,0,NA,94
camera,21:30:03,Camera%2Fcontrol%20line%20discarded%3A%20too%20long,0,0.00,NA,0,0,0,0,0,0,NA,94
pico_reply,21:30:03,%861%86%29%87%21%A62%201%E71%C71%E7%29%E71%E71%A8%21%E6%3A%20I%CBY%20YB%9C%8B%84%CC%C6t1%D2%21F%29%A6%29%A6%29%851%A6%29%86%29%86%29%861%86%29%86%29%A6%29%A6%29%86%29%86%29%86%29%A5%29%A6%29%A6%29%86%29%A6%29%A6%29%A61%861%A7%29%86%29%86%29%86%29e%29f%29f1%851%A69g1%27%29%26%29%841%C51%A61%A6%29%A6%29%A61%A7%29%A6%29%A61%A6%29%A61%C61%C6%29%C61%C61%C6%29%E61%C61%C6%29%E6%29%E61%E79%E69%E82%202%209%E79%E79%E82%20%3A%20%3A%20%3A%20%3A%20%3A%20%3A%20%3A%27B%27J%28B%28B%28BH%3A%28B%28%3A%28BHB%88BhJiJiBiB%88B%A9B%89J%89J%A9ZiJH%7C%A7%9DS%5B2R%C8J%CAZ%EAR%EAR%EAS,0,0.00,NA,0,0,0,0,0,0,NA,94
pico_reply,21:30:03,S,0,0.00,NA,0,0,0,0,0,0,NA,94
camera,21:30:03,Camera%2Fcontrol%20line%20discarded%3A%20too%20long,0,0.00,NA,0,0,0,0,0,0,NA,94
pico_reply,21:30:03,%86%29%A5%29%A6%29%A6%29%A61%86%29%87%29%C62%20%29%E7%29%E7%29%E72%201%E81%A7%29%C6%3A%20IHI%25Y%A0%B5%D0%8D-%E7U%29%B21%A5%29%A6%29%86%29%86%29%A6%29%86%29%86%29%861%86%29%86%29%86%29%A6%29%86%29%86%29%86%29%85%29%A6%29%A6%29%A6%29%A6%29%A6%29%A61%87%29%87%29%A7%21%86%29%A6%29f%29f%29e1%859fIf9FJ%2A1%C9%21E%29%A61%A7%29%87%29%A7%29%A7%29%A6%29%C6%29%A61%E71%E71%C6%29%C71%C61%C6%29%E61%E61%C6%29%C61%E61%E61%C71%C71%E72%201%E79%E79%E7%3A%20%3A%27%3A%20%3A%20%3A%20%3A%27%3A%28%3A%28B%20J%20B%281%E71%E8%3A%20B%28B%28BHBhBhBiBiB%89B%88B%89B%88B%A9R%89R%AAB%86%B6%20%B5%F5%3A.R%C9R%EAS,0,0.00,NA,0,0,0,0,0,0,NA,94
pico_reply,21:30:03,R%EAR%EAR%EBS,0,0.00,NA,0,0,0,0,0,0,NA,94
pico_reply,21:30:03,%5B%2A%5B%20%5B%2B%5B,0,0.00,NA,0,0,0,0,0,0,NA,94
camera,21:30:03,Camera%2Fcontrol%20line%20discarded%3A%20too%20long,0,0.00,NA,0,0,0,0,0,0,NA,94
pico_reply,21:30:03,%29%A6%29%A61%86%29%87%29%C6%29%E7%29%E7%29%E71%E72%201%E81%A71%A71%86Q%259%20%8B%C3%CE%99%9D%20%9D%20%20%E9%29%85%29%86%29%A6%29%A6%29%A6%29%86%29%86%29f%29%87%29%86%29%A6%29%A6%29%A6%29%A6%29%A6%29%A6%29%A6%29%A6%29%A6%29%A6%29%A61%861%86%29f1%87%29%861%A6%29F%29%251E9e%40%C5H%E6A%A6%94%20R%D0%29%861%C41%C6%29%A6%29%A71%A7%29%A6%29%A6%29%A6%29%E71%E71%C6%29%C71%C71%C6%29%C61%E61%C61%C61%C61%C69%C71%E79%E72%209%E79%E72%20%3A%20%3A%20%3A%20%3A%20B%20%3A%20B%28B%20I%A8I%C7R%20J%89%3A,0,0.00,NA,0,0,0,0,0,0,NA,94
pico_reply,21:30:03,B%26B%28BHBHBHBhBiBiBiB%88B%A9B%A8J%89Z%89Z%A9Z%A6%9C%91t%20BfZ%CAZ%EAS,0,0.00,NA,0,0,0,0,0,0,NA,94
pico_reply,21:30:03,Z%EBR%EAR%CBZ%EBS%20cJcl%5B,0,0.00,NA,0,0,0,0,0,0,NA,94
camera,21:30:03,Camera%2Fcontrol%20line%20discarded%3A%20too%20long,0,0.00,NA,0,0,0,0,0,0,NA,94
pico_reply,21:30:03,%29%A6%29%A6%29%A6%3AG1%E8%29%E7%29%E72%20%3A%201%C81%A71%879fQ%26QB%9CE%AD%20%AD%95s%B4%20%C6%29%A6%29%86%29%A6%29%86%29%86%29%A6%29%A6%29%86%29%A7%29%A6%29%A61%A61%A6%29%C6%29%C6%29%A5%29%A6%29%A6%29%A6%29%A7%29%A69%859%A71%869%C71%87%29F%29%25%28%E51%20I%25X%E5i%87k,0,0.00,NA,0,0,0,0,0,0,NA,94
pico_reply,21:30:03,%D5%F5%8C%992,0,0.00,NA,0,0,0,0,0,0,NA,94
pico_reply,21:30:03,%29%A61%C71%A71%A71%A7%29%A6%29%A6%29%C6%29%C71%E71%C61%C61%C71%C6%29%C71%E61%C7%29%C61%C61%C79%C71%E79%E72%209%E71%E7%3A%20%3A%20%3A%20%3A%209%E89%E7%3A%20A%E7Q%A8Q%87Z%26%7B%CD%7C0%5B19%E8B%28%3A%28BHBHBhBiBiB%89B%89B%A9B%89J%89RjRH%7Bi%83%F0koR%C8R%8ARjR%C9R%EAS%20%5B,0,0.00,NA,0,0,0,0,0,0,NA,94
camera,21:30:03,Camera%2Fcontrol%20line%20discarded%3A%20too%20long,0,0.00,NA,0,0,0,0,0,0,NA,94
camera,21:30:03,Camera%2Fcontrol%20line%20discarded%3A%20too%20long,0,0.00,NA,0,0,0,0,0,0,NA,94
camera,21:30:03,Camera%2Fcontrol%20line%20discarded%3A%20too%20long,0,0.00,NA,0,0,0,0,0,0,NA,94
camera,21:30:03,Camera%2Fcontrol%20line%20discarded%3A%20too%20long,0,0.00,NA,0,0,0,0,0,0,NA,94
camera,21:30:04,Camera%2Fcontrol%20line%20discarded%3A%20too%20long,0,0.00,NA,0,0,0,0,0,0,NA,94
camera,21:30:04,Camera%2Fcontrol%20line%20discarded%3A%20too%20long,0,0.00,NA,0,0,0,0,0,0,NA,94
camera,21:30:04,Camera%2Fcontrol%20line%20discarded%3A%20too%20long,0,0.00,NA,0,0,0,0,0,0,NA,94
camera,21:30:04,Camera%2Fcontrol%20line%20discarded%3A%20too%20long,0,0.00,NA,0,0,0,0,0,0,NA,94
camera,21:30:04,Camera%2Fcontrol%20line%20discarded%3A%20too%20long,0,0.00,NA,0,0,0,0,0,0,NA,94
pico_reply,21:30:04,%B8%CE%D9%CE%D9%CE%D9%CE%D9%CE%D9%D6%F9%D6%FA%D7%20%D7%20%D7%20%D7%20%D6%D9%D6%D8%BE8%C66%C66%C6V%C6V%C6V%C6V%C6V%BE%20%B5%D5%A5%B6k%F2k%ADc%CEcmS%202%2B%5BktPtQlRt2tr%7Cr%7CRtRl2k%F1t%20t1t1t1l%20s%F0s%F0sE%21E%21E%21%25%21E%21E%21E%21%24%21D%21D%21E%21%24%29e%29%85%29%85%29%86%29%A6%21%A6BG1%E8%21%87BG%29%E7%29%E71%E7%29%E81%E71%C71%A61%A7AGI%269%C0%D6%E8%C5%B5%C5%F8%20%AF1%A2%29%A61%A71%A7%29%A6%29%A61%A6%29%A69gQ%20H%E4%9B%AA%B45%A45%BD%20%D5X%B4v%AC4%AC%20%AB%F3%AB%F4%AB%D2%BB%D3%E4%F6%FDx%D4%20%C3%D4%CB%F3%CB%F5%B3%20%A2%B0%8B.%9300%AB%40%E4h%A4X%85%9B%29%F6%20%DD%DA%F6%7C%C4%DB,0,0.00,NA,0,0,0,0,0,0,NA,94
camera,21:30:04,Camera%2Fcontrol%20line%20discarded%3A%20too%20long,0,0.00,NA,0,0,0,0,0,0,NA,94
pico_reply,21:30:04,%A6%29%869%C9%21%87%29%C61%E9%29%E7%29%E71%E71%C71%E71%E71%A71%A7I%278%C3%8B%81%AC%B2%94%B0%9DS%20,0,0.00,NA,0,0,0,0,0,0,NA,94
camera,21:30:04,Camera%2Fcontrol%20line%20discarded%3A%20too%20long,0,0.00,NA,0,0,0,0,0,0,NA,94
camera,21:30:04,Camera%2Fcontrol%20line%20discarded%3A%20too%20long,0,0.00,NA,0,0,0,0,0,0,NA,94
camera,21:30:04,Camera%2Fcontrol%20line%20discarded%3A%20too%20long,0,0.00,NA,0,0,0,0,0,0,NA,94
camera,21:30:04,Camera%2Fcontrol%20line%20discarded%3A%20too%20long,0,0.00,NA,0,0,0,0,0,0,NA,94
camera,21:30:04,Camera%2Fcontrol%20line%20discarded%3A%20too%20long,0,0.00,NA,0,0,0,0,0,0,NA,94
camera,21:30:04,Camera%2Fcontrol%20line%20discarded%3A%20too%20long,0,0.00,NA,0,0,0,0,0,0,NA,94
camera,21:30:04,Camera%2Fcontrol%20line%20discarded%3A%20too%20long,0,0.00,NA,0,0,0,0,0,0,NA,94
pico_reply,21:30:04,%86%3A%20%3A%28%3A%28B%20B%20%3A%28Q%A8aiQ%E6%BD%20%C5Y%B56%83%D3%83%B0%83P%83P%8B%D1%93%F2%9Ct%A4%95%9C5%ACt%9C%D4%CEt%D6%FDk%D7S,0,0.00,NA,0,0,0,0,0,0,NA,94
pico_reply,21:30:04,R%EAR%CAR%EAR%EAR%EAS,0,0.00,NA,0,0,0,0,0,0,NA,94
camera,21:30:04,Camera%2Fcontrol%20line%20discarded%3A%20too%20long,0,0.00,NA,0,0,0,0,0,0,NA,94
pico_reply,21:30:04,%29F%29f%29f%29%86%29%A6%29%86%29%87%29%87%21%A6%29%E62%201%E81%E81%E71%E81%C71%C79%A79%A6IfQ%23%92%C3%B4%B0%CDT%D58%8BR%9B%B0%93%B1%93%B1%83P%8B%2Fr.z%2B%8A%AC%A3Q%B3%B3%C4%F5%FF%BDJW%29%A59%E79%E79%A79%A71%A71%C61%C71%861%C71%C61%C6%29%A6%29%A6%29%A6%29%A6%29%A6%29%A6%29%A6%21e%29e%29%86%29%A6%29%A6%29%A6%29%A61%A61%C61%A61%A69%A6A%86AGX%A7%60dz%25%94.%E5%D8%B4y%A3%CF%9B%91%9B%B0%B4%D0%F6%D6r%F5%29%261%E51%E6%3A%209%E7A%C7A%A7A%E7B%20A%E8B%20%3A%20%3A%20%3A%28B%20%3A%20%3A%20Q%C8i%89a%A6%DD%B2%D6%20%E6%D8%D6Z%CD%F8%C5v%C5%96%D67%DE%3A%D6%20%DEy%E6%5B%E6%9B%C68%F7z%C6%5B%3AqS%20S%20R%EAS,0,0.00,NA,0,0,0,0,0,0,NA,94
camera,21:30:04,Camera%2Fcontrol%20line%20discarded%3A%20too%20long,0,0.00,NA,0,0,0,0,0,0,NA,94
camera,21:30:04,Camera%2Fcontrol%20line%20discarded%3A%20too%20long,0,0.00,NA,0,0,0,0,0,0,NA,94
camera,21:30:04,Camera%2Fcontrol%20line%20discarded%3A%20too%20long,0,0.00,NA,0,0,0,0,0,0,NA,94
pico_reply,21:30:04,%86%29%A7%29%C61%C6%29%C71%C61%C61%C61%C61%C71%E89%C7Qg%60%A6q%A7%BCN%E5Y%E5%FB%F6%2F%D5%BC%A4UR%B0%29%89%3A%27%3A%202%202%20%3A%20%3A%209%E8%3A%20%3A%20%3A%20%3A%20%3A%20%3A%27%3A%28%3A%28B%28B%28B%28Q%E8a%C7i%A8i%EA%82%EAz%CD%7B%83M%7B-j%ACr%ABjkbjz%8Ca%EAb%87%83%AEkoS%20R%EAR%EAZ%EBR%EBS%20%5B%20%5B%20S,0,0.00,NA,0,0,0,0,0,0,NA,94
camera,21:30:04,Camera%2Fcontrol%20line%20discarded%3A%20too%20long,0,0.00,NA,0,0,0,0,0,0,NA,94
pico_reply,21:30:04,1f%21f%29%C61%E6%29f%29%86%29%A6%21%C62%209%E81%E71%E81%E72%201%E81%C71%C6Ag%40%A5Q%A1%E5l%ED%B5%FE%7B%CC%B7%D4%B5%C4v%C4%94%D5W%DDy%DDz%D5%20%E5x%E58%D4x%93RB%201%C8%21f1%C81%E71%E7%29%C61%E71%C8%29%C7%29%C69%E71%E81%C7%29%C6%29%E71%C7%29%A7%29%A7%29%A6%29%A6%29%A7%29%A6%21e%29%A5%29%A6%29%A6%29%C61%C71%C71%C71%C61%C6%29%E61%C71%E81%C8A%A7a%27yf%81%E8%AB%AB%AE%B3%D1%82%F0J%2B%29%A72%20%3A%28%3A%20%3A%202%20%3A%209%E79%E7%3A%20%3A%20%3A%20%3A%202%28%3A%27BH%3A%20%3A%20%3A%20B%28J%20R%20Q%88Y%A8Y%C8Y%A8Y%E9Q%C9I%C8R%20I%C9Q%E9J%20R%20Rhl%20%9C%F2c3J%A9R%CAR%EBR%CAR%EBS,0,0.00,NA,0,0,0,0,0,0,NA,94
pico_reply,21:30:04,%5B%20%5B%20S,0,0.00,NA,0,0,0,0,0,0,NA,94
camera,21:30:04,Camera%2Fcontrol%20line%20discarded%3A%20too%20long,0,0.00,NA,0,0,0,0,0,0,NA,94
pico_reply,21:30:04,%2Cuptime_s%3D150%2Ctemp_c%3D23.76%2Crandom%3D289%2Ccommand_value%3D0%2Cgyro_z_dps%3D0.06%2Cphotodiode_adc%3D766%7C769%7C768%7C764%2Cphotoreflector_adc%3D574,0,0.00,NA,0,0,0,0,0,0,NA,94
telemetry,21:30:04,,150,23.29,0.00,0,91,766,769,768,764,589,94
telemetry,21:30:04,,151,23.29,0.73,0,579,766,768,768,763,703,94
telemetry,21:30:04,,151,23.76,0.06,0,35,766,769,768,764,656,94
telemetry,21:30:04,,152,23.29,0.30,0,332,766,769,768,764,678,94
telemetry,21:30:04,,152,23.76,0.24,0,603,766,769,768,764,683,94
telemetry,21:30:04,,153,24.69,1.40,0,650,766,769,768,764,771,94
telemetry,21:30:04,,153,22.82,0.12,0,962,766,769,768,764,786,94
telemetry,21:30:04,,154,23.29,0.12,0,931,766,769,768,764,783,94
telemetry,21:30:04,,154,23.29,0.06,0,213,766,769,768,764,799,94
telemetry,21:30:04,,155,23.76,0.06,0,329,766,768,768,763,796,94
telemetry,21:30:04,,155,23.76,0.06,0,716,766,768,768,764,847,94
telemetry,21:30:04,,156,23.29,0.12,0,774,766,769,768,764,847,94
telemetry,21:30:04,,156,23.29,0.06,0,38,766,769,768,764,847,94
telemetry,21:30:04,,157,23.76,0.00,0,455,767,769,768,763,878,94
telemetry,21:30:04,,157,24.22,0.06,0,527,767,769,768,764,990,94
telemetry,21:30:04,,158,23.76,1.46,0,292,767,768,769,764,987,94
telemetry,21:30:04,,158,23.76,0.12,0,408,766,768,768,764,989,94
telemetry,21:30:05,,159,23.29,0.30,0,305,766,769,768,764,970,94
telemetry,21:30:05,,159,23.76,0.12,0,436,766,769,768,764,943,94
pico_reply,21:30:05,FRAME_STREAM%2C320%2C240%2CRGB565%2C153600%2C84457dcb,0,0.00,NA,0,0,0,0,0,0,NA,94
camera,21:30:05,Camera%2Fcontrol%20line%20discarded%3A%20too%20long,0,0.00,NA,0,0,0,0,0,0,NA,94
camera,21:30:05,Camera%2Fcontrol%20line%20discarded%3A%20too%20long,0,0.00,NA,0,0,0,0,0,0,NA,94
camera,21:30:05,Camera%2Fcontrol%20line%20discarded%3A%20too%20long,0,0.00,NA,0,0,0,0,0,0,NA,94
camera,21:30:05,Camera%2Fcontrol%20line%20discarded%3A%20too%20long,0,0.00,NA,0,0,0,0,0,0,NA,94
camera,21:30:05,Camera%2Fcontrol%20line%20discarded%3A%20too%20long,0,0.00,NA,0,0,0,0,0,0,NA,94
camera,21:30:05,Camera%2Fcontrol%20line%20discarded%3A%20too%20long,0,0.00,NA,0,0,0,0,0,0,NA,94
pico_reply,21:30:05,%21e%21%A6%29%E5%2A%89%3A%CA%5BlSMKL%5B%8Cl%20c%CDk%EEt%20t%20l%20t%2Ft%2Ft%20k%EEc%ADc%ADc%CDc%CDc%AC%5Bl%5Bl%5BkSKS,0,0.00,NA,0,0,0,0,0,0,NA,94
camera,21:30:05,Camera%2Fcontrol%20line%20discarded%3A%20too%20long,0,0.00,NA,0,0,0,0,0,0,NA,94
pico_reply,21:30:05,%85%29%85%29%A5%29%A5%29%A5%29%A5%29%A5%29%85%29%A4%29%A5%29%85%29%A51%85%29%A5%29%A5%29%A5%29%A5%29%C5%29%C5%29%A6%29%A5%29%A5%29%A6%29%85%29%85%29%A5%29%A5%29%A5%29%A6%29%A5%29%A5%29%A5%29%A5%29%A5%29%C5%29%A5%29%851%85%29%A5%29%A5%29%A5%29%A6%29%A6%29%A51%C51%A51%A51%A51%A61%A5%29%A51%A5%29%A5%29%A5%29%A51%C5%29%A61%A6%29%A5%29%C5%29%E51%A61%A61%C6%29%E51%E61%E6%29%85%20%25%21c%20D%20d%29%C61%E6%29%C71%C6%29%C6%29%A61%A61%C6%29%A51%C6%29%E61%E61%C6%29%C6%29%C61%E62%20%2AfK%20ckJi%21G%20%A3%20%20%20%20%21D%20d%21d%21%86%21F%20%C6%3A%87c%AC%5BmS%2CS%2C%5B%8Dc%CDc%CEt%20t%20l.totPl%20l%20t%20l%20c%EEc%ADc%CC%5B%AC%5Bm%5B%2CS%20J%EA,0,0.00,NA,0,0,0,0,0,0,NA,94
camera,21:30:05,Camera%2Fcontrol%20line%20discarded%3A%20too%20long,0,0.00,NA,0,0,0,0,0,0,NA,94
pico_reply,21:30:05,%29%A5%29%A5%29%A5%29%A5%29%A5%29%A51%A5%29%A5%29%A5%29%A5%29%A5%29%A51%85%29%85%29%A5%29%A5%29%A5%29%C5%29%C6%29%A5%29%A5%29%A6%29%A5%29%A6%29%A5%29%A5%29%A5%29%A5%29%A5%29%A5%29%A5%29%A5%29%C5%29%C5%29%A5%29%A51%85%29%85%29%A5%29%85%29%A5%29%85%29%851%C51%C5%29%C51%A51%A61%A51%A51%A6%29%A5%29%A5%29%A51%C5%29%861%A61%A51%A51%C51%C61%C61%C5%29%E51%C6%29%C5%29%C5%29%86%21E%20%24%20%24%21e%29%C61%E61%C61%C61%C6%29%C6%29%C6%29%A6%29%A6%29%A51%E61%C61%A61%C61%C6%29%E6%2A%202%87%5B%88c%2B%3A%20%21E%20%20%20%E3%20%24%20d%21d%29f%29F%20%25%29%C6B%CASkS-SL%5B%8Cc%CEk%CFs%CEd%20tn%84%D2%84%D1tPt%2Ft%20k%EFk%CEc%ADk%EC%5B%AC%5B%8D%5BLS%2CS%20J,0,0.00,NA,0,0,0,0,0,0,NA,94
camera,21:30:05,Camera%2Fcontrol%20line%20discarded%3A%20too%20long,0,0.00,NA,0,0,0,0,0,0,NA,94
pico_reply,21:30:05,%A5%29%A5%29%A5%29%A5%29%A5%29%A5%29%A5%29%A5%29%A5%29%A51%A61%A6%29%A6%29%C5%29%A5%29%A6%29%C6%29%A6%29%A5%29%A6%29%A6%29%A5%29%A5%29%A5%29%A5%29%A5%29%A5%29%A5%29%C5%29%A5%29%C5%29%C5%29%A5%29%A6%29%A5%29%A5%29%A61%A5%29%A5%29%C51%E61%E61%C6%29%C61%A61%A6%29%A6%29%A61%A61%A51%A5%29%C51%C6%29%A61%A51%A61%C61%C61%C61%C61%E6%29%E5%29%E6%29%E61%E6%29%E6%21%A5%21e%21%86%20%20%21%A5%3A%201%C61%C6%29%C5%29%C6%29%C61%C61%A6%29%C6%29%E61%C61%C61%A51%A6%29%C6%29%A7%21%C7KGS%20J%89%3A%20%21G%20%C3%20%23%20C%21d%29%85%29%85%21F%20G%2F%20S%28%5Bm%5B%8CSLc%ADc%8Dk%CDc%EElM%9D%92%8D4tPt%2Ft%20t%20l%2Fk%EEc%CE%5B%AD%5B%8DS%8C%5B%CC%5B%8CSLK%2BK%2A,0,0.00,NA,0,0,0,0,0,0,NA,94
camera,21:30:05,Camera%2Fcontrol%20line%20discarded%3A%20too%20long,0,0.00,NA,0,0,0,0,0,0,NA,94
pico_reply,21:30:05,%A5%29%A5%29%A5%29%A5%29%C4%29%A51%A5%29%A5%29%C5%29%A6%29%A6%29%A5%29%A5%29%A5%29%C6%29%A6%29%A5%29%A5%29%C6%29%A51%A5%29%C5%29%A5%29%A5%29%A5%29%C51%C5%29%A5%29%E5%29%C5%29%A5%29%A6%29%86%29%851%A6%29%A5%29%C5%29%C52%262%201%C6%29%C61%C6%29%A6%29%A6%29%C5%29%C51%A5%29%C5%29%C6%29%A6%29%A5%29%C5%29%C61%A6%29%A6%29%C6%29%C61%C51%C6%29%E61%E51%E6%29%C5%29%A6%29%A6%21e%21%24%21%A5%29%C52%20%29%E61%E6%29%E6%29%C61%C61%A6%29%C61%C51%C61%C61%C6%29%C6%29%C61%E72%20B%A7%3A%87R%C7JJ9%C7%20%24%20%E2%20%24%20%23%21D%29E%21e%21%86%20%C6%3A%A6K%20%5B%ADK%20K%2B%5Blc%CC%5B%EEd%95R%8D%20tPt%2Ft%2Ft%20t%20t%20l%20c%8Dc%AC%5B%8B%5B%ACSlSLSKK%2AK,0,0.00,NA,0,0,0,0,0,0,NA,94
pico_reply,21:30:05,S%2AR%C9J%EAB%AAB%29%3A%28%29%87%20%20%20C%2F,0,0.00,NA,0,0,0,0,0,0,NA,94
camera,21:30:05,Camera%2Fcontrol%20line%20discarded%3A%20too%20long,0,0.00,NA,0,0,0,0,0,0,NA,94
pico_reply,21:30:05,%29%C6%29%A5%29%A5%29%A6%29%A6%29%C6%29%A6%29%A5%29%A5%29%A6%29%A6%29%A5%29%C6%29%A5%29%A5%29%A6%29%851%A5%29%C5%29%E5%29%A6%29%A6%29%A6%29%A51%C6%29%A6%29%A51%A52%202%252%201%C61%C61%C6%29%A6%29%A6%29%A6%29%C51%A6%29%A6%29%C6%29%A6%29%C5%29%C6%29%C61%C61%A6%29%E6%29%C51%E6%29%E5%29%E52%261%E61%C6%29%C6%29%C51%A6%21E%20%20%20D%29%A52%201%E7%29%E6%29%C6%29%C61%C6%29%C61%C51%C61%C61%C61%C61%E61%C6%29%87%29%A62%20J%86Z%EAR%CA1%C7%20%E5%20%E3%20%20%21%24%29e%21d%21e%20g%21%E6%2A%27%5BiKLSkc%CDc%CDc%EEc%CE%7Cpl%20tOtO%7COt%2FtOt%2Fl%2Fl%20k%EFc%8Dc%AD%5B%8C%5BlS%8CK%2AS,0,0.00,NA,0,0,0,0,0,0,NA,94
camera,21:30:05,Camera%2Fcontrol%20line%20discarded%3A%20too%20long,0,0.00,NA,0,0,0,0,0,0,NA,94
camera,21:30:05,Camera%2Fcontrol%20line%20discarded%3A%20too%20long,0,0.00,NA,0,0,0,0,0,0,NA,94
camera,21:30:05,Camera%2Fcontrol%20line%20discarded%3A%20too%20long,0,0.00,NA,0,0,0,0,0,0,NA,94
pico_reply,21:30:05,%29%A71%E52%202%201%E51%E6%21%26%21%24%20D%21%842%20%29%E6%29%E6%29%C6%29%E61%E61%E61%C61%A5%29%C6%29%E61%E61%C61%C6%2F%202%20K,0,0.00,NA,0,0,0,0,0,0,NA,94
camera,21:30:05,Camera%2Fcontrol%20line%20discarded%3A%20too%20long,0,0.00,NA,0,0,0,0,0,0,NA,94
camera,21:30:05,Camera%2Fcontrol%20line%20discarded%3A%20too%20long,0,0.00,NA,0,0,0,0,0,0,NA,94
camera,21:30:05,Camera%2Fcontrol%20line%20discarded%3A%20too%20long,0,0.00,NA,0,0,0,0,0,0,NA,94
camera,21:30:05,Camera%2Fcontrol%20line%20discarded%3A%20too%20long,0,0.00,NA,0,0,0,0,0,0,NA,94
camera,21:30:05,Camera%2Fcontrol%20line%20discarded%3A%20too%20long,0,0.00,NA,0,0,0,0,0,0,NA,94
camera,21:30:05,Camera%2Fcontrol%20line%20discarded%3A%20too%20long,0,0.00,NA,0,0,0,0,0,0,NA,94
pico_reply,21:30:05,%24%21%24%21%24%21E%21E%21D%21d%21d%21D%21D%21D%21D%21D%21d%21e%21%85%21e%29e%29e%29%85%29%85%29%85%29%85%29%85%21%85%29%85%29%85%21%A5%29%85%29%A6%29%85%29%A5%29%A5%29%A5%29%A51%861%86%29%A51%C6%29%C7%29%A5%29%A6%29%A5%29%A5%29%851%A6%29%A5%29%A61%A6%29%A6%29%A5%29%A5%29%A5%29%C6%29%C5%29%C5%29%C5%29%C5%29%C5%29%A5%29%A6%29%A61%A51%C61%C51%E6%29%C6%29%C6%29%A61%A61%A61%A61%A6%29%86%29%A6%29%A6%29%A61%C61%C6%29%C61%C6%29%C6%29%C61%C61%C6%29%C6%29%C61%C61%C61%C6%29%C61%E61%C61%C61%C61%E61%E61%E61%C6B%27%3AG2%202%201%E71%E71%E72%202%202%202%20%29%86%21%26%20%24%21D%29%A5%3AF%2A%201%E61%E61%C71%E6%29%E61%C61%E61%E71%A6%29%A6%29%C6,0,0.00,NA,0,0,0,0,0,0,NA,94
pico_reply,21:30:05,1%E8%20%20%20%E3%20%24%29d%29e%29%85%29%86%20F%2FGJ%E9%5BNc%8B%5B%8D%5B%8Cc%AEc%EEl%20tOlOt%8F%7CptQl%20t%2Fk%EFk%EEl%20k%EEk%CEc%8D%5Bm%5Bm%5BlS%2CS,0,0.00,NA,0,0,0,0,0,0,NA,94
camera,21:30:05,Camera%2Fcontrol%20line%20discarded%3A%20too%20long,0,0.00,NA,0,0,0,0,0,0,NA,94
camera,21:30:05,Camera%2Fcontrol%20line%20discarded%3A%20too%20long,0,0.00,NA,0,0,0,0,0,0,NA,94
camera,21:30:05,Camera%2Fcontrol%20line%20discarded%3A%20too%20long,0,0.00,NA,0,0,0,0,0,0,NA,94
camera,21:30:05,Camera%2Fcontrol%20line%20discarded%3A%20too%20long,0,0.00,NA,0,0,0,0,0,0,NA,94
pico_reply,21:30:05,%20%20%20%E4%20%E3%20%E3%20%E3%20%E4%20%E4%20%E3%20%20%20%20%20%20%20%20%20%20%20%20%20%20%20%23%20%23%20%24%21%24%21%24%21%24%21%24%21D%21D%21D%21%24%21D%21d%21d%21D%21D%21D%21D%21D%21E%21e%21e%21E%21e%21e%29e%29%85%29e%29e%29e%29%85%21%85%29%85%29%85%29%A5%29%85%21%85%21%A5%29%A5%29%A5%29%A5%29%85%29%C5%29%A6%29%A6%29%A51%A5%29%A5%29%A5%29%C5%29%A6%29%A5%29%A6%29%A6%29%A5%29%A5%29%A5%29%A6%29%A5%29%A5%29%A6%29%A5%29%A5%29%A51%A51%A61%A61%A6%29%A5%29%A5%29%C6%29%E6%29%C61%A5%29%E5%29%C5%29%C6%29%C6%29%C6%29%A6%29%A61%C61%C7%29%A61%A5%29%C61%C61%C61%C6%29%C51%C61%C61%C61%C61%A6%29%C6%29%C6%29%C6%29%E6%29%E7%29%E6%29%E71%C61%E61%C61%E61%E72%202%202%201%E62%20%3A,0,0.00,NA,0,0,0,0,0,0,NA,94
camera,21:30:05,Camera%2Fcontrol%20line%20discarded%3A%20too%20long,0,0.00,NA,0,0,0,0,0,0,NA,94
pico_reply,21:30:05,D%21D%21D%21E%21E%21e%21E%21d%21e%21e%29e%29e%29e%29e%29%85%21%85%29%85%29%85%29%85%29%A5%21%A5%21%A5%29%86%29%85%29%A5%29%A5%29%A5%29%A6%29%C51%A5%29%A5%29%A5%29%C5%29%C6%29%A6%29%A6%29%A6%29%A6%29%A6%29%A6%29%A6%29%A6%29%A6%29%A6%29%A61%A5%29%A5%29%A51%A51%A6%29%A61%A6%29%A61%C5%29%C6%29%C61%A6%29%C6%29%A5%29%C6%29%C6%29%C5%29%C5%29%C6%29%C61%C61%C6%29%861%C51%A6%29%C61%C61%C61%C61%C61%A71%C61%C61%A6%29%C6%29%E6%29%C6%29%C6%29%C7%29%C71%E71%C61%C61%C61%C61%E72%202%201%E61%E62%202%202%209%E7%3A%201%E72%202%27%3AG%3A%26%29%86%21E%21E%29%C4%3A%262%201%E7%2A%201%E72%201%E61%E61%E7%29%E61%E61%E61%E61%C7%29%87%29%E6%3A%86J%A9Jj,0,0.00,NA,0,0,0,0,0,0,NA,94
camera,21:30:05,Camera%2Fcontrol%20line%20discarded%3A%20too%20long,0,0.00,NA,0,0,0,0,0,0,NA,94
pico_reply,21:30:05,%29%A5%29%A5%29%C5%29%C6%29%A61%A61%A61%C51%A5%29%A61%A6%29%A6%29%A5%29%A5%29%A5%29%C5%29%C6%29%C61%A6%29%C6%29%C61%C6%29%A6%29%C5%29%C5%29%C61%C61%C61%C61%E6%29%861%C61%C61%C61%C61%C71%C61%C61%C61%E61%C6%29%A6%29%E6%29%E6%29%C6%29%E7%29%E61%C61%C61%C71%C61%E61%E71%E71%E61%E62%209%E62%202%202%202%202%20%3A%272%20%3A%27B%20%29f%29%86%29e%20%E5%29%A42%20%3A%272%202%202%202%201%E71%C7%29%E61%E61%E61%E61%E79%C71%E7%3A%202%20J%A7R%C8J%28%29F%20%20%20%E4%20%24%20e%29f%21F%21e%21%C7C%28S%8ES%8ESM%5B%AE%5B%8Dc%EFl%20t0t0tototPt%2Ft%20t%20c%EEk%EEc%AEc%8D%5BnS%2BS%2CK%20S%2B%5B%2BK,0,0.00,NA,0,0,0,0,0,0,NA,94
pico_reply,21:30:05,K,0,0.00,NA,0,0,0,0,0,0,NA,94
camera,21:30:05,Camera%2Fcontrol%20line%20discarded%3A%20too%20long,0,0.00,NA,0,0,0,0,0,0,NA,94
pico_reply,21:30:06,%29%A5%29%C5%29%A6%29%A6%29%A6%29%A5%29%A5%29%A6%29%A5%29%A5%29%A6%29%C5%29%C5%29%A6%29%C5%29%C6%29%C51%A5%29%C6%29%C61%E6%29%A5%29%C5%29%E6%29%C5%29%C61%C6%29%E61%E6%29%A71%E61%C61%C61%C61%C61%C7%29%E61%C61%E61%C61%E6%29%E5%29%E6%29%E6%29%E6%29%E61%C61%C69%E71%C61%E61%E71%E71%E61%E71%E72%202%202%202%202%202%272%272%20%3A%20%3A%27%3A%271%E7%29F%21%25%21%A4%21%C6%3A%202%202%20%3A%202%201%E71%C71%E61%E61%E71%E61%E71%E71%E61%E7%29%A6%3AGBgZ%C9B%20%20%20%20%C3%20%23%21c%29%86%21f%21%26%20G2%85KkS%8C%5Bl%5Bnc%8Dk%EFt%20t%20%7CO%7CP%7Co%7Cpt0t%20%7CNt.t%2Fc%EFc%EEc%CF%5B%8Dc%8DS%8DS%2C%5B%2CK%20K,0,0.00,NA,0,0,0,0,0,0,NA,94
pico_reply,21:30:06,S,0,0.00,NA,0,0,0,0,0,0,NA,94
camera,21:30:06,Camera%2Fcontrol%20line%20discarded%3A%20too%20long,0,0.00,NA,0,0,0,0,0,0,NA,94
camera,21:30:06,Camera%2Fcontrol%20line%20discarded%3A%20too%20long,0,0.00,NA,0,0,0,0,0,0,NA,94
camera,21:30:06,Camera%2Fcontrol%20line%20discarded%3A%20too%20long,0,0.00,NA,0,0,0,0,0,0,NA,94
camera,21:30:06,Camera%2Fcontrol%20line%20discarded%3A%20too%20long,0,0.00,NA,0,0,0,0,0,0,NA,94
pico_reply,21:30:06,%20%E3%20%E3%20%20%20%20%20%20%20%20%20%20%20%20%20%20%21%20%21%20%21%24%20%24%21%24%20%24%21%24%21%24%21%24%21%24%21D%21D%21D%21D%21D%21D%21D%21D%21E%21d%21e%21e%21d%21e%21e%21e%21e%29e%29e%29e%29%85%21%85%21%85%29%85%29%85%29%85%29%85%29%A5%29%85%29%85%29%A5%29%A6%29%A5%29%A5%29%85%29%85%29%A5%29%A51%A6%29%A5%29%A51%A5%29%A5%29%A51%A5%29%A51%A61%A6%29%A61%A61%A61%A6%29%C6%29%C61%C6%29%A5%29%C6%29%C6%29%C6%29%A6%29%C6%29%C6%29%C61%C61%C6%29%E6%29%C6%29%C51%C51%C61%C6%29%C6%29%E61%C61%C61%C6%29%C6%29%C61%C61%C61%C61%C61%E61%E61%E61%C61%E61%E61%E61%E61%E61%E69%E71%C71%E71%E61%E61%E62%202%209%E71%E72%202%202%27%3A%202%20%3A%20%3A,0,0.00,NA,0,0,0,0,0,0,NA,94
camera,21:30:06,Camera%2Fcontrol%20line%20discarded%3A%20too%20long,0,0.00,NA,0,0,0,0,0,0,NA,94
pico_reply,21:30:06,%21D%21D%21e%21d%21d%21e%21e%21e%21e%29e%29e%29e%29e%29%86%21e%29%85%29e%29e%29%85%29%85%29%A5%29%A5%29%A5%29%A5%29%A5%29%A5%29%85%29%A5%29%A5%29%A61%A6%29%A5%29%A6%29%A51%C61%A61%A51%A51%A51%A61%A61%A6%29%A61%A6%29%A6%29%C6%29%A51%A6%29%C6%29%C6%29%C6%29%A6%29%C6%29%C6%29%C61%C61%C6%29%C61%C61%C61%C61%C61%C6%29%E6%29%E61%C61%E61%C61%C71%C61%C6%29%E61%C61%C61%C6%29%E6%29%E61%C61%C71%E71%E61%E61%E61%E69%E71%C7%29%C61%C61%E61%E7%2A%202%202%202%202%202%202%27%3A%201%E7%3A%20%3A%20%3A%20%3A%202%20%3A%20%3A%20%3A%269%C6%29f%20D%21%84%21%A52%202%202%202%201%E71%E71%E61%E71%E71%E79%E79%E71%C7%29%E8%29%A8%3A,0,0.00,NA,0,0,0,0,0,0,NA,94
pico_reply,21:30:06,c%8Cc%AEc%8Dk%CEs%CFt0t0tP%7CQ%7CQt0%7CP%7CP%7Cpl%20k%EEc%AEcncm%5B%8Dc%8DSLS%2B%5BKS%2BR%EAS,0,0.00,NA,0,0,0,0,0,0,NA,94
camera,21:30:06,Camera%2Fcontrol%20line%20discarded%3A%20too%20long,0,0.00,NA,0,0,0,0,0,0,NA,94
camera,21:30:06,Camera%2Fcontrol%20line%20discarded%3A%20too%20long,0,0.00,NA,0,0,0,0,0,0,NA,94
camera,21:30:06,Camera%2Fcontrol%20line%20discarded%3A%20too%20long,0,0.00,NA,0,0,0,0,0,0,NA,94
camera,21:30:06,Camera%2Fcontrol%20line%20discarded%3A%20too%20long,0,0.00,NA,0,0,0,0,0,0,NA,94
camera,21:30:06,Camera%2Fcontrol%20line%20discarded%3A%20too%20long,0,0.00,NA,0,0,0,0,0,0,NA,94
camera,21:30:06,Camera%2Fcontrol%20line%20discarded%3A%20too%20long,0,0.00,NA,0,0,0,0,0,0,NA,94
camera,21:30:06,Camera%2Fcontrol%20line%20discarded%3A%20too%20long,0,0.00,NA,0,0,0,0,0,0,NA,94
camera,21:30:06,Camera%2Fcontrol%20line%20discarded%3A%20too%20long,0,0.00,NA,0,0,0,0,0,0,NA,94
camera,21:30:06,Camera%2Fcontrol%20line%20discarded%3A%20too%20long,0,0.00,NA,0,0,0,0,0,0,NA,94
camera,21:30:06,Camera%2Fcontrol%20line%20discarded%3A%20too%20long,0,0.00,NA,0,0,0,0,0,0,NA,94
pico_reply,21:30:06,%5B,0,0.00,NA,0,0,0,0,0,0,NA,94
camera,21:30:06,Camera%2Fcontrol%20line%20discarded%3A%20too%20long,0,0.00,NA,0,0,0,0,0,0,NA,94
pico_reply,21:30:06,1%A6%29%A6%29%A6%29%A61%A51%A61%A61%A6%29%A6%29%C51%C61%C61%A61%C6%29%E6%29%E61%E61%C61%C61%C61%E61%C61%C51%A61%C61%C61%C61%E61%C6%29%C61%C61%E61%E61%E61%E61%E61%E61%E61%E61%E62%201%E61%E71%E62%209%E71%E71%E71%E71%E72%202%209%E79%E7%3A%20%3A%202%202%20%3A%20%3A%20%3A%20%3A%27%3A%27%3A%27%3A%27%3A%20%3A%20%3A%20%3A%20%3A%20%3A%20%3A%201%C7%29f%20%20%20%241%A5B%27%3A%20%3A%202%202%20%29%E72%201%E61%E79%E71%E7%29%E7%29%E7%2A%28%3A%20c%AAk%A9Rj%29h%20%C3%20%24%21d%29%A6%29%87%29f%21f%20%A6%3A%88K%5BNSNc%8El%20t%20%7C0t0%7Cp%7Cp%84p%7Cp%7C0%7CPtOl.k%EEs%CEk%8EkMcLS%2BcK,0,0.00,NA,0,0,0,0,0,0,NA,94
pico_reply,21:30:06,%5B,0,0.00,NA,0,0,0,0,0,0,NA,94
camera,21:30:06,Camera%2Fcontrol%20line%20discarded%3A%20too%20long,0,0.00,NA,0,0,0,0,0,0,NA,96
camera,21:30:06,Camera%2Fcontrol%20line%20discarded%3A%20too%20long,0,0.00,NA,0,0,0,0,0,0,NA,96
camera,21:30:06,Camera%2Fcontrol%20line%20discarded%3A%20too%20long,0,0.00,NA,0,0,0,0,0,0,NA,96
pico_reply,21:30:06,%3A%27%3A%20%3A%20%3A%27%3A%27%3A%27%3A%271%C7%21e%20%25%21E1%E6%3AG2%202%202%202%201%E71%E79%E79%E71%E72%201%E71%E72%26J%A8k%CBZ%C9B%2A%20%E6%20%E3%20D%21%85%29f%29%A5%29%C6%29%E72H%3A%CASmc%AEk%EFtOt0t0%7Cp%7C%90%7Cq%84q%84%91%7CP%7C%2Fs%EFs%EFs%CEk%CDk%CDc%8Dcl%5Blc%20%5B%2BS,0,0.00,NA,0,0,0,0,0,0,NA,96
pico_reply,21:30:06,S,0,0.00,NA,0,0,0,0,0,0,NA,96
camera,21:30:06,Camera%2Fcontrol%20line%20discarded%3A%20too%20long,0,0.00,NA,0,0,0,0,0,0,NA,96
pico_reply,21:30:06,%29%A6%29%C51%C6%29%A6%29%C6%29%C6%29%C51%C61%C6%29%C61%E61%C6%29%C6%29%E61%C61%C61%E6%29%E61%E61%C61%C61%E61%E62%202%20%29%E61%C71%E71%E71%C71%E71%C61%E62%202%202%201%E71%E71%E71%E71%E62%201%E71%E71%E72%201%E71%E62%201%E71%E72%202%272%209%E79%E7%3A%20%3A%27%3A%20%3A%20%3A%20%3A%27%3A%27%3A%27%3A%27%3A%20%3A%27%3AG2%27%3AFBg1%A6%21%25%21E%20D%3AF%3AH2%272%201%E79%E71%E79%E71%E71%E71%E71%E79%E71%C62hB%E8%5B%2AcL%3A,0,0.00,NA,0,0,0,0,0,0,NA,96
pico_reply,21:30:06,%20%C5%20%20%20%23%21%851%A5%29%A6%20f%29%A8%29%E7K%20k%ACc%AEc%EEk%EEt%20%7Cp%7C%90%7Cq%84%91%8C%91%7C1%7C0s%EFs%EFs%AFk%CEk%AEc%8Ec%8DSm%5B%20%5BKR%EBJ%EA%5B,0,0.00,NA,0,0,0,0,0,0,NA,96
camera,21:30:06,Camera%2Fcontrol%20line%20discarded%3A%20too%20long,0,0.00,NA,0,0,0,0,0,0,NA,96
camera,21:30:06,Camera%2Fcontrol%20line%20discarded%3A%20too%20long,0,0.00,NA,0,0,0,0,0,0,NA,96
camera,21:30:06,Camera%2Fcontrol%20line%20discarded%3A%20too%20long,0,0.00,NA,0,0,0,0,0,0,NA,96
pico_reply,21:30:06,%3A%20%3A%20%3A%27%3A%27%3A%28%3A%27BG9%E6%29%26%21%20%20%20%29%A3%3A%20%3A%28%3A%20%3A%202%202%202%20%3A%209%E79%E71%E7%2A%26J%A8%29%EC%3AgK%29Z%CAR%AC1%A8%20%E5%20%20%20D%29%A6%29%86%29%A7%20%A7%2A%27tnt%20k%F0c%CEk%CFt%20%7CP%7CP%84%90%84%91%84%91%84%90%84%91t%20t%2Ft%20s%EFc%8Fc%ADc%AD%5Bm%5B%8Dc%8D%5Bl%5BL%5B%20S,0,0.00,NA,0,0,0,0,0,0,NA,96
camera,21:30:06,Camera%2Fcontrol%20line%20discarded%3A%20too%20long,0,0.00,NA,0,0,0,0,0,0,NA,96
camera,21:30:06,Camera%2Fcontrol%20line%20discarded%3A%20too%20long,0,0.00,NA,0,0,0,0,0,0,NA,96
camera,21:30:06,Camera%2Fcontrol%20line%20discarded%3A%20too%20long,0,0.00,NA,0,0,0,0,0,0,NA,96
camera,21:30:06,Camera%2Fcontrol%20line%20discarded%3A%20too%20long,0,0.00,NA,0,0,0,0,0,0,NA,96
pico_reply,21:30:06,%2A%20%29%E8%2A%20%29%E8%29%E8%29%C7%29%C6%29%E6%29%A62%201%C7%21F%21%85%29e%21E%21E%21d%21d%21D%21D%21d%29%85%21d%29d%29d%21e%29e%29e%29e%29E%29E%29%85%29%85%29%86%29%85%29%85%29%85%29%86%29%85%29%85%29%85%21%86%29%86%29%A6%29%A5%29%A6%29%86%29%A5%29%A5%29%86%29%A5%29%A61%A61%A6%29%C61%C61%A61%A61%A61%A51%A61%C61%A6%29%C61%C61%A61%C6%29%E61%C61%C61%C61%C61%C6%29%E6%29%E61%E61%E61%E61%C61%E61%E61%C61%C71%C61%C61%E62%201%E61%E71%E61%E61%E71%E61%E61%E72%201%E71%C71%E6%3A%209%E71%E72%202%201%E71%E72%201%E72%202%201%E71%E79%E79%E72%20%3A%27%3A%28%3A%20%3A%272%209%E7%3A%20%3A%20%3A%27%3A%27%3A%20%3A%27%3A,0,0.00,NA,0,0,0,0,0,0,NA,96
pico_reply,21:30:06,%3AI9%C7%29g%21%20%20%E4%20dB%26BH1%C6%3A%289%E79%E79%E7%3A%202%202%20%3A%209%C82%202%27B%88s%E9klR,0,0.00,NA,0,0,0,0,0,0,NA,96
pico_reply,21:30:06,%21%20%20%A2%20%24%29e1%87%29%A7%29%86%29%88%21%E8B%C9%5B%8E%5Bnc%8Ek%EFtP%7CQtP%84%90%84%90%84Q%84q%7C0t0t%2Ft%20k%EFk%CEk%AEcmclcl%5B%2CS,0,0.00,NA,0,0,0,0,0,0,NA,96
camera,21:30:06,Camera%2Fcontrol%20line%20discarded%3A%20too%20long,0,0.00,NA,0,0,0,0,0,0,NA,96
pico_reply,21:30:06,1%C61%A61%C6%29%C61%C61%C51%C61%A61%C6%29%E6%29%C61%C61%E61%E61%C61%E61%E61%E61%E61%E61%C61%E62%201%E71%C71%C71%E61%E71%E62%201%E72%201%E79%E72%20%3A%209%E72%201%E62%201%E69%E72%202%202%202%202%201%E69%E69%E72%20%3A%27%3A%28%3A%20%3A%20%3A%27%3A%20%3A%20%3A%20%3A%20%3A%20%3A%20%3A%20%3A%20%3A%27%3A%27%3A%28B%20BGJ%A7J%EABH%3A%279%E71f%21%20%29%A52%20%3A%27%3A%20%3A%279%E7%3A%20%3A%20%3A%20%3A%272%209%E79%E79%E71%C9%21%88C%20S,0,0.00,NA,0,0,0,0,0,0,NA,96
camera,21:30:07,Camera%2Fcontrol%20line%20discarded%3A%20too%20long,0,0.00,NA,0,0,0,0,0,0,NA,96
camera,21:30:07,Camera%2Fcontrol%20line%20discarded%3A%20too%20long,0,0.00,NA,0,0,0,0,0,0,NA,96
camera,21:30:07,Camera%2Fcontrol%20line%20discarded%3A%20too%20long,0,0.00,NA,0,0,0,0,0,0,NA,96
camera,21:30:07,Camera%2Fcontrol%20line%20discarded%3A%20too%20long,0,0.00,NA,0,0,0,0,0,0,NA,96
camera,21:30:07,Camera%2Fcontrol%20line%20discarded%3A%20too%20long,0,0.00,NA,0,0,0,0,0,0,NA,96
camera,21:30:07,Camera%2Fcontrol%20line%20discarded%3A%20too%20long,0,0.00,NA,0,0,0,0,0,0,NA,96
pico_reply,21:30:07,%21%85%29%85%29%85%29%85%29%A5%29%A6%29%A5%29%85%29%85%29%85%29%85%29%85%29%A5%29%A51%A6%29%851%A51%A6%29%A61%A61%A61%A6%29%A61%A6%29%C6%29%C6%29%A6%29%A61%861%A61%A61%C61%C61%C61%C61%C71%C61%A6%29%861%C61%C61%C61%C61%E61%E61%C71%C71%C61%E61%E61%E61%C61%C61%E61%C61%C71%E71%E71%E71%E71%E69%E69%E79%E61%C71%E72%201%E62%202%202%202%209%E71%E62%20%3A%201%E79%E72%202%202%20%3A%20%3A%20%3A%20%3A%202%27%3A%20%3A%20%3A%20%3A%20%3A%20%3A%20%3A%20%3A%27%3A%27%3A%20%3A%20%3A%20%3A%20%3A%27%3A%27%3A%27B%27BhB%28B%28B%27%3A%28%3A%20B%28JhB%271%87%21%20%20%251%C4J%89B%209%E8%3A%20%3A%20%3A%20%3A%20%3A%20%3A%27%3A%209%E7%3A,0,0.00,NA,0,0,0,0,0,0,NA,96
camera,21:30:07,Camera%2Fcontrol%20line%20discarded%3A%20too%20long,0,0.00,NA,0,0,0,0,0,0,NA,96
camera,21:30:07,Camera%2Fcontrol%20line%20discarded%3A%20too%20long,0,0.00,NA,0,0,0,0,0,0,NA,96
camera,21:30:07,Camera%2Fcontrol%20line%20discarded%3A%20too%20long,0,0.00,NA,0,0,0,0,0,0,NA,96
camera,21:30:07,Camera%2Fcontrol%20line%20discarded%3A%20too%20long,0,0.00,NA,0,0,0,0,0,0,NA,96
camera,21:30:07,Camera%2Fcontrol%20line%20discarded%3A%20too%20long,0,0.00,NA,0,0,0,0,0,0,NA,96
pico_reply,21:30:07,S,0,0.00,NA,0,0,0,0,0,0,NA,96
pico_reply,21:30:07,%5B,0,0.00,NA,0,0,0,0,0,0,NA,96
camera,21:30:07,Camera%2Fcontrol%20line%20discarded%3A%20too%20long,0,0.00,NA,0,0,0,0,0,0,NA,96
camera,21:30:07,Camera%2Fcontrol%20line%20discarded%3A%20too%20long,0,0.00,NA,0,0,0,0,0,0,NA,96
camera,21:30:07,Camera%2Fcontrol%20line%20discarded%3A%20too%20long,0,0.00,NA,0,0,0,0,0,0,NA,96
camera,21:30:07,Camera%2Fcontrol%20line%20discarded%3A%20too%20long,0,0.00,NA,0,0,0,0,0,0,NA,96
camera,21:30:07,Camera%2Fcontrol%20line%20discarded%3A%20too%20long,0,0.00,NA,0,0,0,0,0,0,NA,96
camera,21:30:07,Camera%2Fcontrol%20line%20discarded%3A%20too%20long,0,0.00,NA,0,0,0,0,0,0,NA,96
pico_reply,21:30:07,1%C61%C69%E61%E61%E61%E61%E61%E61%E79%C71%E71%E79%E79%C71%E71%E61%E72%202%201%E61%E61%E69%E79%E7%3A%209%E79%E7%3A%202%20%3A%202%20%3A%20%3A%202%201%E71%E7%3A%202%202%20%3A%20%3A%20%3A%20%3A%20%3A%20%3A%20%3A%20%3A%20B%26%3A%20%3A%27%3A%27B%20%3AH%3A%27B%20%3A%28BGBH%3A%27%3A%28B%28B%27BHBHBHBH%3A%27BHBhBhBiBHBh%3AGJ%C8JIB,0,0.00,NA,0,0,0,0,0,0,NA,96
camera,21:30:07,Camera%2Fcontrol%20line%20discarded%3A%20too%20long,0,0.00,NA,0,0,0,0,0,0,NA,96
pico_reply,21:30:07,2%202%202%282%202%202%20%3A%20%29%C7%29%861%A6%29%A6%21%85%29%A5%21f%29e%29%85%29%85%29%85%29%85%29%85%29%A5%29%86%29%86%29%85%29%A5%29%A6%29%A6%29%C61%A61%861%A5%29%A61%C61%C6%29%A5%29%E61%A61%C6%29%C6%29%C61%A61%A51%C61%C61%C61%C61%C61%E61%C61%C71%C61%C61%A61%E61%E71%E71%E61%E61%E61%E69%C71%E62%209%E79%E71%E72%202%202%201%E71%E62%202%209%E69%E72%209%E79%E7%3A%20%3A%20%3A%20%3A%20%3A%202%20%3A%201%E79%E7%3A%20%3A%202%20%3A%202%20%3A%20%3A%20%3A%20%3AF%3A%20%3A%20%3A%20%3A%27%3AG%3A%279%E72%20%3A%28%3A%28%3A%28%3AHB%20BH%3A%27B%28%3A%27BhBHB%28BH%3AGBhBhBhBhBhBH%3AHJ%A9BIB,0,0.00,NA,0,0,0,0,0,0,NA,96
camera,21:30:07,Camera%2Fcontrol%20line%20discarded%3A%20too%20long,0,0.00,NA,0,0,0,0,0,0,NA,96
camera,21:30:07,Camera%2Fcontrol%20line%20discarded%3A%20too%20long,0,0.00,NA,0,0,0,0,0,0,NA,96
camera,21:30:07,Camera%2Fcontrol%20line%20discarded%3A%20too%20long,0,0.00,NA,0,0,0,0,0,0,NA,96
camera,21:30:07,Camera%2Fcontrol%20line%20discarded%3A%20too%20long,0,0.00,NA,0,0,0,0,0,0,NA,96
camera,21:30:07,Camera%2Fcontrol%20line%20discarded%3A%20too%20long,0,0.00,NA,0,0,0,0,0,0,NA,96
camera,21:30:07,Camera%2Fcontrol%20line%20discarded%3A%20too%20long,0,0.00,NA,0,0,0,0,0,0,NA,96
camera,21:30:07,Camera%2Fcontrol%20line%20discarded%3A%20too%20long,0,0.00,NA,0,0,0,0,0,0,NA,96
camera,21:30:07,Camera%2Fcontrol%20line%20discarded%3A%20too%20long,0,0.00,NA,0,0,0,0,0,0,NA,96
camera,21:30:07,Camera%2Fcontrol%20line%20discarded%3A%20too%20long,0,0.00,NA,0,0,0,0,0,0,NA,96
camera,21:30:07,Camera%2Fcontrol%20line%20discarded%3A%20too%20long,0,0.00,NA,0,0,0,0,0,0,NA,96
camera,21:30:07,Camera%2Fcontrol%20line%20discarded%3A%20too%20long,0,0.00,NA,0,0,0,0,0,0,NA,96
camera,21:30:07,Camera%2Fcontrol%20line%20discarded%3A%20too%20long,0,0.00,NA,0,0,0,0,0,0,NA,96
camera,21:30:07,Camera%2Fcontrol%20line%20discarded%3A%20too%20long,0,0.00,NA,0,0,0,0,0,0,NA,96
camera,21:30:07,Camera%2Fcontrol%20line%20discarded%3A%20too%20long,0,0.00,NA,0,0,0,0,0,0,NA,96
camera,21:30:07,Camera%2Fcontrol%20line%20discarded%3A%20too%20long,0,0.00,NA,0,0,0,0,0,0,NA,96
camera,21:30:07,Camera%2Fcontrol%20line%20discarded%3A%20too%20long,0,0.00,NA,0,0,0,0,0,0,NA,96
camera,21:30:07,Camera%2Fcontrol%20line%20discarded%3A%20too%20long,0,0.00,NA,0,0,0,0,0,0,NA,96
camera,21:30:07,Camera%2Fcontrol%20line%20discarded%3A%20too%20long,0,0.00,NA,0,0,0,0,0,0,NA,96
camera,21:30:07,Camera%2Fcontrol%20line%20discarded%3A%20too%20long,0,0.00,NA,0,0,0,0,0,0,NA,96
camera,21:30:07,Camera%2Fcontrol%20line%20discarded%3A%20too%20long,0,0.00,NA,0,0,0,0,0,0,NA,96
camera,21:30:07,Camera%2Fcontrol%20line%20discarded%3A%20too%20long,0,0.00,NA,0,0,0,0,0,0,NA,96
camera,21:30:07,Camera%2Fcontrol%20line%20discarded%3A%20too%20long,0,0.00,NA,0,0,0,0,0,0,NA,96
camera,21:30:07,Camera%2Fcontrol%20line%20discarded%3A%20too%20long,0,0.00,NA,0,0,0,0,0,0,NA,96
camera,21:30:08,Camera%2Fcontrol%20line%20discarded%3A%20too%20long,0,0.00,NA,0,0,0,0,0,0,NA,96
camera,21:30:08,Camera%2Fcontrol%20line%20discarded%3A%20too%20long,0,0.00,NA,0,0,0,0,0,0,NA,96
camera,21:30:08,Camera%2Fcontrol%20line%20discarded%3A%20too%20long,0,0.00,NA,0,0,0,0,0,0,NA,96
camera,21:30:08,Camera%2Fcontrol%20line%20discarded%3A%20too%20long,0,0.00,NA,0,0,0,0,0,0,NA,96
camera,21:30:08,Camera%2Fcontrol%20line%20discarded%3A%20too%20long,0,0.00,NA,0,0,0,0,0,0,NA,96
camera,21:30:08,Camera%2Fcontrol%20line%20discarded%3A%20too%20long,0,0.00,NA,0,0,0,0,0,0,NA,96
camera,21:30:08,Camera%2Fcontrol%20line%20discarded%3A%20too%20long,0,0.00,NA,0,0,0,0,0,0,NA,96
camera,21:30:08,Camera%2Fcontrol%20line%20discarded%3A%20too%20long,0,0.00,NA,0,0,0,0,0,0,NA,96
camera,21:30:08,Camera%2Fcontrol%20line%20discarded%3A%20too%20long,0,0.00,NA,0,0,0,0,0,0,NA,96
camera,21:30:08,Camera%2Fcontrol%20line%20discarded%3A%20too%20long,0,0.00,NA,0,0,0,0,0,0,NA,96
pico_reply,21:30:08,%3A%20%3A%28%3A%28BG%3A%28%3A%28%3A%28%3A%28%3A%28B%28%3A%27B%28Bh%3AHBHBHBHBhBhBhBhBIBHBHBIBh%3AHBhJhJiBhB%89BiJ%A9J%89JiJ%89J%89J%89J%A9R%C8R%8AZ%E9S,0,0.00,NA,0,0,0,0,0,0,NA,96
pico_reply,21:30:08,J%AAR%CBR%AAR%E9R%C9K%20R%E9Jj%3A%20%29%A6BGR%A9J%89BhB%28BIBHBH%3AHB%28%3A%28B%A9K%27s%ABkOB,0,0.00,NA,0,0,0,0,0,0,NA,96
camera,21:30:08,Camera%2Fcontrol%20line%20discarded%3A%20too%20long,0,0.00,NA,0,0,0,0,0,0,NA,96
pico_reply,21:30:08,B%AABjBi%3AhBH2%20B%26%3A%202%209%E71%C62%20%3A%279%E69%E61%E61%E61%E72%20%3AHB%281%E82%20%29%E62%20%3A%209%E61%E79%E71%E71%E62%209%E71%E79%C79%E72%202%202%209%E71%E72%20%3A%20%3A%20%3A%20%3A%202%202%27%3A%272%202%27%3AH%3A%28%3A%20%3A%27%3A%27%3A%27%3A%20%3A%20%3A%28%3A%28%3A%27%3A%28%3A%28%3A%28%3A%28B%28BHBHB%28Bi%3AHBhBHBHBhBhBhBhJHJHBhJiBH%3AHBhJhJ%89BhJ%89J%89B%88J%89J%89J%89J%89J%A9J%A9R%E8J%8AR%C9Z%EAJ%AAJ%AAJ%C9R%C9R%E9J%E9S%20%5B%2AJ%89%21G%21%85J%A7R%CAJIBHBHBhBHBGBHB%282,0,0.00,NA,0,0,0,0,0,0,NA,96
pico_reply,21:30:08,%3A%20B%88t%2A%7B%8C9%CC%20%E4%21d1%C61%A81%C9%29gB%C7c%ADc%D1l%20%7CQ%84r%8C%B2%8C%F2%94%F2%94%D2%8C%D2%8C%B1%84%91%84P%7C%20%7CO%7C%20%7C%20c%AEs%AEk%ADc%8DB%ADk%EDt%2F%7CR%84%B1%8C%92%8C%92%84%B2%8C%B1%8C%B1%8C%B2%84%B1%8C%B1%8C%B2%84%91%84%B1%84%91%84%B1%84%91%8C%B1%84%91%84%91%84%91%84%91%84%91%84%91%7C%91%84%91%84%91%84%B1%7C%91%84%91%7Cq%7Cq%7Cq%7CP%7CP%7CP%7C0%7C0%7C%20%7B%EFs%EF%7C%20%7C%20%7C%A2%20%C3%20%A3%20%A3%20%C3%20%C3%20%C3%20%C3%20%E3%20%C4%20%C3%20%20%29%83%29%A6%21E%21e%21e%21%85%29%86%21F%20%E4%20%C3%20%C3%20%A2%20%C3%20%E2%29%851%C6%21D%20%E5%20%C2%20%C2%20%E2%20%E3%20%E3%20%20%20%E3%20%E3%20%E4%20%E4%20%20%20%E4%20%E3%20%E3%20%20%20E%21%86%21%A7%21%A7%29,0,0.00,NA,0,0,0,0,0,0,NA,96
pico_reply,21:30:08,%CF%97%B6z%84%DA%21%AC%29%E81%E91%E82%202%202%202%282%202%20%3A%20R%20A%E7%3A%A4%D7%B4%A6%20%A5%BAJR1%E7B%89K%20%3AHBIB%2A%3A%292%28%3A%29%3AI%3A%89%3A%8A%3Ai%3Ai%3Ai%3Ai%3A%89%3A%89B%8AB%8A%3A%89%3A%8AB%8AB%89BjBj%3A%8A%3A%89B%8ABjBj%3AhBh2%20%3AG%3AG%3Ah%3A%28%3A%27%3AG%3A%289%E79%E71%E61%E71%E71%E7%3AHBI1%E81%E71%E6%3A%20%3A%201%E61%E69%E79%E71%E71%E61%E71%E69%C79%E71%E71%E72%209%E72%202%209%E79%E7%3A%209%E7%3A%202%20%3A%26%3A%20%3A%272%27%3A%27%3A%20%3A%20%3A%27%3A%27%3A%20%3A%27%3A%28B%28%3A%28%3A%28%3A%28%3A%28%3A%28B%28BHB%27BI%3A%28%3AH%3AhBHBHBhBhBhB,0,0.00,NA,0,0,0,0,0,0,NA,96
pico_reply,21:30:08,%3A%29%29%C42%20R%EAJ%A9BiBiBhBHB%28BH%3A%29%3A%282%20Sh%7B%ECc09%AA%20%24%29d1%C61%C8%21%88%29%E7S,0,0.00,NA,0,0,0,0,0,0,NA,96
pico_reply,21:30:08,cns%ED%84o%84q%8C%D2%8C%D2%94%F3%8C%F2%8C%F2%8C%B2%7C%93%84%91%7CQ%7CPt%2F%7C%2Fk%EEs%CEk%AEk%8CS-S%2Bs%ED%7C%90%84%D1%8C%92%8C%92%8C%B2%8C%D2%8C%B1%8C%B2%8C%92%8C%92%84%B2%84q%84%91%8C%B1%8C%91%84%90%8C%B1%84%91%8C%91%84%B1%84%91%84%91%84q%84q%7Cp%84%91%7C%90%84%B0%84%91%84q%7CQ%84Q%7CP%7CP%7CQ%7C1%7C0%7C%20%7B%CFs%F0%7B%EF%7B%EF%7B%C2%20%C3%20%C3%20%C3%20%C3%20%C3%20%A4%20%C4%20%C3%20%C4%20%E4%20%E3%21%A3%29%86%21E%29e%21%85%21%A51%C6%20%26%20%84%20%A3%20%A3%20%A2%20%C2%20%201%A5%29%A6%29D%20%C4%20%20%20%20%20%20%20%E3%20%E3%20%20%20%E3%20%E3%20%20%20%20%20%E4%20%E4%20%E3%20%C3%20%E4%20e%29%E7%29%87%21%A8%21%A7%29%C72%20%29%E9%29%E8%29%C8%29%C8%29%E8%29%E8%29%E8%29%C81%E89%E8I,0,0.00,NA,0,0,0,0,0,0,NA,96
camera,21:30:08,Camera%2Fcontrol%20line%20discarded%3A%20too%20long,0,0.00,NA,0,0,0,0,0,0,NA,96
pico_reply,21:30:08,%84%B2%8C%D2%8C%B1%84%D2%84%B1%84%91%84%B1%84%B1%84%91%8C%91%84%B1%84%90%84%91%7C%92%84q%7C%90%7C%90%7C%90%84%90%84q%84q%84q%84Q%7CP%7CP%7CP%7C0tP%84P%7C%20%7B%EF%7C%20%7C%20%7C%C2%20%C3%20%C3%20%C3%20%C3%20%C3%20%C4%20%C3%20%E3%20%C3%20%E4%20%20%21%84%29%A5%21e%29e%21%85%21%85%29%85%20%E5%20%C2%20%A3%20%A3%20%A3%20%E2%20%231%C7%21e%21E%20%20%20%E4%20%E3%20%E3%20%E3%20%E3%20%E3%20%E3%20%E3%20%20%20%20%20%E4%20%E3%20%E3%20%E3%20E%20%85%21%C8%29%88%21%A8%21%A7%29%C8%29%C8%21%C8%21%C7%29%C81%C8%29%C7%29%C7%29%E8%29%E81%E8A%A9Q%89%29%85%AE,0,0.00,NA,0,0,0,0,0,0,NA,96
camera,21:30:08,Camera%2Fcontrol%20line%20discarded%3A%20too%20long,0,0.00,NA,0,0,0,0,0,0,NA,96
pico_reply,21:30:08,k%EDt%20%8C%B0%8C%D2%94%F2%94%F3%8C%F2%94%F2%8C%93%8C%92%84Q%84p%7CP%7Cpt%20t%20k%EEt%20s%AEcNK%2Ck%CB%8C%B1%84%91%84%B2%84%B2%8C%91%8C%92%8C%92%84%B1%95%20%952%8C%F2%84%D2%84%B1%8C%91%84%B1%84%B1%8C%91%84%91%84%91%84%B1%84%91%84q%84q%7C%90%84%91%7C%90%84%90%84%91%84q%84Q%7Cq%7CQ%7CP%7CQtPt0%7CP%7C%20%7C0%7C0%7C0%7C%C2%20%C3%20%C3%20%C3%20%C3%20%C3%20%C3%20%C3%20%C3%20%E3%20%20%21d1%E6%29%85%21e%29%85%21%86%21%86%29%A6%20%C5%20%C3%20%A3%20%A3%20%A3%20%C2%20C%29%C6%21E%21%25%20%E3%20%20%20%E3%20%E3%20%E3%20%E3%20%E4%20%E4%20%E3%20%20%20%20%20%20%20%E3%20%E3%20%E3%20%24%29%E6%21%A7%21%A8%29%88%29%A7%29%C8%29%C7%29%E8%21%C7%29%C8%29%C8%29%A71%C71%C8%29%E81%E8I%AAH%E9R%C4%E7,0,0.00,NA,0,0,0,0,0,0,NA,96
pico_reply,21:30:08,2%202%202%201%E81%E92%20%3A%28iJ1%C5%BE%20%FF%FF%F7%BF%EF%FF%FF%FF%21-%95%A3%EF%BF1%F0I%E8I%EAJ%C7%9C%D1k%B42%20J%CAJ%CAJ%AABi%3A%89%3A%89%3Aj%3A%8A%3A%A9%3AiBj%3A%89%3A%89B%8ABjBj%3AjBjBjBjBj%3AjB%8AB%8AB%8AB%8A%3A%89B%A9B%89BIBHBH%3A%20%3A%27%3A%272%202%202%201%E79%E79%E61%E79%E7%3A%209%E7%3A%201%E71%E69%E79%E71%E62%209%E79%E71%E62%202%209%E71%E72%202%202%20%3A%209%E7%3A%20%3A%20%3A%20%3A%20%3A%20%3A%20%3A%20%3A%20%3A%20%3A%27%3A%27%3A%27%3A%20%3A%27%3A%27%3A%27%3A%27%3A%28B%28B%28BHBHB%28B%28BHBHB%28BHBhBHBHBhBhBiBIJ%88BhBiBhB,0,0.00,NA,0,0,0,0,0,0,NA,96
pico_reply,21:30:08,%5B,0,0.00,NA,0,0,0,0,0,0,NA,96
pico_reply,21:30:08,Z%EB%3A%20%20%20%20fJ%87BiJ%A9B%89BI%3A%28BhBhB%29%3Ai2H%5Bk%7CK%84%20JL%20%A6%21D%29%851%C7%29%A7%3AGKJ%5B%8Dc%F0%7CQ%7C%92%8C%B2%8C%D3%94%F2%94%F2%8C%93%8C%B2%8C%91%8C%91%84p%7CPt%2F%7B%EFs%CFs%CEs%8Ec%8D%5B%8DK-t%20%8C%B1%84%B2%84%91%8C%B1%84%92%8C%92%84%B1%95%20%95S%8C%F2%8C%F2%84%B1%84%B1%84%B1%84%91%8C%91%84%B1%84%B1%84%91%84%91%84q%84q%84q%84q%7C%90%84%90%84P%7CP%84q%84p%7Cp%7Cp%7CQ%7CP%7C0t0%7C%20%7C%20%7C%20%7C%20%7C%C3%20%C3%20%C3%20%C3%20%C3%20%C3%20%C3%20%C3%20%C3%20%E3%20%23%21d%29%A6%29f%21F%21%85%21%86%21%86%21f%20%C4%20%C2%20%C3%20%C3%20%C3%20%20%21%841%C6%29E%21%25%20%20%20%20%20%20%20%E3%20%20%20%E3%20%20%20%E3%20%E3%20,0,0.00,NA,0,0,0,0,0,0,NA,96
pico_reply,21:30:08,2%292H%3Ai%3Aj%3Aj%3A%8A%3AjB%8ABj%3A%8AB%8A%3AjBj%3AjB%8ABjB%8AB%8AB%AAB%AAB%ABB%8AB%8A%3A%8AB%8AB%8A%3Ai%3AhBH%3AG%3AG%3AH%3A%272%271%E61%E62%209%E71%E7%3A%209%E79%E7%3A%209%E79%E79%E79%E79%E71%E7%3A%209%E71%E62%201%E71%E71%E72%202%20%3A%20%3A%20%3A%20%3A%202%20%3A%20%3A%20%3A%202%20%3A%20%3A%20%3A%27%3A%27%3A%27%3A%20%3A%27%3A%27%3A%27%3A%27%3A%27%3A%27B%28B%28BHBHB%28B%28BH%3AHBHBH%3Ah%3AhBhBhBhBhBhB%88Bi%3AHBiBhJ%A8JiJHJiJ%88B%88J%89J%89R%A8R%CAJ%AAJ%C9R%A9R%CAJ%A9J%CAJ%AAR%AAJ%E9J%EAJ%CAR%CAR%CAR%E9J%E9S,0,0.00,NA,0,0,0,0,0,0,NA,96
pico_reply,21:30:08,S,0,0.00,NA,0,0,0,0,0,0,NA,96
camera,21:30:08,Camera%2Fcontrol%20line%20discarded%3A%20too%20long,0,0.00,NA,0,0,0,0,0,0,NA,96
camera,21:30:08,Camera%2Fcontrol%20line%20discarded%3A%20too%20long,0,0.00,NA,0,0,0,0,0,0,NA,96
camera,21:30:08,Camera%2Fcontrol%20line%20discarded%3A%20too%20long,0,0.00,NA,0,0,0,0,0,0,NA,96
pico_reply,21:30:08,%20%3A%20%3A%20%3A%202%20%3A%27%3A%27%3A%27%3A%28%3A%28%3A%28%3A%28%3A%20%3A%27B%27B%28B%28B%28BH%3AHBHBhBHB%28BHBhBhBhBhBhBiBhJ%87J%C8J%89J%89B%89J%A8B%88J%E9R%CBBJJ%88B%89J%89R%C8R%AAJ%89J%88J%A9J%A9R%A9J%AAJ%AAJ%C9R%CAJ%CAJ%EAR%C9R%A9R%E9R%CAR%CAJ%E9%5B,0,0.00,NA,0,0,0,0,0,0,NA,96
camera,21:30:08,Camera%2Fcontrol%20line%20discarded%3A%20too%20long,0,0.00,NA,0,0,0,0,0,0,NA,96
pico_reply,21:30:08,%9D%B5BnR%291%89J%8AR%EC%3Ai%3AiBjBj%3AjB%AAB%8AB%8AB%8AB%8AB%8AB%CAB%CA%3A%8AB%AAB%AAB%8AB%8AB%AAB%AB%3A%8AB%A9B%A9B%89BjBiBH%3A%27BGBg%3A%27%3A%27%3A%20%3A%202%202%201%E79%E79%C7%3A%201%E69%E79%E61%E61%E72%201%E79%E79%E71%E79%E7%3A%20%3A%20%3A%20%3A%279%E7B%20%3A%20%3A%20%3A%20%3A%20%3A%20%3A%27%3A%27%3A%27%3A%28%3AG%3A%28%3A%20%3A%20%3A%27%3A%27B%28B%28B%28BH%3A%28%3A%28BI%3AH%3A%27B%28JHJHBhBhBhJHBhJ%A8BhJ%88J%89JiB%89%3AhB%C9S,0,0.00,NA,0,0,0,0,0,0,NA,96
camera,21:30:08,Camera%2Fcontrol%20line%20discarded%3A%20too%20long,0,0.00,NA,0,0,0,0,0,0,NA,96
pico_reply,21:30:08,%20I%A9Q%A91%A5%FF%F4%FF%FF%20%20%BE%29%FF%FF%29y%EF%EF%FF%FFQwA%C6%3A%20%FF%F9%EE%9F%7B%F7%FF%FC%F7%FF%EF%3Fs%F0%9D%EE%B65%A5%B8ZrR%20%3A%20%7COSO%3A%8A%3Aj%3ALB%8AB%8AB%AAB%8A%3A%8AB%89B%89B%8AB%CAB%CAB%AA%3A%AA%3A%AAB%8BB%8AB%ABB%CAB%8BB%AA%3A%AAB%A9B%CAJ%AAB%A9B%A9B%89B%88%3AgBH%3A%28%3A%282%201%E79%E79%E79%E71%E6%3A%20%3A%209%E61%E61%E61%E61%E71%E71%E7%3A%26%3A%20%3A%209%E82%202%20%3A%20B%20%3A%20%3A%27%3A%20%3A%20%3A%20%3A%28%3A%28%3A%27%3A%27%3AG%3AH%3A%28%3A%28%3A%27B%28B%28%3A%28B%28%3AH%3AHBh%3AHB%29BhB%27JHJHBiBhBHBHBGJ%88J%89JiJiJiB%89B%88J%C9S,0,0.00,NA,0,0,0,0,0,0,NA,96
pico_reply,21:30:08,B%8AJ%89J%8ABiJ%A9R%AAR%A9J%89R%AAJ%CAJ%89R%AAR%AAJ%C9R%CAR%AAJ%C9R%A9Z%EAR%CAR%CAR%EAR%EAZ%CBR%EA%5B,0,0.00,NA,0,0,0,0,0,0,NA,96
camera,21:30:08,Camera%2Fcontrol%20line%20discarded%3A%20too%20long,0,0.00,NA,0,0,0,0,0,0,NA,96
camera,21:30:08,Camera%2Fcontrol%20line%20discarded%3A%20too%20long,0,0.00,NA,0,0,0,0,0,0,NA,96
camera,21:30:08,Camera%2Fcontrol%20line%20discarded%3A%20too%20long,0,0.00,NA,0,0,0,0,0,0,NA,96
pico_reply,21:30:08,%3A%209%E7%3A%20%3A%27%3A%27B%28%3AHB%28B%27BH%3A%27BG%3AHBHBHBHBH%3AGBhBHBhBGJhJHBhB%88B%89BhBhB%88JIJiJ%89JiB%89J%89JiJ%89J%89RiJ%8AJiJiJ%89S%20J%C9J%A9R%C9J%CAR%C9R%CAR%C9R%AAJ%A9R%EAS,0,0.00,NA,0,0,0,0,0,0,NA,96
pico_reply,21:30:08,R%C9R%EAR%EAR%CAZ%EAZ%CAR%EAZ%EAR%CB%5B,0,0.00,NA,0,0,0,0,0,0,NA,96
pico_reply,21:30:08,%5B,0,0.00,NA,0,0,0,0,0,0,NA,96
camera,21:30:08,Camera%2Fcontrol%20line%20discarded%3A%20too%20long,0,0.00,NA,0,0,0,0,0,0,NA,96
pico_reply,21:30:08,%A5%D2%CE%20c5R%88c%20J%CAK%2AB%ABJ%8BJ%CAB%A9B%AAB%CAB%AAB%CA%3A%AAB%CBB%8AB%8AB%AAB%AAB%ABB%8AB%AAJ%8AJ%8AB%8AJ%AAK,0,0.00,NA,0,0,0,0,0,0,NA,96
pico_reply,21:30:08,S%20B%CAJ%8AB%89J%88JiBHB%27Bh%3A%279%E79%E6%3A%20%3A%272%202%20%3A%209%E79%E79%E79%E7%3A%202%209%E79%E79%E8%3A%20%3A%20%3A%27%3A%27%3A%27%3A%27%3A%27%3A%27%3A%20%3A%27B%20%3A%28%3AHB%27BGBH%3A%27BGBHBHBhBHBHBhBhBhBhBHBhJHBh%3Ag%3AHBhBhBhBhJiJiB%89JiJiJiJ%89J%89R%89J%89JiR%89J%A9S%20R%EAJ%C9R%A9J%CAR%C9R%C9R%C9J%C9J%C9R%CAR%EAR%C9R%EAR%EAR%CAR%EAR%CAR%EAR%EAR%CAZ%EAZ%EA%5B,0,0.00,NA,0,0,0,0,0,0,NA,96
pico_reply,21:30:08,%5B,0,0.00,NA,0,0,0,0,0,0,NA,96
camera,21:30:09,Camera%2Fcontrol%20line%20discarded%3A%20too%20long,0,0.00,NA,0,0,0,0,0,0,NA,96
pico_reply,21:30:09,t%20s%E9%953%84rk%F0%3AI%3A%2A%3AJ%3AiB%8AB%ABB%CAK,0,0.00,NA,0,0,0,0,0,0,NA,96
pico_reply,21:30:09,B%CB%3AjB%8AB%8AB%AAB%AAB%8AB%8BB%8AJ%8BJ%8AB%89J%A9J%EAJ%CBB%AAJ%AAB%89B%A9J%89BiBGBh%3AG%3A%279%E72%20%3A%27%3A%202%209%E79%E79%E7%3A%209%E7%3A%202%209%E7%3A%20%3A%20%3A%202%20%3A%27%3A%27%3A%27%3A%27%3A%20%3A%27%3A%20%3A%27%3A%28%3A%28%3A%28B%28B%28%3A%28%3A%28%3A%27BH%3A%28%3AGBHBHBhBh%3AhBHBhBHJHBHB%87B%A9BiBhBhBhBiJ%89B%89B%88R%88JiJ%89J%89J%A9J%A9R%E9R%AAJ%C9R%E9J%EAJ%C9R%AAR%CAR%CAR%CAR%CAR%C9R%EAJ%A9%5B,0,0.00,NA,0,0,0,0,0,0,NA,96
pico_reply,21:30:09,R%EAR%EAR%EAJ%CAR%EA%5B,0,0.00,NA,0,0,0,0,0,0,NA,96
camera,21:30:09,Camera%2Fcontrol%20line%20discarded%3A%20too%20long,0,0.00,NA,0,0,0,0,0,0,NA,96
pico_reply,21:30:09,%F6_ce%FF%B5%FF%FF%E7%F8%F7%FF%DE%20t%20%8C%EA%BE%95%C6W%84%20BHZ%EAR%ACJ%89BjB%8AB%CAB%C9B%CBB%8AB%8AB%8AB%AAB%AAB%8AB%AAB%8AJ%8BJ%8AB%8AB%CAJ%EAB%CBB%AAJ%8AB%AAB%A9J%8AJ%AABhB%88BgB%88B%289%E79%E6%3A%20%3A%20%3A%209%E7%3A%20%3A%209%E7%3A%20%3A%209%E7%3A%20%3A%209%E8%3A%202%272%27%3A%20%3A%20%3A%27%3A%27B%20%3A%28%3A%28%3A%28%3A%28%3A%28%3A%28%3AHBHBhBHB%28BH%3AHBhBHBHBhBhBhBhBiBiBhB%89JHBhBhB%88JiJ%89BiJ%88J%88JiJ%89J%89J%A9J%A9R%A9R%CAJ%A9R%E9J%EAJ%C9R%CAR%AAR%CAR%CAR%CAR%A9J%E9J%E9S%20R%EAR%EAS,0,0.00,NA,0,0,0,0,0,0,NA,96
pico_reply,21:30:09,S%20S,0,0.00,NA,0,0,0,0,0,0,NA,96
pico_reply,21:30:09,Z%EAR%EAS,0,0.00,NA,0,0,0,0,0,0,NA,96
pico_reply,21:30:09,%5B,0,0.00,NA,0,0,0,0,0,0,NA,96
camera,21:30:09,Camera%2Fcontrol%20line%20discarded%3A%20too%20long,0,0.00,NA,0,0,0,0,0,0,NA,96
pico_reply,21:30:09,%FF%EF%FF%F7%FC%8DY%EF%F7%BE%99%C6%20%7B%F6SJ%9C%F1kQJH%3A%AAC,0,0.00,NA,0,0,0,0,0,0,NA,96
pico_reply,21:30:09,K%20J%EDB%CBB%AAB%8AB%8AB%AA%3A%AA%3A%AAJ%AAJ%ABJ%8AJ%8AJ%AAB%A9J%EBB%8CB%AAJ%CAB%AAB%AAJ%8AB%8AB%89J%89%3Ag2G%3AhBh%3A%28%3A%20%3A%27%3A%209%E7%3A%20%3A%209%E79%E7%3A%209%E7%3A%20%3A%20%3A%20%3A%20%3A%20%3A%27%3A%20%3A%20%3A%27%3A%20%3A%20%3A%27%3A%28%3A%28%3A%28%3A%28%3AH%3AHBHBHBHBHBHBHBhBHBhBhBhBhBhBhBhBhB%88JhJiBiB%88JiJ%89JhJ%88J%88B%89J%A9J%CAJ%A9R%A9J%AAJ%A9J%A9R%CAJ%AAR%EAR%C9R%CAR%CAR%CAR%CAR%CAJ%C9R%EAS,0,0.00,NA,0,0,0,0,0,0,NA,96
pico_reply,21:30:09,R%EAR%EAS,0,0.00,NA,0,0,0,0,0,0,NA,96
pico_reply,21:30:09,S,0,0.00,NA,0,0,0,0,0,0,NA,96
pico_reply,21:30:09,S,0,0.00,NA,0,0,0,0,0,0,NA,96
pico_reply,21:30:09,S,0,0.00,NA,0,0,0,0,0,0,NA,96
pico_reply,21:30:09,R%EAS%20Z%EAR%EBR%EA%5B,0,0.00,NA,0,0,0,0,0,0,NA,96
pico_reply,21:30:09,%5B%2BS,0,0.00,NA,0,0,0,0,0,0,NA,96
camera,21:30:09,Camera%2Fcontrol%20line%20discarded%3A%20too%20long,0,0.00,NA,0,0,0,0,0,0,NA,96
pico_reply,21:30:09,%EF%FF%E7%FF%FF%FE%7C%2F%95%2A%D6w%7C%20%5B%20k%CD%5B%AESM%5BMJ%ABB%ABB%8AB%8AB%AA%3A%AA%3A%AAJ%ABB%8BB%AAJ%AAB%AAB%AAB%8AB%8BB%AAB%A9B%AAB%AAJ%AAB%8AB%A9B%C9B%88B%A8B%88J%88B%28%3A%27%3A%27B%27B%27%3A%279%E79%E79%E7%3A%20%3A%20%3A%20%3A%209%E7%3A%202%272%279%E7%3A%20%3A%27B%28%3A%20%3A%27%3A%28%3A%28%3A%27%3A%27%3AH%3A%28BHBHBH%3AHBHBHBGBhBHBHBhBhBhBhBhBhB%88JhBiJhBhJ%89J%88BiJiB%88J%89B%89S%20J%C9R%C9J%AAB%89J%C9J%E9J%CAR%CAR%CAR%C9R%CAJ%EAJ%CAJ%CAR%C9S,0,0.00,NA,0,0,0,0,0,0,NA,96
pico_reply,21:30:09,S,0,0.00,NA,0,0,0,0,0,0,NA,96
pico_reply,21:30:09,R%CAS%20S,0,0.00,NA,0,0,0,0,0,0,NA,96
pico_reply,21:30:09,R%EBR%EAS,0,0.00,NA,0,0,0,0,0,0,NA,96
pico_reply,21:30:09,R%EAZ%EBS,0,0.00,NA,0,0,0,0,0,0,NA,96
pico_reply,21:30:09,c%2A%5B%2B%5B,0,0.00,NA,0,0,0,0,0,0,NA,96
camera,21:30:09,Camera%2Fcontrol%20line%20discarded%3A%20too%20long,0,0.00,NA,0,0,0,0,0,0,NA,96
pico_reply,21:30:09,%FF%FF%7C%20%E7S%F7%FF%FF%FFl%3A%DF%97%CD%D7%84Vt%20%95%93%8C%F4%7CTB%8BBiB%AAB%AAB%8AB%8AB%AAB%8AB%8BB%8AJ%C9B%AAB%AAB%AAB%AAB%ABB%AAB%A9B%8AB%AAB%8AJ%CAB%ABB%E9J%E9J%CAB%8ABhBhBH%3A%20B%20%3A%27%3A%27%3A%27%3A%20%3A%209%E7%3A%20%3A%20%3A%20%3A%20%3A%202%272%28%3A%20%3A%20%3A%27%3A%27%3AH%3A%28%3A%28%3A%28%3A%27%3AGBGBH%3AHBHBHB%29BHBHBHBHJHBHBhBHBhBhBHBhB%88BiBiJhB%89J%89B%88J%A9J%A9BiJ%89B%89S%20J%AAJ%C9R%EAJ%AAJ%A9J%C9R%CAR%AAR%C9R%E9R%EAR%EAJ%EAR%EAR%CAR%EAR%EAS,0,0.00,NA,0,0,0,0,0,0,NA,96
pico_reply,21:30:09,R%EAS%20S,0,0.00,NA,0,0,0,0,0,0,NA,96
pico_reply,21:30:09,%5BK%5B%20R%EA%5B%20S,0,0.00,NA,0,0,0,0,0,0,NA,96
pico_reply,21:30:09,c%2AS%20%5B,0,0.00,NA,0,0,0,0,0,0,NA,96
camera,21:30:09,Camera%2Fcontrol%20line%20discarded%3A%20too%20long,0,0.00,NA,0,0,0,0,0,0,NA,96
pico_reply,21:30:09,%FE_9%20%84I%FF%FB%EF%9D%CFs%EF%FF%F7%5D%94z%8CM%A64%C6%96%84%B9%3AiB%AAB%AAB%AAB%8AB%8AB%AAB%AAB%8BB%89J%C8B%AAB%AAB%8AB%8AB%ABB%8AB%A9B%89%3A%AAB%CAB%8BB%CA%3A%AAJ%A9J%AAB%A9J%A9B%A9J%A9J%89BI%3A%27%3AfBG%3A%27B%20B%27%3A%209%E7%3A%20%3A%27%3A%27%3A%27%3A%28%3A%20%3A%20%3A%27%3A%27%3A%28B%20%3A%28%3A%20%3A%27%3AG%3AH%3AHBHBHBHB%28BHBHBhJHJHBHBh%3AHBhBhBHBhBhBiB%89JiJhJ%A8B%A9J%89J%AAJ%A9J%AAB%A9%5B%29R%CAJ%CAJ%EAR%EAJ%EAJ%CAJ%CAR%AAJ%C9R%E9R%EAR%EAJ%EAJ%C9Z%EAJ%EAS,0,0.00,NA,0,0,0,0,0,0,NA,96
pico_reply,21:30:09,S%20R%CAS%20J%EAc%2BZ%EBZ%EAR%EBZ%EA%5B,0,0.00,NA,0,0,0,0,0,0,NA,96
camera,21:30:09,Camera%2Fcontrol%20line%20discarded%3A%20too%20long,0,0.00,NA,0,0,0,0,0,0,NA,96
pico_reply,21:30:09,%9D%20%FF%FA%FE~%7B%91%B5%D0%FF%FB%A5%20%FF%FE%EF%FF%FF%FD%9D%7B%DF%98%CF%BD%D6%FAl%20%3AiB%AAB%AAB%AAB%8AB%8AB%AAB%8BJ%8BBiJ%C9B%8AB%8AB%AAB%AAB%ABB%8AB%8AB%AAB%CAB%CAB%AAB%AAB%AAB%AAJ%AAB%AAB%CAJ%CAJ%AAB%89B%89Bi%3Ah%3AgBH%3A%28%3A%202%20%3A%20%3A%20%3A%20B%27%3A%27%3A%28%3A%20%3A%20%3A%20%3A%27%3A%27%3A%28%3A%28BHBH%3AH%3AH%3A%28B%28BHB%28BHBHBHBhBhJIBH%3Ah%3AhBhBhBHJiBiB%88B%88JiJiB%A8J%89J%C9J%A9J%AAB%8AB%C9R%EAR%CAJ%CAJ%EAR%EAJ%EAJ%AAJ%CAJ%C9J%C9J%E9R%EAJ%ABR%EAJ%C9R%C9S,0,0.00,NA,0,0,0,0,0,0,NA,96
pico_reply,21:30:09,S,0,0.00,NA,0,0,0,0,0,0,NA,96
pico_reply,21:30:09,R%EAR%CAS%20R%EAcKR%CCc%2A%5B%20%5B%2A%5B%2A%5B%2ASK%5B%2Bc%20c%2B%5Bk%5B%2B%5BL%5BKc%AAsKJM%21%A5BDR%C9J%CBJ%88BiBiBhBiJIB%2A%2A%27%5B%89%84%2FZ%D0%29f%21%25%29%A61%E61%C82,0,0.00,NA,0,0,0,0,0,0,NA,96
camera,21:30:09,Camera%2Fcontrol%20line%20discarded%3A%20too%20long,0,0.00,NA,0,0,0,0,0,0,NA,96
pico_reply,21:30:09,B%AAB%C9B%CAB%AAB%AAB%AAJ%CAJ%ABJ%AAB%CBJ%AAR%CAB%A9B%A9J%A9B%A8BgBHBGBH%3A%28B%27%3A%28%3A%28B%27%3A%27%3A%28%3A%28%3A%20%3A%20%3A%27%3A%28%3A%28%3A%28BHB%27BHBH%3AHBHBHB%28BHJHBHJhJIBIBHBHB%88B%88BhBhJhBhB%88B%88B%89J%88J%C9J%AAJ%AAJ%8AJ%89J%C9B%C9S%20Z%EBJ%AAR%EAR%EAR%EAJ%CAJ%CAJ%C9J%CAJ%EAZ%CAJ%8BS%20%5B,0,0.00,NA,0,0,0,0,0,0,NA,96
pico_reply,21:30:09,R%AAS,0,0.00,NA,0,0,0,0,0,0,NA,96
pico_reply,21:30:09,R%EAZ%EAZ%EAS,0,0.00,NA,0,0,0,0,0,0,NA,96
pico_reply,21:30:09,S,0,0.00,NA,0,0,0,0,0,0,NA,96
pico_reply,21:30:09,kKR%CBc%2Ac%20%5B%2AZ%EA%5B,0,0.00,NA,0,0,0,0,0,0,NA,96
pico_reply,21:30:09,SK%5BK%5B%2B%5B%2B%5B%2CS%2A%5BK%5BK%5Bkc%8Bk%8DBJ%20F%3AFcIJ%A8J%89JiBhB%A8JiJj2%29J%C8t%2B%84%20J%20%20%C7%21D%29%C5%3A%20%3A,0,0.00,NA,0,0,0,0,0,0,NA,96
camera,21:30:09,Camera%2Fcontrol%20line%20discarded%3A%20too%20long,0,0.00,NA,0,0,0,0,0,0,NA,96
pico_reply,21:30:09,B%CAB%CAB%CAB%AAB%AAB%CAB%8AB%AAJ%ABJ%ABJ%EAB%8AJ%CAB%CAJ%EAB%89%3A%88B%A8B%A8J%A9%3AI%3AH%3AH%3A%20%3A%27%3A%28%3A%20%3A%28%3A%27%3A%20%3A%28%3A%28%3A%20%3A%27B%27B%28B%28BHBHBHB%28BHBHBHBHBHBHBHBIBHBhB%89JhBiJiJiB%88B%88B%89B%88R%E8R%C9R%AAJ%8AJ%89R%C9J%89R%AAJ%89R%AAR%CAR%EAR%EAJ%CAJ%CAJ%CAR%CAJ%EAR%AAJ%8BJ%C9R%E9R%EAR%E9R%EAZ%EAZ%EAS%20%5B%2AcKZ%EB%5B,0,0.00,NA,0,0,0,0,0,0,NA,96
pico_reply,21:30:10,%5B%2BS,0,0.00,NA,0,0,0,0,0,0,NA,96
camera,21:30:10,Camera%2Fcontrol%20line%20discarded%3A%20too%20long,0,0.00,NA,0,0,0,0,0,0,NA,96
pico_reply,21:30:10,%B6%FF%FC%DE%FE%CFN%FF%FF%A4%DE%84j%FF%FD%7C%3D%C6%20%FE%BFQ%EF%8CK%EF%FD%C6%9F%3APBiB%8AB%8AB%AAB%AAB%AAB%AAB%AAB%8AB%AAB%AAB%AAB%ABB%AAB%AAB%AAB%AA%3A%AAB%CBB%CBB%AAB%AAB%AAJ%AAJ%AAJ%ABJ%ABB%AAJ%EAB%89J%CAB%CAJ%CAJ%CAB%C9K%20B%8ABhB%A9J%A8BhBH%3A%27B%27%3A%28%3A%27%3A%28B%20%3A%28%3A%27%3A%28%3A%28B%27B%28B%28BGBHBHB%28BHBHJHBHBHBHBHBHBHBhBhJhBhJiBHB%89JhJ%89B%A8R%E8R%C9R%8AJ%8AJ%A9R%E9J%A9J%C9J%CAR%CBR%AAJ%8AR%C9R%C9S,0,0.00,NA,0,0,0,0,0,0,NA,96
pico_reply,21:30:10,R%CAJ%AAJ%A9Z%A9R%CAR%EAR%C9R%EAR%CAZ%EAZ%EBR%EBS%20c%2A%5BKZ%CB%5B%20%5B,0,0.00,NA,0,0,0,0,0,0,NA,96
pico_reply,21:30:10,S%2AcjcKSJ%5BKc%2Bc%2C%5B%20%5B%2AcKcKcLckcjk%8Ck%8D9%8B%20%C6J%87R%C9J%A9J%C9B%AAJ%89J%A9BIBJ2%28B%C7%7C,0,0.00,NA,0,0,0,0,0,0,NA,96
camera,21:30:10,Camera%2Fcontrol%20line%20discarded%3A%20too%20long,0,0.00,NA,0,0,0,0,0,0,NA,96
pico_reply,21:30:10,%AAB%AAB%AAB%AAB%CAB%CAB%ABB%AAB%AAB%CAB%AAB%AAB%AAJ%CAB%CAB%89J%CBJ%AAB%EAB%EAS,0,0.00,NA,0,0,0,0,0,0,NA,96
pico_reply,21:30:10,B%EAB%EA%3A%A9J%A9J%AAB%A9BhBhBH%3A%28%3A%20%3A%27B%27%3A%27%3A%28%3A%28%3A%28%3A%20B%27B%28B%28BHBHBHB%28B%28BHJIB%28BHBHBhBiBHBhBhBiBiJiJ%89B%89J%88J%89B%A9J%C9J%8AR%AAJ%89J%AAJ%AAR%CAJ%C9J%C9R%CAR%AAR%AAR%C9R%EAJ%EAJ%EAS,0,0.00,NA,0,0,0,0,0,0,NA,96
pico_reply,21:30:10,S,0,0.00,NA,0,0,0,0,0,0,NA,96
pico_reply,21:30:10,Z%EAS,0,0.00,NA,0,0,0,0,0,0,NA,96
pico_reply,21:30:10,%5B,0,0.00,NA,0,0,0,0,0,0,NA,96
pico_reply,21:30:10,R%CAR%EAR%EAZ%EAZ%EA%5B%20Z%EBZ%EA%5B,0,0.00,NA,0,0,0,0,0,0,NA,96
camera,21:30:10,Camera%2Fcontrol%20line%20discarded%3A%20too%20long,0,0.00,NA,0,0,0,0,0,0,NA,96
pico_reply,21:30:10,%BD%209%C8%7B%20%AD%94%E6%F6%F7%9F%9D%F6%FF%FE%AB%FFJ%A4%F6%CC%FE%BFJ%A9%FF%D2%D6%BE%C6-%EF%FF%BE%3F%5BS%29%E7J%8AB%8AB%8AB%8AB%AA%3A%AAB%8AB%8AB%AAB%AAB%AAB%ABB%AAB%AAB%AAB%AAB%AAB%CAB%CAB%CAB%CAB%CAJ%CAB%A9B%AAB%AAB%CAB%EAB%CAB%CAB%CAB%EAB%EAJ%EAB%CAB%E9J%EAR%CAJ%A9B%89J%88J%88JhJh%3A%27B%27B%27B%20B%20B%28B%28B%28B%27B%28BGB%28B%28B%28B%28B%28B%28JHBHBHBHBHJhBHJhBHJIJiJ%89JiB%89J%89J%89J%89J%8AB%20JhJ%89J%AAJ%CAR%CAJ%CAJ%A9R%EAR%CAR%AAR%A9J%E9J%E9J%EAR%E9%5B,0,0.00,NA,0,0,0,0,0,0,NA,96
pico_reply,21:30:10,Z%EAK,0,0.00,NA,0,0,0,0,0,0,NA,96
pico_reply,21:30:10,cik%8CR%EBS,0,0.00,NA,0,0,0,0,0,0,NA,96
pico_reply,21:30:10,R%EA%5B%20R%EAZ%EBZ%EA%5B,0,0.00,NA,0,0,0,0,0,0,NA,96
pico_reply,21:30:10,%5B%20%5B%20%5B%20%5BJS%20S%2B%5BKc%2Bc%2B%5BKc%2Bc%2BcKcLklckclcK%5Bkk%AA%7B%EF1%EB%29%A7%5B,0,0.00,NA,0,0,0,0,0,0,NA,96
camera,21:30:10,Camera%2Fcontrol%20line%20discarded%3A%20too%20long,0,0.00,NA,0,0,0,0,0,0,NA,96
pico_reply,21:30:10,%3A%AA%3A%AAB%8AB%8AB%AAB%AAB%CBB%ABB%AAB%AAB%AAJ%8BB%8AB%89B%CAB%CAB%AAB%AAB%AAB%CAB%CAJ%CAB%CAB%EAB%CAB%CAB%CBB%EAB%EAJ%CBB%CBB%EAB%EAJ%CAJ%C9K,0,0.00,NA,0,0,0,0,0,0,NA,96
pico_reply,21:30:10,J%EAR%E9J%A9J%C9BhBHB%29B%28B%20B%28B%28%3A%27BHB%29BhBHBHBHBHB%28B%28BHJhBIBhBhJHBiBHJiJIJiBiBiB%89J%88J%89J%89J%89BIJ%88J%A9J%A9J%C9R%CAJ%CAJ%AAR%CAJ%A9R%AAR%CAJ%A9J%EAJ%EAR%CAR%CAR%AAJ%E9S%2Ak%ADR%CBS,0,0.00,NA,0,0,0,0,0,0,NA,96
pico_reply,21:30:10,R%EA%5B,0,0.00,NA,0,0,0,0,0,0,NA,96
pico_reply,21:30:10,S,0,0.00,NA,0,0,0,0,0,0,NA,96
pico_reply,21:30:10,Z%EBZ%EA%5B,0,0.00,NA,0,0,0,0,0,0,NA,96
pico_reply,21:30:10,%5B%20%5B%20R%EA%5B%2A%5B%20%5BK%5BKc%2Cc%2B%5Bkc%2BcKcKcLc%2CclclcLclckk%ABb%CDBKJ%85BiR%ABJ%88J%89J%89JiBiBi%3A%20B%A8k%CA%840Z%AE%21g1%A49%E7A%C8%29%A9%3Ag%5B%2B%84%AF%84%B0%9DR%9D%20%94%F4%95%20%95%20%8C%F2%8C%F2%8C%B2%8C%B1%7CP%7Cp%7Co%7COk%CFs%CFc%8Ek%ED%95%20%8C%D1%8C%D1%8C%D2%94%D2%94%D2%8C%D2%84%D2%94%F2%94%F3%8C%B2%8C%B1%8C%B1%84%B1%8C%91%8C%91%84%90%84%91%84%91%7C%90%84%91%7C%90%7Cp%84P%7C0%84Q%84Q%84%C3%20%E4%20%E4%20%E4%20%E4%20%E4%20%E3%29%A51%A7%29f%29%85%29%A51%C69%E8%21%26%20%C3%20%C3%20%A3%20%A3%20%A2%20C%29%A5%21%86%21%85%20%24%20%20%20%E3%20%E3%20%E4%20%20%20%20%20%20%20%E3%20%20%20%20%20%20%20%20%20,0,0.00,NA,0,0,0,0,0,0,NA,96
pico_reply,21:30:10,9j9F1%87Z%8EQ%CAJ%87%D6%CF%EF%FF%FF%FF%8C%98%C6H%EF_%C4%F6%84R%FF%F4%B5%FD%E5%EB%EF%9E%DFP%F7_%7CW1%E92,0,0.00,NA,0,0,0,0,0,0,NA,96
pico_reply,21:30:10,J%A9J%8BB%8ABjJ%AB%3A%AA%3A%8BB%8AB%8AB%A9B%8AJ%CBB%AAB%AAB%AAB%ABB%8AB%AA%3A%89B%A9B%AAJ%ABB%AAB%AAB%EAB%EAJ%AAB%ABB%AAB%CAB%CAB%ABB%CAB%CAJ%CAB%CBB%EAJ%CAJ%CAJ%EAK,0,0.00,NA,0,0,0,0,0,0,NA,96
pico_reply,21:30:10,J%EAR%EAJ%A9J%C9J%A9RiBIBHJHB%28BHBh%3AHBHBHBHBH%3AH%3AHBHB%28%3AHBhB%29BHBhBhJ%89BHJhJiJiJiJ%89J%89J%89J%89B%89J%89J%89R%C9J%A9J%A9J%A9R%C9R%CAR%AAR%CAR%A9R%AAJ%EAR%EAR%EBJ%EAR%C9R%EAR%E9S%20R%CCc%2BR%EAS%2AJ%EA%5B%20R%EAZ%EBZ%EA%5B,0,0.00,NA,0,0,0,0,0,0,NA,96
pico_reply,21:30:10,%5B%2B%5B%20%5B%2B%5B%2BS%20cKcKc%2C%5B%2B%5BKc%2Cc%2BcKcL%5B%2CclclcLkkkk%5Bks%ABsO1%8A2%20cIZ%CBR%8AJHJiBi%3AHBI%3AIR%E8%84L%7B%CEJ%2C%20%201%A5%3A%202%202%20B%89k%CDl%20%8C%F2%8C%D3%94%F3%94%F3%95%20%95%20%95%20%94%F2%94%D2%8C%91%7Cq%7CO%7COs%EFs%CFc%AF%5B%8D%8C%B0%84%B2%8C%D3%8C%D1%94%D2%94%D2%8C%D2%8C%D2%94%D2%8C%F3%8C%B1%8C%B1%8C%B1%8C%B1%8C%B1%8C%D1%84%B1%84%91%84%90%84%91%84q%7C%90%7C%90%7Cp%7CP%7CP%7CP%7C%C3%20%E3%20%E3%20%E4%20%E4%20%E4%20%23%29%A51%A7%29%86%29%85%21%C51%C51%A8%21%25%20%E3%20%C3%20%A3%20%C3%20%E2%21%83%29%C6%21e%21%85%20%20%21%24%20%E4%20%E4%20%E4%20%E3%20%20%20%20%20%20%20%20%20%20%20%20%20%E3%20,0,0.00,NA,0,0,0,0,0,0,NA,96
pico_reply,21:30:10,9%C99%C9Y%E9B%89%95%CC%FF%5D%BC%201%CA%DF%CC%F7%9F%DE%2F%83%F2%FF%FB%95%20%FF%F9%9D%DF%FF%FC%8C%3F%3AMJ%CBBjJ%CAB%8AB%8AJ%AAB%AA%3A%AAB%8AB%AABjB%AAJ%AAR%ECB%AAB%AAB%AAB%ABB%8AB%AAJ%EBB%AAB%AAJ%AAJ%8AB%CAB%AAJ%CBJ%CBB%8BB%8AB%CAB%CAJ%ABB%CAB%CAJ%CAJ%EBK%20J%EBJ%CBJ%EBC,0,0.00,NA,0,0,0,0,0,0,NA,96
pico_reply,21:30:10,S,0,0.00,NA,0,0,0,0,0,0,NA,96
pico_reply,21:30:10,S%20J%CAJ%E9J%C9J%A9J%89B%8AJiBIB%28%3AH%3AGBHBHBHBHBH%3AHBHBH%3AHBhBIBIBhBhBIJ%89JiJiJiJiJiJ%89J%A9B%A9J%89J%A9J%89J%89J%A9J%AAJ%A9J%CAR%CAR%CAR%EAR%CAR%AAJ%EAS,0,0.00,NA,0,0,0,0,0,0,NA,96
pico_reply,21:30:10,R%CAJ%EAR%CAR%EBR%E9%5B%20%5B%20%5B,0,0.00,NA,0,0,0,0,0,0,NA,96
pico_reply,21:30:10,Z%EAS%20J%C9%5B,0,0.00,NA,0,0,0,0,0,0,NA,96
pico_reply,21:30:10,R%E9%5B%20Z%EB%5B,0,0.00,NA,0,0,0,0,0,0,NA,96
pico_reply,21:30:10,S%20%5B,0,0.00,NA,0,0,0,0,0,0,NA,96
pico_reply,21:30:10,%5B,0,0.00,NA,0,0,0,0,0,0,NA,96
camera,21:30:10,Camera%2Fcontrol%20line%20discarded%3A%20too%20long,0,0.00,NA,0,0,0,0,0,0,NA,96
pico_reply,21:30:10,Z%20a%8A9%E5%CE%8D%F7%FF%FF_%94V%F7%FE%CE%DD%F7%BF%AE%20%F7%FC%7C%BBS%20J%EEB%8AJ%EAB%8AB%8AJ%AAB%8BB%8AB%8AB%8AB%8AB%AAB%CAS%20B%AAB%AAB%AAB%ABB%8AB%AAJ%ABB%8AB%8AJ%AAB%8AB%8A%3A%AAB%CAJ%ABB%8CB%ABB%A9J%CAJ%AAJ%AAJ%ABJ%CBB%CBR%CBJ%CBJ%EBJ%EBJ%EAR%EAS,0,0.00,NA,0,0,0,0,0,0,NA,96
pico_reply,21:30:10,S%29K%2BB%EAJ%C9J%C9J%AAJ%89BiBhB%88BhBHBhBHBHBHBHB%28%3A%28BHBHBIBHJhBhBHJiJiB%89BiBiJiJiJ%89B%A9J%89J%8AB%88J%A9J%A9J%AAJ%AAJ%AAR%CAR%CAR%CAR%CAR%CAR%EAR%CAJ%A9J%E9R%CAR%CBR%CAR%CAR%EA%5B,0,0.00,NA,0,0,0,0,0,0,NA,96
pico_reply,21:30:10,Z%EBS%20J%AAS%20S,0,0.00,NA,0,0,0,0,0,0,NA,96
pico_reply,21:30:10,Z%EAZ%EA%5B%2A%5B%2Ac%20R%EBK,0,0.00,NA,0,0,0,0,0,0,NA,96
pico_reply,21:30:10,cjS%20cj%5BK%5BKc%2BcLclcKcKcLk%8Bclclckclk%ACc%ACk%AA%7B%CEk%21H2%20R%E9B%A9J%A9J%C9J%89B%89BiJjB%20J%C9t,0,0.00,NA,0,0,0,0,0,0,NA,96
pico_reply,21:30:10,%7B%AD%29%8B%20%201%E7%3A%28%2A%28B%A7%5BmtO%84%D0%954%9D%20%9D%20%9D%20%94%F2%8C%F2%94%D2%8C%92%84q%7CP%7Cp%841%8C0%7C%20k%AFSMt%2F%8C%B1%8C%D2%8C%D3%8C%F2%8D%20%95%20%94%F3%84%D2%8C%D2%8C%B1%8C%B2%84%B1%8C%D2%8C%B2%84%B2%84%B1%84q%84%91%84q%84p%84%90%84P%7CP%7CP%7CP%7C%E3%20%E3%20%E3%20%E4%20%E4%20%20%21C%29%A6%29%A6%29%86%21%A6%21%C61%C6%29%88%20%C4%20%E3%20%C3%20%A3%20%E3%20%20%29%84%21%85%21%A4%21E%20%20%20%20%20%20%20%E4%20%C4%20%E3%20%20%20%23%20%20%20%20%20%20%20%20%20%E3%20%C4%20%20%20d%21%87%29%A7%29%C8%21%A8%29%C8%29%C8%29%C8%21%C7%21%C7%21%C7%21%C7%21%A7%21%C7%29%C7%21%A7%29%C71%E79%C81%881G9hIhI%A7bKZ%2CI%EAB%20%29%C8J%AA2,0,0.00,NA,0,0,0,0,0,0,NA,96
pico_reply,21:30:10,2%202%282%202%282%201%E9Q%A8I%86%3A%23%F7%F4%DF%FF%EF%FF%8Cyk%EE%A5%D0%95%D5%A5%F4t7k%CD%3An%21%C7K%202%292J%3A%291%C92%20BiBJBJBIBIBII%E9I%A91hQg9%89d%89%F7x%C5%7Fs%B2%F7%FD%FF%FF%DF%BE%7C%B4%EF%FE%94%FAt%202%2AJ%AAJ%CBB%89J%8AB%89B%8AB%8AB%8AB%AAB%AAB%AAB%8AB%8AB%AAB%AAB%AAB%AAB%AAB%AAB%8BJ%8AJ%8AB%AAJ%CAJ%CAJ%CBB%AAJ%CAB%ABB%CAB%EBB%CBJ%CAJ%CAJ%EAJ%EBB%CAS%20J%CBJ%EBJ%CAK,0,0.00,NA,0,0,0,0,0,0,NA,96
pico_reply,21:30:11,S%20S%20K,0,0.00,NA,0,0,0,0,0,0,NA,96
pico_reply,21:30:11,K%2BK%2AS%2AR%EBR%EBR%EAJ%C9B%A9B%A8JI%3A%28BhBiBHBhBHB%29BHBhBhJHJHBhBhBhJIBhB%88BiB%89JiJiJ%89B%A9J%A9BiB%A9J%AAJ%AAJ%AAJ%8AJ%A9J%A9R%AAJ%CAJ%CAR%CAJ%EAJ%CAR%CAJ%EAR%CAR%CBR%CAZ%EAR%CAS,0,0.00,NA,0,0,0,0,0,0,NA,96
pico_reply,21:30:11,S%20R%CBR%EBS,0,0.00,NA,0,0,0,0,0,0,NA,96
camera,21:30:11,Camera%2Fcontrol%20line%20discarded%3A%20too%20long,0,0.00,NA,0,0,0,0,0,0,NA,96
pico_reply,21:30:11,BJBJ%3Ai%3Ai%3AiBJ%3AJ%3AJR%2AZ,0,0.00,NA,0,0,0,0,0,0,NA,96
pico_reply,21:30:11,A%88a%ECZ,0,0.00,NA,0,0,0,0,0,0,NA,96
pico_reply,21:30:11,Jg%F7%F9%FF%FF%94%B9%9D%C9%E7%FF%A5%9BcU2%29B%AAB%EB%3A%8AB%8AB%8ABjB%8ABiB%ABB%AAB%AAB%AAB%AAB%AAB%AAB%AAB%AAB%ABB%AAJ%AAJ%ABJ%AAB%AAB%CAJ%EAJ%EBJ%CBB%CAJ%CAJ%EBB%EAB%EBJ%CAJ%CAJ%CAB%EBB%CBJ%ACJ%EBK%20S%20R%EBR%EBS,0,0.00,NA,0,0,0,0,0,0,NA,96
pico_reply,21:30:11,S,0,0.00,NA,0,0,0,0,0,0,NA,96
pico_reply,21:30:11,S,0,0.00,NA,0,0,0,0,0,0,NA,96
pico_reply,21:30:11,K,0,0.00,NA,0,0,0,0,0,0,NA,96
pico_reply,21:30:11,S%20Z%EBR%EBJ%EAJ%E9J%E9J%C9R%A9JiJ%88BHBHBHBHBHBh%3AHBhBIBHBhBhJHJHBhB%88B%89J%88B%89JiJ%AAJ%89J%89J%A9B%A9R%C9R%CAJ%AAJ%AAJ%A9R%C9R%CAJ%CAR%AAR%CAJ%CAR%C9R%CAR%EAZ%CAR%EBR%EAR%AAR%CAR%EAS,0,0.00,NA,0,0,0,0,0,0,NA,96
pico_reply,21:30:11,Z%EAS%2B%5BKS%2B%5B,0,0.00,NA,0,0,0,0,0,0,NA,96
camera,21:30:11,Camera%2Fcontrol%20line%20discarded%3A%20too%20long,0,0.00,NA,0,0,0,0,0,0,NA,96
pico_reply,21:30:11,I%3AiB%89%3AJ%3AjBjJjR%2AI%CA9iY%A8J%89%9Cm%92%D6%29%AA%C6,0,0.00,NA,0,0,0,0,0,0,NA,96
pico_reply,21:30:11,%EF%FF%F7%FFk%B4B%A8J%EAB%AA%3A%8AB%8BB%8ABjB%AA%3A%8AJ%EBB%CBB%AAB%AAB%AAB%AAB%8BB%AAB%CAB%AAB%AAB%AAJ%8BB%8BB%AAB%CAB%EAJ%EBB%CAB%CAB%EAB%CAB%CBB%CBJ%CBJ%CBJ%CBB%EBJ%CBJ%CCJ%EBS,0,0.00,NA,0,0,0,0,0,0,NA,96
pico_reply,21:30:11,R%EBR%EBS%20S%20S%20S%20K,0,0.00,NA,0,0,0,0,0,0,NA,96
pico_reply,21:30:11,S%20R%EBJ%EBK,0,0.00,NA,0,0,0,0,0,0,NA,96
pico_reply,21:30:11,S%2BS,0,0.00,NA,0,0,0,0,0,0,NA,96
pico_reply,21:30:11,S%2AJ%C9R%A9J%89B%89B%88BiBI%3A%28Bh%3AHJhBIBHBhBhJiJIBiB%89B%89B%89J%89J%A9J%89J%89J%89J%A9B%A9J%A9J%8AJ%AAJ%AAJ%C9R%A9R%AAJ%CAJ%CAR%CAR%EAR%CAR%EAR%EAR%CAJ%EA%5B%2AS%20%5B%2AS%20S,0,0.00,NA,0,0,0,0,0,0,NA,96
pico_reply,21:30:11,Z%EAS,0,0.00,NA,0,0,0,0,0,0,NA,96
pico_reply,21:30:11,%5B%2BR%CB%5B%20cJZ%EA%5B%20%5B%2B%5B%2B%5B%2B%5B%2BcKcK%5BK%5BL%5BKcKckclc%8CclkMclklklclk%ACk%8Cklclclc%8BslZ%8D2%27BeR%ECJ%8AR%CAJ%89J%89B%89JjB%2ABhJ%E8%7B%AEZ%EE%29%A51%E69%E8A%EA2%20%5B%28%84%8F%8C%F1%9DR%953%95%20%953%953%94%D3%94%F3%8C%B2%8C%B2%84q%8C%90%84P%7C%2Fs%EFs%EFc%8Dtn%9D1%9D3%95%20%95%20%9DS%9DT%8C%B2%8C%D2%8C%D2%8C%B2%8C%B2%8C%B1%84%B2%84%B1%84%B0%84%D1%84%91%84%91%84p%8C%90%84p%84P%84P%84%C3%20%E3%20%E4%20%E4%20%E4%20%C3%29%A6%29%C6%29%86%29%86%29%C6%29%C7%29%88%20%C6%20%A4%20%C3%20%A3%20%A3%20%E2%21d%29%86%21%A5%29%85%20%E4%21%20%20%E3%29%84%29%85%20%E4%20%20%20%20%20%20%20,0,0.00,NA,0,0,0,0,0,0,NA,96
pico_reply,21:30:11,%2A%A5%AE%94%20%29%85S%20%9DR%7C%B1%7CoB%B0%3A%28%3AJ%3AI%3AiBi%3AJ%3AiBjBjBIB%89JjZJR,0,0.00,NA,0,0,0,0,0,0,NA,96
pico_reply,21:30:11,I%CAH%E91%A7%7B%E9%EF%FC%E7%7FJ%F2B%A8J%CBB%8A%3A%8AB%8B%3A%AAJ%8AR%CBBiJ%CAJ%CAB%CAB%AAB%AAB%AAB%AAJ%CAB%CAB%CBB%CAB%AAB%AAJ%CAB%EBB%CAJ%EAJ%EBB%CBJ%AAJ%EAJ%CBJ%CBJ%CBJ%CBJ%CBJ%CBJ%EBB%CAS%20J%EBS,0,0.00,NA,0,0,0,0,0,0,NA,96
pico_reply,21:30:11,R%EBR%EBS%20S%20S%20S%20S,0,0.00,NA,0,0,0,0,0,0,NA,96
pico_reply,21:30:11,S%20S%20K%2BS%2B%5BLS,0,0.00,NA,0,0,0,0,0,0,NA,96
pico_reply,21:30:11,S%2AJ%E8R%EAR%CAR%C9J%C9J%A9J%89BiBh%3AGJ%88BIBhBhBhJiJiBiBhJhJ%89J%89J%A9B%A9J%A9J%A9J%A9J%A9J%8AJ%AAR%AAJ%AAJ%C9R%CAZ%AAZ%EAR%C9R%CAR%CAR%EAR%EAZ%EAS,0,0.00,NA,0,0,0,0,0,0,NA,96
pico_reply,21:30:11,R%EAS,0,0.00,NA,0,0,0,0,0,0,NA,96
pico_reply,21:30:11,%5B,0,0.00,NA,0,0,0,0,0,0,NA,96
pico_reply,21:30:11,R%EAS%2AS,0,0.00,NA,0,0,0,0,0,0,NA,96
pico_reply,21:30:11,Z%EAZ%EAZ%EB%5B,0,0.00,NA,0,0,0,0,0,0,NA,96
camera,21:30:11,Camera%2Fcontrol%20line%20discarded%3A%20too%20long,0,0.00,NA,0,0,0,0,0,0,NA,96
pico_reply,21:30:11,%3AJ%3A%29%3AiBi%3AJ%3AiBjBJBjBjBKJ%2AJ%20JJJ%2AQ%EBB%C9k%ECR%B01%ECB%87B%AAB%AAB%8A%3A%AAB%AAJ%8AJjJ%8BJ%AB%3Ai%3A%8AB%8AB%AAB%AAB%ABB%8A%3A%AAB%AAB%CAB%CAB%CAJ%E9B%EBJ%CBB%AAB%AAB%CAJ%AAJ%CAJ%CBJ%CBJ%CBJ%CBJ%CBR%CBJ%CBJ%EBJ%CAJ%EBK%20J%EBR%EBR%EBS%20S%20S%20S%20K%2BK%2BK%20K%20S%2CS%20S%2AS%2A%5B%20R%EBJ%E9J%E9B%A9B%89B%89B%89B%88BhBhBhBhJ%89BIJiBHBhJhB%89J%89R%AAB%A8J%A9J%A9J%A9J%C9J%AAJ%AAR%CAJ%A9R%AAR%CAZ%AAZ%CAR%C9R%EAR%CAR%CAS,0,0.00,NA,0,0,0,0,0,0,NA,96
pico_reply,21:30:11,Z%EAS,0,0.00,NA,0,0,0,0,0,0,NA,96
pico_reply,21:30:11,S,0,0.00,NA,0,0,0,0,0,0,NA,96
pico_reply,21:30:11,S%20S,0,0.00,NA,0,0,0,0,0,0,NA,96
pico_reply,21:30:11,S,0,0.00,NA,0,0,0,0,0,0,NA,96
pico_reply,21:30:11,S,0,0.00,NA,0,0,0,0,0,0,NA,96
pico_reply,21:30:11,S,0,0.00,NA,0,0,0,0,0,0,NA,96
camera,21:30:11,Camera%2Fcontrol%20line%20discarded%3A%20too%20long,0,0.00,NA,0,0,0,0,0,0,NA,96
pico_reply,21:30:11,%A6%20%BEz%29%F0%3AG%3AJ%3AIBI%3AIBi%3Ai%3Ai%3AJ%3Aj%3AjBkBjBj%3AjBjRk%3A%2B%21%88%21%872%20B%8AB%AAB%8AB%8AB%AAJ%8AJJJic%2Ck%8DB%AAB%89R%EAJ%AAB%AAJ%AAJ%AAB%AA%3A%AAB%CAB%CAB%CAB%CAJ%EBJ%CBJ%AAJ%CAJ%CAJ%CAJ%CAJ%EAJ%ACJ%CBB%AAJ%EBJ%EBJ%EBJ%EBJ%EAJ%EBJ%CBJ%CAS%20R%EBS%20S%2BS%2BS%20K%2BK%2BK%20S%20S%2BS%20S%2BS%2B%5B%20S,0,0.00,NA,0,0,0,0,0,0,NA,96
pico_reply,21:30:11,S%20S%20J%E9R%E9R%CAJ%C9J%89JhB%28B%88B%88JiBIJ%89JiJ%A9BIJ%89J%89J%AAJ%A9J%A9J%A9J%A9J%A9J%AAJ%AAJ%A9R%C9R%CAR%CAR%CAR%CAR%C9R%E9R%E9%5B,0,0.00,NA,0,0,0,0,0,0,NA,96
pico_reply,21:30:11,Z%EBS,0,0.00,NA,0,0,0,0,0,0,NA,96
pico_reply,21:30:11,S,0,0.00,NA,0,0,0,0,0,0,NA,96
pico_reply,21:30:11,S,0,0.00,NA,0,0,0,0,0,0,NA,96
pico_reply,21:30:11,Z%EAS,0,0.00,NA,0,0,0,0,0,0,NA,96
pico_reply,21:30:12,%5B%2A%5B%2BZ%EBZ%EAb%EBc%20c%20R%CCc%20%5B%2BcJcLc%2C%5B%2C%5B%2CcLcLcLc%2BcLcKclclklk%8Dkmk%8Dc%8Ck%8Ck%8Ck%8Cklklk%8DkLk%8Dk%8Dc%CC%84L%7Cqc%201%EA%5B,0,0.00,NA,0,0,0,0,0,0,NA,96
camera,21:30:12,Camera%2Fcontrol%20line%20discarded%3A%20too%20long,0,0.00,NA,0,0,0,0,0,0,NA,96
pico_reply,21:30:12,J%CBJ%CBB%AAJ%AAB%CAJ%EAB%EAB%EAJ%CBJ%CAJ%CAJ%CBJ%CBB%AAJ%EAB%CBJ%EAS%20J%EAJ%EAJ%EBJ%EAJ%EAC%20K%20S%2CS%20R%ECR%EBK%20K%20S%20K%2BK%2BS%2BK%20K%20R%EBS%2BS%2CS%2CS,0,0.00,NA,0,0,0,0,0,0,NA,96
pico_reply,21:30:12,SJS%2BS%2AS,0,0.00,NA,0,0,0,0,0,0,NA,96
pico_reply,21:30:12,J%CAJ%A9J%88R%88Jh%3AGJ%87JiBhJ%88J%89J%89BiJ%89J%89J%89B%89J%A9J%A9J%A9J%8AJ%8AJ%A9J%C9R%C9R%CAR%CAR%C9R%CAR%EAS,0,0.00,NA,0,0,0,0,0,0,NA,96
pico_reply,21:30:12,R%EA%5B,0,0.00,NA,0,0,0,0,0,0,NA,96
pico_reply,21:30:12,Z%EBS,0,0.00,NA,0,0,0,0,0,0,NA,96
pico_reply,21:30:12,%5B,0,0.00,NA,0,0,0,0,0,0,NA,96
pico_reply,21:30:12,R%EAS,0,0.00,NA,0,0,0,0,0,0,NA,96
pico_reply,21:30:12,S,0,0.00,NA,0,0,0,0,0,0,NA,96
camera,21:30:12,Camera%2Fcontrol%20line%20discarded%3A%20too%20long,0,0.00,NA,0,0,0,0,0,0,NA,96
pico_reply,21:30:12,s%E8%E76%FF%FF%E7%FF%EF%FF2%20%3AI%3AI%3AI%3Ai%3AI%3AI%3Ai%3AiBJ%3AI%3A%89BjBjBi%3A%8A%3A%8A%3A%8AB%8AB%8AB%8AB%8AB%AAB%AAB%8AB%AAJ%8Aj%2A2g%95%A9%E6Z%7C%B9s%88%7BSJ%20%5B%20%5B%20R%CDB%8AB%AAJ%AAR%AAJ%AAJ%89R%EBJ%EAR%EAR%EBJ%EAJ%EBJ%CBB%AAJ%EAB%EBJ%EAJ%EBK%20K,0,0.00,NA,0,0,0,0,0,0,NA,96
pico_reply,21:30:12,J%EBJ%EAJ%EAK%20K%20S%2CS%20R%EBK%20K%20K%20S%2BS%20S%2BS%2BK%2BSK%5BLS%2BS%2B%5BL%5B%2B%5BK%5BKcl%5B,0,0.00,NA,0,0,0,0,0,0,NA,96
pico_reply,21:30:12,S,0,0.00,NA,0,0,0,0,0,0,NA,96
pico_reply,21:30:12,S%2AS,0,0.00,NA,0,0,0,0,0,0,NA,96
camera,21:30:12,Camera%2Fcontrol%20line%20discarded%3A%20too%20long,0,0.00,NA,0,0,0,0,0,0,NA,96
pico_reply,21:30:12,1%C81%C8%29%C8%29%E8%2A%20%2A%20%2A%20%2A%201%E8%29%E82%201%E8%29%E8%29%C82%20%2A%201%C89%E8aI1%C5%84%20%FF%FF%AD%9D%BEQ%FF%FFs%99%E7%FC%FF%FF%AC%BF%20L%92%AAb%20%3A%86%F7%FC%C5%BF0lY%A4%84%20%D7%20%EF%FF%B6_%29%CC%3AI%3AI%3AI%3Ai%3AI%3AI%3AiBIBi%3AiB%88BjBjBi%3Aj%3AjBjBjB%89B%8AB%8AB%8AB%AAB%AAB%AAZJZ%8AJ%86%F7%F5%F7%DF%85%20%AD1%7BTB%88%95%20%94%F4R%D0BkB%CA%3A%8BR%ABBjJ%A8J%AAB%8AJ%CAJ%CBJ%EBJ%EBJ%EAJ%EBJ%EBC,0,0.00,NA,0,0,0,0,0,0,NA,96
pico_reply,21:30:12,J%EAJ%EAJ%EBK%20J%EAJ%EAK%20J%EBJ%CBK%20J%EBJ%CCK%20K%20S%2BS%20S%20S%2BSKSk%5BlSLSK%5BKS%2B%5BK%5BL%5B%2C%5BL%5Bj%5Bk%5BKSJSI%5BJ%5B,0,0.00,NA,0,0,0,0,0,0,NA,96
pico_reply,21:30:12,R%CABjBhJ%89BiBHJiJ%89J%89R%A9J%89J%89J%A9J%A9J%8AR%AAR%AAJ%C9J%C9R%CAJ%ABJ%E9K%20R%EAJ%CA%5B%20%5B,0,0.00,NA,0,0,0,0,0,0,NA,96
camera,21:30:12,Camera%2Fcontrol%20line%20discarded%3A%20too%20long,0,0.00,NA,0,0,0,0,0,0,NA,96
pico_reply,21:30:12,%CF%3A.%B5%C4%FF%FF%8B%7F8%E2r%C6%84%CF%AE%D3%E7%7F%7C%5B%20g2,0,0.00,NA,0,0,0,0,0,0,NA,96
pico_reply,21:30:12,%3AI%3AI%3Ai%3AI%3AI%3Ai%3AIBI%3AiB%89BjBJBi%3Aj%3AjBjB%8AB%8AB%8AB%8AB%8AB%AAB%8AJ%A9b,0,0.00,NA,0,0,0,0,0,0,NA,96
pico_reply,21:30:12,B%28%8Cd%EF%9F%F7%FB%96%5D%EEWR%B6%8C%E5%AE6%BD%D7R%B0B%A9c%8CR%ACRKRhb%C9c%2AZ%E9R%EA%5B%20B%AAJ%CAS%20J%EBJ%EAJ%CAJ%EAJ%EAJ%EBJ%EBJ%EAJ%EBR%EBJ%EBJ%EBK%20K%20S%2BK%2BK%20S%20S%20S%20SKS%2BSKSKSKSkSKS%2B%5BK%5BK%5B%2C%5BL%5Bk%5Bk%5Bk%5Bk%5Bj%5BJ%5B%2Ac%2BR%EBJ%A9J%88J%A9J%89J%89J%89J%89J%89J%89J%AAJ%A9J%A9J%AAJ%AAJ%AAJ%CAJ%C9R%CAR%AAJ%E9S%27%5BKJ%EB%5B%20%5B,0,0.00,NA,0,0,0,0,0,0,NA,96
pico_reply,21:30:12,R%EAZ%EA%5B%2B%5B%20%5B%20%5B%2AS%20%5B,0,0.00,NA,0,0,0,0,0,0,NA,96
pico_reply,21:30:12,S,0,0.00,NA,0,0,0,0,0,0,NA,96
camera,21:30:12,Camera%2Fcontrol%20line%20discarded%3A%20too%20long,0,0.00,NA,0,0,0,0,0,0,NA,96
pico_reply,21:30:12,%C6%9F%29%EF%3AH%3AI%3AI%3AI%3AI%3AJ%3AI%3Ai%3Ai%3Ai%3AiBiBIBIBiBjBJBjB%8AB%8AB%8AB%8A%3AjJ%ABB%8AR%89Z%2A%3A%86%B5j%CE%FD%F7%F9%96%3D%F7Xs%B8%CF%EF%F7%DF%E6%BF%29%ECK%27%A5SZmRIc%27%8C%8F%8Cps%AFR%EDR%AC%3AkK%2AK%20K%20J%EBJ%EBJ%EAK,0,0.00,NA,0,0,0,0,0,0,NA,96
pico_reply,21:30:12,J%EBJ%EBJ%EBJ%EBJ%EBS%20S%20J%EBK%20SJK%2BK%2BS%20S%20S%20SK%5B%2BS%2BSKSKSkSK%5BK%5BK%5BL%5B%2C%5BL%5Bl%5Bl%5Bl%5BL%5BK%5Bk%5Blck%5Bk%5B,0,0.00,NA,0,0,0,0,0,0,NA,96
pico_reply,21:30:12,J%AAR%CAB%8ABiJ%89J%A8J%A8J%89J%A9J%A9J%A9J%A9J%AAJ%AAJ%AAJ%C9J%C9R%CAJ%E9Sh%5BKJ%EB%5B%2AS,0,0.00,NA,0,0,0,0,0,0,NA,96
pico_reply,21:30:12,R%EAR%EA%5B%20%5B%2BZ%EB%5B%20S%20%5B,0,0.00,NA,0,0,0,0,0,0,NA,96
pico_reply,21:30:12,S,0,0.00,NA,0,0,0,0,0,0,NA,96
pico_reply,21:30:12,%5B%2B%5B%2B%5B,0,0.00,NA,0,0,0,0,0,0,NA,96
camera,21:30:12,Camera%2Fcontrol%20line%20discarded%3A%20too%20long,0,0.00,NA,0,0,0,0,0,0,NA,96
pico_reply,21:30:12,J%3A%29%3A%29%3AI%3AJ%3Ai%3Ai%3AI%3AI%3Ai%3Ai%3AIBIBJ%3Aj%3Aj%3Aj%3A%8A%3A%8ABjB%8ABjJ%ABB%8ARjb,0,0.00,NA,0,0,0,0,0,0,NA,96
pico_reply,21:30:12,%3AE%F6%ED%D6%DE%E7%F7%E6~%8C%3D%B5%8E%FF%FA%FF%FF%E6%3F2%A8%BEL%94%9FZ%28R%A8%9C%EB%BD%F5%BE%20%A52%8COs%8DZ%EBSkS%2AS%2CK%20J%EBJ%EAJ%EAK%20J%EBJ%EBJ%EBK%20K%20R%EBR%EBK%2BS%2BK%2CS%2BS%2BS%20K%2BK%20S%2CSKKKSKSKSK%5BK%5Bk%5BL%5BL%5BLSL%5BK%5BL%5BLcKcK%5BK%5Bk%5BK%5BK%5B%20%5B,0,0.00,NA,0,0,0,0,0,0,NA,96
pico_reply,21:30:12,J%CAJ%C9R%A9J%A8B%89J%A8J%A9J%A9J%A9J%A9J%AAJ%AAJ%AAJ%A9J%C9R%CAR%EASISj%5B%2BR%EBR%EAS,0,0.00,NA,0,0,0,0,0,0,NA,96
pico_reply,21:30:12,S,0,0.00,NA,0,0,0,0,0,0,NA,96
pico_reply,21:30:12,S,0,0.00,NA,0,0,0,0,0,0,NA,96
pico_reply,21:30:12,%5B%20Z%EBZ%EBS%20%5B,0,0.00,NA,0,0,0,0,0,0,NA,96
camera,21:30:12,Camera%2Fcontrol%20line%20discarded%3A%20too%20long,0,0.00,NA,0,0,0,0,0,0,NA,96
pico_reply,21:30:12,s%9A%21i%3AG2h%3AI%3AI%3AI%3AI%3AI%3Ai%3Ai%3Ai%3AI%3AiBIBJBI%3Ai%3AiBjBj%3AjBjBjBjB%8ABjB%8ARJb%2ABd%FF%B1%CE_%F7%FB%FF%9FK8%94%EB%F7%FF%9CX%7B%963,0,0.00,NA,0,0,0,0,0,0,NA,96
pico_reply,21:30:12,%F7%F5%83%BFJgcg%E7%D5%EF%FC%E7%DB%C6%B8%B5%95%9C%F4%7B%F1c%F0J%EBS%20K%20J%EBJ%EBJ%EAK%20J%EBK,0,0.00,NA,0,0,0,0,0,0,NA,96
pico_reply,21:30:12,S%2BJ%EAK,0,0.00,NA,0,0,0,0,0,0,NA,96
pico_reply,21:30:12,S%20S%20S%20SKK%20K%2BS%20S%2BSKSLSKSLSLSLSKSK%5BL%5BL%5BL%5BL%5BL%5BM%5BL%5BL%5BLcLcl%5Bl%5B%8B%5B%8B%5Bk%5B%2B%5B%8ASJR%EAJ%AAJ%A9B%89J%A8J%A9J%A9J%A9R%A9J%A9J%E9S,0,0.00,NA,0,0,0,0,0,0,NA,96
pico_reply,21:30:12,J%EAJ%CAR%CAZ%CAR%EAS%20S%20S,0,0.00,NA,0,0,0,0,0,0,NA,96
pico_reply,21:30:13,S,0,0.00,NA,0,0,0,0,0,0,NA,96
pico_reply,21:30:13,R%EAS%2AS,0,0.00,NA,0,0,0,0,0,0,NA,96
pico_reply,21:30:13,%5B%2BZ%EB%5B%20S,0,0.00,NA,0,0,0,0,0,0,NA,96
camera,21:30:13,Camera%2Fcontrol%20line%20discarded%3A%20too%20long,0,0.00,NA,0,0,0,0,0,0,NA,96
pico_reply,21:30:13,%83%FD%21%A9%21%C42J2i%3AI%3AI%3AI%3AI%3Ai%3AI%3Ai%3Ai%3Ai%3AiBIB%89BI%3Aj%3AiBj%3A%8A%3AjBj%3Aj%3AJBjB%8AB%8ARJZ%20RF%CEo%F7%DD%FF%FF%E5%9Fc%8D%FFl%DE_YJB%C9u%83%F7~%8B%5BJ%85%C6%2C%FF%FF%F7%FF%F7%FF%EF%FE%EF%3D%C6Z%AD%B4%A5%B4R%F0R%EBJ%EBJ%EBJ%EBJ%EAS%20J%EBK,0,0.00,NA,0,0,0,0,0,0,NA,96
pico_reply,21:30:13,K%2BKLK%20S%20S%20R%EBK%20SJK%2CS%20S%2BSKSKS%2BSLSLSLSKSK%5BL%5BK%5BK%5BL%5BL%5BLcL%5Bl%5Blclclclc%8C%5Bkc%8Bc%8B%5Bk%5Bk%5BK%5B,0,0.00,NA,0,0,0,0,0,0,NA,96
pico_reply,21:30:13,R%EAR%CAJ%89J%A8J%89J%A9R%A9R%CAJ%EAJ%E9J%E9J%CAR%CAR%EAS,0,0.00,NA,0,0,0,0,0,0,NA,96
pico_reply,21:30:13,%5B,0,0.00,NA,0,0,0,0,0,0,NA,96
pico_reply,21:30:13,R%CAS%20S,0,0.00,NA,0,0,0,0,0,0,NA,96
pico_reply,21:30:13,R%EBR%EBS,0,0.00,NA,0,0,0,0,0,0,NA,96
camera,21:30:13,Camera%2Fcontrol%20line%20discarded%3A%20too%20long,0,0.00,NA,0,0,0,0,0,0,NA,96
pico_reply,21:30:13,%9F9%EC%FF%F2%CE_1%F1B%89%3Ae%3AI2%29%3AI%3AI%3AI%3AH%3Ai%3AH%3Ai%3AIBI%3AiBIBiBI%3Ai%3A%89%3Ai%3Ai%3AjBj%3AjBIBjBjB%89BJa%EAZ%20%8Ci%DFy%FF%FF%CD%BF%843%FF%F4%AC%9E%8B%B1%3A%A8%D7-%FF%9F%21PKh%FF%FB%F7%9F%C6%20%FF%FF%FF%FF%FF%FD%F7%FD%EF%DE%BE%20%5B4J%E9J%CBJ%CAK%20J%EAS%20J%EBK%20K%2BK%2BJ%ECS%20S%2BR%ECJ%EBK,0,0.00,NA,0,0,0,0,0,0,NA,96
pico_reply,21:30:13,K%2CS%2BS%2BS%2CSKS%2BS%2CSLSLSlSk%5Bl%5BL%5BL%5BL%5Bl%5BL%5BL%5Bl%5BmcmcL%5Bl%5Blc%ACc%AC%5B%8C%5Bk%5Bk%5BK%5BK%5B%2BR%EBJ%AAJ%A9J%8AR%C9R%A9R%C9J%E9R%E9J%E9J%EAJ%EAR%EAJ%EA%5B,0,0.00,NA,0,0,0,0,0,0,NA,96
pico_reply,21:30:13,R%CBS,0,0.00,NA,0,0,0,0,0,0,NA,96
pico_reply,21:30:13,S,0,0.00,NA,0,0,0,0,0,0,NA,96
pico_reply,21:30:13,%5B,0,0.00,NA,0,0,0,0,0,0,NA,96
camera,21:30:13,Camera%2Fcontrol%20line%20discarded%3A%20too%20long,0,0.00,NA,0,0,0,0,0,0,NA,96
pico_reply,21:30:13,%FF%FF%D5%BFcO%FF%F9%9E%3F%7C.2%202%262%28%3AI%3AI%3AI%3AH%3AH%3Ai%3AI%3Ai%3AI%3Ai%3AiBJBI%3Ai%3Ai%3Ai%3A%89%3A%89%3AJBj%3Ai%3AJBjBjB%89BjY%8ARI%8C%88%DF%B8%F7%DF%FF%FFt%3F%EF%F2%FE%BFkY%84F%FF%B6%CC%FF1%E4%B6%AA%FF%FF%84%20%BD%C7%FF%FF%FF%FF%FF%FF%F7%FF%F7%FF%E7%7FS6K%28SLS%20J%CBR%EBS%20R%CBS%20J%EAK%2BJ%CCS%20K,0,0.00,NA,0,0,0,0,0,0,NA,96
pico_reply,21:30:13,K%2B%5B%2B%5B%2CS%2CSKS%2B%5B%2CS%2BSKSLS%2C%5BLSLSlSkSL%5BL%5BLcL%5BL%5BL%5Bl%5Bm%5BlclcLclc%8Cc%ACc%8Cc%8Cck%5BKc%8BckckS,0,0.00,NA,0,0,0,0,0,0,NA,96
pico_reply,21:30:13,Z%EAZ%EAJ%C9B%89J%C9R%CAJ%AAR%C9R%C9K,0,0.00,NA,0,0,0,0,0,0,NA,96
pico_reply,21:30:13,K,0,0.00,NA,0,0,0,0,0,0,NA,96
pico_reply,21:30:13,S,0,0.00,NA,0,0,0,0,0,0,NA,96
pico_reply,21:30:13,R%EAR%CBR%EAS,0,0.00,NA,0,0,0,0,0,0,NA,96
pico_reply,21:30:13,c,0,0.00,NA,0,0,0,0,0,0,NA,96
pico_reply,21:30:13,%5B%20Z%EA%5B,0,0.00,NA,0,0,0,0,0,0,NA,96
pico_reply,21:30:13,%5B%20%5B%20%5B%2B%5B%2B%5B%2B%5B%2B%5B%2Bc%2Cc%2BcKc%2Bcl%5B%20cLcKklklclk%8Cclklk%8Ck%8Ck%8Ds%ADknk%8Dk%8Dk%ADk%ADk%8Ds%8Dk%8Dk%ACk%ADs%ADs%ADs%ADk%CDs%CEs%ADk%CDs%EDk%CDs%ED%7C%20%7B%EEs%AEk%ACl%20s%EEs%AF2%20J%C7c%2AR%CBR%CAJ%A9J%8AJ%8AB%A9R%C9%7B%EC%7B%ADB%2B%29F%3A%20BI%3AHK,0,0.00,NA,0,0,0,0,0,0,NA,96
camera,21:30:13,Camera%2Fcontrol%20line%20discarded%3A%20too%20long,0,0.00,NA,0,0,0,0,0,0,NA,96
pico_reply,21:30:13,K%20K%2BSK%5B%2BJ%ECB%EAS,0,0.00,NA,0,0,0,0,0,0,NA,96
pico_reply,21:30:13,%5BL%5B%2C%5BL%5BLS%2C%5BK%5BLSlSkSL%5BLcL%5BL%5B%8C%5Bl%5Bm%5Bm%5Bmc%8Cc%8Cc%8Dc%8Cc%8Ck%CDc%CDc%CCk%CDc%ADckk%AC%5Bjck%5B%20J%CAJ%E9S%20R%CAJ%AAR%E9R%CAS%20K,0,0.00,NA,0,0,0,0,0,0,NA,96
pico_reply,21:30:13,R%EAS,0,0.00,NA,0,0,0,0,0,0,NA,96
pico_reply,21:30:13,R%EAR%EAZ%EAR%CAR%EA%5B%20%5B,0,0.00,NA,0,0,0,0,0,0,NA,96
pico_reply,21:30:13,%5B%2B%5B%20%5B%2B%5B%2B%5B%2B%5B%2B%5B%2Cc%2BcLc%2Cc%2C%5B%20cLcLcKclklclk%8Cklcmk%8Ck%8Ck%8Cs%ADcMk%8Ck%ADklk%8Ck%ADk%8Ds%ADs%CDk%CDs%ADs%ADk%ADs%EDs%CEs%CDk%CDk%CDk%EDs%CDs%CDs%CDs%ADs%ADk%CDt%20%84N%5B%20S,0,0.00,NA,0,0,0,0,0,0,NA,96
pico_reply,21:30:13,b%E8R%ABR%EAJ%AAJ%A9J%89J%AA%3A%2AS,0,0.00,NA,0,0,0,0,0,0,NA,96
pico_reply,21:30:13,k%8CsoB%2B1%A51%E82%201%E9%5B%20%7C%8E%95%20%A5%93%9D4%9D%20%9D3%94%D3%84%91%84%91%8C%D1%8C%91%841%8C0%7B%EFsn%5BMt%2B%8C%CF%8C%F2%8C%B2%8C%B2%8C%B2%8C%B1%8C%D1%8C%B1%8C%B2%84%B2%84%92%84%91%8C%91%8C%91%8C%E4%20%20%20%242%251%C7%29%86%29%A61%C71%E79%E8%20%C6%20%C3%20%C3%20%C3%20%A3%20%E2%29%83%29g%21%20%21E%21%24%21%24%20%20%20%E3%20%20%20%23%20%20%20%20%20%20%21%20%20%20%20%20%20%20%20%E3%20%20%20%23B%872%292%29%2A%202%28%2A%20%29%E8%29%E7%29%E8%29%E7%29%E8%29%C7%21%E7%29%E7%29%C8%21%C7%21%A7%21%87%21%A7%29%C7%29%C8%29%C8%29%E8%29%C71%E82%20%29%E8%29%C8%29%C81%C71%E71%E8%29%E8%29%E8%29%E8%29%E81%E82%202%292%201%E81%C89%88IGIh1h1%89%20HA%26J%20%5B%A5%F7%FA%CE,0,0.00,NA,0,0,0,0,0,0,NA,96
pico_reply,21:30:13,R%EA%5B%2CR%CBJ%CA%5Bht.S%20R%EAS%20S%2BS%20%5B%2BR%CAcJc%8BS%2B%5B%2A%5BL%5B%2C%5B%2CS%2CSK%5BL%5BL%5Bk%5BL%5BL%5BL%5BL%5Bl%5Bl%5Blcmcmc%8Cclcmc%8Cc%8Dk%ADk%CDc%ACc%CDc%8Cclc%8Cc%8Bc%8Bc%8B%5BKcKZ%EBR%89J%8AR%C9R%C9S%20R%EBS,0,0.00,NA,0,0,0,0,0,0,NA,96
pico_reply,21:30:13,S,0,0.00,NA,0,0,0,0,0,0,NA,96
pico_reply,21:30:13,S,0,0.00,NA,0,0,0,0,0,0,NA,96
pico_reply,21:30:13,R%EAR%EAR%EAS,0,0.00,NA,0,0,0,0,0,0,NA,96
pico_reply,21:30:13,%5B,0,0.00,NA,0,0,0,0,0,0,NA,96
pico_reply,21:30:13,c%20S%20%5BJ%5B%20%5B%2B%5B%2B%5B%2Ac%2CcKcLc%2Cc%2Cc%2BcKcLcKclc%ACclclckclk%8Ck%ACkms%8Ck%8Cs%ACk%8Dk%8Dk%ADk%8Dk%8Ds%ADs%ADs%ADs%ADs%CDs%CDs%CDs%CDs%ADs%CDs%CDs%CDs%EDs%EDs%CDs%CDs%EEs%CDs%ECt-%7CNs%CFB,0,0.00,NA,0,0,0,0,0,0,NA,96
pico_reply,21:30:13,S%20S%20J%CBJ%CAJ%8AJ%8ABjJic%AA%7Cmsn1%CB%29%A6%3AH%3A%20%3A%2AS%ABtO%94%D3%9D4%9D%20%9D3%94%F3%95%20%94%D2%8C%B1%8C%90%8Cq%8CQ%7B%EFs%EFk%AE%5B%8E%7Cm%84%D2%8C%B2%8C%92%8C%B2%8C%D1%8C%D1%8C%B1%8C%B2%8C%B2%84%91%8C%91%8C%91%8C%91%8C%E4%20%24%21D%3AG%29%A7%29%A7%29%A6%29%C61%C7%29%88%20%C5%20%C2%20%C3%20%A3%20%A3%20%E2%29%84%29%86%21E%21D%21%24%20%20%21%20%20%E3%20%20%20%23%20%20%20%20%20%20%20%20%20%20%20%20%20%E4%20%E3%20%24%20C%3AH2I2%292J2%292%292%29%2A%292%28%2A%202%20%29%C8%21%C8%29%C7%21%E8%21%C8%21%A7%21%A7%21%A7%29%C7%29%C7%29%E8%29%C8%29%C71%E82%201%E8%29%C8%29%E8%29%E72%271%E8%29%E8%29%E8%29%E81%E81%E82%282%202%202%202%20%3A%20A%C8A,0,0.00,NA,0,0,0,0,0,0,NA,96
pico_reply,21:30:13,%FF%FFR%D9%CEl%FF%FF%FF%FF%FF%FF%FF%FF%FF%FF%F7%FF%F7%FF2rS%2AS%20S%20J%EAZ%ECR%8C%5B%28%84%AB%9D%93J%F0S%20J%EBS%2B%5B%20k%2B%5B%20s%CAs%EEJ%ACS%2CR%EA%5BL%5B%2CS%2CSLSL%5BL%5BL%5Bl%5Bl%5BLcL%5Blcl%5Blclclclkmcmc%ACc%8Dk%ADk%ADc%AD%5B%ACc%8Dc%8Dc%8Cc%AC%5B%8Bc%ABclcK%5B%20S,0,0.00,NA,0,0,0,0,0,0,NA,96
pico_reply,21:30:13,R%EBR%CAZ%EAJ%CAR%EAS,0,0.00,NA,0,0,0,0,0,0,NA,96
pico_reply,21:30:13,S,0,0.00,NA,0,0,0,0,0,0,NA,96
pico_reply,21:30:13,S,0,0.00,NA,0,0,0,0,0,0,NA,96
pico_reply,21:30:14,R%EAS,0,0.00,NA,0,0,0,0,0,0,NA,96
pico_reply,21:30:14,%5B%2AS,0,0.00,NA,0,0,0,0,0,0,NA,96
pico_reply,21:30:14,Z%EA%5B%20S,0,0.00,NA,0,0,0,0,0,0,NA,96
pico_reply,21:30:14,%5BJc%2C%5BJck%5B%2C%5B%2BckkL%5B%2Cc%2CcKcKcKcKcLcKckclc%8Cclk%8Ck%ACk%8Dk%8Ck%8Dk%ADk%8Dk%8Dk%ADk%8Ck%ADs%8Ds%ADs%ADs%CDs%CDs%CDk%CDs%ADs%CEs%EDs%CEs%CDs%EDs%EEs%EEs%EEs%CEs%CDs%EDs%EDt%84.k.R%EAJgR%ECJ%E9J%ABJ%8ABJJKSKK%2Akkc%2F%3A,0,0.00,NA,0,0,0,0,0,0,NA,96
camera,21:30:14,Camera%2Fcontrol%20line%20discarded%3A%20too%20long,0,0.00,NA,0,0,0,0,0,0,NA,96
pico_reply,21:30:14,SjSLS%2Cb%ECZ%ABki%A5%AD%B3spt.J%EB%5BK%5BL%5BL%5BL%5BL%5BL%5BLcl%5Bl%5Bl%5Blclclclclclcmkmc%8Dc%ACc%ADs%CDk%EEc%ADc%ACc%ACc%8Cc%ACc%CCk%ADcmckc%8Bc%ACc%8C%5BKc%2BR%CAJ%AAR%C9R%EAS,0,0.00,NA,0,0,0,0,0,0,NA,96
pico_reply,21:30:14,S,0,0.00,NA,0,0,0,0,0,0,NA,96
pico_reply,21:30:14,R%EAS,0,0.00,NA,0,0,0,0,0,0,NA,96
pico_reply,21:30:14,S,0,0.00,NA,0,0,0,0,0,0,NA,96
pico_reply,21:30:14,S,0,0.00,NA,0,0,0,0,0,0,NA,96
pico_reply,21:30:14,Z%EBZ%EBS,0,0.00,NA,0,0,0,0,0,0,NA,96
camera,21:30:14,Camera%2Fcontrol%20line%20discarded%3A%20too%20long,0,0.00,NA,0,0,0,0,0,0,NA,96
pico_reply,21:30:14,kQ%20-1%E62I2%28%3AI%3AI%3A%29%3A%29%3A%29%3AJ%3AI%3AI%3AI%3AI%3AIBj%3AJBI%3Aj%3A%8A%3A%89%3Ai%3Ai%3Ai%3Ai%3AiBi%3AiBiJjJj%93L1%AD%DF%2C%F7%FFS%B6%EF%BA%FF%FFd%20%FF%FA%AC%FC%83%20BG%FF%CE%FF%FF%3A%20%FF%FA%FF%FF%FF%FF%FF%FF%FF%FF%F7%FF%FF%FF%7C%3DS%20R%EAZ%ABK%2A%84%20%B55smkl%FF%D4%E7_K1KKS%2C%5B%20b%ECR%C8%94%EB%DF6%D7Z%8Cu%95TR%EF%5BM%5BL%5BL%5BL%5BL%5BL%5BLcl%5Bm%5Bl%5Blcmclclclclcmcmc%8Cc%ACc%ACk%CDk%CEc%ADc%ACc%ACc%ACc%ADc%ADc%ADc%ADk%ADc%8Ck%ACc%AC%5B%8C%5Bk%5B%2A%5B%20%5B%20R%E9%5B%2AS,0,0.00,NA,0,0,0,0,0,0,NA,96
pico_reply,21:30:14,R%EAR%EAS%29S,0,0.00,NA,0,0,0,0,0,0,NA,96
camera,21:30:14,Camera%2Fcontrol%20line%20discarded%3A%20too%20long,0,0.00,NA,0,0,0,0,0,0,NA,96
pico_reply,21:30:14,I%E9I%EA%29%28%20%C6%20F2%292I2%28%3AI%3AI%3AI%3AI%3A%2A%3Aj%3AI%3AI%3AI%3AI%3AI%3AI%3AI%3AJ%3AI%3Ai%3Ai%3Ai%3AiBj%3Ai%3Ai%3A%89%3A%89BiJJJ,0,0.00,NA,0,0,0,0,0,0,NA,96
pico_reply,21:30:14,I%A8A%E6%93M%7C%93%94%A8%FF%FF%F7%DF%BE%94%E7%FF%B5%9A%93t%3A%28%FF%CF%CE%9E%84%20%FF%FF%FF%FF%FF%FF%FF%FF%FF%FF%EF%FF%FF%FF%5B%99R%C9R%EBZ%8CB%EB%AD%20%C6%3A%A5%20%94%B6%FF%F9%E7_c%D1K%2B%5B%2Bc%20Z%CCc%8A%D6%D2%EF%FF%FF%FB%F7%DD%C6~S1%5Bk%5BL%5BL%5BL%5BL%5BL%5BlclcL%5B%8C%5B%8Ccmclclc%8Cclkmcmc%ACc%ACc%8D%5B%8Cc%ACc%8Dc%ADc%8Cc%ACc%ADc%ACc%ADc%ADc%ADk%ACc%8Bc%ABc%8Cc%8CcL%5B%20%5B%2A%5B,0,0.00,NA,0,0,0,0,0,0,NA,96
pico_reply,21:30:14,R%AAR%EAR%EA%5B%20R%EAS%29%5B%20%5B%20Z%EB%5B%2A%5B%2B%5B%2B%5B%2B%5B%2Bc%2CckcLckclc%8DclcLkkclclkLklk%CCc%ACc%CCk%ADk%8Ek%ACk%ADk%ADk%ADk%8Dk%ACk%ACk%CDk%CDk%CDs%CDs%CDs%CDs%CDs%CEs%EDs%CE%7B%AE%7B%CEs%EEs%EEs%EE%7B%EEs%EEs%EE%7B%ED%7Ck%EEts%ED%7C%7B%ED%83%CFBN%21fB%87%5B%29R%CBJ%CAJ%8AJJ%3A%2AJ%E7s%AB%83%CE%3A%20%29%86%3A%282%28%3A%8ASj%7CO%8C%B3%94%F5%9D3%9D3%9C%F2%94%F3%94%B1%84%B1%8C%D1%94%B1%7Cp%84p%7C%20co%5Bn%8C%B0%8C%D3%8C%D1%8C%D2%94%D2%94%D2%8C%D2%8C%B1%8C%D2%94%B2%94%B2%94%25%20D2%201%C8%29%A6%29%C6%21%E6%2A%209%E8%20%E6%20%C2%20%A3%20%C3%20%E3%20%E2%21D%29%A6%21e%21d,0,0.00,NA,0,0,0,0,0,0,NA,96
pico_reply,21:30:14,%29%E71%E8%29%E8%2A%202%201%E8%29%E82%282%202%292%292%292%202%20%3A%202%202%28%3A%29%3A%20%3A%28%3AH9%E9%3A%209%E82%20%3Ai2I2I2%29%3AI%3AI%3AI%3AI%3AJ%3AJ%3AI%3AI%3Ai%3AI%3AI%3AI%3AI%3Ai%3AI%3AI%3Ai%3Ai%3Ai%3Ai%3Ai%3A%88%3A%89%3A%89%3A%89BjBJJ%2AI%EAI%8A1%C9%2F%20%C5%F3%A5y%C64%EF%FF%FF%FF%7BtJ%8B%FF%F3%8C%BE%B5%8E%FF%FF%FF%FF%FF%FF%FF%FF%FF%FF%F7%FF%FF%FF23K%20%5B%20b%ADB%E9%AD%CB%DF%20%EFy%94%B8%EF%FA%EF%9F%9D%B9B%EDc%20b%ECKj%84L%FF%FD%C6%98%FF%FE%F7%FF%F7%FFST%5Bk%5BL%5BL%5BL%5B%2CcL%5Bl%5Bl%5BL%5Bl%5Blcmclclcmc%8Cclk%8Dc%8Dc%ADc%ACc%ACc%ADc%ADc%ADc%ADc,0,0.00,NA,0,0,0,0,0,0,NA,96
pico_reply,21:30:14,%5B%2B%5B%20R%EA%5B%29%5B%20%5B%20%5B,0,0.00,NA,0,0,0,0,0,0,NA,96
pico_reply,21:30:14,%5B%2A%5BJ%5B%2B%5B%2B%5B%2Bc%2BcLc%2CcLclk%8Dclckklclk%8Cklk%8Dc%8Ck%ACc%ACs%CDkmk%8Ck%ADk%ADk%8Dk%ADs%ACk%CCk%CCk%CDk%CDk%ADk%CDk%CDs%CDs%CEs%EDs%ED%7B%CD%7B%CDs%EEs%EEs%EEs%EEs%EEt%20ts%EDt%20t%20t%20t%20%7C-%94oZ%8F%21%28%29%C4J%A6SR%CAJ%8ARjBJJ%A9R%EAkKc%20Bj%29%A61%C8%2A,0,0.00,NA,0,0,0,0,0,0,NA,96
camera,21:30:14,Camera%2Fcontrol%20line%20discarded%3A%20too%20long,0,0.00,NA,0,0,0,0,0,0,NA,96
pico_reply,21:30:14,%AE%FF%F9%DF%7D%FF%FFSV%5Bj%5BL%5BL%5B%2C%5BLcLcL%5BLclclc%8Ccmclcmc%8Dclc%8Dc%ADc%8Dc%ADc%8Cc%ADc%ADk%8Dc%8Dc%8Cc%ADc%ACk%ADk%ADc%ADc%CDk%CDc%CCc%CDk%ADk%CDk%ADk%ACk%ADkmcLckc%2BR%AAR%E9%5B%29%5B%20R%EB%5B,0,0.00,NA,0,0,0,0,0,0,NA,96
camera,21:30:14,Camera%2Fcontrol%20line%20discarded%3A%20too%20long,0,0.00,NA,0,0,0,0,0,0,NA,96
pico_reply,21:30:14,%3A%29%3A%292H%3A%88%3Ai%3AJ2H%3AI%3A%29%3A%29%3AJ2%29%3AI%3AI%3AI%3Ai%3AI%3AI%3AI%3AI%3AI%3AI2H%3Ai%3Ai%3Ai%3AIBi%3A%89%3A%89%3A%89%3A%8ABiB%89B%8AB%89B%8AJII%EAIi1%88K%29%83%ACIQ9%E8%F7%F0%EF%20%EF%5B%EFz%EF%7D%FF%FF%FF%FF%EF%FF%FF%FFK%20S%28R%EBb%CCjkR%E8%FF%CF%FF%FFs%99%FF%F8k%97%FF%F8%C6%DFK%20k%20%5B%2CJ%8A%FF%F8%7B%F9%CEw%FF%FD%F7%FF%FF%FFC%20%5B%89%5Bl%5Bl%5BL%5BL%5BLclclcLcLcL%5BMcmcmcmc%8Cc%8Cc%ACc%ADc%ADc%8Cc%ADc%ADc%ADc%ADc%ADc%CDc%CDk%ADc%8Dc%ADc%EEk%AEc%CDc%CEk%CDk%CDk%ADk%ADk%CDk%CCk%ADk%8Dclc%2B%5B,0,0.00,NA,0,0,0,0,0,0,NA,96
pico_reply,21:30:14,%5B,0,0.00,NA,0,0,0,0,0,0,NA,96
camera,21:30:14,Camera%2Fcontrol%20line%20discarded%3A%20too%20long,0,0.00,NA,0,0,0,0,0,0,NA,96
pico_reply,21:30:14,%3A%28%3A%29%3A%29%3A%29%3A%292%28%3A%89B%8A%3AJ2%292%282I%3A%29%3AJ%3A%29%3AI%3AI%3AI%3AI%3AI%3AI%3AI%3AI%3AI%3Ai2I%3Aj%3AI%3Ai%3AiBi%3Ai%3Ai%3Ai%3A%8A%3A%89B%89B%8A%3A%8A%3A%8AB%8ABJB%2AJJ9%EA9gA%88BG%EF%90%FF%FF%F7%FF%F7%9F%F7~%EF%7F%F7%BD%F7%FF%DF%7FB%F2K,0,0.00,NA,0,0,0,0,0,0,NA,96
pico_reply,21:30:14,R%ECb%ACRj%9C%CC%FF%F9%AE%20%A4N%E6%9C%2A%20%CE%D4%A5%BFS%20k%20R%CC%8B%CA%E7%FD%B5u%C6%3E%EF%FD%CE%FB%FF%FCK%20%5B%8A%5Bl%5BlcLclclcMkj%CDk%2Ck%AB%5BKc%8Dc%8Dc%8Cc%8Cc%8Cc%8Cc%ACc%ADc%ADc%ADc%ADc%ADc%ADk%CDc%ADk%CDk%CDc%ADk%EDk%CEc%CDk%CDc%CEk%CDc%CDc%ADk%CDk%CCs%CDk%CDs%ECk%ACs%ACkl%5B%2B%5B%2Bc%20%5B%2B%5B%2BR%EC%5B,0,0.00,NA,0,0,0,0,0,0,NA,96
camera,21:30:14,Camera%2Fcontrol%20line%20discarded%3A%20too%20long,0,0.00,NA,0,0,0,0,0,0,NA,96
pico_reply,21:30:14,%3A%A9BJ2%2B%3A%29%3A%28%3AH%3A%29%3AJ%3AI%3AI%3Ai%3AI%3AI%3AI%3AI%3AI%3AI%3AI%3AI%3Ai%3AI%3AH%3Ai%3AiBIBiBi%3Aj%3A%89%3A%89B%89B%89B%8A%3A%8AB%8AB%AAB%ABJ%8AB%8ABIbkA%EA%84j%D6%B6%FF%FD%FF%FF%FF%FF%F7%FF%EF%FE%F7%FF%B6%3E%3A%8ES%29Z%EBR%CBS%20%DE%F4%FF%FC%CF%3F%AC%90%E6%FDRL%EF%98J%F2%5B%27r%ECS%20%8C%8A%FF%FC%E7%3E%84%96%DF%DD%DF%5E%FF%FEB%B6%5Bj%5Bm%5Bl%5BL%5BlcL%7B%8D%7BL%7B%AE%8CO%7Cq%5B.cncmc%8Cc%ACc%8Dc%8Cc%ADc%ADc%ADc%ADc%ADc%ADc%ADc%ADc%CDc%CCc%CDc%EDl-l%20k%CDk%CEc%CEc%CDc%EDc%CDk%CDc%EDk%EDk%CD%7Cs%CDs%EDs%CDclc%2B%5B%20S,0,0.00,NA,0,0,0,0,0,0,NA,96
pico_reply,21:30:14,cKS%5B%2B%5B%2B%5BK%5BKcl%5BL%5BL%5Bkclckc%8Cclc%8Cclclckk%ADk%8Dk%8Dk%8Dk%8Ck%ADc%ACk%ADs%ADk%ADk%CDk%ECk%CDs%AEs%CEs%CDs%CDs%CDs%EDs%EEs%EEs%CEs%EDs%CEs%EEs%EE%7B%EE%7B%EF%7B%EEt%20%7C.%7CO%7C%20%7C%20%7C%20%7C%20t-%84L%84%2F%3Ao%21%85%29%A71%87%21%20%29%A5BG%5B,0,0.00,NA,0,0,0,0,0,0,NA,96
pico_reply,21:30:14,J%AAJ%A9JiB%8AJ%E9k%CDs%8FZ%EE%29%C61%E7%2A%20%2A%28S%8B%8C%EE%9D3%9D4%95%20%95%20%8C%F3%8C%D2%8C%91%84%91%7C0%84O%84%2Fk%8Fk%AE%5Bl%84%8D%95%20%8C%F2%8C%D2%8C%B2%8C%B1%8C%91%8C%91%8CC1%E61%C61%A6%29%C7%2A%20%2A%20%3A%20%20%E6%20%A3%20%C3%20%A3%20%A3%20%C2%29%A4%29%87%21E%21%25%20%20%20%20%21%24%21D%29E%21E%21%24%21%24%20%24%21%20%20%20%20%20%20%20%20%20%20%20%20%24%21E%21E%21E%21%25%21E%21E%21E%21%25%21%24%21E%21E%21E%21E%21E%21E%29E%21%26%21%20%20%20%21%20%20%24%21e%29%C72%20%3AIB%89Bj%3AJB%CAS%20J%EC2%202%282%282%282%292I2%292%20%3A%28%3A%29%3A%29%3A%292%292%282%202%282%282%282%282%202%202%202%28%3A%292%292%292,0,0.00,NA,0,0,0,0,0,0,NA,96
pico_reply,21:30:14,%3A%292I%3AH2%292I%3AI%3AI%3AI%3AI%3AI%3Ai%3Ai%3AI%3AI%3AI%3Ai%3AI%3AI%3AI%3Ai%3Ai%3AjBiBI%3Aj%3Ai%3A%8AB%AAB%AAB%AAB%AAB%AAB%AAB%ABB%8BB%AAJ%8ARjbjY%2AY%AAk,0,0.00,NA,0,0,0,0,0,0,NA,96
camera,21:30:14,Camera%2Fcontrol%20line%20discarded%3A%20too%20long,0,0.00,NA,0,0,0,0,0,0,NA,96
camera,21:30:14,Camera%2Fcontrol%20line%20discarded%3A%20too%20long,0,0.00,NA,0,0,0,0,0,0,NA,96
camera,21:30:14,Camera%2Fcontrol%20line%20discarded%3A%20too%20long,0,0.00,NA,0,0,0,0,0,0,NA,96
pico_reply,21:30:14,2H%3A%29%3A%28%3A%28%3A%282%28%3A%282%282%282%282%292%292%282%282%282H%3Aj%3Aj%3A,0,0.00,NA,0,0,0,0,0,0,NA,96
camera,21:30:14,Camera%2Fcontrol%20line%20discarded%3A%20too%20long,0,0.00,NA,0,0,0,0,0,0,NA,96
pico_reply,21:30:14,BJ%5BI%7C%2B%7B%CE%3A%2B%21fJj%29%E9B%C9t.%8C%F3%95%20%95%20%8D2%95%20%9C%F2%94%D2%84%B1%84%B1%7CQ%7C%20s%D1S%2FS%2C%84%8F%94%D2%8C%B2%94%B1%94%91%94%91%94%C51%C71%C61%A6%29%E6%2A%209%E8%21%27%20%E3%20%C3%20%C3%20%A3%20%E3%20B%29%A6%29e%29D%21%20%21%20%21%20%20%23%29c%21D%21%20%20%20%20%24%20%23%20%20%20%20%20%24%20%20%21%24%20%20%21D%21E%21E%21E%20e%21e%21e%21E%21E%21%25%21E%21E%21E%21E%21%25%21%25%21%25%21%24%21E%21%25%21%24%20%20%21%24%21%24%21D%21e%29E%29%25%21%20%21d%29%A5%29g%29%862%20%3AGB%AAJ%8BB%8AB%89%3A%892i%3AI%3AI2I2%29%3Ai%3A%29%3AI%3A%29%3A%202%29%3A%282%292%292%292%292%292%282%282%291%E91%E92%20%3AI2,0,0.00,NA,0,0,0,0,0,0,NA,96
camera,21:30:14,Camera%2Fcontrol%20line%20discarded%3A%20too%20long,0,0.00,NA,0,0,0,0,0,0,NA,96
camera,21:30:14,Camera%2Fcontrol%20line%20discarded%3A%20too%20long,0,0.00,NA,0,0,0,0,0,0,NA,96
camera,21:30:14,Camera%2Fcontrol%20line%20discarded%3A%20too%20long,0,0.00,NA,0,0,0,0,0,0,NA,96
camera,21:30:14,Camera%2Fcontrol%20line%20discarded%3A%20too%20long,0,0.00,NA,0,0,0,0,0,0,NA,96
camera,21:30:14,Camera%2Fcontrol%20line%20discarded%3A%20too%20long,0,0.00,NA,0,0,0,0,0,0,NA,96
camera,21:30:15,Camera%2Fcontrol%20line%20discarded%3A%20too%20long,0,0.00,NA,0,0,0,0,0,0,NA,96
pico_reply,21:30:15,%E4%20%20%20%20%20%20%20%E4%20%20%20%20%20%20%20%20%21%25%21%20%20%24%21E%29E%29%25%20d%29%E4J%8B%29%AB%21C%21E%21D%21D%21E%21D%21E%21e%21e%21E%21D%21D%21E%20E%20%24%20%24%21D%21E%21e%29E%29E%21E%29%85%21%85%21e%21E%21e%29%85%29%85%29%85%29%85%29%86%29E%29E%29f%29f%29%26%29f%3A%20%3A%29%3A%29B%A9J%AAB%ABB%8A%3A%89B%AA%3Aj%3AiBJ2%2A2%20BJ%3AI%3AI%3AI%3AI%3AI%3AI%3AI%3AI%3AI%3A%292H2%29%3A%29%3A%28%3AI%3AH%3AI2I%3AH%3Ai%3AI%3AI%3Ai%3Ai%3Ai%3Ai%3Ai%3Ai%3A%89%3A%89B%8A%3Ai%3A%8AB%8AB%8AB%8A%3A%8AJ%CAB%8AB%8AB%8AB%A9B%CAJ%EAB%AAJ%EAB%CAB%CBB%EBB%EBB%EAB%EAJ%EAJ%EAR%AAR%CB,0,0.00,NA,0,0,0,0,0,0,NA,96
camera,21:30:15,Camera%2Fcontrol%20line%20discarded%3A%20too%20long,0,0.00,NA,0,0,0,0,0,0,NA,96
pico_reply,21:30:15,%20%20%21%20%20%20%20%20%20%20%21%20%21%20%21%24%20%24%21E%29E%29%25%20D%2Adc%2C1%CB%20E%21E%21D%21D%21E%21E%21e%29e%29%85%21D%21d%21D%21E%21E%20%24%20%24%20D%21E%21E%29E%21e%21e%29e%21e%21E%21E%21e%29%84%29%85%29%85%29%85%29%86%29f%29%86%29f%29f%29E%29e9%C69%E61%C59%E62%20%3AHB%AAB%ABB%CBB%8C%3AjJ%8A%3AJ%3AI%3AJ%3AIBi%3Ai%3A%29%3A%29%3A%29%3AI%3AI%3AI%3AI%3AH2%29%3A%20%3A%29%3AI%3AI%3A%292%29%3AH%3AI%3AI%3AI%3Ai%3Ai%3Ai%3Ai%3Ai%3Ai%3A%89B%89B%8A%3A%8AB%8AB%8AB%8AB%89%3A%AAJ%CAB%8AB%AAB%89B%AAB%CAB%CAB%CAJ%EAB%CAJ%CBJ%EBB%EBB%EAB%EAB%EAK%20J%EAJ%EBR%EBJ%CCJ,0,0.00,NA,0,0,0,0,0,0,NA,96
camera,21:30:15,Camera%2Fcontrol%20line%20discarded%3A%20too%20long,0,0.00,NA,0,0,0,0,0,0,NA,96
pico_reply,21:30:15,%20%20%20%21%20%20%E4%20%20%20%24%20E%21F%29E%21E%20dK%26R%8B%21%28%21D%21E%21E%21E%21E%21e%21e%29%85%29%85%21D%21d%21e%21E%21E%21%25%20%24%20%24%21%25%21%25%21E%21e%21E%21d%21E%21e%21E%21e%29%85%29%85%29e%29e%29e%29%85%29%86%29%86%29e%29e%29%A5%3A%209%E7%29f%29%851%861%871%E82%20B%89J%CAB%CBJ%CBJ%ABB%8B%3AJ%3AI%3AI%3AI%3A%29%3AI%3Aj%3Aj%3AI%3AJ%3A%292H%3A%29%3A%29%3A%29%3AI%3AI%3AI2%29%3AH%3Ai%3AI%3AI%3Ai%3Ai%3Ai%3A%89%3Ai%3Ai%3A%89%3A%89%3Aj%3AjB%8AB%8AB%89B%A9B%AAB%AAB%8AB%8AB%AAB%AAB%AAJ%CAB%CAJ%EAB%ABJ%CBB%CBB%EAB%EAB%EAB%EAJ%CBR%EBK,0,0.00,NA,0,0,0,0,0,0,NA,96
pico_reply,21:30:15,J%EBJ%EBJ%CAS%20S%20%5B%2BS%2CS%20j%CBR%ECc%AA%FF%FF%EF%FFlt%FF%F8%F7%9Fs%F8SK%5B%8B%5BL%5BL%5BL%5Bm%5Bq%84T%9D7%D7z%F7%BC%F7%FE%FF%FFk%DA%5Bjc%ADc%ADc%ADc%8D%7B-%7B%8C-%A5%D3%A5%B7%B68c%D0c%EDk%CDk%CDs%EDk%EDc%CDk%EDk%EEk%EEs%EEs%EEs%EEk%EEs%CEs%EEs%EEt%20%7C%20%7B%EF%7C%20%7C%2F%7C%20%7C%20%7C%2F%7C%2F%7C%2F%7C%2F%7C%2F%7CO%84O%84O%84O%84O%7CO%7Co%84n%84n%84o%84%20%7C%20k%8D%5B%2Ck%8Dc%8Dk%ADk%ADk%ADk%CDs%ADk%ADk%ADk%CDs%CDs%CDs%CDs%ADs%ADs%CEs%EDs%CD%7B%EEt%20%7B%EE%7B%EE%7B%EE%7B%EE%7C%20%7C%20%7C%20%7C%2F%7C%20%7B%EE%7C%20%7C.%84%20%7C%20%7C%2F%7C%2F%7C%2F%7C%20%84%20%84N%94%CE%94%F1%84p,0,0.00,NA,0,0,0,0,0,0,NA,96
pico_reply,21:30:15,%5B,0,0.00,NA,0,0,0,0,0,0,NA,96
camera,21:30:15,Camera%2Fcontrol%20line%20discarded%3A%20too%20long,0,0.00,NA,0,0,0,0,0,0,NA,96
camera,21:30:15,Camera%2Fcontrol%20line%20discarded%3A%20too%20long,0,0.00,NA,0,0,0,0,0,0,NA,96
camera,21:30:15,Camera%2Fcontrol%20line%20discarded%3A%20too%20long,0,0.00,NA,0,0,0,0,0,0,NA,96
pico_reply,21:30:15,%84%8F%84%8F%84%AF%7C%2Ft%20k%8D%7B%EEs%CEk%ADk%CDs%ADs%ADs%ADs%CDs%CDs%ADs%ADs%CDs%CDs%CEs%EE%7B%EE%7B%EE%7B%EE%7B%EE%7B%EE%7B%EEs%EE%7B%EE%7C%20%7C.%84N%8CO%7B%EF%7C.%84N%84%2F%7C%2F%84N%84O%84%2F%7C%2F%84P%7C0%94%EE%9DR%AD%92%94%D3%9C%F0s%F0%20%8B%29%E61%E8%29%C8%29%A7%3A%282%202%201%C71%C71%C71%C71%C7B%26R%CAJ%8AB%CAB%AAS,0,0.00,NA,0,0,0,0,0,0,NA,96
camera,21:30:15,Camera%2Fcontrol%20line%20discarded%3A%20too%20long,0,0.00,NA,0,0,0,0,0,0,NA,96
camera,21:30:15,Camera%2Fcontrol%20line%20discarded%3A%20too%20long,0,0.00,NA,0,0,0,0,0,0,NA,96
pico_reply,21:30:15,%21e%21e%21e%21%851%C6%21f%21D%21E%21E%21E%21D%21D%20%20%21%24%21%24%21%25%21E%21E%21E%29E%21E%29d%21e%21e%21e%29%85%21%86%29e%29e%21%86%29f%29f%29e%29%851%C6%29%C6%29%A6%29%A6%29%A5%29%A6%29%A6%29%A6%29%A6%29%A5%29%A6%29%A6%29%A51%861%86%29%85%29%85%29%86%29%86%29%C7%3A%20%3A%20%3AIB%A9J%EAJ%CAB%CAB%AAB%8AB%8A%3Ai%3AI%3Ai%3AiBI%3AIBiBi%3AiBjBj%3Ai%3AiB%8ABiBj%3A%8AB%8A%3Aj%3A%89%3A%A9%3A%A9B%8AB%AAB%AAB%AAB%AAB%AAB%CAB%CAB%CAJ%CAB%CBB%CAJ%AAJ%EBB%CAJ%EBJ%EAJ%EAJ%EBR%EBS%20J%EAK,0,0.00,NA,0,0,0,0,0,0,NA,96
camera,21:30:15,Camera%2Fcontrol%20line%20discarded%3A%20too%20long,0,0.00,NA,0,0,0,0,0,0,NA,96
pico_reply,21:30:15,%20%20%21%20%20%20%20%20%20%20%20%20%20%24%20%842%209%E8%21%20%21%25%21E%21E%21E%21E%21E%21e%21e%21e%21e%21e%21%A5%29%A6%21f%21D%21e%21E%21E%20d%21D%21%20%20%20%21%24%21E%21E%21e%21E%21E%21E%29%84%21e%21e%21e%21%85%21%85%29e%29e%29%86%29%86%29%85%29e%29%86%29%86%21%86%29%A6%29%86%29%A6%29%A6%29%86%29%A6%29%A6%29%A5%29%A6%29%A6%29%C5%29%A6%29%A6%29%C61%C61%E61%C7%29%861%A51%A61%861%E62%27B%A8B%EAC%20J%CBB%AAB%CAB%AAJ%CBBjB%29BiB%89B%89BjBjBjBiBiB%89BiBjBjBjBjBiB%89B%A9B%8AB%AAB%CAB%AAB%AAB%CAB%CAB%CAB%EAB%CAB%CBJ%CAJ%CAR%EAB%CAJ%EBJ%EAJ%EBJ%EAK%20S%20S%2BJ,0,0.00,NA,0,0,0,0,0,0,NA,96
camera,21:30:15,Camera%2Fcontrol%20line%20discarded%3A%20too%20long,0,0.00,NA,0,0,0,0,0,0,NA,96
pico_reply,21:30:15,E%21E%20d%21d%21%20%20%20%21%24%21D%21e%21E%21E%21e%21E%21E%21E%21e%21e%29%85%21e%21e%29e%29%86%29f%29f%29e%29%85%29%A6%29%A6%29%86%29%85%29%A5%29%A5%29%85%29%A6%29%A6%29%A6%29%A6%29%A6%29%A6%29%A6%29%A61%A61%A61%A61%A61%C61%C69%A61%87%29%86%21e1%C61%E72HBiJ%E9K,0,0.00,NA,0,0,0,0,0,0,NA,96
camera,21:30:15,Camera%2Fcontrol%20line%20discarded%3A%20too%20long,0,0.00,NA,0,0,0,0,0,0,NA,96
pico_reply,21:30:15,J%8B%3A%8AS%20%5BMJ%AA%3A%20%29%A7%3A%A8k%EB%94%F2%94%D3%94%F2%8D%20%84%B2%84%91%7Cp%7CP%84%20%84%20%84%C7%29%C7%29%E7%29%E71%E9%20%A5%20%E4%20%C3%20%C3%20%E3%20%20%21%86%21%85%29E%20%20%20%20%20%20%20%20%21%20%21%20%20%20%20%20%20%23%20%20%21%20%20%E4%20%20%20%23%21%20%21%20%20D%20CJ%A8%29%88%21F%21E%21E%21e%21%85%21%85%29e%29%85%21e%21e%21e%21%85%29%C51%86%21F%21D%20d%21e%21E%21d%21D%20%25%20%20%21%24%21D%21e%21e%21E%21e%21E%21E%21e%21%85%21e%29e%21%85%21e%21%85%29f%29f%29f%29%85%29%86%29%86%29%86%29%86%29%85%29%85%29%A5%29%A5%29%A6%29%A6%29%A6%29%A6%29%A6%29%A61%A6%29%A61%A61%A61%A61%A61%A61%A6%29%A61%A71%C61%C7%29%A6%29%86%29%861%869%E6%2A%26B,0,0.00,NA,0,0,0,0,0,0,NA,96
camera,21:30:15,Camera%2Fcontrol%20line%20discarded%3A%20too%20long,0,0.00,NA,0,0,0,0,0,0,NA,96
pico_reply,21:30:15,%24%20%20%20%20%20%E4%20%23%20%24%21%20%21%20%20D%20e%3A%20%20%20%21d%21E%29e%21e%29%85%29%85%29D%21e%21d%21e%21E%21e%21e%29e%21e%21E%21E%21E%21E%21E%21E%20%24%21%20%21%24%21D%21D%21e%21E%21e%29E%21e%21e%21e%29f%29e%21%85%21%85%21%85%29e%29f%29f%29%85%29%85%29%86%29%85%29%86%29%85%29%85%29%A5%29%86%29%A6%29%A5%29%A6%29%A6%29%A61%A6%29%A6%29%A61%A61%A61%A61%A61%A61%A61%A61%A71%C61%C61%C61%C61%C61%871%86%29%A5%3A%26%3A%29%3A%20%3A%20J%A9R%CAJ%EBK,0,0.00,NA,0,0,0,0,0,0,NA,96
pico_reply,21:30:15,J%EBB%CBB%CAB%AB%3A%8A%3A%A9B%AAB%8A%3A%AAB%AAB%AAB%8AB%8AB%8AB%A9B%C9J%EAB%EAB%CAJ%ABB%AAB%A9B%CAJ%AAJ%CAJ%CAB%CBJ%EAJ%EBJ%EBJ%EBJ%EBJ%EBS,0,0.00,NA,0,0,0,0,0,0,NA,96
pico_reply,21:30:15,K%20S%20R%EBS%20S%20S%20S%20K%20J%EBSL%5BLSl%5BL%5BL%5Bl%5Bm%5BM%5BL%5Bl%5BL%5BLSo%3BR%8D%F5%AE%2F%94%B9K%20c%AAc%8Dc%8Dc%8Dc%8Dc%8DkMkoc%8B%F7%B5%B5%FE%5Bpc%CDk%CEk%AEc%ED%7C%8E%B6%20%C6V%AE%B6%9D%B1%E7YtXk%EDs%EEk%EF%7CO%A5rt4%7C%20t%20s%EEt%20t%2Ft%2F%7C%20%7C%2F%7C%2FtO%7Co%7CO%7CO%7CO%7Co%7Cp%7Co%7Co%7Co%7C%8F%7C%8F%84%8F%84o%8Cp%84%90%84%90%84%90%8C%91%84%90%84%B0%84%B0%8C%D0%8C%B0%8C%B0%8C%B0%8C%90%8CO%7C%20s%EEk%AEs%CEs%EE%7B%CEs%EEt%20%7B%ED%7C%20s%EDt%20t%20s%EE%7B%EE%7B%EE%7C%20%7C%20%84%20%84%20%7C%20%84%2F%840%84O%84O%84O%84O%84o%84%90%84%90%A5Q%B5%D4%A5t%A5t%A5,0,0.00,NA,0,0,0,0,0,0,NA,96
camera,21:30:15,Camera%2Fcontrol%20line%20discarded%3A%20too%20long,0,0.00,NA,0,0,0,0,0,0,NA,96
pico_reply,21:30:15,d%20cq%5B%2FK,0,0.00,NA,0,0,0,0,0,0,NA,96
camera,21:30:15,Camera%2Fcontrol%20line%20discarded%3A%20too%20long,0,0.00,NA,0,0,0,0,0,0,NA,96
pico_reply,21:30:15,%21E%21E%21D%21E%21E%21D%21%24%21%24%21%24%21E%21E%21e%21e%29E%29E%21e%21e%21f%21e%29e%21%85%21%85%29%85%29%85%29%85%29%85%29%85%29%86%29%85%29%86%29%86%29%A5%29%A5%29%A6%29%A6%29%A6%29%A6%29%A6%29%A6%29%A6%29%A6%29%A6%29%A61%A61%A61%A61%A61%A61%A6%29%A71%C61%C61%A61%C61%C61%C61%C61%E6%3A%271%E71%E79%C71%C71%C61%C79%E82%20B%88J%CAJ%EAK,0,0.00,NA,0,0,0,0,0,0,NA,96
pico_reply,21:30:15,SLJ%EBB%CAB%EAB%EAK,0,0.00,NA,0,0,0,0,0,0,NA,96
pico_reply,21:30:15,B%CAB%AAJ%CAB%CAB%AAB%AAB%AAB%EAB%CAB%CAJ%CAB%CAB%AAJ%EBR%EBJ%ACJ%EBJ%EBJ%EBJ%EBJ%EBS%20K,0,0.00,NA,0,0,0,0,0,0,NA,96
camera,21:30:15,Camera%2Fcontrol%20line%20discarded%3A%20too%20long,0,0.00,NA,0,0,0,0,0,0,NA,96
camera,21:30:15,Camera%2Fcontrol%20line%20discarded%3A%20too%20long,0,0.00,NA,0,0,0,0,0,0,NA,96
camera,21:30:15,Camera%2Fcontrol%20line%20discarded%3A%20too%20long,0,0.00,NA,0,0,0,0,0,0,NA,96
camera,21:30:15,Camera%2Fcontrol%20line%20discarded%3A%20too%20long,0,0.00,NA,0,0,0,0,0,0,NA,96
pico_reply,21:30:15,%B3%9D4tRS.2%29B%AA%3A%2BBJ1%E9BI2%202%202%20%3A%281%E81%A81%A71%A7%29%86%21e%29F%20%C5%21E%3A%25J%CAB%AAB%89B%C9%3A%A8K%2AZ%EB%3A%209%C6%29%C8%3A%87c%EB%9D0%8C%B3%94%91%8CR%8CR%8C%202%28%3A%29%29%88%20%C3%20%E4%20%E3%20%C3%20%E2%21c%29f%21E%21e%20%23%20%20%20%20%20%20%20%20%21%24%21%20%20%23%21C%20%23%21%20%20%20%20%20%21%20%20%20%21%24%21%25%21D%21E%21E%21E%21E%21%85%29%85%21e%21F%21e%21e%21E%21E%21E%21e%29e%21e%21D%21e%21d%21e%21e%21E%21e%21e%21E%21%25%21%25%21E%21e%21e%21e%21e%21e%21e%21E%29e%21e%21%85%29%85%21%85%29%85%29%85%29%85%21%A5%29%85%29%86%29%85%29%86%29%86%29%86%29%A6%29%A5%29%A5%29%A6%29%A6%29%A6,0,0.00,NA,0,0,0,0,0,0,NA,96
camera,21:30:15,Camera%2Fcontrol%20line%20discarded%3A%20too%20long,0,0.00,NA,0,0,0,0,0,0,NA,96
pico_reply,21:30:15,%29%84%21e%21E%21E%20%23%20%20%20%20%20%20%20%20%21%25%20D%29%A4%29%A6%21%24%20%20%20%20%21%20%20%20%20%20%21%24%21%25%21E%21E%21E%21E%21E%21E%21e%21e%21E%21e%21e%21E%21E%21d%21e%29e%21D%21e%21e%21e%21e%21e%21E%21e%21e%21%25%21E%21%25%20E%21e%21e%29E%21e%21e%21e%21e%21e%21e%29e%21e%21%85%29%85%29%85%29%85%21%85%29%85%29%86%29%85%29%85%29%86%29%85%29%85%29%A5%29%85%29%86%29%A6%29%A5%29%A61%A6%29%A61%A6%29%A61%A61%A61%A6%29%A61%C61%C7%29%A61%C61%C61%C61%E61%C71%C71%C61%E61%E71%E71%E71%E72%20%3A%209%E72%202%20%3A%20%3A%20%3A%27%3A%20%3A%20%3A%20%3A%28%3A%27%3A%20%3A%209%E81%E7B%28%3A%29J%C8S%2BSl%5B%8C%5B%8DS%2CK,0,0.00,NA,0,0,0,0,0,0,NA,96
pico_reply,21:30:15,S%2AK%20K,0,0.00,NA,0,0,0,0,0,0,NA,96
pico_reply,21:30:15,K%20K%20R%EBJ%EBK%20K%20J%EBK%20R%CBR%EBS%20S,0,0.00,NA,0,0,0,0,0,0,NA,96
camera,21:30:15,Camera%2Fcontrol%20line%20discarded%3A%20too%20long,0,0.00,NA,0,0,0,0,0,0,NA,96
camera,21:30:15,Camera%2Fcontrol%20line%20discarded%3A%20too%20long,0,0.00,NA,0,0,0,0,0,0,NA,96
camera,21:30:15,Camera%2Fcontrol%20line%20discarded%3A%20too%20long,0,0.00,NA,0,0,0,0,0,0,NA,96
camera,21:30:15,Camera%2Fcontrol%20line%20discarded%3A%20too%20long,0,0.00,NA,0,0,0,0,0,0,NA,96
camera,21:30:15,Camera%2Fcontrol%20line%20discarded%3A%20too%20long,0,0.00,NA,0,0,0,0,0,0,NA,96
camera,21:30:15,Camera%2Fcontrol%20line%20discarded%3A%20too%20long,0,0.00,NA,0,0,0,0,0,0,NA,96
camera,21:30:16,Camera%2Fcontrol%20line%20discarded%3A%20too%20long,0,0.00,NA,0,0,0,0,0,0,NA,96
camera,21:30:16,Camera%2Fcontrol%20line%20discarded%3A%20too%20long,0,0.00,NA,0,0,0,0,0,0,NA,96
camera,21:30:16,Camera%2Fcontrol%20line%20discarded%3A%20too%20long,0,0.00,NA,0,0,0,0,0,0,NA,96
pico_reply,21:30:16,%955B%AE%2A%20%2A%20%29%E8%3A%202%292%282%20%3A%202%20B%2ABi%3A%289%E89%C71%E72%20%29%A6%21F%21E%20E%21%25%21%25%20%20%29E%3AG%3AH%3A%209%C81%C6B%A7R%E99%EB%21%88%29F%29F%29h%3A%20%20%E7%20%E2%20%E3%20%C3%20%C3%20%201%C5%21f%21E%29E%20%20%21%20%20%20%20%20%20%20%20%20%20%20%20%20%21%20%21%20%20%23%21C%21d%20D%20%24%21%24%21D%21E%21E%21E%21E%21E%21D%21d%21e%21E%21E%21E%21E%21E%21%25%29f%21f%21e%21e%21E%21e%21e%21e%21e%21e%29e%21e%21e%21E%21%25%21%24%21D%21E%21e%21e%21e%21e%29f%29e%21e%21%85%21e%21e%21e%29e%29f%29%85%29%85%29%86%29e%29%85%29%85%29f%29%85%29%A5%29%86%29%861%A61%A6%29%A61%A61%A6%29,0,0.00,NA,0,0,0,0,0,0,NA,96
camera,21:30:16,Camera%2Fcontrol%20line%20discarded%3A%20too%20long,0,0.00,NA,0,0,0,0,0,0,NA,96
camera,21:30:16,Camera%2Fcontrol%20line%20discarded%3A%20too%20long,0,0.00,NA,0,0,0,0,0,0,NA,96
camera,21:30:16,Camera%2Fcontrol%20line%20discarded%3A%20too%20long,0,0.00,NA,0,0,0,0,0,0,NA,96
camera,21:30:16,Camera%2Fcontrol%20line%20discarded%3A%20too%20long,0,0.00,NA,0,0,0,0,0,0,NA,96
pico_reply,21:30:16,%B0%8C%B1%94%D1%8C%D0%94%F1%84RJ%D0%29%A81%C81%C81%E72%202%292%292%28%3AiBJ2,0,0.00,NA,0,0,0,0,0,0,NA,96
camera,21:30:16,Camera%2Fcontrol%20line%20discarded%3A%20too%20long,0,0.00,NA,0,0,0,0,0,0,NA,96
camera,21:30:16,Camera%2Fcontrol%20line%20discarded%3A%20too%20long,0,0.00,NA,0,0,0,0,0,0,NA,96
pico_reply,21:30:16,%21e%21e%21%85%21%86%29f%21e%21D%21e%21e%21e%21e%21e%21%85%21%86%21e%21E%21E%21e%21%25%21E%21E%21e%21e%21e%29e%29f%29e%29e%29e%21%85%29e%21%85%29%85%21e%29%85%29%85%21%85%21%85%29e%29%85%29%86%29%86%29%85%29%A5%29%86%29%A5%29%A5%29%A6%29%86%29%86%29%A6%29%A6%29%A6%29%A61%A6%29%861%A61%A6%29%A61%A61%C62%202%201%C81%C71%E71%E71%E71%E71%E71%E71%E61%E61%E71%E72%20%3A%20%3A%20%3A%20%3A%28%3A%28%3A%20%3A%27Bh%3A%282G%3AH%3AG%3AH%3AH%3AH%3AHBHBhBhBhBhB%88B%88B%88B%88B%A8B%A8J%A9B%A9J%A9J%A9J%C9J%A9J%C9J%E9%5B%2A%5B%2CB%CBR%EAZ%CBR%8BJ%A9J%A9J%C9S,0,0.00,NA,0,0,0,0,0,0,NA,96
camera,21:30:16,Camera%2Fcontrol%20line%20discarded%3A%20too%20long,0,0.00,NA,0,0,0,0,0,0,NA,96
pico_reply,21:30:16,E%21e%21e%21e%21e%21e%21e%21e%29e%21e%21e%21E%29e%21%84%29%85%29%85%29e%21%85%21%85%21%85%29%85%21e%21e%21e%21e%21%25%21D%21E%21e%21e%29e%29E%29E%21e%29e%29e%21%85%21%85%21%85%29e%21e%29%85%21e%29%85%29%85%29e%29f%29%86%29%86%29%85%29%85%29%A5%29%A5%29%A5%29%A61%86%29%86%29%A6%29%A6%29%A6%29%A61%C6%29%86%29%A61%A6%29%A61%C61%C62%25%3AG1%A81%E72%201%E71%E61%E6%3A%201%E61%E61%E61%E72%202%202%20%3A%20%3A%20%3A%20%3A%20%3A%28%3AH%3AHBH%3AH%3AH%3AH%3AHBH%3AH%3AhB%28BiBhBhBiBiBhBhBhB%88B%A8B%C9B%A9B%A9J%E9J%C9J%AAB%C9C%20%5B%2AR%ECR%CAJ%CAJ%AAR%CAR%CAR%EAR%CAR%CA,0,0.00,NA,0,0,0,0,0,0,NA,96
camera,21:30:16,Camera%2Fcontrol%20line%20discarded%3A%20too%20long,0,0.00,NA,0,0,0,0,0,0,NA,96
pico_reply,21:30:16,e%21e%21e%21e%21e%21%86%29%86%21%86%21%85%29%86%29%A7%21%A6%21%86%29%86%29%86%21f%21%85%29%86%21%86%21f%21E%20D%21d%21f%21E%21E%21e%21e%29e%29E%29E%21e%29e%29e%21e%21e%21%85%29%85%21%85%29%85%29e%29%85%29%85%29%85%29%86%29%86%29%86%29%85%29%85%29%A5%29%A6%29%A6%29%A61%86%29%A6%29%A6%29%A6%29%86%29%A61%A6%29%A6%29%A61%C6%29%A61%C61%C62%26%3A%271%A81%E72%201%C71%C72%202%202%202%202%201%E72%202%202%202%20%3A%20%3A%20%3A%20%3A%27%3AG%3A%28B%28%3AH%3AH%3A%28%3A%27BH%3Ah%3AHB%28JhBhBhBhBiBhBhBhBhB%88B%C9B%C9J%89B%89B%88J%89B%A9C%20S%2AS%20J%E9J%EAJ%CAR%CAJ%EAJ%EAR%E9Z%EAS%2A%5B,0,0.00,NA,0,0,0,0,0,0,NA,96
camera,21:30:16,Camera%2Fcontrol%20line%20discarded%3A%20too%20long,0,0.00,NA,0,0,0,0,0,0,NA,96
pico_reply,21:30:16,%21e%21e%21e%21E%21%86%29%86%21%86%21%A6%29%E61%E7%29%A7%21%A6%21%86%29f%29%A6%21%A5%29%A6%29%A6%21%85%21%85%29%85%21%A5%29%A5%29%86%21E%20E%21e%29e%29e%21e%29e%29%85%29%85%29e%29e%29e%21%85%29%85%29%85%29%85%29e%21%85%29%85%29%85%21%85%29%86%29%A6%29%A5%29%A5%29%A5%29%A6%29%861%A61%A6%29%A6%29%A6%29%A6%29%86%29%A61%A6%29%A61%A61%A61%C61%C61%E62%26%3A%271%A81%E71%C61%C69%C72%202%20%3AG2%202%201%E7%3A%201%E72%272%27%3A%20%3A%20%3A%20%3A%27%3A%27%3AH%3A%28%3A%28%3AG%3AH%3A%28%3AH%3Ah%3AHBHBhBhBIBhBHBhB%88B%89BiB%89B%A9J%C9J%89J%89B%A9J%A9R%CAJ%AABiR%E8J%C9J%EAJ%CAR%CAJ%EAK,0,0.00,NA,0,0,0,0,0,0,NA,96
pico_reply,21:30:16,J%C9Z%EA%5B%20%5B%20%5B%2Ac%8CS%20%5B%2B%5B%2C%5B%2AS,0,0.00,NA,0,0,0,0,0,0,NA,96
camera,21:30:16,Camera%2Fcontrol%20line%20discarded%3A%20too%20long,0,0.00,NA,0,0,0,0,0,0,NA,96
pico_reply,21:30:16,%29%E7%29%E7%29%C7%29%E7%29%E8%29%E81%E71%E7%21%87%29%86%29%A7%21f%20%85%21%A5%29%86%21%A7%21%87%21F%21e%21e%21e%21e%29%85%29%85%29%85%29%85%29%85%29e%29%85%29%85%29f%21e%29e%29%86%21%86%29%85%29%85%21e%29%86%29%A6%29%A6%29%A5%29%A5%29%A61%861%A61%A6%29%A5%29%A6%29%A61%A61%A61%A6%29%A61%A61%A61%A61%C62%202%27%3AG1%C71%E71%C61%C79%A62%201%E7%3AH1%E71%E71%E79%E72%272%272%27%3A%20%3A%20%3A%20%3A%20%3A%28%3AH%3A%28%3AG%3A%28%3AH%3AHBH%3AhBHBHBhBIBIBhBhBhBiB%89JiB%89B%C9J%C9J%A9J%A9B%A9J%89R%CAR%AAB%8AJ%A8J%E9J%EAJ%EAR%CBR%EAJ%E9%5B,0,0.00,NA,0,0,0,0,0,0,NA,96
camera,21:30:16,Camera%2Fcontrol%20line%20discarded%3A%20too%20long,0,0.00,NA,0,0,0,0,0,0,NA,96
pico_reply,21:30:16,%21E%21E%21e%21e%21f%21f%21%A61%C71%C7%29%A7%29%C7%29%C6%29%E71%C7%29%C7%29%C7%2A%20%3AI1%E9%29%E7%29%E7%29%C8%29%A7%29%A6%29%86%21%86%21F%20%25%20d%21f%21%85%21%85%29e%29%86%21e%21%85%29%85%29%86%29%85%29f%29f%29%85%29%85%29f%29%86%29%86%29%A5%29%A6%29%86%29%A6%29%A6%29%A6%29%85%29%A6%29%861%A61%A6%29%A6%29%A61%A6%29%A6%29%A6%29%A6%29%A61%A61%A61%A61%C6%29%E62%262%201%C61%C61%C71%C79%C61%E6%3A%20%3AH2%202%202%20%3A%202%20%3A%20%3A%20%3A%28%3A%20%3A%20%3A%20%3A%28%3AG%3AG%3AG%3AH%3AHBH%3AHBhBhBiBHBIBIBhBhBiB%89B%89J%89J%89B%A8J%C8J%A9J%A9J%A9J%A9R%EAJ%A9J%CAR%E9J%EAJ%CAJ%EAR%EBR%EAR%EA%5B,0,0.00,NA,0,0,0,0,0,0,NA,96
pico_reply,21:30:16,R%C9Z%EB%5B,0,0.00,NA,0,0,0,0,0,0,NA,96
camera,21:30:16,Camera%2Fcontrol%20line%20discarded%3A%20too%20long,0,0.00,NA,0,0,0,0,0,0,NA,96
camera,21:30:16,Camera%2Fcontrol%20line%20discarded%3A%20too%20long,0,0.00,NA,0,0,0,0,0,0,NA,96
camera,21:30:16,Camera%2Fcontrol%20line%20discarded%3A%20too%20long,0,0.00,NA,0,0,0,0,0,0,NA,96
pico_reply,21:30:16,%A71%E6%29%E61%C61%E71%E71%E61%E62%201%E79%E71%E72%202%20%3A%27%3A%27%3A%20%3A%20%3A%20%3A%20%3A%20%3A%20%3A%27%3AG%3AG%3AH%3AHBG%3AH2%28R%E9J%EABhBIBHBiB%88B%88B%89B%89BiJ%89J%89B%A9J%A9J%AAJ%CAJ%A9B%C9J%C9J%CAJ%CAJ%EAR%CAJ%CAJ%C9R%EBJ%EAR%EAS,0,0.00,NA,0,0,0,0,0,0,NA,96
pico_reply,21:30:16,J%CAS%20S,0,0.00,NA,0,0,0,0,0,0,NA,96
camera,21:30:16,Camera%2Fcontrol%20line%20discarded%3A%20too%20long,0,0.00,NA,0,0,0,0,0,0,NA,96
pico_reply,21:30:16,%85%29%C6%3A%20%29%A7%29%A6%29%86%29%86%29%86%29%87%29%A6%29%A6%29%86%29%A62%202%201%E7%29%A7%29%86%29%A6%29%C7%29%C7%29%A7%21%A7%29%A7%29%87%21%A7%29%E8%29%E81%E71%E82%281%E8%29%C8%21%A6%29%C6%29%C7%29%A7%29%87%29%A6%29%C7%29%A6%29%C6%29%A7%29%C7%29%A6%29%86%29%86%29%A6%29%A5%29%A6%29%C6%29%C6%29%A6%29%A6%29%A6%29%86%29%A6%29%A6%29%C6%29%A6%29%E61%C6%29%C61%C71%C71%C71%E6%29%E61%E61%E71%E71%E71%E62%201%E79%E72%201%E72%272%27%3A%20%3A%20%3A%20%3A%20%3A%28%3A%27%3A%27%3A%27%3AH%3AH%3AH%3AGBG%3AH%3A%A8%5BkS%20BiBhBhBhBiB%A8B%89B%89B%89J%89J%89B%A9J%A9J%A9J%C9J%C9J%E9J%CAJ%CAJ%CAJ%EAJ%E9R%E9S,0,0.00,NA,0,0,0,0,0,0,NA,96
pico_reply,21:30:16,J%CAJ%EAR%EAR%EAS,0,0.00,NA,0,0,0,0,0,0,NA,96
pico_reply,21:30:16,S%20S%20S,0,0.00,NA,0,0,0,0,0,0,NA,96
camera,21:30:16,Camera%2Fcontrol%20line%20discarded%3A%20too%20long,0,0.00,NA,0,0,0,0,0,0,NA,96
pico_reply,21:30:16,1%E71%A8%29%A6%29%A6%29%A6%29%86%29%86%29%86%29%A6%29%86%29%86%29%A51%E6%29%87%21%87%21%86%29%A6%21%A6%21%C6%29%A6%29%A7%21%A7%29%A7%21g%20F%29%A7%21%A6%29%C6%29%C7%29%C7%29%C7%29%E7%29%E72%282%282%20%3A%282%282%201%C81%C7%29%A6%29%A62%201%C61%C61%C6%29%C6%29%C5%29%A61%C61%C6%29%A6%29%A61%C61%E7%29%E71%C6%29%C7%29%C61%C71%C61%C71%C71%C61%E6%29%E61%E61%E71%E71%E71%E71%C72%202%201%E72%20%3A%28%3AgBH%3A%20%3A%20%3A%20%3A%202%272%27%3A%27%3A%28%3AH%3AHBG%3AG%3AHB%88%5B%2BJ%ABBhBhB%88BiBiBhB%88B%A9B%89J%89B%89J%89J%89J%C8J%C9J%A9J%E9J%CAJ%CAJ%EAJ%CAJ%E9J%EAJ%EAR%CAR%EAS,0,0.00,NA,0,0,0,0,0,0,NA,96
pico_reply,21:30:16,S,0,0.00,NA,0,0,0,0,0,0,NA,96
pico_reply,21:30:16,S%2AS%2BS%20S,0,0.00,NA,0,0,0,0,0,0,NA,96
camera,21:30:16,Camera%2Fcontrol%20line%20discarded%3A%20too%20long,0,0.00,NA,0,0,0,0,0,0,NA,96
pico_reply,21:30:16,1%A7%21g%29%A6%29%A7%21%86%21%86%29%86%29%86%29%86%29%86%29%A6%21%A6%29%86%21g%29%86%29%86%29%A6%29%A6%29%A7%29%A7%29%A6%21%C7%29%A7%21f%21F%29%87%21%A6%29%C6%29%C7%29%A7%29%C61%E7%29%C71%C71%E71%E7%3A%202%202%27%3A%282%202%272g%3Ah2%282%201%E71%C7%29%C7%29%C71%C71%C7%29%C71%C71%E81%C7%29%E7%29%C71%E61%E71%C71%C61%C61%C61%C6%29%E62%201%E71%E61%E71%E71%E62%202%202%201%E72%20%3AG%3AG%3AH%3A%20%3A%20%3A%20%3A%272%27%3A%27%3A%27%3A%28%3AH%3AH%3AH%3A%27%3AH%3A%29JjBIBgBhB%88BhBiBiBhB%A8B%89J%89J%A9J%A9J%A9J%C8J%C9B%C9J%EAJ%CAJ%CAJ%EAJ%CAJ%E9J%EAJ%CAR%EAR%EAR%EAS,0,0.00,NA,0,0,0,0,0,0,NA,96
pico_reply,21:30:16,S%2AS%2BS,0,0.00,NA,0,0,0,0,0,0,NA,96
pico_reply,21:30:16,%5B%2A%5B%2B%5B%2B%5B%2A%5BKS%2B%5B%2A%5BK%5BJ%5BK%5BK%5Bl%5Bk%5BlcLc%8Bclc%8Cc%8Bc%8Cc%8Cc%8Cc%8Cc%8Cclk%ACc%ADc%ACk%ACk%ADs%CD%7B%EE%7C%20%7C.%7C%2F%7C%20%7C%20%7C%2F%7C%2F%7C%20%7C%20%7C%2F%7C%2F%7CO%7C%2FtOt%2F%7CO%7CO%7CO%7Cp%7C%8F%7Co%7Co%84p%7C%8F%7C%8F%7C%8F%84%90%84%8F%84%AF%84%B0%84%B0%8C%B0%8C%B0%8C%B0%8C%90%8C%B0%8C%B0%8C%B1%8C%B0%94%F1%8C%F1%94%F1%94%D1%8C%F1%8C%F1%8C%F2%8D%20%8D%20%8D%20%94%F1%8C%F2%8C%D1%94%D2%95%20%95%20%95%20%9C%F2%9C%F2%9D%20%9D2%A52%9D3%9D2%A5%20%A5%20%A5S%A53%A5S%A5S%A5s%A5S%A5S%A5S%A5S%A5s%A5s%A5s%A5%93%A5%B4%A5%94%A5%94%9D%94%A5%93%A5%B4%A5%B4%A5%94%A5s%A5%93%A5%93%9Dr%A4%F2%5B%201%E9%3A,0,0.00,NA,0,0,0,0,0,0,NA,96
pico_reply,21:30:16,%3A%29%3AiBiB%89BjBiBj%3Ai%3A%89B%8A2%2A1%C81%C81%E71%C71%C81%C7%29%85%20%20%20%24%20%24%20D%21f%29%A5%29%C6%29%A6%21f%21E%21%25%21%25%21%25%21%E4%20%E3%20%E4%20%20%20%231%C6%21E%21E%21%25%20%24%20%24%21%24%21%20%20%24%20%24%21%24%21%20%20%20%20%20%20%20%20%24%20%20%21%24%20%20%21D%21E%21E%21E%21E%21E%21E%21E%21E%21E%29%86%29%C7%29%87%29g%29%86%29%C61%C7%29%A7%29%86%21%A6%29%86%29%86%21%A6%21%A6%29f%29%86%29%86%29%A6%29%A6%29%A7%29%A6%29%A7%29%A6%29%A7%29%A7%21g%21f%29%86%29%A6%29%C6%29%C7%29%C7%29%C61%C71%A7%29%A71%A61%A71%A72%202%202%202%20%2A%20%3Ag%3Ai2%282H%3A%28%3A%28%3AH%3A%281%E81%E79%E7%3A%201%E71%C7%29%C61%E72%202%201,0,0.00,NA,0,0,0,0,0,0,NA,96
pico_reply,21:30:16,S,0,0.00,NA,0,0,0,0,0,0,NA,96
camera,21:30:16,Camera%2Fcontrol%20line%20discarded%3A%20too%20long,0,0.00,NA,0,0,0,0,0,0,NA,96
pico_reply,21:30:16,%21e%21f%29%A6%29%A7%29%A71%A7%29%A7%29%E5%29%A6%29%87%29%A6%29%A6%29%86%29%86%29%A7%21%A6%29%87%29%86%29%86%29%86%29%A6%29%A7%29%A7%29%87%29%A7%29%A7%29%A7%21f%21f%29%86%29%A6%29%C7%29%C7%29%C7%29%C61%C6%29%C61%C71%C71%C71%C71%E72%202%202%20%2A%20%3Ag%3AH%3A%202%202%28%3A%282%282%28%3A%28%3AHBhBi%3AI%3A%29%3A%28%3AH2%20%29%C72%20%29%C62%202%20%3A%272%201%E71%C7%29%C61%E72%201%E69%E71%E71%E79%E7%3A%202%27%3AGB%89%3A%27%3A%20%3A%27%3A%27%3A%27%3A%28%3AG%3AHB%28%3AH%3Ah%3AHBHBHBhBhBhBh%3AhBhB%89B%89B%89B%89B%A9J%A9J%89B%E9S%20S%2BJ%EBJ%EAJ%C9J%EAJ%EAJ%E9J%EAJ%EAJ%EAJ%CAR%EAR%EAS,0,0.00,NA,0,0,0,0,0,0,NA,96
camera,21:30:17,Camera%2Fcontrol%20line%20discarded%3A%20too%20long,0,0.00,NA,0,0,0,0,0,0,NA,96
pico_reply,21:30:17,%21e%21%25%21g%29%A6%29%A7%29%A7%29%A7%29%A7%29%C5%29%A7%29%87%29%A6%29%A6%29%87%29%86%29%A6%29%A6%29%A6%29%A6%29%A61%A7%29%A61%A7%29%A7%29%A6%29%A7%29%C7%29%87%29%86%21%86%21%861%C6%29%C7%29%E71%C7%29%C61%E71%C61%C71%E71%E7%3A%201%E79%E71%E72%202%20%3Ah%3AH%3A%20%3A%28%3A%28%3A%28%3A%28%3A%28%3A%28BI%3A%29%3AH%3AiBj%3AIB%CAB%C9%3Ai%3AH%3AH%3A%291%E7%3A%202%202%201%E6%3A%26%3A%202%202%202%20%3A%20%3A%20%3A%20%3A%20%3A%27%3A%20%3A%28%3A%27%3A%20%3A%27%3A%27%3A%27%3A%20BG%3AHBH%3AH%3AH%3AHBHBhBhBi%3A%88%3A%88B%88B%88%3AhB%89B%A9B%88J%A9J%A9J%A9B%C9SJ%5BkJ%EAJ%EAB%C9J%EAJ%EAJ%E9J%EAR%CAJ%EAJ%CAS,0,0.00,NA,0,0,0,0,0,0,NA,96
pico_reply,21:30:17,R%EAS,0,0.00,NA,0,0,0,0,0,0,NA,96
camera,21:30:17,Camera%2Fcontrol%20line%20discarded%3A%20too%20long,0,0.00,NA,0,0,0,0,0,0,NA,96
pico_reply,21:30:17,%21E%20f%29%A61%E7%29%A7%29%A7%29%A7%21%A6%29%E6%29%A7%29%87%29%A6%29%A7%29%87%29%86%29%A7%29%A6%29%A6%29%A6%29%A6%29%A7%29%A7%29%A71%C7%29%A7%29%C6%29%E61%E7%29%C7%21%A7%29%A71%C71%E81%C8%29%E7%29%C61%C7%29%C71%C71%E71%E71%E81%E7%3A%20%3A%202%202%202%282%28%3A%20%3A%28%3A%28%3A%28%3A%28%3A%28%3A%28%3A%28%3A%28%3AIBI%3AIBhK%20B%CA%3AJ%3Ah%3A%89%3AI%3Ai%3A%282H2H%3AH2%272%201%E72%201%E72%20%3A%20%3A%20%3A%20%3A%20%3A%28%3A%20%3A%27%3A%20%3A%27%3A%27%3AHB%28%3AH%3AHB%28%3AH%3AH%3AHBHBHBh%3Ai%3A%88B%87B%88Bi%3AiB%89B%89J%89J%A9J%A9J%A9J%E9S%2BSKJ%CAJ%EAJ%CAJ%EAJ%EAJ%EAJ%EAJ%CAJ%EAJ%EAS,0,0.00,NA,0,0,0,0,0,0,NA,96
pico_reply,21:30:17,S,0,0.00,NA,0,0,0,0,0,0,NA,96
pico_reply,21:30:17,S,0,0.00,NA,0,0,0,0,0,0,NA,96
pico_reply,21:30:17,S%20%5B,0,0.00,NA,0,0,0,0,0,0,NA,96
pico_reply,21:30:17,%5B,0,0.00,NA,0,0,0,0,0,0,NA,96
pico_reply,21:30:17,%5B%2A%5B%2ASKSJ%5Bk%5B%2A%5BK%5BK%5BKc%8C%5B%8C%5B%8B%5B%8Ccl%5Blcl%5B%8Cc%8Cc%8Cclc%8Cc%CBc%ABc%ACk%8Dk%8Ck%ADk%8Ck%ACk%ACk%ADk%ACk%ADk%CDs%CDs%CDs%EE%7B%CE%7B%EDs%EEt%20t.%7C%2F%7C.%7CN%84o%84%90%84%B0%84%B0%7C%90%7Cp%84%8F%7C%90%84%90%7C%90%7Co%84%90%84p%7C%90%84p%84%B0%84%B0%8C%B0%84%B0%8C%B0%8C%B0%8C%B1%8C%B1%8C%B1%8C%D1%94%F1%95%20%8C%F2%8C%F1%8C%F1%8C%F1%8C%F1%8D%20%94%F1%95%20%95%20%95%20%94%F2%8C%D1%94%F1%95%20%9D%20%9D%20%9D%20%9D%20%9D2%9D3%A53%9D3%A5S%A53%A53%A5S%A5S%A5S%A5S%A5s%A5s%A5s%A5S%A5S%A5S%9DS%A5%93%A5%93%A5t%A5%B3%A5%94%A5%B4%A5%B4%A5%B4%A5%94%A5%94%AD%95%AD%94%AD%B4%AD%B4%AD%93%B5%94%94%F4B%CFS%2C%5B,0,0.00,NA,0,0,0,0,0,0,NA,96
pico_reply,21:30:17,1%E71%A7%29%A7%21%86%29%86%29%86%29%86%21F%21E%21E%21E%21%25%20e%29%A51%A7%21f%21e%21E%21E%21E%21%E4%20%E4%20%E4%20%201%A5%21F%21E%21%25%21%24%21%24%20D%20%24%20%24%20%24%20%24%20%24%20%20%21%20%20%20%21%24%21%20%21%20%20%24%21D%21e%21E%21E%21e%21e%21E%21E%21e%20e1%C7%29%C8%29%C7%29%A7%29%C7%29%A6%29%C6%29%C7%29%A7%29%A6%29%87%29%A6%29%86%29%87%29%A6%29%A6%29%A6%29%A6%29%A6%29%A7%29%A71%E7%29%E6%29%C61%E71%E7%29%A7%29%A7%29%A61%E71%E71%E82%202%20%3A%20%3A%20%3A%202%201%E71%E72%209%E7%3A%202%282%20%3A%20%3A%20%3A%28%3A%28%3A%28%3A%28%3A%28%3A%28%3A%28%3A%28%3A%28%3A%28%3A%28%3A%28%3AhSLB%AB%3AIBH%3AhBh%3AI%3AH%3AH%3Ai%3A%89%3Ah%3AH%3Ah%3A,0,0.00,NA,0,0,0,0,0,0,NA,96
pico_reply,21:30:17,S,0,0.00,NA,0,0,0,0,0,0,NA,96
pico_reply,21:30:17,R%EAR%EAS,0,0.00,NA,0,0,0,0,0,0,NA,96
camera,21:30:17,Camera%2Fcontrol%20line%20discarded%3A%20too%20long,0,0.00,NA,0,0,0,0,0,0,NA,96
pico_reply,21:30:17,%21d1%E7%21%87%29%C7%29%C7%29%C7%29%A7%29%C7%29%A7%29%A6%29%A6%29%87%29%A6%29%A6%29%A6%29%A6%29%A6%29%A6%29%A6%29%A7%29%A7%29%A71%E7%29%E7%29%E7%29%E71%C7%29%C7%21%C6%21%A71%C71%E72%202%272%209%E71%E79%E82%201%E71%E7%3A%279%E8%3A%202%28%3A%28%3A%20%3A%28%3A%28%3A%28%3A%28%3A%20%3A%20%3A%20%3A%28%3A%28%3A%20%3A%20%3A%20%3A%28%3A%A8%5BkJ%CD%3A%28%3A%282%28%3AH%3AI%3A%282H%3AH%3Ai%3AhBi%3A%89%3A%88%3A%89B%89B%89%3Ai%3AHBiBJ%3A%20%3A%28%3AHBH%3A%28%3A%27%3AHBH%3AHBH%3A%28%3AH%3AHBhBHBhBiBhB%C8B%A9B%A9B%89B%89J%89B%89B%AAB%A9J%A9%5Bk%5BK%5BKR%EAR%EAJ%C9J%EAJ%EAJ%C9J%CAJ%CAR%EAK,0,0.00,NA,0,0,0,0,0,0,NA,96
pico_reply,21:30:17,S,0,0.00,NA,0,0,0,0,0,0,NA,96
pico_reply,21:30:17,S,0,0.00,NA,0,0,0,0,0,0,NA,96
pico_reply,21:30:17,S,0,0.00,NA,0,0,0,0,0,0,NA,96
pico_reply,21:30:17,%5B%20S,0,0.00,NA,0,0,0,0,0,0,NA,96
camera,21:30:17,Camera%2Fcontrol%20line%20discarded%3A%20too%20long,0,0.00,NA,0,0,0,0,0,0,NA,96
pico_reply,21:30:17,%29%A8%29%C7%29%C7%29%C7%29%A7%29%A7%29%A7%29%A7%29%A7%29%A6%29%87%29%A6%29%A6%29%A6%29%A6%29%A7%29%A6%29%A6%29%A7%29%A7%29%C7%29%E7%29%E7%29%C71%E71%C7%29%C7%29%C7%29%C7%29%E71%E72%202%201%E79%E89%E82%201%E81%E7%2A%20%3A%20%3A%202%202%20%3A%20%3A%202%282%282%282%28%3A%20%3A%202%282%282%282%282%28%3A%20%3A%27%3A%C8%5B%8CB%8CBG%3AH%3A%28%3AH2%29%3A%282G%3AH%3A%202%202%202H%3AHB%89Bi%3Ai%3AiB%89BiBiBiB%89BhBhJiBI%3AH%3AhB%89J%A9J%89Bh%3AhBhBHBhBhB%88J%88B%A9B%A9J%A9J%89J%89B%A9B%A9J%C9J%A9S,0,0.00,NA,0,0,0,0,0,0,NA,96
pico_reply,21:30:17,J%EBJ%EAJ%CAJ%EAJ%CAJ%C9J%E9J%C9J%CAR%CAR%EAR%EAK,0,0.00,NA,0,0,0,0,0,0,NA,96
pico_reply,21:30:17,S,0,0.00,NA,0,0,0,0,0,0,NA,96
pico_reply,21:30:17,S%2A%5B%2AS,0,0.00,NA,0,0,0,0,0,0,NA,96
camera,21:30:17,Camera%2Fcontrol%20line%20discarded%3A%20too%20long,0,0.00,NA,0,0,0,0,0,0,NA,96
pico_reply,21:30:17,%29%A8%29%C7%29%C7%29%C7%29%A7%29%A7%29%A7%29%A7%29%86%29%86%29%86%29%86%29%A6%21%A6%29%A6%29%A7%29%A6%29%A61%C7%29%C7%29%C7%29%E7%29%E71%C71%C71%C7%29%C7%29%E7%29%C7%29%E71%E72%202%201%E79%E89%E82%201%E81%E71%E71%E71%E72%202%209%E8%3A%202%272%282%282%20%3A%202%202%20%3A%282%202%272%27%3A%202%20%3A%88%5B-B%8BBG%3A%28%3A%28%3A%28%3A%29%3A%282G2%20%3A%202%202%20%3A%27%3A%202%20%3A%28%3AH%3AI%3AIBiBiBiBi%3AhB%88B%A9B%C9B%AAB%8AB%AAJ%A9J%8ABj%3AiBhB%29BHBhB%88B%88B%A9B%A9B%A9J%89J%89B%A9J%C9J%89J%A9B%A9J%C9J%EAJ%CAJ%EAJ%CAJ%C9R%E9J%C9J%E9R%CAR%EAR%EAS%2AK%20S,0,0.00,NA,0,0,0,0,0,0,NA,96
camera,21:30:17,Camera%2Fcontrol%20line%20discarded%3A%20too%20long,0,0.00,NA,0,0,0,0,0,0,NA,96
pico_reply,21:30:17,%21f2%26%29%A8%29%C7%29%C7%29%E7%29%C7%29%A7%29%A7%29%A7%29%86%29%86%29%86%29%A6%29%A6%29%A6%29%C6%29%A6%29%86%29f%29%86%29%A6%29%C6%29%E7%29%C7%29%C71%C71%C71%A7%29%A7%29%C72%20%2A%202%202%202%209%E72%202%201%E8%29%A7%29%C61%E7%29%E71%E71%E82%202%202%202%282%202%20%3A%282%202%201%E7%29%C7%29%E72%209%E79%E72%20Bj2%29%3A%20%3A%28%3A%20%3A%282%29%3A%282%27%3A%202%202%28%3A%282%20%3A%20%3A%28%3AH%3AIB%29%3A%28%3AHBI%3AIBiBhB%88B%A9B%A9B%AAB%8AB%8AJ%8ABIJ%A9J%C9R%C9J%ABBiB%88BiBhB%88B%89BhB%88J%89B%89J%A9J%A8J%C9J%CAJ%CAJ%CAJ%AAJ%CAJ%AAJ%CAJ%E9J%EAJ%CAR%EAR%EAR%EAS%2AS%20S,0,0.00,NA,0,0,0,0,0,0,NA,96
pico_reply,21:30:17,S,0,0.00,NA,0,0,0,0,0,0,NA,96
camera,21:30:17,Camera%2Fcontrol%20line%20discarded%3A%20too%20long,0,0.00,NA,0,0,0,0,0,0,NA,96
pico_reply,21:30:17,1%E7%29%C7%29%C7%29%C7%29%E71%C71%C7%29%A7%29%A7%29%86%29%A6%29%A6%29%A6%29%A6%21%85%29%C6%29%86%29%86%29%86%29%86%29%86%29%85%29%A6%29%A61%C61%A71%A71%A71%A7%29%86%29%E51%E72%202%201%E71%E72%202%209%E8%29%87%29%A6%29%C61%C71%C71%E71%E71%E71%E72%202%201%E81%E81%C71%E71%E71%E81%E72%201%E71%E8%29%C72%292%20%3A%20%3A%20%3A%20%3A%28%3A%282%282%20%3A%202%202%27%3A%20%3A%20%3A%28%3A%28%3A%28Bi%3A%29%3A%28%3A%28B%28%3AIBjBhBi%3Ai%3AiB%88J%8AJ%AAJ%8AJ%89J%A9B%89J%C9B%AAJ%EAJ%EAJ%CAB%A9J%C9B%CAJ%E9J%AAB%89J%E9R%CAJ%AAJ%89J%AAJ%AAJ%CAB%A9J%C9J%EAJ%A9K%20S,0,0.00,NA,0,0,0,0,0,0,NA,96
pico_reply,21:30:17,J%EAJ%EAR%EAS,0,0.00,NA,0,0,0,0,0,0,NA,96
pico_reply,21:30:17,J%CAS%20S,0,0.00,NA,0,0,0,0,0,0,NA,96
camera,21:30:17,Camera%2Fcontrol%20line%20discarded%3A%20too%20long,0,0.00,NA,0,0,0,0,0,0,NA,96
pico_reply,21:30:17,1%C6%29%A8%29%A7%29%C7%29%E7%29%C7%29%A7%29%87%29%A61%86%29f%20e%21%841%C6%29%A6%29%A5%21%A6%29%86%29%86%29%86%29%86%29%86%29%A6%29%A6%29%A6%29%C7%29%C7%29%A6%29%A71%A7%29%A61%C6%29%A7%21%A6%21%C6%29%E72%202%202%201%E7%21%86%29%A6%29%C7%29%C7%29%C7%29%E72%201%C8%29%C71%E7%29%E7%29%C71%C7%29%C61%E7%29%E81%C71%C71%E71%E72%202%272%282%202%209%E8%3A%202%282%282%202%20%3A%20%3A%20%3A%20%3A%28%3A%28%3A%28%3A%28%3A%28%3A%28%3A%28%3A%28%3A%28%3AH%3AI%3Aj%3AIBIBiBhBh%3AiB%89J%8AB%A9J%C8J%AAB%8AB%C9J%CAB%CAJ%EAJ%CAJ%EBB%EAS,0,0.00,NA,0,0,0,0,0,0,NA,96
pico_reply,21:30:17,%5B%2AJ%C9J%CAJ%C9J%A8R%C9R%CAB%8AB%A9J%E9R%EAR%CAR%CAR%EAS,0,0.00,NA,0,0,0,0,0,0,NA,96
pico_reply,21:30:17,S,0,0.00,NA,0,0,0,0,0,0,NA,96
pico_reply,21:30:17,K%20S,0,0.00,NA,0,0,0,0,0,0,NA,96
pico_reply,21:30:17,S,0,0.00,NA,0,0,0,0,0,0,NA,96
camera,21:30:17,Camera%2Fcontrol%20line%20discarded%3A%20too%20long,0,0.00,NA,0,0,0,0,0,0,NA,96
pico_reply,21:30:17,%85%29f%21%85%3A%201%C8%29%C7%29%C7%29%C7%29%C7%29%A7%29%871%86%29%861%E52%202%27%21%851%E7%20e%21%86%29%C7%29%85%29%86%29%A6%29%A6%29%A6%29%A6%29%A6%29%A7%29%A7%29%86%29%A61%C7%29%86%29%85%29%87%29%A5%29%C51%C7%29%E62%202%20%3A%20%29%A6%29%A6%29%A6%29%A61%C6%29%E6%29%C61%C61%A71%C71%C7%29%C71%A61%C7%29%E7%29%E71%C71%C71%E71%C72%202%272%28%29%E81%E7%3A%202%202%272%289%E8%3A%20%3A%20%3A%20%3A%20%3A%20%3A%28%3A%28%3A%28%3A%28%3A%28%3A%28%3A%28%3A%28%3AH%3AIBiBI%3AIBiBiB%88BHBi%3AI%3AhJ%C9J%AAJ%8AB%89B%C9B%C9J%CAJ%CAJ%CBB%EAS%20J%CAJ%CBJ%CAJ%E9S%2AS%20J%EBJ%EAK,0,0.00,NA,0,0,0,0,0,0,NA,96
pico_reply,21:30:17,K,0,0.00,NA,0,0,0,0,0,0,NA,96
pico_reply,21:30:17,J%EAR%EA%5B%20J%CAJ%E9S,0,0.00,NA,0,0,0,0,0,0,NA,96
pico_reply,21:30:18,S%20K%20S,0,0.00,NA,0,0,0,0,0,0,NA,96
pico_reply,21:30:18,S%20%5B%20Z%EBS,0,0.00,NA,0,0,0,0,0,0,NA,96
pico_reply,21:30:18,%5B%2A%5B%2B%5B%2AS,0,0.00,NA,0,0,0,0,0,0,NA,96
camera,21:30:18,Camera%2Fcontrol%20line%20discarded%3A%20too%20long,0,0.00,NA,0,0,0,0,0,0,NA,96
pico_reply,21:30:18,%A7%29%A7%29g1%86%21%271%C7%3A%2A%3A%88%21%C5%3A%882F2%28%21%88%21%A4%29%A6%29%A6%29%A6%21%A6%29%A6%29%87%29%A7%29%C7%29%86%29%86%29%86%29f%21e%29%A5%29%A6%29%A6%29%A6%29%C61%E71%C7%29%A6%29%A5%29%A6%29%A61%86%29%A6%29%A6%29%E6%29%C7%29%A6%29%A6%29%A7%29%A7%29%C61%E7%29%C7%29%E71%E7%29%C71%C71%C7%29%E72H2H1%E81%E71%E72%202%272%20%3A%202%20%3A%209%E8%3A%20%3A%20%3A%28%3A%20%3A%20%3A%20%3A%28%3AH%3AH%3A%28%3AH%3Ah%3Ah%3Ai%3Ai%3AiBiBhBiJ%89%3AiBiJ%CAJ%89J%8AB%8AB%A9B%C9J%A9J%C9J%CAJ%8AR%CABhK%20K,0,0.00,NA,0,0,0,0,0,0,NA,96
pico_reply,21:30:18,S%2AS%20J%EBS%20S%2BSkK%2A%5B%2AZ%EBR%EA%5B%20S%20S,0,0.00,NA,0,0,0,0,0,0,NA,96
pico_reply,21:30:18,S,0,0.00,NA,0,0,0,0,0,0,NA,96
camera,21:30:18,Camera%2Fcontrol%20line%20discarded%3A%20too%20long,0,0.00,NA,0,0,0,0,0,0,NA,96
camera,21:30:18,Camera%2Fcontrol%20line%20discarded%3A%20too%20long,0,0.00,NA,0,0,0,0,0,0,NA,96
camera,21:30:18,Camera%2Fcontrol%20line%20discarded%3A%20too%20long,0,0.00,NA,0,0,0,0,0,0,NA,96
pico_reply,21:30:18,%29%C6%3A%262%28%29%E7%29%E7%29%E72%201%E81%E81%E72%209%E7%3A%202%20%3A%202%202%28%3A%282%28%3A%28%3A%28%3A%28%3A%28%3A%28%3AH%3AH%3AH%3Ah%3Ah%3AiBiBhBiB%89BiB%8AB%89B%A9B%89J%8AB%A9J%C9J%C9J%C9J%CAJ%AAR%CAR%A9J%C9J%EAJ%EAJ%EBR%CBR%CBR%CBJ%EAS,0,0.00,NA,0,0,0,0,0,0,NA,96
camera,21:30:18,Camera%2Fcontrol%20line%20discarded%3A%20too%20long,0,0.00,NA,0,0,0,0,0,0,NA,96
camera,21:30:18,Camera%2Fcontrol%20line%20discarded%3A%20too%20long,0,0.00,NA,0,0,0,0,0,0,NA,96
camera,21:30:18,Camera%2Fcontrol%20line%20discarded%3A%20too%20long,0,0.00,NA,0,0,0,0,0,0,NA,96
pico_reply,21:30:18,%29%87%29%A6%29%A61%A61%C6%29%C61%A7%21%87%29%E5%29%E71%C71%C71%A61%A71%C71%C71%A71%C71%C72%202%202%202%202%202%202%20%3A%20%3A%20%3A%28B%28%3A%28%3A%27%3AH%3Ah%3AI%3AiBiBiBhBi%3A%89B%89J%A9B%89B%A9B%8AJ%8AB%8AJ%C9J%CBJ%AAB%AAJ%A9J%AAJ%CAJ%EAJ%EBJ%EAJ%EAR%EAR%EAR%EBK,0,0.00,NA,0,0,0,0,0,0,NA,96
camera,21:30:18,Camera%2Fcontrol%20line%20discarded%3A%20too%20long,0,0.00,NA,0,0,0,0,0,0,NA,96
pico_reply,21:30:18,D%21E%21e%21e%21e%29e%21e%21e%21e%21%85%21%852%27%29%C7%29%C7%29%A7%21%C7%29%A6%29%A61F9F%29%C3k%A8%856%8DS%84%95c%91%2F%20S%F0%8C%F0%20%2A%29%A6%29%87%29%A6%21%86%29%86%29%86%21%85%21%A5%21%86%29%85%21%85%29%86%29f%21E%21%85%29f%29%86%29%A6%29%A6%29%A6%29%86%29e%21e%29%86%29%A6%29%86%29%A6%29%C6%29%A6%29%A6%29%86%29%A6%29%C6%29%A61%A6%29%87%29%A6%29%A6%29%861%A6%29%C6%2A%202%20%29%E7%21%C6%29%E61%A61%C61%C61%C61%C61%C71%C71%E71%E72%202%202%202%202%202%202%20%3A%20%3A%20%3A%27%3A%20%3AG%3AHBH%3AhBh%3AHBhBhBi%3A%89B%89J%A9BiBiB%89B%89B%8AJ%C9J%CBJ%AAJ%AAJ%C9J%CAJ%CAJ%CAJ%EAJ%EAJ%EAR%EAR%EAR%EBK%2B,0,0.00,NA,0,0,0,0,0,0,NA,96
camera,21:30:18,Camera%2Fcontrol%20line%20discarded%3A%20too%20long,0,0.00,NA,0,0,0,0,0,0,NA,96
pico_reply,21:30:18,%21E%21E%21E%21E%29e%29e%21e%29e%21%85%21%A61%C8%29%C6%29%A7%29%A7%21%C7%29%C61%A61f1F1%85Z%A9%5B%AEd%2C%7Crc%B1%2F%D0%95%20c%96%20%E5%29%87%21%87%21%A6%21%86%29%86%29%A6%29%A5%21%A6%21%86%29%85%29%85%29%86%21f%21E%29%85%29%86%29%A6%29%A6%29%86%29%86%29e%29e%21%86%21F%29%A6%29%C6%29%C7%29%A61%A71%86%29%A6%29%A6%29%A6%29%A61%A6%29%87%29%A6%29%A6%29%A61%A6%21%86%21%861%E7%3A%252%20%29%A51%C61%C6%29%E61%C71%A61%C71%E71%E71%E71%E79%E72%202%202%20%3A%20%3A%20%3A%20%3A%27%3A%27%3A%27%3A%27%3A%28%3AGBHBHBhBHBhBiBiBiB%89J%89B%89B%89J%89B%89J%C9J%CAB%AAJ%AAJ%AAJ%CAJ%EAJ%EAJ%EAJ%EAJ%EAJ%EAK,0,0.00,NA,0,0,0,0,0,0,NA,96
pico_reply,21:30:18,J%EAK%2BS,0,0.00,NA,0,0,0,0,0,0,NA,96
camera,21:30:18,Camera%2Fcontrol%20line%20discarded%3A%20too%20long,0,0.00,NA,0,0,0,0,0,0,NA,96
pico_reply,21:30:18,%21E%21E%29e%21e%29e%29e%29e%29e%21%85%29%C51%E8%29%A6%29%A7%29%A7%29%C7%29%A6%29%A6%29f1f9%86R%2AB%2AJ%C8%5BMK%20S%8Ck%D1%21%8D%29%A5%29%A6%29%86%21%A6%21%86%29f%29f%21f%21%85%21%86%21%85%29%85%29%A6%29f%20F%21%85%21%86%29%C6%29%A6%29%86%29%86%29f%29%86%21%A5%21%A61%E7%29%C8%29%C61%C7%29%A6%29%A6%29%A6%29%A7%29%A6%29%A6%29%A61%A6%29%A6%29%A61%A61%86%21%A5%3A%87%3A%8B2H%29%A8%21%871%C61%C61%C61%C71%C71%C61%E61%C71%E71%E79%E72%202%202%201%E7%3A%20%3A%20%3A%20%3A%27%3A%20%3A%27%3A%28%3A%28BG%3AHBGBhBhBiBhBiBhJ%89B%89B%89J%89B%AAJ%C9B%AAB%A9J%8AJ%8AJ%CAJ%CAJ%CAJ%EAJ%EAJ%EBJ%EAJ%EAJ%EAS,0,0.00,NA,0,0,0,0,0,0,NA,96
pico_reply,21:30:18,S,0,0.00,NA,0,0,0,0,0,0,NA,96
camera,21:30:18,Camera%2Fcontrol%20line%20discarded%3A%20too%20long,0,0.00,NA,0,0,0,0,0,0,NA,96
pico_reply,21:30:18,%21F%21E%29e%29E%21e%21e%29E%29e%21e1%C6%29%C7%29%A7%29%A7%29%A7%29%A7%29%A6%29%861f1e9e9g9F%29e1f%29f1%C5%29%89%20%E5%21%86%29%A6%29%86%21%86%21%86%29f%29%86%21f%29%85%29%86%21%85%29%85%29%A6%29f%21G%21e%29%A6%29%A6%29%A6%29%A6%29%86%29%86%29%86%21%A5%29%A51%E72%201%E7%29%C7%29%C6%29%C6%29%A61%A7%29%A6%29%A6%29%A6%29%A6%29%A6%29%C61%869%86%20E%5B%C9d1%5B%ADR%CC%29%C91%C71%C61%C61%A71%C71%C61%E62%201%E71%E71%E72%202%202%202%20%3A%20%3A%202%20%3AG%3A%20%3A%27B%20%3A%28BgB%28%3AHBHBHBHBhBhBiBiB%88B%89J%89B%8AB%A9B%89B%89J%A9J%A9B%CAB%C9J%CAJ%EAJ%CAR%EBR%EAR%EAR%EAS,0,0.00,NA,0,0,0,0,0,0,NA,96
pico_reply,21:30:18,S,0,0.00,NA,0,0,0,0,0,0,NA,96
camera,21:30:18,Camera%2Fcontrol%20line%20discarded%3A%20too%20long,0,0.00,NA,0,0,0,0,0,0,NA,96
pico_reply,21:30:18,%21f%21E%29e%21e%21e%21e%29e%29e%29%861%C7%29%C7%29%A7%29%A6%29%A7%29%A7%29%A6%29%86%29f1f1f%29%25%29%25%21E%29e%29%85%21e%29%86%29%A5%29%A6%29%86%29%86%21%86%21%86%29%86%29e%29%86%21%86%29%86%21%85%29%85%21%A6%29f%21F%21e%29%85%29%86%29%A5%29%85%29%85%21f%29%86%21%A5%29%C51%E72%20%29%E7%29%E6%29%C6%29%C61%A61%A7%29%A6%29%86%29%A6%29%A6%29%C6%29%C69f1%86%20%84%85%2F%2FP%7C%B2k%D1%29%AA1%E7%29%A61%C61%C71%A61%C61%E61%E71%E61%E72%202%202%202%20%3A%20%3A%20%3A%20%3A%28%3AG%3A%27%3A%27%3A%20%3A%28%3AGB%28%3AHBHBHBhBHBiBiBHBhBhBhB%88B%A9B%89J%A8B%88J%A8B%CAB%C9J%C9J%CAJ%CBJ%CBJ%EBJ%EAR%EAS,0,0.00,NA,0,0,0,0,0,0,NA,96
camera,21:30:18,Camera%2Fcontrol%20line%20discarded%3A%20too%20long,0,0.00,NA,0,0,0,0,0,0,NA,96
pico_reply,21:30:18,D%29F%21F%29e%29e%21e%21%85%29e%21e%21e1%E71%C7%29%A7%29%A6%29%A7%29%A7%29%A6%29%86%29f%29%86%29%86%29%86%29%86%21%A6%21%A6%29%A6%29%86%21f%29%A6%29%A6%29%A6%29%86%21%86%29%86%29%86%29%85%21%85%29%86%29%86%21%85%21%A5%21%86%21%86%29f%21e%29%85%29%86%29%86%29%85%29%85%29f%29f%21%A5%29%C52%202%201%E7%29%C6%29%C61%C61%A61%C6%29%A6%29%86%29%86%29%A6%29%C6%29%A6AF1%86%2A%20%85%2FtqSRc%EDB%89%3AK%29%C61%C61%C71%C61%C61%E61%E71%E62%202%202%202%272%202%202%20%3A%20%3A%28%3AG%3A%27%3A%27BH%3AHBGBh%3A%27B%28BHBHBhBHBiBiBhBh%3A%28BiB%A9B%89B%A9J%A9BiB%A9J%EAJ%CAJ%EAJ%CAJ%EAJ%CBJ%EAS,0,0.00,NA,0,0,0,0,0,0,NA,96
camera,21:30:18,Camera%2Fcontrol%20line%20discarded%3A%20too%20long,0,0.00,NA,0,0,0,0,0,0,NA,96
pico_reply,21:30:18,%20%20%21E%29%86%21F%29f%21e%21e%21%85%29e%21%85%29%C52%20%29%C7%29%A7%29%C61%E6%29%A7%29%A6%29%86%29%86%29%86%29%86%29f%29%86%21%86%29%85%29%86%29%86%29%86%29%86%29%A6%29%A6%29%85%29%86%29f%29%86%29%85%21%85%29%86%29%86%21%85%21%85%21%86%21%86%29f%29f%21e%29%86%29%86%21%85%21e%29%85%29e%21%A51%E52%202%201%C71%C7%29%C7%29%C71%A61%C6%29%86%29%86%29%A5%29%A6%29%C6%29%A69f1%A6%2A%20%85P%8D2K%20l%20J%AA%3A%20%29%C61%C61%C71%C71%C61%E61%E61%E62%202%20%3A%202%20%3A%202%202%20%3A%20%3A%28%3A%27%3A%27%3AG%3AH%3AHBHBh%3A%20B%28BHBH%3AhB%88%5B%20B%A9%3A%88B%89B%2ABiB%89J%A9J%89J%89J%89B%A9B%CAJ%C9J%C9J%C9J%EAJ%CAJ%EAS,0,0.00,NA,0,0,0,0,0,0,NA,96
pico_reply,21:30:18,SKS,0,0.00,NA,0,0,0,0,0,0,NA,96
camera,21:30:18,Camera%2Fcontrol%20line%20discarded%3A%20too%20long,0,0.00,NA,0,0,0,0,0,0,NA,96
camera,21:30:18,Camera%2Fcontrol%20line%20discarded%3A%20too%20long,0,0.00,NA,0,0,0,0,0,0,NA,96
pico_reply,21:30:18,%8F%84%8F%8C%AF%8C%8F%8C%90%8C%B0%8C%B0%8C%B0%8C%D0%8C%B0%8C%D0%8C%D0%8C%D1%8C%D1%95%20%8C%F1%94%F1%94%F1%94%F1%95%20%94%F2%94%F1%94%F1%9C%F2%9D%20%9D%20%9D%20%9D%20%A5%20%A5%20%A5%20%A5%20%A52%A53%A53%A53%A5S%A5s%A5s%A5S%A5s%A5s%A5s%A5%93%A5s%A5%93%A5%93%A5%93%A5%93%A5%93%A5%94%A5%93%A5%94%A5%B4%A5%B4%AD%94%AD%94%AD%B4%B5%B4%B5%B5%AD%D5%AD%D5%AD%B4%B5%B4%B5%B5%B5%D5%B5%D4%B5%D4%B5%D5%B5%D5%B5%F4%AD%D4%B5t%ADuk%F1S-K-K,0,0.00,NA,0,0,0,0,0,0,NA,96
pico_reply,21:30:18,K%AB%5B%CD%5B%D0%5B%CFt%20s%F0k%CEdS%EE%5B%CFS%90%5BOCMS%8CS%8ESmJ%CC%3AI%29%E9%2A%28%3A%89B%8B%3AK2%29%3A%29%3A%29%3A%A6%21D%29e%21%25%21D%21E%21E%21%24%21%24%21%24%21%24%21%24%21%24%20%20%21%24%21%24%29%20%21%20%21D%29e%29f%29e%29e%21e%29%85%29%85%29%86%21%86%29%C71%E71%C7%29%C7%21%A61%E7%29%87%29%86%29%86%21%86%29%86%29%86%29%86%29%86%21%86%21%85%21%A6%29%86%29f%29%86%29%A6%29%86%29%86%29f%29%86%29%86%29%86%29%86%29f%29%86%29%86%29%86%21%86%21%A6%21%86%21e%21e%29%86%29f%21f%29%85%29%85%29e%21%852%201%E61%E71%C71%C71%A7%29%A7%29%A6%29%A6%29%86%29%86%29%A5%29%C6%29%A6%29%A61%869%85R%20%21%8AK%20J%AD9%CA%29%C5%29%C61%C61%E61%C61%C61%C61%E7,0,0.00,NA,0,0,0,0,0,0,NA,96
pico_reply,21:30:19,J%EAR%EAS,0,0.00,NA,0,0,0,0,0,0,NA,96
pico_reply,21:30:19,S%2AS%2BS%2BS,0,0.00,NA,0,0,0,0,0,0,NA,96
camera,21:30:19,Camera%2Fcontrol%20line%20discarded%3A%20too%20long,0,0.00,NA,0,0,0,0,0,0,NA,96
pico_reply,21:30:19,%85%21f%20e2%201%C71%A71%C71%E7%3AH%29%87%29%86%29%86%29%86%29%86%29%86%29%86%29f%29f%21%85%21%A5%29%86%29f%29%86%29%86%29%86%29%86%29f%29%86%29%A6%29%86%29f%29f%29%86%29%86%29%86%29%86%29%85%29%A6%21%85%21%85%29%86%29f%21f%29%84%29%85%29%A6%21%852%201%C71%E7%29%C7%29%C7%29%C6%29%A6%29%A7%29%A6%29%A6%29%A6%29%A6%29%C6%29%A71%A61%A69%861f1f9%C8%21G%21e%29%A6%29%C61%C61%C61%C61%C61%C71%E61%E61%E71%E72%209%E72%202%20%3A%20%3A%20%3A%20%3A%20%3A%20%3A%20%3A%28%3A%27BG%3AHBh%3AHBH%3A%28BHJHBi%3A%A8%8DOu%20t%CFk%F0B%8CB%A9J%89J%A9J%89J%A9J%A9J%A9J%AAB%A9J%C9R%CAJ%EAJ%EAS,0,0.00,NA,0,0,0,0,0,0,NA,96
pico_reply,21:30:19,J%EAS,0,0.00,NA,0,0,0,0,0,0,NA,96
pico_reply,21:30:19,S,0,0.00,NA,0,0,0,0,0,0,NA,96
pico_reply,21:30:19,S%20S,0,0.00,NA,0,0,0,0,0,0,NA,96
pico_reply,21:30:19,S,0,0.00,NA,0,0,0,0,0,0,NA,96
pico_reply,21:30:19,S%2AS,0,0.00,NA,0,0,0,0,0,0,NA,96
camera,21:30:19,Camera%2Fcontrol%20line%20discarded%3A%20too%20long,0,0.00,NA,0,0,0,0,0,0,NA,96
pico_reply,21:30:19,%21%A8%21%A62%281%E81%C8%29%C72%20%3AI%29%87%29%86%29f%29f%29f%29%85%21e%29%86%29%86%21%86%21%A5%29%86%29f%29%A6%29%86%29%86%29%86%29%86%29%86%29%A6%29%86%29%86%29%86%29f%29%86%29%86%29%86%21%A6%29%A6%21E%29%85%29%86%29%A6%29%86%29%A6%29f%29%86%21%851%E71%C71%C61%C7%29%A7%29%A6%29%A6%29%A6%29%A6%29%A6%29%A6%29%A6%29%A61%86%29%A61%A61%A61%A61%861%A6%29%A6%29%A61%C6%29%C61%C61%C61%C61%E71%C61%E72%201%E71%E72%209%E72%202%209%E7%3A%20%3A%20%3A%27%3A%20%3A%20%3A%28%3A%27B%27%3A%28%3AH%3AHBH%3AHBHJI%3AiB%C7%8D%90lp%95r%5Bn%3AjB%8AJ%8AJjB%89J%A9J%A9J%A9J%AAJ%CAJ%C9R%EAR%CAJ%EAS%20S,0,0.00,NA,0,0,0,0,0,0,NA,96
pico_reply,21:30:19,S,0,0.00,NA,0,0,0,0,0,0,NA,96
pico_reply,21:30:19,S,0,0.00,NA,0,0,0,0,0,0,NA,96
pico_reply,21:30:19,S%20S,0,0.00,NA,0,0,0,0,0,0,NA,96
pico_reply,21:30:19,S%20S%2AS,0,0.00,NA,0,0,0,0,0,0,NA,96
camera,21:30:19,Camera%2Fcontrol%20line%20discarded%3A%20too%20long,0,0.00,NA,0,0,0,0,0,0,NA,96
pico_reply,21:30:19,2H%3Ag%3AJ1%E82%201%C82%20%3A%28%29%A6%29%85%29f%29f%29E%29e1%86%29f%29%85%29%86%21%A5%29%86%29%86%29%86%29%86%29%86%29%86%29f%29%A6%21%A6%29%86%29%86%29%86%29%86%29%86%29%A6%29%86%21%A6%29%86%21f%29%85%29%A6%21%A6%29%A6%29%A71%A61%A7%29%A61%E71%C61%C6%29%C7%29%A7%29%A6%29%A6%29%A6%29%A6%29%A6%29%A6%29%A6%29%A6%29%86%29%A6%29%A6%29%C6%29%C6%29%C61%C61%C6%29%C61%C61%C6%29%C61%C61%C61%C71%C61%E71%E71%E71%E72%201%E72%202%20%3A%20%3A%20%3A%20%3A%20%3A%27%3A%27%3A%27%3A%27B%28%3A%28%3AH%3AH%3AH%3AhBHJ%282%88SG%8D%93tR%7C2%3AjB%89J%8AJ%8AJ%89J%89B%A9B%A9J%CAJ%CAR%CAB%AAR%EAJ%EAR%CAR%CBJ%C9S,0,0.00,NA,0,0,0,0,0,0,NA,96
pico_reply,21:30:19,%5B%2B%5B%20%5B%20%5B%20S,0,0.00,NA,0,0,0,0,0,0,NA,96
camera,21:30:19,Camera%2Fcontrol%20line%20discarded%3A%20too%20long,0,0.00,NA,0,0,0,0,0,0,NA,96
pico_reply,21:30:19,Bh%29%E8B%882%29%29%E82%202HB%8AJ%AB%29%A6%29%86%29%861%86%29%C42%20Bi%21%28%21e%29%86%21%A6%29%86%21e%29%A6%29%86%29%86%29%85%29f%29%A6%21%A6%29%A6%29%86%29%85%29%86%29%85%29%A6%29%86%21%86%21%A6%29%86%29%86%29%A6%29%C6%29%E71%C71%C71%E81%E81%C71%C7%29%C7%29%C7%29%A7%29%A6%29%A6%29%A6%29%A6%29%A6%29%A6%29%C61%C61%A7%29%A6%29%A61%C6%29%C6%29%C6%29%C61%C6%29%C6%29%C61%C61%C61%C61%C61%C71%C61%E61%E71%E61%E72%202%202%202%20%3A%20%3A%27%3A%20%3A%20%3A%27%3A%27%3A%27B%27B%28B%28%3AH%3AH%3AH%3AH%3AhBH%3AG%5B%28%5B%ADk%8Eco%3AgB%89J%89J%89J%89J%A9B%A9J%C9J%C9J%CAJ%CAB%A9R%CAJ%EAR%CAR%CBR%C9S,0,0.00,NA,0,0,0,0,0,0,NA,96
pico_reply,21:30:19,%5B%2BS%20%5B%20%5B%20R%EA%5B%2B%5Bjl%2B%7D%20%94%D1s%F1SKckcLck%5Blc%8Ccmk%8Cclc%ACc%ACc%8Ck%CCcmc%ADc%CCk%CDk%ADk%CDs%CCk%ADk%CDk%CCk%CDs%CDk%CDs%EDs%EDs%EEs%EE%7C%20%7C%20s%EEs%EEt%20t.t%20%7C%20%7C%2F%7C.%7CO%7CO%7CO%7CO%7Co%7Co%7CO%7Co%7Cn%84o%84o%84o%84o%8C%90%84%8F%84%AF%8C%90%8C%90%8C%AF%8C%D0%8C%B0%8C%D1%8C%D1%94%D1%94%D1%8C%D1%8C%F1%8C%F1%8C%F2%94%F2%8D%20%8D%20%95%20%95%20%951%951%95%20%951%9DR%9D2%9D2%9D%20%9D2%9D2%A5%20%A5%20%A52%A53%A53%A5S%A5R%A5S%ADS%A5s%A5s%A5s%A5%93%A5%93%A5%93%AD%93%AD%93%A5%93%A5%B3%A5%93%A5%93%A5%B3%A5%94%A5%94%A5%B3%A5%B3%AD%B3%AD%D4%AD%94%AD%94%AD%94%AD%B4%AD,0,0.00,NA,0,0,0,0,0,0,NA,96
pico_reply,21:30:19,2%201%C7%29%A7%21%87%29%A61%C7%21G%21e%21e%21d%29%A5%20%24%21D%21D%29E%21%25%21%24%21D%20%24%20%24%21%24%21%24%21%24%21%20%21%24%21%24%20%24%29e%29f%21f%29%85%21e%21%85%29%85%3A%29%29%E7Bi%3Aj2I%3Aj2I%3AjJ%CB%29%87%29f%29%861%85%21CB%24R%EB1%C9%21d%29%A6%29%85%29%85%29%A6%29%A6%29%86%29%86%29%86%29%86%21%A6%29%A6%29%A6%29%86%21%85%29%85%29%86%29%86%29%A6%29%86%29%A6%29%86%29%86%29%A5%29%E6%29%E72%201%E81%E71%C71%C71%C7%29%C7%29%A61%C6%29%86%29%A6%29%A6%29%A61%A6%29%A6%29%C6%29%C61%C6%29%C6%29%A61%A6%29%C6%29%E61%C61%C61%C61%C61%C61%C6%29%E61%C61%C71%C61%E61%E71%E61%E72%202%202%272%202%27%3A%272%20%3A%20%3A%20%3A%20%3A%27B%27%3A%28B,0,0.00,NA,0,0,0,0,0,0,NA,96
camera,21:30:19,Camera%2Fcontrol%20line%20discarded%3A%20too%20long,0,0.00,NA,0,0,0,0,0,0,NA,96
pico_reply,21:30:19,e%29%85%21e%29e%29F%20e%21%E5J%C9J%AC%3Ai%3A%892IJj1%C9%21d%29f1fA%251%82B%E2%7C%AFcq%20%20%29%87%21%A5%29%A5%29%A6%29%A6%29%87%29%86%29%86%29%A6%21%A6%21%A6%21%A6%29%86%29%86%29%85%29%86%29%86%21f%21%86%21%A6%29%A6%29%86%29%C6%29%C6%29%E72%202%202%201%E71%C71%C7%29%C7%29%A7%29%A6%29%A6%29%A6%29%A6%29%A61%A6%29%A6%29%C6%29%C6%29%C61%C61%861%86%29%A61%C6%29%A6%29%A61%C61%A71%C71%C7%29%E61%C71%C61%E61%E71%E61%E61%E61%E72%20%3A%20%3A%20%3A%27%3A%27%3A%202%27BG%3A%28%3A%27%3A%27%3A%28%3A%28%3A%28%3A%28BH%3AhBHBHB%28BHB%28%3AIBGJ%89B%89J%88J%89R%A9J%A9J%A9B%C9B%C9J%E9J%C9J%E9J%EAJ%EAK,0,0.00,NA,0,0,0,0,0,0,NA,96
pico_reply,21:30:19,R%EAZ%EBS,0,0.00,NA,0,0,0,0,0,0,NA,96
pico_reply,21:30:19,S%2AS,0,0.00,NA,0,0,0,0,0,0,NA,96
camera,21:30:19,Camera%2Fcontrol%20line%20discarded%3A%20too%20long,0,0.00,NA,0,0,0,0,0,0,NA,96
pico_reply,21:30:19,%29e%29f%20%86%2A%20J%AB%3A%2A2%20%3AH2HR%AA1%AA%21e%29f1f%40%C5B%23lG%AD%F5t%20%29%85%29%A7%29%A6%29%A6%29%A6%29%A6%29%86%29%86%29%A6%29%A6%21%A6%29%A6%29%86%29%86%29%A61%C6%29%A6%29%86%29%86%29%86%29%A6%29%C6%21%86%29%A6%29%C6%29%E62%202%202%20%29%E71%C71%C71%C7%29%C71%A6%29%C6%29%C6%29%C6%29%C6%29%A6%29%A6%29%C6%29%A6%29%A6%29%A61%A6%29%A61%C61%A6%29%A6%29%A61%C61%C61%C71%C71%C7%29%E61%E61%E71%E61%E61%E62%201%E72%20%3A%20%3A%20%3A%20%3A%20%3A%27%3A%27%3A%27%3A%28%3A%27B%27B%28%3A%28%3A%28B%28B%28BhBhBhBIBhBiBiJ%88J%89B%88J%88B%89J%A9J%A9J%A9J%C9J%C9K%20J%C9J%E9J%E9J%E9K%20S,0,0.00,NA,0,0,0,0,0,0,NA,96
pico_reply,21:30:19,R%EAS,0,0.00,NA,0,0,0,0,0,0,NA,96
pico_reply,21:30:19,S,0,0.00,NA,0,0,0,0,0,0,NA,96
pico_reply,21:30:19,%5BJ%5BJ%5B,0,0.00,NA,0,0,0,0,0,0,NA,96
camera,21:30:19,Camera%2Fcontrol%20line%20discarded%3A%20too%20long,0,0.00,NA,0,0,0,0,0,0,NA,96
pico_reply,21:30:19,f%21%852%202%20%29%A8%29%A61%A7%21%A7J%281%C9%29%851fA%26A%24J%81%95%AC%B68%84%B8%29%A7%29%A7%29%86%29%A6%29%A6%29%A6%29%A6%29%86%29%A6%29%A6%29%A6%29%A7%29%86%29%86%29%A7%29%A7%29%C7%29%A7%29%A7%29%86%29%A7%29%C6%21%A6%29%A7%29%C7%29%E72%202%282%201%E7%29%C71%C7%29%C7%29%C7%29%C7%29%A7%29%C7%29%C6%29%C71%A7%29%A6%29%A6%29%A7%29%C6%29%A6%29%86%29%A6%29%C6%29%A61%C61%A61%A61%C71%A71%C71%C7%29%E71%E61%E71%E71%E61%E71%E71%E71%E7%3A%20%3A%20%3A%20%3A%20%3A%27%3A%28%3A%20%3A%28%3A%28%3A%27B%28%3A%28B%28B%28B%28BhBh%3AhBhB%88JhBiJ%88J%89J%89J%88B%A8J%A8J%A9J%A9J%C9J%EAB%C9J%EAJ%E9J%E9J%E9S%20S,0,0.00,NA,0,0,0,0,0,0,NA,96
pico_reply,21:30:19,S,0,0.00,NA,0,0,0,0,0,0,NA,96
pico_reply,21:30:19,Z%EAS%20S,0,0.00,NA,0,0,0,0,0,0,NA,96
pico_reply,21:30:19,S%2A%5B%2B%5B%2Bc%2B%5B%2CJ%CA%5B%2B%5B,0,0.00,NA,0,0,0,0,0,0,NA,96
camera,21:30:20,Camera%2Fcontrol%20line%20discarded%3A%20too%20long,0,0.00,NA,0,0,0,0,0,0,NA,96
pico_reply,21:30:20,1%C72%209%E9%29%88%29%851fH%C6%20%C2%8C%60%AE4%B68%84x%29%A7%29%C8%29%C7%29%A6%29%A6%29%A6%29%A6%29%A6%29%A61%C6%29%A7%29%A6%29%87%29%871%87%29%A7%29%C7%29%C7%29%A6%29%A7%29%A7%29%A6%21%A6%29%A6%29%C71%E71%E82%202%201%E71%E8%29%C71%C61%C7%29%C7%29%C7%29%C7%29%A7%29%E7%29%C6%29%A7%29%A6%29%C7%29%A61%C61%E61%E7%29%E6%29%C61%C61%E71%C71%E72%20%3A%201%E7%29%E61%E61%E71%E71%E71%C61%E72%202%20%3A%20%3A%20%3A%20%3A%20%3A%27%3A%20%3A%20%3A%20%3A%28B%27B%28BHB%28B%28%3A%28BhBhBi%3AhB%88JiBiB%88B%89B%89J%89B%A8J%C8J%A9B%C9J%A9J%CAJ%C9J%EAJ%EAJ%EAJ%EAR%EAR%EAS,0,0.00,NA,0,0,0,0,0,0,NA,96
pico_reply,21:30:20,Z%EAZ%EBS,0,0.00,NA,0,0,0,0,0,0,NA,96
camera,21:30:20,Camera%2Fcontrol%20line%20discarded%3A%20too%20long,0,0.00,NA,0,0,0,0,0,0,NA,96
pico_reply,21:30:20,%29%86%29%85%21f%21%A6%3AG1%E81%E71%A71%C7%3A%27%3A%20%29%A8%29%859FAF%29%60%CD%A6%B5%F6%84%92%7C%202%201%C7%29%A7%29%A6%29%86%21%86%29%86%29%86%29%86%29%85%29%A6%29%86%29%86%29%861%86%29%A7%29%C6%29%C7%29%A6%29%A6%29%A6%29%A6%29%C6%29%A61%C72%201%E8%29%E81%E72%282%202%201%E71%C7%29%C6%29%C61%C7%29%A7%29%E7%29%E61%C7%29%E7%29%E72%202%20%29%C71%E7%29%E7%29%C61%C61%C71%E71%E72%20%3A%201%E71%E71%E72%201%E81%E71%C61%E72%202%20%3A%20%3A%28%3A%201%E7%3A%27%3A%20%3A%20%3A%28%3A%28B%28%3A%28BHB%28B%28%3AH%3Ah%3Ah%3AHBiBhBhBiB%88B%89JiJ%89B%A8J%A8J%C9J%CAJ%A9J%E9J%EAJ%E9J%EAR%EAS,0,0.00,NA,0,0,0,0,0,0,NA,96
pico_reply,21:30:20,R%CAR%EAS,0,0.00,NA,0,0,0,0,0,0,NA,96
pico_reply,21:30:20,S,0,0.00,NA,0,0,0,0,0,0,NA,96
camera,21:30:20,Camera%2Fcontrol%20line%20discarded%3A%20too%20long,0,0.00,NA,0,0,0,0,0,0,NA,96
pico_reply,21:30:20,%21%85%29%A6%29f%29e%21%85%21%E52%20%29%C8%29%A71%A7%29%E72%26%3A%291%A81eAF%40%A5A%E1%CD%8A%9E%20%A51R%D9%29%83%21%87%29%86%29%86%29%86%29%86%29%A6%29%86%29%86%21%86%21%85%29%86%29%86%29f%29g%29%A6%29%A6%29%C6%29%A6%29%A6%29%A6%29%A6%21f%21e%21%A61%E71%E82%202%202%202%282%201%E81%C71%C61%C61%E71%A7%29%C71%C6%29%C7%29%C7%29%E71%C7%29%E7%29%E71%C7%29%E7%29%E71%E71%C71%E71%E72%20%3A%201%E72%202%202%202%28%3A%20%3A%202%201%E72%27%3A%27%3A%28%3A%27%3AH%3A%20B%27B%28B%28%3A%28B%27BG%3AhBH%3A%28%3AhBH%3AhBHBiB%88BhBhB%89%3A%89J%88J%89J%A9J%C9B%A9J%A9J%C9J%C9R%CAJ%EAJ%EAR%EAR%EBR%EAR%EAS,0,0.00,NA,0,0,0,0,0,0,NA,96
camera,21:30:20,Camera%2Fcontrol%20line%20discarded%3A%20too%20long,0,0.00,NA,0,0,0,0,0,0,NA,96
pico_reply,21:30:20,%85%29%85%21%85%29e%29f%21%861%E6%29%C8%29%C7%29%C71%C7%29%E62FBI1%C91fI%26Q%23R%80%D6%CF%B6s%C5%F6,0,0.00,NA,0,0,0,0,0,0,NA,96
pico_reply,21:30:20,J%ABJ%AAJ%CAR%CAR%CAJ%EAS,0,0.00,NA,0,0,0,0,0,0,NA,96
pico_reply,21:30:20,R%EBR%EAS,0,0.00,NA,0,0,0,0,0,0,NA,96
pico_reply,21:30:20,%5B,0,0.00,NA,0,0,0,0,0,0,NA,96
pico_reply,21:30:20,%5B%20%5B%20%5B%20%5BJ%5B%2Bc%2B%5B%2B%5BK%5BL%5BKcLcLclcL%5Bl%5B%8Cc%8Dc%8Cc%8Cc%8Cc%8Cc%8Cc%ACc%ACk%ACk%CDk%CDk%ADk%ADs%ADs%CDk%EDs%EDk%CEk%CDs%CEs%CDk%CDt%20s%EEtt%20s%EE%7B%EEs%EEt%20t.t%2F%7C%20%7CNtN%7CO%7C%2F%7CO%7Co%7CO%84O%84o%7C%8F%7Co%84p%84P%84o%84o%8C%B0%8C%90%8C%90%8C%B0%8C%B0%8C%D0%8C%D1%94%D1%8C%D1%8C%D1%94%D1%8C%D1%94%F1%94%F1%94%F1%8C%F1%8D%20%95%20%94%F1%94%F2%95%20%95%20%95%20%95%20%95%20%9D%20%9D%20%9D2%9D2%9D2%9D3%A53%A53%A5S%A5S%A5S%A5S%A5s%ADs%A5s%A5s%AD%93%ADt%ADt%A5%93%A5%93%A5%B4%A5%B3%A5%93%A5%B3%A5%B3%A5%B3%A5%B3%A5%B4%A5%B4%A5%B4%AD%94%AD%B4%A5%B4%AD%B4%B5%B4%B5%B4%AD%B4%B5%B4,0,0.00,NA,0,0,0,0,0,0,NA,96
pico_reply,21:30:20,2H%3AI%3AJ%29%CA1%C8%29%C8%29%A8%29%C81%C81%C81%24%21%24%21%24%29D%21%25%20%E5%21%24%21D%21D%21%25%21%25%21%25%21%24%21%24%21%24%21E%21e%29E%21%85%29e%29f%29e%29%86%29f%21E1%E61%E7%29%C7%29%C7%29%88%29%A7%2A%202%299%E9%29fP%C61%20%94%21%B5%D6%B5%B4cU%20%C3%29%A5%29%86%29%86%29%86%29f%29f%29%85%29%85%29%85%29%86%29%86%29%86%29%85%29f%29%86%29%86%29%A6%29%A6%29%A6%29%A6%21%A6%29%A6%21f%29E%21e%29%85%29%A61%C61%A6%29%C6%29%E62%201%C7%29%A6%29%A6%29%A6%29%C6%29%C7%29%A6%29%A7%29%C61%A6%29%A6%29%A6%29%E6%29%E71%C71%A7%29%C6%29%C61%C71%C71%E7%29%C61%E71%E8%29%C62%202%202%272%202%272%27%3A%20%3A%20%3A%27%3A%20%3A%20%3A%27%3AGBHB%28%3AHBHBhB,0,0.00,NA,0,0,0,0,0,0,NA,96
pico_reply,21:30:20,R%EBR%EAS%20%5B,0,0.00,NA,0,0,0,0,0,0,NA,96
camera,21:30:20,Camera%2Fcontrol%20line%20discarded%3A%20too%20long,0,0.00,NA,0,0,0,0,0,0,NA,96
pico_reply,21:30:20,f%29f%29%85%29e%29f%21%85%3A%20%29%C8%29%C71%A7%29%871%A7%29%C6%3AH%3A%209%27I%25Aa%C5%26%94%93%84.cU%29%A4%29%A6%29%86%29%86%29%86%29%86%29%86%29%86%29%A5%29%86%29%86%29%86%29%85%29%85%29%86%29%A6%29%A6%29%A6%29%A6%29%A6%29%86%29%A5%29%C6%29f%21%25%21f%29f%29%A61%C61%C7%29%C6%29%E6%3A%281%C6%29%A7%29%A6%29%C6%29%C6%29%C7%29%A6%29%C61%C61%A71%A7%29%A6%29%C6%29%E61%E71%A6%29%C61%C61%C61%C61%E7%29%A61%A7%29%851%E61%E61%E62%202%202%201%E7%3A%20%3A%20%3A%20%3A%20%3A%20%3A%27%3A%20%3A%27%3A%27%3A%28%3A%20%3A%27BHBIBHBhBHBiB%89B%89B%AAB%A9B%A9J%CAB%ABJ%C9J%AAR%A9R%C9J%E8t-l%20K%20J%EAS%20S%20J%EAS,0,0.00,NA,0,0,0,0,0,0,NA,96
camera,21:30:20,Camera%2Fcontrol%20line%20discarded%3A%20too%20long,0,0.00,NA,0,0,0,0,0,0,NA,96
pico_reply,21:30:20,%21E%21e%29e%29e%29f%29f%29%85%29e%29f%20%852%20%29%C8%29%C61%A7%29%A81%A71%A6%3A%27%3A%209%26P%A59%81%C5%A8%7DQ%AD%AF%5B%3B%21F%29%A6%29%86%29%86%29f%29f%29%86%29%86%29%A6%29%A6%29%86%29%86%29%85%29%85%29%86%29%A6%29%A6%29%A6%29%A6%21%A6%29%A6%21%A6%21%86%21f%21F%29F%29f%29%86%29%86%29f%29%A6%29%E52%20%29%A6%29%A6%29%A61%C61%C7%29%C7%29%A6%29%A6%29%A6%29%A6%29%A6%29%A6%29%C6%29%E61%C7%29%C7%29%C61%C61%A61%C6%29%E7%29%A61%C69%E71%E71%E61%E71%E72%202%202%209%E7%3A%20%3A%209%E8%3A%20%3A%20%3A%20%3A%20%3A%20%3A%28B%28%3A%28%3A%28B%28%3AHBHBHBHBiB%89J%8AB%89BiBiJ%AAB%8AJ%C9R%AAJ%A8%5B%87%8D%20%7CsS,0,0.00,NA,0,0,0,0,0,0,NA,96
pico_reply,21:30:20,S,0,0.00,NA,0,0,0,0,0,0,NA,96
pico_reply,21:30:20,S%2AS%20K%2A%5B%2AS,0,0.00,NA,0,0,0,0,0,0,NA,96
camera,21:30:20,Camera%2Fcontrol%20line%20discarded%3A%20too%20long,0,0.00,NA,0,0,0,0,0,0,NA,96
camera,21:30:20,Camera%2Fcontrol%20line%20discarded%3A%20too%20long,0,0.00,NA,0,0,0,0,0,0,NA,96
camera,21:30:20,Camera%2Fcontrol%20line%20discarded%3A%20too%20long,0,0.00,NA,0,0,0,0,0,0,NA,96
pico_reply,21:30:20,%29%A6%29%A6%29%C61%C7%29%A7%29%A61%C71%C61%C71%C61%A61%A61%C71%C61%C61%C61%C61%E61%E79%E71%E61%E71%E71%E71%E7%3A%20%3A%20%3A%20%3A%20%3A%20%3A%20%3A%27%3A%20B%28B%28%3A%28B%28B%28%3AH%3AhBHBhBhJiBiBhBhB%89BjJ%89R%89R%29Bgt%29%A5s%5BpJ%C8R%EAR%EAS%20S,0,0.00,NA,0,0,0,0,0,0,NA,96
pico_reply,21:30:20,R%CAS%20%5B,0,0.00,NA,0,0,0,0,0,0,NA,96
camera,21:30:20,Camera%2Fcontrol%20line%20discarded%3A%20too%20long,0,0.00,NA,0,0,0,0,0,0,NA,96
pico_reply,21:30:20,f%29f%29f%29f%29%86%21%85%3Af%29%E8%29%E7%29%A7%29%C71%A7%29%A7%20dS%20R%20A%20H%81%B4%A8%84%CF%A4%D0Z%D4%20%20%29%85%29%85%29%85%29%86%29%86%29%86%29%86%21%A6%21%A6%29%86%21%86%21%86%29%86%21%86%29%A6%29%A6%29%A6%29%86%21%C5%29%A6%29%A6%29%A6%21%A6%29%86%21f%21e%21E%29%86%29%86%29%86%29%A6%29%A5%29%A61%861%A61%86%29%A6%29%A6%29%A6%29%A6%29%A6%29%A6%29%C6%29%A6%29%A7%29%A61%C71%C7%29%C7%29%C61%C61%A61%C61%E61%E61%C71%C71%E72%201%C71%E79%E71%E71%E79%E79%E7%3A%20%3A%20%3A%20%3A%20%3A%20%3A%27%3A%27B%28B%28%3A%28B%28%3A%20%3AH%3AHBHBhBhJiBiB%88BhJ%89J%89J%89RiRiR%C7%84K%84q2%2BJ%E9R%CAS,0,0.00,NA,0,0,0,0,0,0,NA,96
pico_reply,21:30:20,J%EBJ%EBR%EA%5B%2BS%2A%5B,0,0.00,NA,0,0,0,0,0,0,NA,96
pico_reply,21:30:20,%5B,0,0.00,NA,0,0,0,0,0,0,NA,96
camera,21:30:20,Camera%2Fcontrol%20line%20discarded%3A%20too%20long,0,0.00,NA,0,0,0,0,0,0,NA,96
pico_reply,21:30:20,%29f%29f1f%29%86%20%A5%3AG%29%C71%E7%29%C6%29%C71%A71%C7%20%84Z%C8I%CAY%20%40%A1%B5%2Al%CD%C6RZ%F9%21%24%29%A6%29%A5%29%86%29%86%29%86%29%86%29%86%21%A6%21%A6%29%86%21%86%21%86%29%86%29%C6%29%A7%29%86%29%86%29%86%29%A6%29%A6%29%A6%21%A6%21%A6%21f%29f%21E%29e%29f%29%86%29%86%29%A6%29%A5%29%A61%A6%29%A6%29%A6%29%A6%29%A6%29%A6%29%A6%29%A7%29%A6%29%A6%29%A6%29%A7%29%A61%C71%C71%A71%C61%C61%C61%C61%E61%E71%C71%C71%E71%E79%C61%E71%E79%E79%E7%3A%20%3A%20%3A%20%3A%20%3A%20%3A%20%3A%27%3A%27%3A%27%3A%28%3A%20B%28B%20BH%3AHBhBhBhB%89JiBiBhB%89J%89J%89JiRIJHt%20%8Crk%D2BhR%CAR%CAJ%EAJ%EAR%EBR%EA%5B%2BS%2A%5B,0,0.00,NA,0,0,0,0,0,0,NA,96
camera,21:30:20,Camera%2Fcontrol%20line%20discarded%3A%20too%20long,0,0.00,NA,0,0,0,0,0,0,NA,96
pico_reply,21:30:20,f%29f%29f1f%21%A6%21%C52%28%29%C81%C7%29%C7%29%C71%C79%C7%21%A6BFQ%8BA%859%40%E6%F0%95P%CEr%29%93%29e%29%86%29%A6%29%A6%29%86%29%86%29%85%21%A5%21%C6%29%A6%29%86%21%86%21%85%21%A5%29%A6%29%87%29%86%29%86%29%86%29%86%29%A6%29%A6%29%A6%21%A6%29%86%29e%21e%29e%29f%29f%29%86%29%A6%29%A6%29%86%29%A6%29%A6%29%A6%29%A6%29%A6%29%A6%29%A6%29%A6%29%A6%29%A6%29%C6%29%C61%E71%C61%A6%29%A6%29%C61%C61%C61%C61%E71%E7%29%C71%C71%E71%E71%C61%E71%E79%E79%E79%E79%E79%E7%3A%20%3A%20%3A%20%3A%20%3A%27B%27%3A%28%3A%20B%28B%28B%28%3AH%3AiBHB%88B%88JiBiBiB%89B%89B%89RhRi%3AE%9C%CA%AD%96%5BOJ%C9R%CAR%AAJ%E9S,0,0.00,NA,0,0,0,0,0,0,NA,96
pico_reply,21:30:20,R%EAZ%EA%5B%2BS%2A%5B,0,0.00,NA,0,0,0,0,0,0,NA,96
pico_reply,21:30:21,S%2AS%2B%5B%2A%5BK%5B%2B%5BK%5Bk%5BkcK%5BLclcl%5B%8Ck%8Cc%8Cclc%8Cc%ACc%8Cc%ACc%ACc%ADk%ADc%ADc%ADs%ADs%AD%7B%CB%94%F1k%AFs%CDk%CCk%CDs%CDs%AEk%AEt%7C.%7C.s%EEt%20t%20t%20%7C%20t.tO%7C.%7C%2F%7CO%7Co%7CO%7CO%7C%2F%7Co%7Cp%7Co%84%8F%84o%84p%84%8F%84p%8Cp%8C%90%8C%90%8C%90%8C%90%8C%90%8C%B0%8C%D0%8C%D1%8C%D1%8C%F0%8C%F1%8D%20%8D%20%8C%F1%8C%F1%95%20%94%F1%94%F1%94%F2%95%20%95%20%95%20%952%952%9D2%9D2%9D2%9D2%9D2%9DS%9DS%A5%20%ADS%A5S%A5S%A5S%A5S%ADs%ADs%ADs%AD%93%AD%93%AD%93%A5%93%A5s%A5%93%A5%93%A5%93%A5%94%A5%94%A5%B3%A5%B4%A5%B4%A5%B4%AD%B4%AD%B4%A5%B4%A5%B4%AD%B4%AD%B4%AD%B4%AD%B4%AD%95%AD%B5%B6%20%B6%20,0,0.00,NA,0,0,0,0,0,0,NA,96
pico_reply,21:30:21,c%AE%5B%90%5B%8Ek%8Fk%D0%5B%90c%8FSOS%8E%5Boc%90cococ%24%21%24%21%25%21%24%21%25%21%25%21E%21E%21%24%21%24%21%24%21%24%21%24%21D%21e%21%85%21e%29e%29%86%21%85%29%861%86%21%A6%21%E52%20%29%A8%29%C7%29%E7%29%E7%29%A79%C7%21%A6BFYL9%24j%E2%D6%D7%B5%D3%7Cu%20%29%29%A5%29%86%29%86%29%86%29%86%29%86%29%85%29%A5%29%A6%29%A6%29%86%21%86%21%86%21%A6%29%A6%21f%29%86%29%86%29%86%29%86%29%A6%29%86%21%86%21%86%29%86%21e%21E%29e%29f%29%86%29%86%29%86%29%86%29%A6%29%C6%29%A6%29%A6%29%A6%29%A61%C6%29%A6%29%A6%29%A6%29%A6%29%C6%29%C61%C71%C61%C6%29%C6%29%C61%C71%C61%C6%29%C71%E71%C71%C71%C71%E71%E71%E71%E79%E79%E79%E79%E72%20%3A%209%E7%3A%20%3A%20%3A%27%3A%27%3A,0,0.00,NA,0,0,0,0,0,0,NA,96
camera,21:30:21,Camera%2Fcontrol%20line%20discarded%3A%20too%20long,0,0.00,NA,0,0,0,0,0,0,NA,96
pico_reply,21:30:21,%85%21%85%29%A6%29%861%87%21%86%29%E6%29%C7%29%C6%29%C7%29%E7%29%C71%C7%29%C7%20%85Z%E8H%E9H%E3%94%20%BE4%AD%D3c%B3%20%27%29%A5%29%86%29%86%29%86%29%86%29f%29%86%29%A5%29%A6%29%86%29%86%21%A6%21%86%29%A6%29%A6%21%86%29%86%29%86%29%86%29%86%29%A6%29%A6%21%86%21%86%29%86%21e%21E%29e%29f%29f%29%A61%861%A7%29%A6%21%A6%29%A61%C5%29%A6%29%A6%29%A61%C6%29%A6%29%A6%29%A6%29%C6%29%C61%C71%A61%C6%29%A61%C61%A61%C61%C6%29%C61%E71%A79%C71%E71%E71%E71%E71%E79%E79%E79%E72%202%20%3A%20%3A%20%3A%20%3A%27%3A%27%3A%27B%28%3A%28%3A%28%3AHB%28B%88BHBIBhJ%89J%89BIBiB%89B%89B%89R%89Z%A9Z%A8%7B%CDk%EFS%20J%A8J%EAR%CAJ%CAR%EAR%EAR%EAS%20S,0,0.00,NA,0,0,0,0,0,0,NA,96
camera,21:30:21,Camera%2Fcontrol%20line%20discarded%3A%20too%20long,0,0.00,NA,0,0,0,0,0,0,NA,96
pico_reply,21:30:21,%29%A5%29%86%29%861g%21f2%20%29%C71%A7%29%C7%29%E7%29%C71%C7%21%C6%29%86A%E9X%A6A%20%9C%A6%A5%B2%BETB%95%20%24%29%A6%29%86%29%861%86%29f%29%86%29%85%29%86%29%A6%29%86%29%86%29%86%29%A6%29%A6%29%A6%21%A6%29%86%29%86%29%86%29%86%29%A6%29%861%86%29%86%29%86%29f%29E%29e%29f%29f1fAg9%861%C5%21%86%29%A5%29%86%29%A6%29%A6%29%A6%29%A6%29%A6%29%86%29%A6%29%A61%C61%C71%C71%A61%A61%C61%C61%C61%C61%C71%A69%E69%C79%E71%E71%E71%E72%201%E79%E79%E7%3A%20%3A%20%3A%209%E7B%20B%20%3AGB%28BHB%28%3AHB%28B%28BGBHBiBhJiBHB%88BiB%89B%89B%A9ZiJHtH%8C%D2c%B3S%20J%AAR%CAJ%EAR%CAR%EBR%EBS,0,0.00,NA,0,0,0,0,0,0,NA,96
camera,21:30:21,Camera%2Fcontrol%20line%20discarded%3A%20too%20long,0,0.00,NA,0,0,0,0,0,0,NA,96
camera,21:30:21,Camera%2Fcontrol%20line%20discarded%3A%20too%20long,0,0.00,NA,0,0,0,0,0,0,NA,96
camera,21:30:21,Camera%2Fcontrol%20line%20discarded%3A%20too%20long,0,0.00,NA,0,0,0,0,0,0,NA,96
pico_reply,21:30:21,%A6%29%A61%A6%29%A6%29%A61%C61%C71%C61%C61%C61%A61%C61%C61%C71%C61%A61%A61%A79%E71%E71%E79%C79%E79%E79%E7%3A%20%3A%20%3A%20B%27B%209%E7J%20I%A7A%A7I%E7Ji1%E9B%26B%28B%29B%29%3AhBhBiBiBiB%88%3A%88B%88J%A8R%8AR%20Z%87%84.%8C%91J%AAR%C9R%E9R%E9R%EAR%EAZ%EBZ%CBS%20%5B,0,0.00,NA,0,0,0,0,0,0,NA,96
pico_reply,21:30:21,cLS%20S%2CS,0,0.00,NA,0,0,0,0,0,0,NA,96
camera,21:30:21,Camera%2Fcontrol%20line%20discarded%3A%20too%20long,0,0.00,NA,0,0,0,0,0,0,NA,96
pico_reply,21:30:21,%29%A6%29%A62%201%E8%29%C7%29%C7%2A%202H1%E8%29%881%A61%86Q%26QCj%E1%BE5%8Dq%CE%96%20%CC%29%A4%29%A6%21%A6%29%86%29%86%29%86%29%A5%29%A6%29%A6%29%A6%29%A6%29%A6%29%A6%29%A6%29%A6%29%A6%29%A6%29%A61%86%29%A6%29%A61%861%869%A69%A71%871%86%29%26%29%201%20A%20a%20Q%26Z%88%CD%D1%94%989%EB%21F1%871%A6%29%A61%A71%86%29%A6%29%A61%C61%C61%C71%C6%29%A61%C6%29%C6%29%E6%29%C61%C61%C61%C61%C61%E71%E79%E79%C79%C71%E72%209%E7%3A%20%3A%20BGBHB%28Q%C9Y%A7Y%E6s%8Ck%CDc%91%3A%20BIBI%3AI%3AhBiBiBiBiBi%3A%89B%89J%89Rib%89b%E8%83%EE%7C%20R%A8R%AAR%A9Z%AAZ%CBR%EBR%EBZ%EB%5B%20%5B%20%5B%20S%20S,0,0.00,NA,0,0,0,0,0,0,NA,96
pico_reply,21:30:21,S,0,0.00,NA,0,0,0,0,0,0,NA,96
camera,21:30:21,Camera%2Fcontrol%20line%20discarded%3A%20too%20long,0,0.00,NA,0,0,0,0,0,0,NA,96
camera,21:30:21,Camera%2Fcontrol%20line%20discarded%3A%20too%20long,0,0.00,NA,0,0,0,0,0,0,NA,96
pico_reply,21:30:21,%8C%D0%8C%F0%8C%D0%8C%D1%94%F1%8C%F1%94%F1%8C%F1%8C%F1%8D%20%95%20%95%20%95%20%95%20%95%20%9D%20%9D%20%9D2%9D2%9D3%A5%20%9D2%A52%A5S%A52%A53%A53%A5S%ADS%ADS%A5S%A5s%A5s%A5s%A5%93%AD%93%A5%93%A5%B3%A5%B3%A5%93%A5%93%A5%93%A5%B3%A5%B3%A5%B3%A5%B3%9Ds%AD%B4%A5%B4%AD%D4%AD%D4%AD%B5%ADt%AD%95%AD%B5%B5%D6%B5%F6%C6W%C6x%C6x%C6x%CE%B8%CE%B9%CE%D9%CE%F9%D6%F9%D6%F9%D6%F9%D6%F9%D7%20%D6%F9%CE%B8%BE7%BE5%BE6%BE6%BE6%BE6%C66%BEV%BE6%BD%D6%AD%96c%92%5Bkc%ADc%ADk%8Dk%8ER%EEJ%EDB%CAc%CEtQt1t1t%20l1l1l1lQl1k%F1c%F0c%F0t1k%F0k%F0kf%21D%21E%21D%21D%29E%21%25%21D%21%25%21%25%21E%29f%21%25%29%85%29%86%29%A6%29%A6%29%C7%29%C6%29,0,0.00,NA,0,0,0,0,0,0,NA,96
camera,21:30:21,Camera%2Fcontrol%20line%20discarded%3A%20too%20long,0,0.00,NA,0,0,0,0,0,0,NA,96
pico_reply,21:30:21,%93%AD%D3%A5%B4%A5%D4%A5%95%AD%94%AD%B4%AD%D5%B5%F6%B6%20%BE%20%C6X%C6x%C6%98%CE%B8%CE%B9%CE%B9%D6%D9%CE%F9%D6%F9%CF%20%D7%20%D6%F9%D7%20%D7%20%D6%B9%BE8%BE5%BE6%BE%20%BE6%C6V%C6V%BE6%C65%C65%BE%20t5S-%5Bmc%8Dc%8Dk%AES%20%3A%CCK%2AtQl1t1l1l%20l1lQl2l1lQl%20c%F1k%F0t%20k%D0k%D0kE%21E%21%24%21D%21D%21E%21E%21%24%21%25%21%24%29E%29e%29%85%29f%29%86%29%A6%29%A6%29%C61%E6%29%A6%21%A5%21%A6%3A%28%29%E7%29%C7%29%C72%201%E8%29%871%A6%29%A6AFI%20b%2F%AC%F0lm%AD%B2%29%8F%29%C5%29%86%29%86%21%A6%29%86%29%86%29%86%29%A61%869f9f9f9f9fA%A79f1E9%859%A69fI%26%40%E6Q%26a%A8z%8C%930%93Q%93q,0,0.00,NA,0,0,0,0,0,0,NA,96
camera,21:30:21,Camera%2Fcontrol%20line%20discarded%3A%20too%20long,0,0.00,NA,0,0,0,0,0,0,NA,96
pico_reply,21:30:21,%8DJ%EF%3A%8B%5BLl2lQl1t2l1l0tRt2t2lQl%20c%F0k%EFt%20s%CFs%CFse%21E%21%24%21%24%21d%21E%21E%21E%29E%21%24%21E%21E%21F%29f%29%86%29%861%C6%21%A6%29%E6%29%C7%29%A6%29%C62%20%29%C7%29%C71%C7%2A%202%20%29%A71%A61%A6I%25Qcr%A1%B5%93%8D%20%EFx%20M%29%A5%29%A6%29%86%29%A6%29%A6%29%86%29%86%29%A69fAFIEQ%87Qfb%20Z%20A%89I%A7I%A8I%88Q%27Y%27P%E7zI%93M%A3%F1%BCU%BC%B6%BC%B6%D5x%D5y%D5Y%D4%F8%FD%D9%FEZ%DB6i%ED%BD%20%DDzs3%83Obp1F9%871G%29e%21%A5%29%C61%A7%29%C61%A71%C61%A61%C61%C71%E71%E71%E71%E7A%E79%A79%C69%A79%E79%A8QgQFrG%8BO%8B%8F%ACq,0,0.00,NA,0,0,0,0,0,0,NA,96
camera,21:30:21,Camera%2Fcontrol%20line%20discarded%3A%20too%20long,0,0.00,NA,0,0,0,0,0,0,NA,96
camera,21:30:21,Camera%2Fcontrol%20line%20discarded%3A%20too%20long,0,0.00,NA,0,0,0,0,0,0,NA,96
camera,21:30:21,Camera%2Fcontrol%20line%20discarded%3A%20too%20long,0,0.00,NA,0,0,0,0,0,0,NA,96
pico_reply,21:30:21,%21E%29%871%A61%A6%29%C61%869%87A%86I%A6QfY%87a%E8r%8A%82%EB%8BOz%AEz%8Cj,0,0.00,NA,0,0,0,0,0,0,NA,96
camera,21:30:21,Camera%2Fcontrol%20line%20discarded%3A%20too%20long,0,0.00,NA,0,0,0,0,0,0,NA,96
pico_reply,21:30:21,s%F4S%2Cc%ACc%ADSC-c%ADt2t2t2t2l1tQtRlRtqtRl1l1l0t%20lQs%D0s%D0se%21E%21E%21E%21D%21%25%21%25%21D%21E%21%24%21D%21e%29e%29f%21%86%29%86%29f%21%869%E61%E7%29%A7%3A%29%29%E71%E71%C81%E71%C71%C7%29g1%86AgH%A4zC%A3%EF%94%AD%B5%D4%29%91%29%A61%A6%29%A61%A6%29%A61%861%871g9FX%A6H%E5%BCk%D5%20%CD%20%DD%B9%E5%7B%BC%BB%C4%B7%CC%F8%C4%D8%C4%B7%BC%B7%D56%DC%D8%C3%B5%A2n%91%CB%89%EA%91%EB%81%20%60iQ%20J%20%20%C6%29%25X%E6%60%C4%8AD%C4U%B4%91%E5%D8%D5%2F%CD%20%D5Z%D4%F9%A4%D6%AD%20%8B%B51%8A%29%851%A61%C7%29%A61%86A%A7A%26Y%A7Q%8A%82%CA%9B%B0%B4%B4%C5W%D5%BA%C5%3A%C4%D8%AC4%BCs,0,0.00,NA,0,0,0,0,0,0,NA,96
camera,21:30:21,Camera%2Fcontrol%20line%20discarded%3A%20too%20long,0,0.00,NA,0,0,0,0,0,0,NA,96
pico_reply,21:30:21,%A7%29%A61%A61%A61%86YGX%C6Qc%F5%F1%FD%DD%E5%20%DD8%E5y%DD%20%DC%F7%D4%F7%D5%20%D5%20%CC%F7%C4%D7%82%D1QKQ%20I%20%40%E4I%25%40%E5%40%C68%E4%21%24%29%851%859FP%85y%A6q,0,0.00,NA,0,0,0,0,0,0,NA,96
pico_reply,21:30:21,%81%A6%BB%EE%D4%97%D4%D6%D5%20%E5z%D6%20%E6%7C%C5%7Bk2%29%89%29%851%C71%C69%87QGQej%27%8BP%BC%B0%E5%96%ED%DB%E5y%DD%DA%DD%DA%EE%5B%DE9%E6%3B%C4%F9AJIfIfI%85I%86IfYgQd%A5%20%C5%BAs%D7%3AGB%8ABjBiBiBiB%89B%89J%89J%89RIZ,0,0.00,NA,0,0,0,0,0,0,NA,96
camera,21:30:21,Camera%2Fcontrol%20line%20discarded%3A%20too%20long,0,0.00,NA,0,0,0,0,0,0,NA,96
pico_reply,21:30:21,e%21e%21E%21%24%21D%21E%21D%21%24%21%24%21%25%20%24%21f%29e%29%86%29%86%29%86%29%86%29%861%86%21f%3A%202%201%A71%E8%29%E71%E71%E7%29%C7%29%A71%C7Q%208%E2%BC%C3%BD%99%AC%F4%83%F7%29F1%861%861%A6%29%86%29%851%A61%869Ea%20X%C6r%A6%FE%20%CC%20%AA%CF%9A%CD%9A%AD%A2%CD%A2%CE%9A%CC%9A%ED%9A%CD%93r%AE1%28%21%20%29%26%29f1%86%29g%21%20%29F%21E%21%25%29e%29%869fI%20Q%26X%A6%60%A3%81%A7%91%CB%8A,0,0.00,NA,0,0,0,0,0,0,NA,96
camera,21:30:21,Camera%2Fcontrol%20line%20discarded%3A%20too%20long,0,0.00,NA,0,0,0,0,0,0,NA,96
pico_reply,21:30:21,%D9%CE%D9%CE%F9%D6%F9%D6%F9%D7%20%D7%20%D7%20%D79%D7%3A%D7%20%DF%20%D6%F9%D6%D8%C6X%C6V%C6V%C6V%C6W%C6V%C66%C6V%C6V%BD%D7%A5%F6l%20%5BNCB%ABc%ED%7C%91%7CR%7CRt1tRtrtRt1t2tRtRt1tqtQt1k%F1s%F1s%F1se%21e%21E%21E%21%24%21E%21E%21D%21D%21E%20%25%21f%29f%21%86%29%85%29%86%29%85%29%86%29%A6%21%A6Bg2%201%A7%29%C8%29%E71%E71%E7%29%C7%29%A69%A7QFA%20%CD%86%BD7%C5vs59%87Ag1G%29f%29%A61%879%87AfQ%25iGi%E9%9Bj%FFyYPY%26Q%26Q%26Q%26QFP%E6I%20I%20IE1E%29D1%851%861%86%29f%29f1f%29e%29e%29E%29e%29f1%86Af9FA%26H%E5Q%26H%E6X%A4%60,0,0.00,NA,0,0,0,0,0,0,NA,96
pico_reply,21:30:21,Z%29ZJZkZjbjjkr%ACsk%B5q%9C%D5J%AAJ%C8J%EBR%EAJ%EAR%EAR%EB%5B,0,0.00,NA,0,0,0,0,0,0,NA,96
camera,21:30:21,Camera%2Fcontrol%20line%20discarded%3A%20too%20long,0,0.00,NA,0,0,0,0,0,0,NA,96
pico_reply,21:30:21,%87%29f%21%86%29%85%29%86%29%86%29%86%29%86%21%A6%3AG2%201%C7%29%C8%29%E71%E81%C81%A7%29%A6A%87P%E5i%C1%B4%CA%BD2%C5Vj%B4I%A8Q%E9Q%C9I%E8I%E8A%A8I%27%40%E7q%C8%92-%7B%8E%DDp%BD%3F%20%880%E59%269f1%259f9F1%261f%29%86%21e%29%86%29%A6%29%A6%29%A6%29%86%29%86%29f%29%86%21E%21E%29e%29%85%29%861%861%879%861%A71%869%26A%20a%24p%E6%81%20a%27%A3%CC%CD%B6%D6%20r%93QiY%88aHjg%AB%EA%CCzz%B1Ah%29%201F9%26QfY%A7Ag9%27%21G%29%A59%E7%3A%28%3A%20%3A%20%3A%20%3A%20A%E8a%88A%A7%B4%AC%C5%7B%AC%93%7Bt%7B%2Fr%CFj%AE%83n%8B%B1%8B%D2%8B%D2%93%D3%9B%F3%94r%AER%C6%9B%8C%BABiR%EAJ%EAS,0,0.00,NA,0,0,0,0,0,0,NA,96
pico_reply,21:30:21,S,0,0.00,NA,0,0,0,0,0,0,NA,96
pico_reply,21:30:22,R%EAS%20S,0,0.00,NA,0,0,0,0,0,0,NA,96
pico_reply,21:30:22,S%20R%EBc,0,0.00,NA,0,0,0,0,0,0,NA,96
camera,21:30:22,Camera%2Fcontrol%20line%20discarded%3A%20too%20long,0,0.00,NA,0,0,0,0,0,0,NA,96
pico_reply,21:30:22,%21%85%29%86%29%86%29%86%21%86%21%852%201%E89%E8%29%C72%201%E71%C7%29%A71%A7IGQ%20rA%B5M%D5%95%ED%FA%82%D4%8B-%83%20%83.%7B.r%AEa%CCq%CAr%2A%9B.%AB%93%A4r%FF%20%8C9%29%20A%A6A%A79%871%859%A61%861%A69%C69%E7%29%C6%29%A7%29%A61%A6%29%86%29%A6%29%86%29e%29e%21e%21e%21E%29%86%29%861%861%861%A61%A61%871%A61%A6I%A5I%27X%A6%60D%82%26%ACO%D5%99%A3%D7%93%20%83%20%83m%9C%8D%D5%F2%93%D71%289%E5A%E6%3A%20%3A%20A%879%879%A69%C79%E7%3A%209%E7%3A%28B%20%3A%20B%20%3A%20A%E8i%88QF%CDL%DE%3B%E6%97%C5%DA%CD%D7%BD6%BDT%D5%D6%D5%D8%CD%B8%CD%D7%D6%20%DEY%C6Y%E7%20%D6%DDJ%B2J%A8J%EAB%EAS%20S,0,0.00,NA,0,0,0,0,0,0,NA,96
pico_reply,21:30:22,S,0,0.00,NA,0,0,0,0,0,0,NA,96
pico_reply,21:30:22,J%EBS,0,0.00,NA,0,0,0,0,0,0,NA,96
camera,21:30:22,Camera%2Fcontrol%20line%20discarded%3A%20too%20long,0,0.00,NA,0,0,0,0,0,0,NA,96
pico_reply,21:30:22,%29%86%29%85%29%86%29%A6%29%A6%29%86%29%85%29%E6%3A%272%201%E8%29%C81%C71%E71%E71%C71%A71%87Q%208%A2%B4%21%C5u%DD%B8%E5%9D%A3%D5%B4U%B4u%ACV%ACv%A4%20%93s%A3%20%A3r%C4t%D57%CD%F8%CE%20%5B%20%21d1%C71%A71%A71%A6%29%87%29%861%A61%C71%C7%29%C6%29%A6%29%A6%29%A6%29%A6%29%A6%29%86%29%85%29%86%21E%21e%29f%29%86%29%86%29%861%86%29%A6%29%A61%A7%29%C6%29%C61%E61%C7IGh%E6h%E6%8A%88%D5t%CD9%D5Z%D5%9A%C5%B9%C6X%AD9%5B41%A4%3A%20%3A%20%3A%20%3A%279%E81%C81%E7%3A%20%3A%209%E7B%20%3A%27%3A%27B%20B%20%3A%20B%20Y%C8af%B3%EC%B4%D4%D6%20%CD%F8%CD%F7%D5%D7%CD%B6%D5%B6%CD%95%C5T%C5t%D5%95%C5%20%A4%B2%B5r%95UJ%CBJ%ABJ%EAK%2BSJS%2AS,0,0.00,NA,0,0,0,0,0,0,NA,96
camera,21:30:22,Camera%2Fcontrol%20line%20discarded%3A%20too%20long,0,0.00,NA,0,0,0,0,0,0,NA,96
pico_reply,21:30:22,%21e%21%85%21%85%21%85%29%A51%C6%29%A5%29%86%29%A5%29%C62%272%201%E8%29%E81%C71%E71%E71%E71%A69%87QGA%20%CC%C3%CD%20%FE%5B%DD%7D%CD%20%DDX%D59%CD8%CDy%D5Y%C4%D8%C4V%CC%96%F5%B9%F5%FA%C5X%83%F5%20%EB1%A3%29%A61%C71%A71%A6%29%A61%A7%29%A61%E61%C7%29%A7%29%A6%29%A6%29%A6%29%C6%29%A6%29%A6%29%A6%29%A6%21F%21f%21%86%29%86%29%A61%A6%29%A6%29%C71%C7%29%A6%29%C61%C71%C71%C79%C7Q%27h%87i%86%B4M%ED%BA%EE%20%FE%7C%E6%5E%B5%98kR%21K%3A%252%20%3A%20%3A%20%3A%20%3A%27%3A%28%3A%20%3A%202%27%3AGB%28%3AH%3A%27B%28%3A%20%3A%20B%28J%20Y%A7z%29j,0,0.00,NA,0,0,0,0,0,0,NA,96
pico_reply,21:30:22,%93k%93o%93%B0%9B%B0%93%90z%EEz%CCz%ABr%CCz%ADjkZ%A7%7B%ACt%20S%20R%EBK,0,0.00,NA,0,0,0,0,0,0,NA,96
pico_reply,21:30:22,S%2BSKS%20S%20S%2B%5B%2B%5B%2BS%2B%5B%2Bc%20r%CCj%8A%7B%2Csr%ECj%EBr%EBr%ECj%ABk,0,0.00,NA,0,0,0,0,0,0,NA,96
camera,21:30:22,Camera%2Fcontrol%20line%20discarded%3A%20too%20long,0,0.00,NA,0,0,0,0,0,0,NA,96
pico_reply,21:30:22,1%E71%E71%A69fP%E69a%D5%E4%ED%F5%FE%BD%E5%9B%D4%F7%CC%B8%CC%96%CC%F8%DD%9A%DD%7B%D5%20%D5X%ED%97%E4%FB%AB%B4s%201%EB%29d1%C7%29%C61%A6%29%A7%29%C71%C71%A7%29%C7%29%C61%C7%29%A71%A7%29%A6%29%A6%29%A6%29%A6%29%A6%29%A6%29%A7%21g%21f%29f%29%86%29%86%29%A61%A61%A71%A71%A71%A71%C71%E71%E71%C7A%87a%27qgy%E7%B3%AE%BB%F0%CC1%93rZ%CC1%C7%29%A7%3A%282%20%3A%209%E79%E72%20%3A%20%3A%20%3A%20%3A%27%3AG%3A%28%3A%28%3A%209%E7%3A%20%3A%20%3A%28B%28Z%20Y%C8Y%87a%C8a%A8a%E9Y%C9Z,0,0.00,NA,0,0,0,0,0,0,NA,96
pico_reply,21:30:22,Q%CAI%A9Q%A8ZIZ,0,0.00,NA,0,0,0,0,0,0,NA,96
pico_reply,21:30:22,Jgt%89%8C%D2c%B4B%89J%EAS,0,0.00,NA,0,0,0,0,0,0,NA,96
camera,21:30:22,Camera%2Fcontrol%20line%20discarded%3A%20too%20long,0,0.00,NA,0,0,0,0,0,0,NA,96
pico_reply,21:30:22,wifi_mode%3DAP%2Cuptime_s%3D172%2Ctemp_c%3D23.29%2Crandom%3D316%2Ccommand_value%3D0%2Cgyro_z_dps%3D0.18%2Cphotodiode_adc%3D767%7C769%7C763%7C767%2Cphotoreflector_adc%3D924,0,0.00,NA,0,0,0,0,0,0,NA,96
telemetry,21:30:22,,173,24.22,0.06,0,205,767,769,768,765,976,96
telemetry,21:30:22,,173,24.22,0.06,0,748,767,768,768,765,990,96
telemetry,21:30:22,,174,23.29,0.24,0,483,767,768,768,765,982,96
telemetry,21:30:22,,174,23.76,0.67,0,767,768,768,768,765,957,96
telemetry,21:30:22,,175,23.29,0.00,0,602,767,768,768,764,932,96
telemetry,21:30:22,,175,24.22,0.36,0,349,767,768,768,765,816,96
telemetry,21:30:22,,176,23.76,0.06,0,857,767,769,768,765,822,96
telemetry,21:30:22,,176,23.29,0.06,0,496,767,768,768,764,824,96
telemetry,21:30:22,,177,24.22,0.06,0,757,768,768,768,764,843,96
telemetry,21:30:22,,177,23.76,0.12,0,674,767,769,768,764,735,96
telemetry,21:30:22,,178,23.76,0.12,0,71,767,768,768,764,809,96
telemetry,21:30:22,,178,23.29,0.06,0,392,767,768,768,765,811,96
telemetry,21:30:22,,179,24.22,0.00,0,60,768,769,768,766,812,96
telemetry,21:30:22,,179,24.22,0.06,0,848,768,768,768,765,604,96
telemetry,21:30:22,,180,23.76,1.46,0,443,767,768,768,765,553,96
telemetry,21:30:23,,180,23.29,0.54,0,350,768,769,768,766,679,96
telemetry,21:30:23,,181,23.29,0.67,0,864,767,768,768,765,672,96
telemetry,21:30:23,,181,23.76,0.30,0,759,767,768,768,765,595,96
telemetry,21:30:23,,182,24.22,0.00,0,556,767,769,768,765,665,96
pico_reply,21:30:23,FRAME_STREAM%2C320%2C240%2CRGB565%2C153600%2C3ea9a1b8,0,0.00,NA,0,0,0,0,0,0,NA,96
camera,21:30:23,Camera%2Fcontrol%20line%20discarded%3A%20too%20long,0,0.00,NA,0,0,0,0,0,0,NA,96
camera,21:30:23,Camera%2Fcontrol%20line%20discarded%3A%20too%20long,0,0.00,NA,0,0,0,0,0,0,NA,96
camera,21:30:23,Camera%2Fcontrol%20line%20discarded%3A%20too%20long,0,0.00,NA,0,0,0,0,0,0,NA,96
camera,21:30:23,Camera%2Fcontrol%20line%20discarded%3A%20too%20long,0,0.00,NA,0,0,0,0,0,0,NA,96
camera,21:30:23,Camera%2Fcontrol%20line%20discarded%3A%20too%20long,0,0.00,NA,0,0,0,0,0,0,NA,96
camera,21:30:23,Camera%2Fcontrol%20line%20discarded%3A%20too%20long,0,0.00,NA,0,0,0,0,0,0,NA,96
pico_reply,21:30:23,%29%A6%29%A7%29%E62G2%89K%2A%5BnS%8ES%ADd%20c%EFl%20l%20t0%7CP%7CO%7Cp%7CPt%2FtOl%20k%CEk%EEk%EEk%CEc%8E%5Bl%5Bk%5B%8C%5BkS%2BS%20K%20J%EBK,0,0.00,NA,0,0,0,0,0,0,NA,96
camera,21:30:23,Camera%2Fcontrol%20line%20discarded%3A%20too%20long,0,0.00,NA,0,0,0,0,0,0,NA,96
pico_reply,21:30:23,%29%A61%C6%29%C6%29%C6%29%A6%29%C61%C5%29%C61%C61%C6%29%C5%29%E61%C61%C6%29%E61%C51%C61%C61%A61%A61%C6%29%E6%29%A51%C6%29%E6%29%E6%29%E6%29%E61%C6%29%A61%A6%29%E6%29%C61%E61%C61%C61%E61%C61%C61%A61%C61%E6%29%C61%C61%C6%29%E61%C61%C61%C6%29%E61%C61%C61%E61%C61%E51%E61%E51%E62%202%202%20%29%E61%C6%21f%21E%20E%21%A4B%862%28%3A%27%3A%20%3A%20%3A%27%3A%27%3A%27%3A%20%3A%27%3A%27%3Ah2%27%3AG%3AG%3A%28%3AH%3A%87Z%E8%5B%2BJ%AA%29h%20%E5%20%E3%21%23%29%84%29%A5%29%A6%21%86%29%E7%2A%20K%20%5Bm%5BnS%2C%5B%ADc%ADl%2Ft%20t0%7C%2F%7Co%7CPt0tP%7C%90l%2Ft%20t%20c%CFc%CEc%ADcm%5BK%5B%8B%5B%8CSLSKSKK%2CK,0,0.00,NA,0,0,0,0,0,0,NA,96
camera,21:30:23,Camera%2Fcontrol%20line%20discarded%3A%20too%20long,0,0.00,NA,0,0,0,0,0,0,NA,96
pico_reply,21:30:23,%C6%29%C61%C51%A5%29%C61%C6%29%C61%C6%29%C6%29%C5%29%E61%C6%29%C6%29%E51%E61%C6%29%E61%C61%C61%C6%29%C61%A61%C61%C61%C61%C61%C61%C61%A61%C51%C6%29%C51%E69%E61%C51%C51%E6%29%A52%201%E61%E7%29%A61%C61%E61%E61%E61%C61%C61%C61%E61%C61%C61%E61%E51%E61%E52%202%202%262%201%E62%20%29%C7%29%86%21%25%20D2%252%20%3A%28%3A%28%3A%28%3A%27%3A%27%3A%27%3A%28%3A%28%3A%27%3AG2G%3A%27%3AH%3A%28%3AI%3AhB%E8l,0,0.00,NA,0,0,0,0,0,0,NA,96
pico_reply,21:30:23,s%AEJ%29%29%A6%20%20%20%23%21e%21%A6%29%A6%29%A6%29%C7%29%C72%88K,0,0.00,NA,0,0,0,0,0,0,NA,96
pico_reply,21:30:23,c%AE%5BM%5B%8C%5B%8Dc%CEc%CFl%20ln%8C%CF%84%D2%84%D2tqtotOto%7CPc%EEc%EDk%EEk%AEc%8C%5Bl%5B%8BSKS%2BS%2BS%20K%20K,0,0.00,NA,0,0,0,0,0,0,NA,96
camera,21:30:23,Camera%2Fcontrol%20line%20discarded%3A%20too%20long,0,0.00,NA,0,0,0,0,0,0,NA,96
pico_reply,21:30:23,%C51%C61%C51%E61%C61%C6%29%C61%C62%20%2A%20%29%E61%C61%C6%29%E61%C61%C61%C61%C61%C61%C6%29%C6%29%C51%C61%C61%C52%201%C61%C6%29%A61%C51%E62%201%E52%201%C51%C6%29%E5%3AfBG1%E81%E6%29%A61%C61%E61%E61%C61%C61%C61%E6%29%E61%E61%C61%E61%E61%E71%E62%202%202%202%20%3A%20%3A%202%201%E6%29e%20D%21e%21%A5%3AG%3A%28%3AG%3AG%3A%27%3A%27%3A%28%3A%28%3A%28%3AG%3A%27%3A%27%3A%27%3A%20%3A%282%272%88c%CAc%2CJ%89BH%21F%20%20%21%24%21D%29%A51%C5%29%A6%29%87%20g2g%5B%AAc%8Ec%8C%5Bmc%8Dc%CEl%20dNt%AE%95%94%8D4tr%7CplOtotOl%20l%20k%CEc%EEc%ED%5B%AE%5B%ADSk%5BLS%2CS%20K%20S,0,0.00,NA,0,0,0,0,0,0,NA,96
pico_reply,21:30:23,J%CBJ%E9S,0,0.00,NA,0,0,0,0,0,0,NA,96
camera,21:30:23,Camera%2Fcontrol%20line%20discarded%3A%20too%20long,0,0.00,NA,0,0,0,0,0,0,NA,96
pico_reply,21:30:23,1%C6%29%E61%C61%C6%29%E61%E6%29%E61%C61%C6%29%E61%E61%C61%C61%C61%C61%C61%C61%E61%C51%C51%C61%C61%E6%29%C5%29%E61%E61%C61%C61%C61%C61%E61%A52%20%29%E5%3Af%3A%27%29%E71%E61%E61%E61%E61%E61%E61%E61%E61%E61%E61%E61%E61%E61%E61%E72%202%209%E62%209%E6%3A%209%E72%201%C6%29%C6%29%85%29f%21e2%20%3A%27%3AI%3A%272G2G2H%3A%28%3A%28%3A%272%272%27%3AG%3A%20%3A%28%3AG2GJ%A9BI%5BF%5B%209%E9%29e%20%C4%20%20%21%85%29%A5%29%A61%A7%21%87%20%E6C%28Sm%5B%8CS%8E%5B%8D%5B%CEl%20dOdN%95%92%8D%20tqt%90%7C%90tPt%2Ft%2Ft%2Fk%EEk%EEd%20c%CDc%AD%5Bl%5Bl%5BL%5B%20S,0,0.00,NA,0,0,0,0,0,0,NA,96
pico_reply,21:30:23,%5B%2AJ%EAS%29SJJ%A81%CA%20%27%20%20d,0,0.00,NA,0,0,0,0,0,0,NA,96
camera,21:30:23,Camera%2Fcontrol%20line%20discarded%3A%20too%20long,0,0.00,NA,0,0,0,0,0,0,NA,96
camera,21:30:23,Camera%2Fcontrol%20line%20discarded%3A%20too%20long,0,0.00,NA,0,0,0,0,0,0,NA,96
camera,21:30:23,Camera%2Fcontrol%20line%20discarded%3A%20too%20long,0,0.00,NA,0,0,0,0,0,0,NA,96
pico_reply,21:30:23,%3AG%3Ag%3AG2%28%3AG%3AG%3AG%3Ah%3AG%3A%28%3AH%3AH%3AH%3A%27%3Ah%3A%A5S%8AckR%AB9%A8%21D%20%20%20%24%21%85%29%A6%29%C6%29%E6%29%E5%21%C6J%E8KMSMc%ADc%AES%8Cl.tptPtPt%90%7C%90%7Cp%7Cp%7CO%7CPs%EFk%EEk%EDk%EDc%EEc%CDc%AD%5B%8CclcmR%ECS%2AS%2BK,0,0.00,NA,0,0,0,0,0,0,NA,96
camera,21:30:23,Camera%2Fcontrol%20line%20discarded%3A%20too%20long,0,0.00,NA,0,0,0,0,0,0,NA,96
pico_reply,21:30:23,%29%E62%20%29%C6%29%C6%29%E5%29%E61%C69%E6%29%E62%201%E61%E61%C61%E61%E6%29%E51%E6%29%E6%29%C51%C61%C61%C6%2A%202%262%20%29%E71%E61%E61%C61%C61%E62%20%29%E5B%A82%202%201%E61%C72%202%201%E61%E61%E61%E61%E61%E61%E61%E62%201%E61%E61%E71%E62%202%202%202%20%3Ag%3Ag2%272%272%272f%3A%271%C7%29f%21%A5%21%A42%20%3A%86%3Ah%3A%28%3AH%3AH%3A%27%3AH%3AH%3AH%3A%28%3A%28%3AH%3AG%3A%27%2A%87%3A%A6%2F%20SJcLJj%29%88%20%E5%20%E3%20%24%29%84%29%E5%29%C5%29%E6%20%87B%A8B%CAS%2BSkS%8C%5B%ADk%EFk%EFl%20tP%7C%90t%90%7C%90%7Cpto%7Cot%2Ft%20c%CEk%CEc%EEc%EEc%AD%5B%8Dclcl%5BLS%2CS%2BJ,0,0.00,NA,0,0,0,0,0,0,NA,96
camera,21:30:23,Camera%2Fcontrol%20line%20discarded%3A%20too%20long,0,0.00,NA,0,0,0,0,0,0,NA,96
camera,21:30:23,Camera%2Fcontrol%20line%20discarded%3A%20too%20long,0,0.00,NA,0,0,0,0,0,0,NA,96
camera,21:30:23,Camera%2Fcontrol%20line%20discarded%3A%20too%20long,0,0.00,NA,0,0,0,0,0,0,NA,96
camera,21:30:23,Camera%2Fcontrol%20line%20discarded%3A%20too%20long,0,0.00,NA,0,0,0,0,0,0,NA,96
pico_reply,21:30:23,%24%20%20%20%23%21%24%20%24%21e%21e%20D%21%24%21%24%21D%21D%21D%21%25%21d%21D%21D%21D%21d%21d%21e%21d%29e%21e%21e%21e%21d%29d%29%84%21%85%29%85%29e%29e%29%85%29%85%29%85%29%A5%29%A5%29%A5%29%A5%29%E5%29%E6%29%A6%29%A5%29%A5%29%A6%29%C6%29%A61%A6%29%C51%C51%C5%29%E62%20%29%E61%E61%C61%C61%C61%C61%E5%29%E6%29%C61%C61%C61%C61%C6%29%C61%C6%29%E61%E61%E61%C6%29%C6%2A%20%29%E61%C61%C6%29%E61%E61%E71%E61%E61%C61%E61%C61%C61%E6%29%E6%3AG2%201%E6%3A%28%29%A62%202%202%271%E62%202%202%202%201%E61%E62%202%202%202%202%202%202%20%3A%20%3A%20%3A%20%3AGBH1%E82%262%27%3A%20%3A%20%3A%27B%20%3A%201%C6%29%85%21e%21%A5,0,0.00,NA,0,0,0,0,0,0,NA,96
pico_reply,21:30:23,S,0,0.00,NA,0,0,0,0,0,0,NA,96
camera,21:30:23,Camera%2Fcontrol%20line%20discarded%3A%20too%20long,0,0.00,NA,0,0,0,0,0,0,NA,96
camera,21:30:23,Camera%2Fcontrol%20line%20discarded%3A%20too%20long,0,0.00,NA,0,0,0,0,0,0,NA,96
camera,21:30:23,Camera%2Fcontrol%20line%20discarded%3A%20too%20long,0,0.00,NA,0,0,0,0,0,0,NA,96
camera,21:30:23,Camera%2Fcontrol%20line%20discarded%3A%20too%20long,0,0.00,NA,0,0,0,0,0,0,NA,96
camera,21:30:23,Camera%2Fcontrol%20line%20discarded%3A%20too%20long,0,0.00,NA,0,0,0,0,0,0,NA,96
pico_reply,21:30:23,SKS,0,0.00,NA,0,0,0,0,0,0,NA,96
camera,21:30:24,Camera%2Fcontrol%20line%20discarded%3A%20too%20long,0,0.00,NA,0,0,0,0,0,0,NA,96
camera,21:30:24,Camera%2Fcontrol%20line%20discarded%3A%20too%20long,0,0.00,NA,0,0,0,0,0,0,NA,96
camera,21:30:24,Camera%2Fcontrol%20line%20discarded%3A%20too%20long,0,0.00,NA,0,0,0,0,0,0,NA,96
camera,21:30:24,Camera%2Fcontrol%20line%20discarded%3A%20too%20long,0,0.00,NA,0,0,0,0,0,0,NA,96
camera,21:30:24,Camera%2Fcontrol%20line%20discarded%3A%20too%20long,0,0.00,NA,0,0,0,0,0,0,NA,96
camera,21:30:24,Camera%2Fcontrol%20line%20discarded%3A%20too%20long,0,0.00,NA,0,0,0,0,0,0,NA,96
pico_reply,21:30:24,1%C61%C61%C61%C61%C61%E61%E61%C61%C61%C61%E61%E6%29%A61%E61%E61%C61%C61%E62%202%201%E61%C62%201%E61%E62%202%201%E61%E62%209%E72%202%202%201%E79%E71%E71%E62%202%201%E62%202%202%209%E72%201%E7%3A%20%3A%20%3A%20%3A%20%3A%27%3A%28%3A%20%3A%20%3A%271%E8%3A%20%3A%27%3AG%3A%27%3AG%3AGBH%3Ag%3AgBg2%271%E7%21%86%21%85%2A%20BfB%A9%3A%A8B%88%3Ai%3AhBH%3AH%3AH%3AH%3AH%3Ah%3Ah%3AH%3A%28%3A%28%3A%88R%C8c%209%E9%20%20%20%20%20C%29%A59%E71%C7%29%88%21%C8%3A%A7SMk%ADcm%5B%ADk%EEt0t%2F%84p%7Cp%7C%91%7C%91%84%91t%B2tqtPtPl%20t.l%20k%CFc%8Ec%ADc%8D%5Bl%5Bl%5BL%5B,0,0.00,NA,0,0,0,0,0,0,NA,96
camera,21:30:24,Camera%2Fcontrol%20line%20discarded%3A%20too%20long,0,0.00,NA,0,0,0,0,0,0,NA,96
pico_reply,21:30:24,1%E61%C61%C61%C61%E61%E61%C61%C61%E61%E61%C6%29%E6%29%E61%C61%C62%201%E61%E61%E61%E62%201%E62%202%201%E61%E61%E6%29%E72%202%201%E62%201%E79%E71%E71%E62%202%202%202%202%202%209%E72%202%202%202%272%202%202%27%3A%27%3A%20%3A%27%3A%27%3A%20%3A%27%3A%27%3AH%3AGBH%3AH%3A%27%3AG%3AG%3AG%3A%27%3A%27%29%A7%21e%20e%29%C52g2iB%89B%89%3Ah%3AH%3AHBh%3AI%3Ah%3AgBH%3AHBH%3AI2%28B%A8%5BicJ9%CB%20%20%20%C2%20D%29%A61%C71%C7%2A%202GB%8BJ%CB%5BKS%8E%5B%8Ek%EEl%20t0tP%7Cr%7Cq%7C%91%7C%91tptPt0t0%7C%2FtNk%EEk%AEk%AEclcm%5Bl%5BlclcLS,0,0.00,NA,0,0,0,0,0,0,NA,96
camera,21:30:24,Camera%2Fcontrol%20line%20discarded%3A%20too%20long,0,0.00,NA,0,0,0,0,0,0,NA,96
camera,21:30:24,Camera%2Fcontrol%20line%20discarded%3A%20too%20long,0,0.00,NA,0,0,0,0,0,0,NA,96
camera,21:30:24,Camera%2Fcontrol%20line%20discarded%3A%20too%20long,0,0.00,NA,0,0,0,0,0,0,NA,96
camera,21:30:24,Camera%2Fcontrol%20line%20discarded%3A%20too%20long,0,0.00,NA,0,0,0,0,0,0,NA,96
pico_reply,21:30:24,%21%20%21%20%20%24%21%24%21%24%21%24%21%24%21%24%21D%21%24%21%24%21D%21%24%21%24%21D%21e%21e%21e%21e%21e%29E%21E%21e%29d%21%85%29e%21e%21d%29e%29e%29%85%21%85%21e%29%85%29%85%29%A5%29%A6%29%861%86%29%A6%29%A6%29%A6%29%C5%29%C51%C6%29%A6%29%A6%29%C61%C61%C6%29%C6%29%C61%A61%C61%C61%A6%29%C61%E61%C61%C6%29%C6%29%C61%C61%C61%C61%C61%C6%29%C7%29%E61%E61%E61%E61%E6%2A%201%E61%E61%E61%E71%C61%E62%201%E71%E71%E71%E72%202%202%202%202%201%E79%E71%E71%E62%202%202%202%202%202%202%202%202%202%202%202%20%3A%27%3A%20%3A%20%3A%202%202%27%3A%27%3A%27%3A%28%3A%28%3A%27%3A%27BH%3AH%3A%27%3A%28%3A%28B%28BGBH%3AG%3A,0,0.00,NA,0,0,0,0,0,0,NA,96
pico_reply,21:30:24,J%E9R%E9Z%EA1%88%20%A3%20%23%21e%29%A5%29%A7%29%A7%20g%29%E6B%C9%5Bkk%CDc%EEl%20t%20tPtP%7Cq%7Cq%7C%91%84q%84%B1%7C%91%7C%90%84%91%7CPt0s%EEk%EFc%ADc%ADc%8Ec%AD%5Bm%5Bm%5BLSK%5B,0,0.00,NA,0,0,0,0,0,0,NA,96
camera,21:30:24,Camera%2Fcontrol%20line%20discarded%3A%20too%20long,0,0.00,NA,0,0,0,0,0,0,NA,96
camera,21:30:24,Camera%2Fcontrol%20line%20discarded%3A%20too%20long,0,0.00,NA,0,0,0,0,0,0,NA,96
camera,21:30:24,Camera%2Fcontrol%20line%20discarded%3A%20too%20long,0,0.00,NA,0,0,0,0,0,0,NA,96
camera,21:30:24,Camera%2Fcontrol%20line%20discarded%3A%20too%20long,0,0.00,NA,0,0,0,0,0,0,NA,96
camera,21:30:24,Camera%2Fcontrol%20line%20discarded%3A%20too%20long,0,0.00,NA,0,0,0,0,0,0,NA,96
camera,21:30:24,Camera%2Fcontrol%20line%20discarded%3A%20too%20long,0,0.00,NA,0,0,0,0,0,0,NA,96
camera,21:30:24,Camera%2Fcontrol%20line%20discarded%3A%20too%20long,0,0.00,NA,0,0,0,0,0,0,NA,96
camera,21:30:24,Camera%2Fcontrol%20line%20discarded%3A%20too%20long,0,0.00,NA,0,0,0,0,0,0,NA,96
pico_reply,21:30:24,%28%3AG%3AHBG%3AG%3AgBH9%C81%A7%20%20%20%E4%21%E6%3AGBIBhBIBHBIB%28BH%3A%28B%28BH%3Ah%3AhB%89B%89S%28cjb%CA9%AA%20%C4%20%20%20e%29%A61%E71%E7%2A%28%2A%20B%ACS%2B%5Bmc%AFc%CEc%EF%7C%8F%7C%92%7Cq%7C%91%84%B1%84%B1%84%B1%84%91%84Qt%20%84Os%EFk%AEk%CEk%ADc%ADc%8D%5Blcl%5BM%5BLR%CBZ%EBB,0,0.00,NA,0,0,0,0,0,0,NA,96
camera,21:30:24,Camera%2Fcontrol%20line%20discarded%3A%20too%20long,0,0.00,NA,0,0,0,0,0,0,NA,96
camera,21:30:24,Camera%2Fcontrol%20line%20discarded%3A%20too%20long,0,0.00,NA,0,0,0,0,0,0,NA,96
camera,21:30:24,Camera%2Fcontrol%20line%20discarded%3A%20too%20long,0,0.00,NA,0,0,0,0,0,0,NA,96
camera,21:30:24,Camera%2Fcontrol%20line%20discarded%3A%20too%20long,0,0.00,NA,0,0,0,0,0,0,NA,96
camera,21:30:24,Camera%2Fcontrol%20line%20discarded%3A%20too%20long,0,0.00,NA,0,0,0,0,0,0,NA,96
pico_reply,21:30:24,2,0,0.00,NA,0,0,0,0,0,0,NA,96
camera,21:30:24,Camera%2Fcontrol%20line%20discarded%3A%20too%20long,0,0.00,NA,0,0,0,0,0,0,NA,96
camera,21:30:24,Camera%2Fcontrol%20line%20discarded%3A%20too%20long,0,0.00,NA,0,0,0,0,0,0,NA,96
camera,21:30:24,Camera%2Fcontrol%20line%20discarded%3A%20too%20long,0,0.00,NA,0,0,0,0,0,0,NA,96
camera,21:30:24,Camera%2Fcontrol%20line%20discarded%3A%20too%20long,0,0.00,NA,0,0,0,0,0,0,NA,96
camera,21:30:24,Camera%2Fcontrol%20line%20discarded%3A%20too%20long,0,0.00,NA,0,0,0,0,0,0,NA,96
camera,21:30:24,Camera%2Fcontrol%20line%20discarded%3A%20too%20long,0,0.00,NA,0,0,0,0,0,0,NA,96
camera,21:30:24,Camera%2Fcontrol%20line%20discarded%3A%20too%20long,0,0.00,NA,0,0,0,0,0,0,NA,96
pico_reply,21:30:24,%7C0t%20%7CO%7C%20%7B%F0%7B%F0%7B%A3%20%C3%20%C3%20%E3%20%C3%20%C3%20%C3%20%C3%20%C3%20%C2%20%C3%20%C3%20%C3%20%C3%20%C3%20%C3%20%C3%20%E3%20%C3%20%E4%29%A5%21e%21E%21E%21e%21%85%29%86%20%E5%20%A3%20%A3%20%C3%20%A3%20%C3%20%202%251%E8%21f%20%E4%20%20%20%20%20%20%20%E4%20%E4%20%E3%20%20%20%20%20%20%20%20%20%20%20%23%20%20%21%20%20D%20D2I%2A%292%292,0,0.00,NA,0,0,0,0,0,0,NA,96
camera,21:30:24,Camera%2Fcontrol%20line%20discarded%3A%20too%20long,0,0.00,NA,0,0,0,0,0,0,NA,96
pico_reply,21:30:24,cKcmR%8D%20%20%3B%20%7C%8E%7Cq%7CP%84q%7Cp%7Cp%7C%91%7C%91%7Cq%7Cq%7Cp%84q%7CQ%7CP%84q%7Cq%7Cq%7CQ%7Cq%84q%84q%7C%91%7C%91%84%91%84q%7C%91%84%91%7C%B1%84%91%84%91%84%92%84r%84%92%84q%84q%7Cq%7Cq%7CQ%7C%91%7C%B1%7C%90%7Cq%84p%84p%84q%7Cq%7CP%7Cq%7Cq%84p%7CQ%84Q%840%7CP%7CP%7CP%7COtP%7CO%7C0%7C0t%20%7C%20%7B%F0%7B%F0%7B%A3%20%C3%20%C3%20%C3%20%C3%20%C3%20%C3%20%C3%20%C3%20%C3%20%C3%20%C3%20%C3%20%C3%20%C3%20%C3%20%E3%20%E3%20%20%20c%29%C7%21F%21E%21E%21e%21%85%29%86%20%E5%20%C2%20%A3%20%A3%20%A3%20%20%20b%3AF1%E9%21f%20%20%20%20%20%20%20%20%20%20%20%E3%20%E3%20%20%20%20%20%20%21%20%20%20%20%20%20%20%21%20%20D%20d%2A%29%2AJ2%2A2,0,0.00,NA,0,0,0,0,0,0,NA,96
camera,21:30:24,Camera%2Fcontrol%20line%20discarded%3A%20too%20long,0,0.00,NA,0,0,0,0,0,0,NA,96
pico_reply,21:30:24,cKslb%AD%20%AA%2FEl%20%8C%D0%7C%90%84q%7CP%7Cp%7C%91%7C%91%7Cq%7Cq%7Cp%84q%7Cp%7Cp%84q%7Cq%7Cq%7Cq%7Cq%84q%84q%7C%91%84%91%84q%7Cq%7Cq%84%91%7C%B1%84%91%7Cq%84q%84q%84q%84q%7Cp%7Cq%84q%84q%7Cq%7C%90%84%B1%84q%7Cp%84q%84q%7Cq%7Cp%84%90%7CQ%7Cq%7CQ%7CQ%84p%7C0%7CP%7CP%7COtptO%7CP%7C%20%7C%20%7B%F0%7B%F0%7B%F0%7B%C3%20%C3%20%C3%20%C3%20%C3%20%C3%20%C3%20%C3%20%C3%20%C3%20%C3%20%C3%20%C3%20%C3%20%E3%20%C3%20%C3%20%E3%20%E3%21d%29%A6%21E%21D%21E%20%85%20%85%29%A7%20%A4%20%C3%20%A3%20%A3%20%A3%20%E2%21%A32G1%E7%21F%20%20%20%20%20%20%20%20%20%20%20%E4%20%E3%20%E4%20%E4%20%20%21%24%21%20%20%20%20%20%20%20%20c%20%C62j2%292%2A%2A,0,0.00,NA,0,0,0,0,0,0,NA,96
camera,21:30:24,Camera%2Fcontrol%20line%20discarded%3A%20too%20long,0,0.00,NA,0,0,0,0,0,0,NA,96
camera,21:30:24,Camera%2Fcontrol%20line%20discarded%3A%20too%20long,0,0.00,NA,0,0,0,0,0,0,NA,96
camera,21:30:24,Camera%2Fcontrol%20line%20discarded%3A%20too%20long,0,0.00,NA,0,0,0,0,0,0,NA,96
camera,21:30:24,Camera%2Fcontrol%20line%20discarded%3A%20too%20long,0,0.00,NA,0,0,0,0,0,0,NA,96
pico_reply,21:30:24,B%28B%28BHBHBHBhJ%C8B%AAJ%89J%A9Jh%3A%201%C6J%C9%20%282%20R%C8B%8ABHBhBhBiBi%3Ai%3Ai%3AiBi%3AiBi%3AHB%E9tKk%8EB,0,0.00,NA,0,0,0,0,0,0,NA,96
camera,21:30:25,Camera%2Fcontrol%20line%20discarded%3A%20too%20long,0,0.00,NA,0,0,0,0,0,0,NA,96
camera,21:30:25,Camera%2Fcontrol%20line%20discarded%3A%20too%20long,0,0.00,NA,0,0,0,0,0,0,NA,96
camera,21:30:25,Camera%2Fcontrol%20line%20discarded%3A%20too%20long,0,0.00,NA,0,0,0,0,0,0,NA,96
camera,21:30:25,Camera%2Fcontrol%20line%20discarded%3A%20too%20long,0,0.00,NA,0,0,0,0,0,0,NA,96
pico_reply,21:30:25,%C3%20%C3%20%A3%20%E2%20%82%3A%261%C8%21F%20%20%20%20%20%20%20%20%20%23%20%23%20%20%20%E3%20%E2%29%C49%E7%20F%20%23%20%20%20%20%20D%20%85%2A,0,0.00,NA,0,0,0,0,0,0,NA,96
camera,21:30:25,Camera%2Fcontrol%20line%20discarded%3A%20too%20long,0,0.00,NA,0,0,0,0,0,0,NA,96
pico_reply,21:30:25,%7Co%7C%2F%7C%20k%CFk%AEk%CEc%ADcncK%5BLR%AC2%2BB%C6t%2C%84%B1%7CP%7CP%7Cp%7Cq%7Cq%7C%90%7Cp%7CQ%7Cp%84p%84q%84q%7Cq%7C%91%84%91%84%91%84q%84%91%84%91%84%91%84%91%7C%91%7Cq%84%91%7Cp%7Cq%7CQ%7Cq%84p%7C%91%7Cp%7Cq%7Cp%7C%90%7Cq%84q%84Q%7C1%7Cp%7CqtQ%7Cp%7CP%7CP%7CP%7Cp%7CP%84P%7C%20%7C0%7CQ%7CPtP%84O%7CP%7C0%7C%20t%20t%20t%A3%20%A3%20%A3%20%A3%20%C3%20%C3%20%C3%20%C3%20%C3%20%C3%20%C3%20%C3%20%C3%20%C3%20%C3%20%E3%20%E3%20%E2%21%84%29%85%21E%21e%21e%21e%21%85%20%26%20%E4%20%C3%20%A3%20%A3%20%C3%20%C2%21%C4%3A%271%C8%21F%20%20%20%20%20%20%20%20%20%20%20%20%20%20%20%E3%20%20%29%84%21E%20%E4%20%20%21%20%20%24%20%24%29%E7%2A,0,0.00,NA,0,0,0,0,0,0,NA,96
pico_reply,21:30:25,%2A%202%20%2A%202%29%2A,0,0.00,NA,0,0,0,0,0,0,NA,96
camera,21:30:25,Camera%2Fcontrol%20line%20discarded%3A%20too%20long,0,0.00,NA,0,0,0,0,0,0,NA,96
camera,21:30:25,Camera%2Fcontrol%20line%20discarded%3A%20too%20long,0,0.00,NA,0,0,0,0,0,0,NA,96
camera,21:30:25,Camera%2Fcontrol%20line%20discarded%3A%20too%20long,0,0.00,NA,0,0,0,0,0,0,NA,96
camera,21:30:25,Camera%2Fcontrol%20line%20discarded%3A%20too%20long,0,0.00,NA,0,0,0,0,0,0,NA,96
camera,21:30:25,Camera%2Fcontrol%20line%20discarded%3A%20too%20long,0,0.00,NA,0,0,0,0,0,0,NA,96
camera,21:30:25,Camera%2Fcontrol%20line%20discarded%3A%20too%20long,0,0.00,NA,0,0,0,0,0,0,NA,96
camera,21:30:25,Camera%2Fcontrol%20line%20discarded%3A%20too%20long,0,0.00,NA,0,0,0,0,0,0,NA,96
camera,21:30:25,Camera%2Fcontrol%20line%20discarded%3A%20too%20long,0,0.00,NA,0,0,0,0,0,0,NA,96
camera,21:30:25,Camera%2Fcontrol%20line%20discarded%3A%20too%20long,0,0.00,NA,0,0,0,0,0,0,NA,96
pico_reply,21:30:25,BHBhBIBIBhBhJ%88J%A9BiBIBIB%89J%89B%A9B%A9B%89JiJ%88JHB%20%29%26%20e%21%83J%A8J%CABiBiBiB%89B%89BiB%88B%89J%89Bj2,0,0.00,NA,0,0,0,0,0,0,NA,96
pico_reply,21:30:25,J%CA%5Bjslc%201%AA%21E%29D1%A61%C7%29%E8%3A%28%5BJk%EDl%20k%EFk%EE%7CP%7Cq%95%20%8C%D2%8C%D2%94%B2%8C%D2%84%B1%84%D1%84%D1%84Q%7CP%7C0l%20l%20k%EEk%EFc%8Fc%8Dk%ACcLJ%8D%2F%2ASF%8C%B0%7C%91%7C%90%84%B1%7C%91%84%91%84%91%84%91%84%B1%7C%92%7C%91%84%B1%84%91%84%91%84%90%7C%91%84%91%84q%84%91%84q%84%91%7C%91%84q%84q%84%91%84%91%7C%91%84%90%84%92%7CQ%7Cq%7CQ%84%91%84p%7Cq%8C%90%84%91%7C%91%84q%84q%7C%91%7C%91%7C%90%7Cp%7Cq%7C%91%7C%91%84q%7CP%7CP%7CP%7CP%7CQ%7CQ%840%7C0%7C0%7C%A3%20%A3%20%A2%20%A2%20%A2%20%A3%20%C3%20%C3%20%C3%20%C3%20%C3%20%C3%20%C3%20%E3%20%E3%20%E3%21C%29%85%29e%21e%21e%21e%21e1%C6%20%20%20%A2%20%C3%20%A3%20%A3%20%83%20,0,0.00,NA,0,0,0,0,0,0,NA,96
camera,21:30:25,Camera%2Fcontrol%20line%20discarded%3A%20too%20long,0,0.00,NA,0,0,0,0,0,0,NA,96
camera,21:30:25,Camera%2Fcontrol%20line%20discarded%3A%20too%20long,0,0.00,NA,0,0,0,0,0,0,NA,96
camera,21:30:25,Camera%2Fcontrol%20line%20discarded%3A%20too%20long,0,0.00,NA,0,0,0,0,0,0,NA,96
pico_reply,21:30:25,%20%C3%20%C3%20%C4%20%C3%20%E3%20%E3%20c%29e%29F%21E%21e%21%85%21%85%29%86%20%C4%20%C3%20%C3%20%C3%20%C3%20%C2%21D%3A%271%E8%21%20%20%20%20%20%20%20%20%20%20%E3%20%20%20%20%20%20%20%E4%20%20%20%C3%20%C3%20%E3%20%20%20%E3%20%20%21%851%E8%29%E9%2A%20%2A%202%202%202%202%202%202%202%202%202%202%292%292%292%292%292%292J2%29%3AJ%3A,0,0.00,NA,0,0,0,0,0,0,NA,96
camera,21:30:25,Camera%2Fcontrol%20line%20discarded%3A%20too%20long,0,0.00,NA,0,0,0,0,0,0,NA,96
camera,21:30:25,Camera%2Fcontrol%20line%20discarded%3A%20too%20long,0,0.00,NA,0,0,0,0,0,0,NA,96
camera,21:30:25,Camera%2Fcontrol%20line%20discarded%3A%20too%20long,0,0.00,NA,0,0,0,0,0,0,NA,96
camera,21:30:25,Camera%2Fcontrol%20line%20discarded%3A%20too%20long,0,0.00,NA,0,0,0,0,0,0,NA,96
pico_reply,21:30:25,JiJiJ%89J%C9B%88B%88B%A8J%A8R%C9BI%29h%20%E52%20R%E9J%EAJ%89B%89B%89B%89B%89B%89B%89B%8ABjB%8A%3AiJ%C8t%2Akk%3A%20%20%E6%20%251%A69%E81%E8%2A%282f%5B%AD%5B%CEs%F0%7CQ%7Cp%84q%8C%B2%8C%D3%8C%D2%8C%D3%8C%B2%84%B1%8C%D1%84%B1%84q%840%7C0%7C%2Fs%EEs%EEk%CEc%CDk%ADcm%5B%20%29%AB%5B%CB%84%CE%8C%F4%8C%D2%84%B1%84%B2%84%B1%84%B2%7C%92%84%91%84%92%84%B1%84%B1%84%B1%84%D1%84%D2%84%91%84%91%84%91%84%91%84%91%84%91%8C%91%84%91%8C%92%84q%84%91%84%91%84q%7C%90%84q%84q%84%91%7Cq%84%90%84%91%84%90%84%91%84%91%84%91%84%B1%84%91%7C%91%7C%91%7Cq%84q%84p%84%90%84q%7CQ%7C0%84q%7C0%7CP%7CP%7C%A2%20%A2%20%A3%20%A3%20%C3%20%C3%20%C3%20%C3%20%C3%20,0,0.00,NA,0,0,0,0,0,0,NA,96
pico_reply,21:30:25,2%202%292%202%20%2A%292%292%282%28%3A,0,0.00,NA,0,0,0,0,0,0,NA,96
pico_reply,21:30:25,2%292%292%2A2I2%29%3A%29%3A%292%292I2I%3AI2%2A%3Ai%3AJ%3AI%3AI2J%3Aj%3Aj%3AJ%3Aj%3AJBj%3A%89%3AI%3AH2%282%28%3A%202%20%3A%281%C71%C61%C61%E71%E61%C61%E61%C61%E62%202%201%C71%E71%C61%C61%C71%C71%C61%C61%E61%E71%E61%E61%E61%C61%E61%E79%E72%20%3A%209%E71%E79%E72%202%202%202%20%3A%20%3A%20%3A%20%3A%20%3A%20%3A%20%3A%202%282%20%3A%28%3A%27%3A%27%3A%20%3A%20%3A%27%3A%209%E8%3A%20%3A%27%3A%20%3A%20%3A%20%3A%20%3A%20%3A%27B%28%3A%272%20BH%3A%27%3A%27%3A%27%3A%27%3A%27%3A%27%3A%28%3AGB%27BHB%27B%28%3AHBGBHB%28%3A%28BHBHBhB%88B%28%3AGB%88JhBHBhBi%3AiB%A9B,0,0.00,NA,0,0,0,0,0,0,NA,96
pico_reply,21:30:25,J%AAB%89B%89J%89J%8AB%89B%89B%89J%89J%89Bj2iSI%7C-k.9%C9%20%20%29c9%E6%3A%20%3A%20%21%C7B%88l.s%EFs%CF%7CO%84q%8C%B1%94%D3%8C%D3%8C%F2%8C%D2%84r%7C%91%84%B1%84%91%84%91%7CQ%7CQk%EFs%CFk%AEc%ADs%EDk%CDklJ%CD2%88d,0,0.00,NA,0,0,0,0,0,0,NA,96
camera,21:30:25,Camera%2Fcontrol%20line%20discarded%3A%20too%20long,0,0.00,NA,0,0,0,0,0,0,NA,96
camera,21:30:25,Camera%2Fcontrol%20line%20discarded%3A%20too%20long,0,0.00,NA,0,0,0,0,0,0,NA,96
pico_reply,21:30:25,%20%C3%20%E3%20%C4%20%E3%20c%21%86%21%85%21%85%21e%21%85%29%C5%29%86%20%C4%20%C2%20%C3%20%C3%20%C3%20%20%21C%3A%271%A8%21%25%21%20%20%20%20%20%20%20%20%20%20%20%20%20%20%20%20%20%20%20%20%20%20%E3%20%E3%20%E3%20%E4%20%25%20%85%21%C9%29%E9%29%E9%2A%201%E8%2A%202%202%292%292%202%202%202%20%2A%292%292%292%292%292%292%20%2A%202I2I%3A%2A%3A,0,0.00,NA,0,0,0,0,0,0,NA,96
camera,21:30:25,Camera%2Fcontrol%20line%20discarded%3A%20too%20long,0,0.00,NA,0,0,0,0,0,0,NA,96
camera,21:30:25,Camera%2Fcontrol%20line%20discarded%3A%20too%20long,0,0.00,NA,0,0,0,0,0,0,NA,96
pico_reply,21:30:25,%3A%27%3A%20%3A%202%27%3A%20%3A%20%3A%27%3A%27%3A%20%3A%20%3A%27%3A%20%3A%20%3A%27%3A%27B%282%27%3A%27%3A%27%3A%27%3A%20%3A%20%3A%27%3A%27%3A%20%3A%20%3A%27%3A%27B%20B%27B%20%3A%27%3A%28%3A%28B%27BGBGBHBHBHB%28B%28BHB%28B%28BHB%88BGBhBiBIBHBhBiBiB%88R%E8J%CAJ%C9J%C9J%88J%89J%A9JiJ%AAB%C9J%A9B%A9J%8AB%8AB%A9J%A9R%AAJ%89R%A9B%2AB%20%21g%29%C7K%20SKR%AAJ%AAJ%A9J%A9J%A9J%89J%8AJ%89B%89J%AAJ%CAR%C9k%CA%7C%20Z%AC%20I%20%201%E79%C79%E9%29%C92%27S%2AlNl%20tP%7C%91%8C%B3%8C%B3%8C%B2%8C%D2%94%F3%94%D2%94%B2%8C%B2%84%B1%84%90%8C%91%7C.%7C%20s%F0k%CEk%8Dk%ADc%8Ck%8EJ,0,0.00,NA,0,0,0,0,0,0,NA,96
camera,21:30:25,Camera%2Fcontrol%20line%20discarded%3A%20too%20long,0,0.00,NA,0,0,0,0,0,0,NA,96
pico_reply,21:30:25,2%20%3A%202%202%27%3A%27%3A%27%3A%27%3A%20%3A%20%3A%20%3A%27%3A%20%3A%27%3A%27%3A%20%3A%20%3A%27%3A%27%3A%27%3A%27%3A%27%3A%27%3A%20%3A%20%3A%27%3A%27%3A%27B%20B%20B%27%3A%27%3A%28B%20%3A%28B%27B%28BGBH%3A%28B%28%3A%28%3A%27B%28BhBhBHBhBgBhBiBiBhBiBhB%88J%C9J%C9J%E9J%89J%88J%89J%A9JiJ%A9B%A9B%A9J%A9J%AAJ%AAJ%A9R%A9R%AAJ%A9J%E8Z%EAR%A9A%E8%29%87%21%C5%3Af%5B,0,0.00,NA,0,0,0,0,0,0,NA,96
pico_reply,21:30:25,J%ABJ%A9J%A9J%A9J%8AB%8AJ%8AB%8ABiBJ%3A%2AKIk%8A%83%F0J-%21%20%21C1%A5B%27B%29%3A%2A%3AFt%2Ck%AFl%20%7Cp%94%F2%8C%B2%94%D2%8C%B2%8C%F2%94%F3%94%F2%8C%D3%84%91%84q%84%91%7C%2F%7C%20%7C%20k%CFk%CDk%EDc%CDk%CDc%20%3A%CCc%89%84%B0%94%F1%84r%8C%92%8C%B2%84%B1%84%B2%84%92%84%B2%8C%D2%84%D1%84%B1%8C%92%84%B2%84%B1%8C%B2%84%B1%8C%91%8C%D2%8C%D2%84%B2%84%B1%84%B1%84%B1%84%92%84%92%84%B1%84%D2%7C%B1%7C%91%84%B1%84%91%84%91%84q%84%91%84r%84q%8C%91%84%91%84%91%84q%84%91%84%91%7Cq%7Cp%84q%7CP%84P%841%7C%20%7C%20%7C%A2%20%A2%20%A3%20%A3%20%C3%20%C4%20%C3%20%C3%20%C3%20%C3%20%C3%20%E3%20%E3%20%E3%20%23%29%A5%29%86%29e%29e%21e%29%A51%C6%20%25%20%A3%20%C3%20%C3%20%A3%20%C3%20,0,0.00,NA,0,0,0,0,0,0,NA,96
pico_reply,21:30:25,%2A%202%20%2A%292%292%292%292%292%292%29%3A%292%292%292I2%2A2%2A2J2%29BJ2I%3AJ2J2J2J2J%3AJ%3AJ%3AI%3Aj%3Aj%3Aj%3Aj2jB%AA%3A%8B%3Aj%3A%8ABjBJBiB%29%3A%27%3A%27%3A%28%3A%20%3A%20%29%E6BgBH1%E62%202%209%E69%C71%E61%E62%201%E71%C71%E61%E61%E71%E71%E71%E79%E72%27%3A%272%202%209%E72%202%20B%27%3A%28%3A%202%27%3A%20%3A%202%20%3A%281%E8%3A%27%3A%20%3A%20%3A%20%3A%27%3A%28%3A%28%3A%20%3A%27%3A%27%3A%20%3A%20%3A%20%3A%28%3A%28%3A%20%3A%27%3A%20%3A%20B%20%3A%20%3A%20%3A%27%3A%27%3A%20%3A%27%3A%27%3A%27B%20%3A%28%3AH%3A%28B%28B%28%3AGBHB%28%3AHBhBHBHBhBhBhBhBhB,0,0.00,NA,0,0,0,0,0,0,NA,96
camera,21:30:25,Camera%2Fcontrol%20line%20discarded%3A%20too%20long,0,0.00,NA,0,0,0,0,0,0,NA,96
pico_reply,21:30:25,%3A%2A2%292I2%292%2A2%2A2%2A2%29%3A%2A2I%3AJ2J2J%3Ai2i%3Aj%3AJ%3AJ%3Aj%3Aj%3Aj%3Aj%3A%8A%3A%AA%3A%8A%3A%8AB%AABk%3A%8AB%CABlBj%3AI%3AI%3A%28%3AH2%27BIBI2%202%209%E69%E61%C71%C61%E61%E61%E71%C71%E61%E61%C71%C71%E71%E79%E72%20%3A%202%272%209%E79%E72%20B%27B%28%3A%20%3A%20%3A%20%3A%20%3A%28%3A%201%E8%3A%27%3A%27%3A%20%3A%20%3A%20%3A%20%3A%20%3A%27%3A%20%3A%20%3A%20%3A%20%3A%20%3A%20%3A%28%3A%27%3A%27%3A%20%3A%20%3A%20%3A%27%3A%20%3A%28%3A%28%3A%20%3A%27%3A%27%3A%27%3A%27%3A%28%3A%28%3AHB%28B%28BHB%28B%28%3AHBHBHB%28BhBHBHBHBhBhBI%3A%89J%88BiJiJ%89%3A%89c%20%5B,0,0.00,NA,0,0,0,0,0,0,NA,96
camera,21:30:25,Camera%2Fcontrol%20line%20discarded%3A%20too%20long,0,0.00,NA,0,0,0,0,0,0,NA,96
camera,21:30:25,Camera%2Fcontrol%20line%20discarded%3A%20too%20long,0,0.00,NA,0,0,0,0,0,0,NA,96
camera,21:30:25,Camera%2Fcontrol%20line%20discarded%3A%20too%20long,0,0.00,NA,0,0,0,0,0,0,NA,96
camera,21:30:26,Camera%2Fcontrol%20line%20discarded%3A%20too%20long,0,0.00,NA,0,0,0,0,0,0,NA,96
pico_reply,21:30:26,%21F%21%24%20%20%20%20%20%20%20%23%21%23%21%24%20%20%20%23%20%20%20%E4%20%20%20%20%21%24%20%20%20%24%29%E7%2A%20%2A%202%20%29%E82HB%89%3AJ2%29%2A%292%202%202%202%292%202%292%292%2A2%292%292%292%292%2A2J2J%3A%292%292%29%3A%29%3A%292I2J2J%3AI%3AJ%3AJ%3AJ%3AI%3AI%3AJ%3Aj%3A%8A%3Aj%3Aj%3AJ%3AJ%3A%8A%3A%8AB%8A%3A%8A%3A%AAJ%EBJ%CB%3A%8B%3A%AAB%8BB%8AJ%CABKJj2%20%3A%27%3A%27%3AH%3AG%3A%27%3A%20%3A%20%3A%209%E79%E7%3A%202%202%209%E71%E71%E71%E72%202%209%E79%E79%E7%3A%20%3A%20%3A%20%3A%202%202%202%20%3A%20%3A%20%3A%20%3A%20%3A%20%3A%20%3A%27%3A%27%3A%20%3A%202%272%27%3A%20%3A%20%3A%20%3A%20%3A%27%3A%20%3A%20%3A%20%3A,0,0.00,NA,0,0,0,0,0,0,NA,96
pico_reply,21:30:26,b%E9J%2A%3A%20%20%C62iJ%C8clR%A9J%AAJ%AAJ%A9J%A9J%A9B%8AB%C9J%A9B,0,0.00,NA,0,0,0,0,0,0,NA,96
pico_reply,21:30:26,%3B%28%95%2A%84sZ%CE%21H%20E1%E79%E99%E8%3AG%3A%29SJc%ADt%20tQ%7Cr%84%B2%8C%D2%94%D3%94%F3%94%F2%8C%F2%8C%D2%8C%B1%8C%91%84q%84o%7CPt%20s%CEknk%ADc%AD%5BnB%ADc%ECtO%84%B2%84%D2%84%D1%8C%B2%84%92%84%B1%8C%D1%8C%D2%8C%D2%8C%B2%8C%92%8C%B2%8C%F2%95%20%8C%D2%8C%B2%84%91%8C%F1%84%B2%84%B1%84%B2%84%92%84%92%8C%92%84%92%84%B1%8C%D1%8C%F2%94%D2%8C%93%7C%90%84%91%84%91%84%B1%84%91%84%B1%84%91%84%91%84%91%84q%84q%84%91%7Cp%7Cq%7Cq%7C1%7C1%7C%A3%20%C3%20%C3%20%C3%20%C3%20%C3%20%E3%20%E3%20%C3%20%E3%20%E4%20%E4%20%20%20%20%29%A6%29%86%29f%29f%21%86%21%85%29%86%20%26%20%C3%20%E3%20%C3%20%C2%20%C2%20C1%E5%29%E7%29%C6%29%86%29E%20%23%20%20%20%20%20%23%20%24%21%20%20%20%20%20%20%20%21%20%20,0,0.00,NA,0,0,0,0,0,0,NA,96
pico_reply,21:30:26,2%2A2J2J%3A%2A%3A%29%3A%29%3A%2A2%292I2J2I%3AI%3AI%3AJ%3AJ%3A%2A%3AJ%3Aj%3Aj%3Aj%3Aj%3Ai%3A%8A%3Ak%3Aj%3A%8AB%8AB%8A%3A%AAJ%CAJ%CB%3A%8B%3A%AAB%AB%3A%8BB%CAB%8BJ%EB%3A%8A%3A%89Bj%3AI2%28%3AHB%289%E81%E79%E72%202%202%202%202%201%E71%E79%E72%202%201%E79%E7%3A%20%3A%27%3A%272%202%202%202%202%27%3A%20%3A%20%3A%20%3A%20%3A%20%3A%20%3A%27%3A%27%3A%20%3A%202%272%27%3A%209%E8%3A%20%3A%20%3A%28%3A%20%3A%20%3A%20%3A%20%3A%202%20%3A%20%3A%27%3A%20%3A%27%3A%28%3A%20BG%3A%27%3A%28%3A%28%3A%28%3A%27%3A%27%3A%28%3AHBHBiBI%3Ah%3AhBiBHBHBiBhBhBhBhBiBiBhB%89J%89JiB%89B%88R,0,0.00,NA,0,0,0,0,0,0,NA,96
pico_reply,21:30:26,Z%EBZi9%A9%20E%20%A3J%C8%5BJ%ABJ%CAB%89J%A9J%A9J%AAJ%AAJiR%AB2%A9%7C%EAc%CF%8C0Z%AD%20%E7%29c1%A69%E7%3A%271%EA%3A%89S%2A%7C%2Ft%20tP%84%B1%94%F2%94%D4%8C%F3%95%20%8C%F3%8C%B2%84%B2%84%B1%8C%91%84P%7CP%7C%20s%EFs%EEs%EEk%CDk%AD%5BMK%2B%5B%AC%8C%F0%84%B2%84%D2%8C%D2%8C%D2%8C%F1%8C%D2%8C%D2%8C%D2%8C%B2%8C%B2%84%B2%8C%D2%8C%F2%8C%D2%8C%92%84q%8C%F1%8C%D2%8C%D2%84%B1%84%92%8C%92%8C%B2%8C%B1%94%F2%8C%D2%8C%D1%94%D2%84%93%84%B1%84%B1%84%92%84%91%84%91%84%91%84%91%84%91%84q%84q%84%91%7Cp%7C%91%7Cp%7CP%7C1%7C1%7C%A2%20%C3%20%C3%20%C3%20%C3%20%C3%20%E3%20%C3%20%C3%20%E4%20%C4%20%E3%20%E3%21D%29%86%29%86%29e%21%85%21%A6%21%A51%A6%20%20%20%C3%20%C3%20%C3%20%A3%20%82%20C,0,0.00,NA,0,0,0,0,0,0,NA,96
pico_reply,21:30:26,2%2A2J2J2%2A%3A%29%3A%2A2%292%292I2%2A2I2I%3AJ%3AJ%3A%2A%3AJ%3AI%3Aj%3Aj%3Aj%3A%8A%3A%8A%3A%8A%3Aj%3A%8A%3A%8A%3Aj%3A%8A%3A%AAB%AAB%8B%3A%8BB%AB%3A%AAB%8AB%8AJ%AAB%8BB%C9J%CB%3A%8A%3AH%3A%28%3A%28BHBH%3AH%3A%20%3A%20%3A%27%3A%20%3A%209%E79%E79%E79%E72%202%209%E71%E71%E7%3A%27%3A%27%3A%202%20%3A%202%202%202%20%3A%20%3A%20%3A%20%3A%20%3A%20%3A%272%27%3A%20%3A%20%3A%20%3A%20%3A%20%3A%20%3A%20%3A%20%3A%28%3A%27%3A%20%3A%20%3A%20%3A%20%3A%27%3A%20%3A%20%3A%20%3A%27%3A%27%3A%27%3A%27%3A%27%3A%27B%28%3A%27%3AGBH%3A%28%3A%28BHBhBhBgB%89BiBHBHBiBhBhBiBhBiBiBhB%89J%89BiB%89B%89B,0,0.00,NA,0,0,0,0,0,0,NA,96
pico_reply,21:30:26,S,0,0.00,NA,0,0,0,0,0,0,NA,96
camera,21:30:26,Camera%2Fcontrol%20line%20discarded%3A%20too%20long,0,0.00,NA,0,0,0,0,0,0,NA,96
pico_reply,21:30:26,i%3A%8A%3A%8A%3Aj%3A%8A%3A%AAB%AAB%8AB%8B%3A%8B%3A%AAB%AAB%8BB%8B%3A%8A%3A%AA%3A%CB%3A%AAJ%EBB%8B%3AIBHBhBiBh%3A%28%3A%20%3A%27%3A%209%E7%3A%202%201%E72%201%E79%E72%201%E7%3AG%3A%28%3A%20%3A%209%E71%E72%20%3A%209%E7%3A%20%3A%20%3A%20%3A%20%3A%27%3A%27%3A%20%3A%20%3A%20%3A%20%3A%20%3A%20%3A%20%3A%20%3A%28%3A%20%3A%20%3A%20%3A%20%3A%27%3A%27%3A%20%3A%20%3A%27%3A%27%3A%20%3A%20%3A%28%3A%28%3A%28B%28%3A%28%3AG%3AH%3AG%3A%28BHB%29BHB%87J%89%3AIBHBHBiBhBhBhBiBiBiB%88B%89JiJiB%89BiJ%89J%88J%89J%89J%89J%A9J%A9R%A9R%AAJ%8AJ%A9J%A9J%AAJ%AAJ%A9J%A9R%C9J%C9R%CAJ%CBJ%E9S,0,0.00,NA,0,0,0,0,0,0,NA,96
pico_reply,21:30:26,S%20S,0,0.00,NA,0,0,0,0,0,0,NA,96
pico_reply,21:30:26,R%E9%5B%2AZ%8A%29%A8%20D%29%A4%5B%29SKK%20J%A9B%89J%AAB%AAB%8AR%CAZ%EA%3A%AAS%27SL%84%20kO%3A,0,0.00,NA,0,0,0,0,0,0,NA,96
pico_reply,21:30:26,%20e1%E51%E7%3A%201%E8BIS,0,0.00,NA,0,0,0,0,0,0,NA,96
camera,21:30:26,Camera%2Fcontrol%20line%20discarded%3A%20too%20long,0,0.00,NA,0,0,0,0,0,0,NA,96
pico_reply,21:30:26,B%20%3A%20%3A%20%3A%202%20%3A%209%E7%3A%202%202%27%3A%20%3A%20%3A%20%3A%209%E7%3A%202%20%3A%201%E72%20%3A%20%3A%20%3A%27%3A%27%3A%20%3A%20%3A%202%20%3A%27%3A%20%3A%20%3A%27%3A%27%3A%20%3A%27%3A%20%3A%20%3A%27%3A%27%3A%20%3A%20%3A%27%3A%28B%20B%28B%28B%20B%28B%28BH%3A%28%3AH%3AGB%28BHBIB%28J%A7JhB%29BhBIBiB%88BhJIBiBhBiB%88J%A8J%89B%89B%89B%89B%A8B%A9J%A9J%A9J%A9J%A9J%89R%A9J%A9J%C9J%A9J%A9J%AAJ%A9R%C9J%A9R%A9R%CAR%CAS%20S,0,0.00,NA,0,0,0,0,0,0,NA,96
pico_reply,21:30:26,R%CAS%20S,0,0.00,NA,0,0,0,0,0,0,NA,96
pico_reply,21:30:26,S,0,0.00,NA,0,0,0,0,0,0,NA,96
camera,21:30:26,Camera%2Fcontrol%20line%20discarded%3A%20too%20long,0,0.00,NA,0,0,0,0,0,0,NA,96
pico_reply,21:30:26,%3AjBjBjBj%3A%8A%3A%8AB%8AB%8A%3A%AA%3A%8AB%8BB%8BB%8AB%AAB%CAB%AAB%CB%3A%AAB%CAJ%CAJ%CAJ%8ABj%3A%29%3Ah%3AhBhBI%3A%209%E71%E72%202%20%3A%27%3A%20%3A%202%202%27%3A%20%3A%20%3A%202%209%E7%3A%202%272%201%E8%3A%20%3A%20%3A%20%3A%27%3A%27%3A%20%3A%202%202%20%3A%27%3A%20%3A%27%3A%27%3A%27%3A%27%3A%20%3A%20%3A%20%3A%20%3A%28%3A%20%3A%20%3A%27%3AG%3A%20B%28%3A%20B%28%3A%28%3A%28%3A%28BH%3AH%3AHB%28B%28B%28BHB%87J%89BIBhBhBiB%88BhJHBiBiBiBhJ%C8J%A9BiJ%89BiB%A8J%89B%A9B%A9J%A9B%A9J%89J%A9J%A9J%A9J%A9J%A9J%AAJ%AAJ%A9R%EBR%AAR%CAR%CAR%CAR%EAR%CAZ%EBS,0,0.00,NA,0,0,0,0,0,0,NA,96
pico_reply,21:30:26,Z%EAS%20K%29k%8ARm1%A8%29%C5B%A7%5B%2B%5B%2BJ%CAJ%A9J%AAJ%CAJ%89J%A9R%AAJ%8BB,0,0.00,NA,0,0,0,0,0,0,NA,96
pico_reply,21:30:26,K%20%5Bi%8C%2FZ%AF%29H%21D%29%849%E79%E82%20%5BISms%CD%A5r%84%B3%84%B1%95%20%95%20%95%20%95%20%94%F3%8C%F2%8C%F2%8C%F1%84%91%7CQ%84O%84pt0t%20k%CEs%AEk%2FKSi%8C%B0%94%F2%8C%B2%8C%D2%8C%D2%8C%F2%8C%F2%8C%D2%94%D2%8C%D3%8C%D2%8C%D2%8C%D2%8C%D3%8C%F3%8C%D2%8C%D2%8C%F2%8C%B2%8C%D2%8C%D2%8C%D2%8C%D1%8C%D1%8C%D2%8C%F1%84%D1%8C%D1%8C%B1%8C%B1%84%B2%84%B1%8C%B1%8C%91%84%92%84q%84%B1%7C%90%84%91%84%91%8Cq%84R%7C0%7C0%7C0%7C%A2%20%C3%20%C3%20%C3%20%C4%20%C3%20%C3%20%C3%20%C3%20%E3%20%E3%20%20%20%24%21%86%21%A5%29e%21%85%21%C5%21%C61%E7%21%26%20%C3%20%C3%20%A3%20%A3%20%C2%20%2F1%E61%C7%29%86%20%E4%21%24%20%20%20%20%21%20%20%23%20%23%20%20%20%20%20%24%20%20%20%20%20%20%20%20%21%20%20%25%20%25%29%C9,0,0.00,NA,0,0,0,0,0,0,NA,96
pico_reply,21:30:26,9%EA%3A%29B%89B%AA2%20%3AI%3A%2A%3A%292%29%3A%2A2%2A2I2I2I%3AJ%3AiBIJ%2A9%E8%3AIJ%EA2%2A%3A%89%3AkB%8BBj%3AIB%8ABjB%8A%3A%8A%3A%8A%3A%AA%3A%AAB%AAB%8AB%8BB%8BB%8BB%AAJ%CBB%AAB%ABB%AAB%AAB%CAJ%CAJ%ABB%8BBiBiBiBhBHB%28%3A%28B%20%3A%209%E7%3A%20%3A%20%3A%202%20%3A%272%27%3A%20%3A%20%3A%20%3A%20%3A%27%3A%27%3AH1%E8%3A%20%3A%20%3A%202%20%3A%20%3A%209%E72%202%27%3A%20%3A%20%3A%20%3A%27%3A%27%3A%20%3A%27%3A%20%3A%20%3A%20%3A%20%3A%20%3A%27%3A%27%3A%27B%27BH2%27BhJi%3A%28B%28BHBHB%28BHBHB%28BHBhBHBHBHBhBiB%89BhJHBiBhJiBiBIBhB%89J,0,0.00,NA,0,0,0,0,0,0,NA,96
pico_reply,21:30:26,S,0,0.00,NA,0,0,0,0,0,0,NA,96
pico_reply,21:30:26,S%20%5B%20Jj1%C9%29%E8B%A9cJR%CAJ%A9J%A9J%CAJ%AAJ%A9J%AAJ%89JjBj%3A%C7%84l%84%2Fb%AC%29%A8%20%201%C7B%209%E9%3AG%2A%AAc%CB%A5%B3%7C%93%7C%91%84%B1%8C%B3%8C%F3%95%20%94%F3%94%D2%8C%D2%8C%F2%84%D1%8C%D1%84%B0%84ptQ%7C%2F%7C0%7B%EFs%EEc%AFJ%EDl%20%94%F1%8C%B3%8C%B2%8C%D2%8C%F2%8C%F2%8C%D2%94%D2%8C%D3%8C%D2%8C%D2%8C%D2%8C%D3%8C%F2%8C%D2%8C%D2%8C%F2%8C%D2%8C%D2%94%D2%8C%D2%8C%D2%8C%D2%8C%B2%8C%D2%84%D1%8C%D1%84%B2%84%D2%84%D2%84%B2%8C%B2%84%92%84%92%84%91%84%91%84Q%84%91%7CP%84P%841%7C0%840%840%84%A3%20%A4%20%A3%20%C3%20%C4%20%C3%20%C3%20%C4%20%C3%20%E3%20%E4%20%20%20%23%29%86%29%A6%29e%21e%29%C5%29%C6%29%86%20%E5%20%C2%20%C3%20%C3%20%C3%20%E2%20C1%C61%C7%21f%21%20%21,0,0.00,NA,0,0,0,0,0,0,NA,96
pico_reply,21:30:26,2%202%29B,0,0.00,NA,0,0,0,0,0,0,NA,96
pico_reply,21:30:26,9%E91%E71%C9A%AA1%87J%C8SmB%AC%21%CB2I%3A%2A2%292%29%3A%292%292I2I2J2JB%2AJ%2AB%20J%C7c%EFl%202N%3A%89%3AJBk%3AjB%8AB%8BBj%3A%8A%3A%AA%3A%AA%3A%AA%3A%AAB%AA%3A%8AB%8AB%8BB%8A%3A%8BB%8AB%CBB%ABB%AAB%CAB%CAB%AAB%ABB%8AB%8AB%8ABj2I%3AHB%89B%89BI%3A%20%3A%27%3A%28%3A%28%3A%27%3AH%3A%282%27%3A%20%3A%202%20%3A%27%3AH%3AHBh2%209%E7%3A%20%3A%20%3A%20%3A%209%E7%3A%202%202%272%27%3A%20%3A%20%3A%20%3A%20%3A%20%3A%27%3A%20%3A%20%3A%20%3A%20%3A%28%3A%27%3A%27%3A%27B%27B%28%3AHBHBh%3A%28B%27BHBHB%28BHBHB%28BHBiBiBHBHBHBiBiBhJHBhB%88JhJ,0,0.00,NA,0,0,0,0,0,0,NA,96
pico_reply,21:30:26,Z%EBR%EAR%EBS,0,0.00,NA,0,0,0,0,0,0,NA,96
pico_reply,21:30:26,%5BJkJZk%3A%29%21%A5J%C6S%20R%EBJ%AAJ%A9J%AAJ%89J%AAJ%89J%8AJi%3A%AASIs%AD%7B%CFRK%20%28%29%A4%3A%201%A89%E8%2F,0,0.00,NA,0,0,0,0,0,0,NA,96
camera,21:30:26,Camera%2Fcontrol%20line%20discarded%3A%20too%20long,0,0.00,NA,0,0,0,0,0,0,NA,96
camera,21:30:26,Camera%2Fcontrol%20line%20discarded%3A%20too%20long,0,0.00,NA,0,0,0,0,0,0,NA,96
pico_reply,21:30:26,%7C%20%840%7C%20%7C%20%7C%C3%20%A4%20%C4%20%C3%20%C3%20%C4%20%C3%20%E3%20%E3%20%E4%20%E4%20C1%C4%29%A6%29%86%21e%21%85%21%A51%A6%29g%20%E3%20%C3%20%C3%20%C3%20%E3%20%2F%29%C51%E71%C7%21%25%21%20%20%20%20%20%20%20%20%20%20%20%20%20%21%20%20%20%20%20%21%20%20%20%20%20%20%20%20%24%20e%29%E7%29%E8%29%C8%29%C8%29%E8%3A%8A%3Ai2I%2A%202%20%2A%20%2A%202%20%29%EA2%20%3A%2AA%C9B%209%E5%94%8E%8B%92c%2C%84%EB%CF%97%B6z%8C%F9%2A%202%29%3AI2I2%29%3A%292%292I%3AJ%3AJB,0,0.00,NA,0,0,0,0,0,0,NA,96
camera,21:30:26,Camera%2Fcontrol%20line%20discarded%3A%20too%20long,0,0.00,NA,0,0,0,0,0,0,NA,96
camera,21:30:26,Camera%2Fcontrol%20line%20discarded%3A%20too%20long,0,0.00,NA,0,0,0,0,0,0,NA,96
pico_reply,21:30:26,%3A%27%3A%20%3A%20%3A%20%3A%27%3A%20%3A%20%3A%20%3A%27%3A%27%3A%27%3A%20B%20%3A%20%3A%27%3A%20%3A%27%3A%27%3A%27%3A%28%3A%28%3A%28%3A%28%3A%28BHB%28%3A%28%3AH%3A%28BHBHBHBIBHBHBHBhB%88BhJhBhB%88JhJiJhJ%89J%89J%89J%88B%A8J%A9JiB%89B%A8J%A9J%88J%89J%89J%A9B%8AJ%CAJ%C9J%AAR%CAR%CAR%C9R%C9R%CAR%EAZ%EAZ%EAZ%EA%5B%20Z%ABZ%AAZ%EA%5B%20%5B%20%5B%20%5B%2Bc%2Ac%20Z%CBZ%AA%21%20%20%25J%E6%5BL%5B,0,0.00,NA,0,0,0,0,0,0,NA,96
camera,21:30:26,Camera%2Fcontrol%20line%20discarded%3A%20too%20long,0,0.00,NA,0,0,0,0,0,0,NA,96
pico_reply,21:30:26,%3A%AAB%AB%3A%CAB%CBB%CBC,0,0.00,NA,0,0,0,0,0,0,NA,96
pico_reply,21:30:26,B%EBJ%CBB%CAB%CBB%CBB%CBB%ABB%CBB%CAC,0,0.00,NA,0,0,0,0,0,0,NA,96
pico_reply,21:30:26,K,0,0.00,NA,0,0,0,0,0,0,NA,96
pico_reply,21:30:26,R%CB%3AjBhB%89J%89Bi%3A%28%3A%27%3A%282%20%3A%20B%28%3A%20%3A%27%3A%20%3A%20%3A%28%3A%28%3A%20%3A%20%3A%20%3A%202%20%3A%20%3A%20%3A%27%3A%27%3A%20%3A%20%3A%20%3A%27%3A%272G%3A%20%3A%27%3A%27%3AH%3A%20%3A%28%3A%27%3A%27%3A%27%3A%28%3A%28%3A%27%3AH%3A%27BH%3AH%3A%20BHB%28BHBHBHBH%3A%28BHB%88B%88BhJhBhB%88JhJiJiJ%89J%89J%89J%A9B%A9B%89J%A9J%A9J%C9J%C9J%A9J%89R%89R%AAB%A9J%CAJ%C9R%C9RjJ%A9S,0,0.00,NA,0,0,0,0,0,0,NA,96
pico_reply,21:30:26,R%EAR%C9R%CAZ%CAZ%EAR%CAR%EB%5B%20%5B%20Z%EC%5B%20%5B%20%5B,0,0.00,NA,0,0,0,0,0,0,NA,96
camera,21:30:26,Camera%2Fcontrol%20line%20discarded%3A%20too%20long,0,0.00,NA,0,0,0,0,0,0,NA,96
camera,21:30:26,Camera%2Fcontrol%20line%20discarded%3A%20too%20long,0,0.00,NA,0,0,0,0,0,0,NA,96
pico_reply,21:30:26,%8C%B3%8C%F2%8C%D2%94%D3%8C%B2%8C%D2%8C%D2%8C%D2%8C%D2%8C%D2%8C%B2%84%B2%84%B2%84%D2%84%D2%84%B2%84%92%84%91%84%B1%84%B1%8C%B1%84%91%7C%91%7C%91%84q%84q%7Cq%7Cp%84Q%84Q%84%C3%20%C4%20%C3%20%C4%20%C3%20%C3%20%E3%20%E3%20%E4%20%E3%20%23%21%84%29%A7%29%86%21f%29%85%21%A5%29%A6%21f%20%E4%20%C3%20%C3%20%C3%20%E3%20%20%29%842%28%29f%21F%20%20%20%20%20%20%20%E3%20%20%21%20%20%20%21%20%21%20%20%20%20%20%20%20%21%20%21%20%20%20%20%24%21%C7%29%E9%29%E9%29%C8%29%E8%29%E82%201%C81%E8%2A%202%20%2A%202%202%202%299%E9a%8AQ%A7%7B%E8%FF%FD%FF%FF%FF%FF%FF%FF%FF%FF%FF%FF%F7%FF%E7%BE%95%93%84%D3Ss%2F%20%3AI%3AI%3A%29%3A%29B%2AY%CAR,0,0.00,NA,0,0,0,0,0,0,NA,96
pico_reply,21:30:26,1%C6%FF%F5%FF%FF%94%D6%FF%FD%FF%FF%21N%F7%F3%F7%FF1%F0Z%28Bht%20%DEZc%20J%A7c%CFKNB%ACBl%3AKB%A9B%AA%3A%AAB%CAB%CAB%ABB%ABB%CB%3A%CBB%CAB%CBJ%CBJ%AAB%CBB%CBJ%CBB%CBB%CBJ%CCB%EBJ%EBJ%CBB%CAJ%EAB%CBBj%3A%89B%A8B%89B%89B%88BHB%28%3A%20%3A%28%3A%20%3A%27%3A%27%3A%27%3A%20%3A%20%3A%28%3A%20%3A%20%3A%20%3A%27%3A%27%3A%20%3A%20%3A%20%3A%20%3A%28%3A%27%3A%27%3A%28%3A%20%3A%27%3A%20%3A%28%3A%27B%28%3A%28%3A%28%3A%28%3A%27%3A%27%3AG%3AHBHBHBHB%28BGBGBhBhBHJhBhB%88B%89B%89JhB%88JiBIJIJ%89J%89J%89JiJ%A9J%A9B%89J%A9J%A9J%A9J%A9J%89R%AAJ%AAJ%A9J%E9J%C9J%EAJ%CAR,0,0.00,NA,0,0,0,0,0,0,NA,96
pico_reply,21:30:26,%5B%20%5B%20%5B%20%5B%20%5B%20Z%EBS%20R%EB%5B,0,0.00,NA,0,0,0,0,0,0,NA,96
pico_reply,21:30:26,%5B%20%5B%20S%2Acjc%20J,0,0.00,NA,0,0,0,0,0,0,NA,96
pico_reply,21:30:27,%29%861%E4Bh%5BkJ%CAJ%C9J%A9J%C9J%A9J%A9R%AA%3A%2B2iS%87%7C%20%83%F0R%8D%21%201%A4%3A%262IB,0,0.00,NA,0,0,0,0,0,0,NA,96
camera,21:30:27,Camera%2Fcontrol%20line%20discarded%3A%20too%20long,0,0.00,NA,0,0,0,0,0,0,NA,96
pico_reply,21:30:27,K%2AJ%EBB%CAB%A9J%89BIB%88B%88BHB%28B%27B%28%3A%28%3A%27%3A%20%3A%20%3A%20%3A%20%3A%20%3A%27%3A%20%3A%20%3A%27%3A%27%3A%27%3A%27%3A%20%3A%20%3A%27%3AG%3A%28A%E8%3A%20%3A%20B%28%3A%20B%27%3A%28%3A%28%3A%27%3A%27%3A%27%3AGBHBHBHB%28%3A%27BGBhBhBhBHBHBhB%88B%89BiBhB%89BiJIJiJ%89J%89J%89J%89J%89J%A9J%89J%89J%CAJ%AAJ%A9J%89J%89J%C9R%E9R%CAJ%C9J%C9R%EAR%CAR%CA%5B,0,0.00,NA,0,0,0,0,0,0,NA,96
pico_reply,21:30:27,%5B%2BR%E9R%EAR%EAR%CAZ%EA%5B%20%5B,0,0.00,NA,0,0,0,0,0,0,NA,96
pico_reply,21:30:27,%5B%2B%5B%2B%5B%20Z%EBS,0,0.00,NA,0,0,0,0,0,0,NA,96
pico_reply,21:30:27,%5B%2A%5B,0,0.00,NA,0,0,0,0,0,0,NA,96
pico_reply,21:30:27,%5B,0,0.00,NA,0,0,0,0,0,0,NA,96
pico_reply,21:30:27,cj%5B%2BS%20c%2Ak-B,0,0.00,NA,0,0,0,0,0,0,NA,96
pico_reply,21:30:27,%20%E8%20%A5%5B%88R%EBR%C9J%AAJ%CAJ%AAJ%AAJ%AAJ%AAJ%AA%3AI%5Bh%94%8C%7B%AFA%EA%29E%29%A61%E69%C9B%282Hc%CB%7C%20t2%84%D2%8C%D3%95%20%9D%20%95%20%9D%20%95%20%94%F2%94%F2%8C%D2%84%91%84%91%84q%7CptO%7C%2Fs%CEk%CFKmlN%8C%D2%8C%D3%94%B2%94%D2%8C%F2%8C%F2%8C%F2%8C%F2%8C%F2%8C%F2%8C%F2%8C%F2%8C%F2%8C%D2%8C%D2%8C%D2%8C%D2%8C%D2%8C%B2%8C%B2%8C%B1%8C%B1%8C%B2%8C%B1%8C%B1%84%B1%84%B1%7C%91%84%D2%84%B2%84%91%84%90%84q%84q%84%91%7C%91%7Cq%841%841%84%C3%20%C4%20%C3%20%C3%20%E4%20%E3%20%E3%20%E4%20%E3%20%E4%20%23%29%C5%21%A6%21%86%29%86%21%A6%21%C51%E7%21F%20%E3%20%C3%20%C3%20%A3%20%C3%20%20%21%841%C7%29%86%21%24%20%20%20%23%21%20%20%20%20%24%21%20%21%20%21%20%20%20%20%20%20%23%20%20%21%20%21,0,0.00,NA,0,0,0,0,0,0,NA,96
pico_reply,21:30:27,a%CB9%E7%9D%2B%FF%FF%93%7Dkl%FF%FD%C5%9Fkk%EF%FF%9D%20Y%ACZ%20R%E8%F7%F9%E7%3Fl%B5%C7v%C6%20%8C81%C9k%ACc%EFB%CCJ%CBJ%CB%3A%AASLB%8BB%ABB%CBB%EBB%CBB%CBB%ABB%CBB%CCB%CBB%CBJ%EBKB%CCJ%CBJ%EBJ%CBB%8BB%CBB%EBK%20B%EBK,0,0.00,NA,0,0,0,0,0,0,NA,96
pico_reply,21:30:27,J%CBB%8BJ%89B%89J%89Bi%3A%20%3A%27%3A%202%20%3A%27%3A%20%3A%20%3A%20%3A%20%3A%20%3A%20%3A%20%3A%20%3A%27%3A%27%3A%27%3A%27%3A%20%3A%27%3A%27%3A%28B%20%3A%20%3A%20%3A%28BHB%28%3A%28BH%3AHBHB%28%3A%28BHBH%3AHBhBhBH%3AhBhBhBhBHBhB%88BhJ%89BiJ%89BIJIJiB%89J%88J%89J%89J%A9R%89J%8AJ%C8J%AAJ%AAJ%A9J%89R%AAJ%C9R%E9S,0,0.00,NA,0,0,0,0,0,0,NA,96
pico_reply,21:30:27,B%AAJ%A9J%C9R%CAZ%EA%5B,0,0.00,NA,0,0,0,0,0,0,NA,96
pico_reply,21:30:27,%5B%2BR%CAJ%EAR%EAR%CAR%EBR%EBZ%EBR%EBS,0,0.00,NA,0,0,0,0,0,0,NA,96
pico_reply,21:30:27,%5B,0,0.00,NA,0,0,0,0,0,0,NA,96
pico_reply,21:30:27,R%EBS,0,0.00,NA,0,0,0,0,0,0,NA,96
pico_reply,21:30:27,%5B%20Z%EBS%20S%2Acl%5B%2Cc%2Bc%2BZ%EAA%EA%20%A62CS,0,0.00,NA,0,0,0,0,0,0,NA,96
pico_reply,21:30:27,%5B%20R%CBJ%CAJ%CAJ%AAJ%AAJ%CAR%AAJ%8AB%E8t,0,0.00,NA,0,0,0,0,0,0,NA,96
camera,21:30:27,Camera%2Fcontrol%20line%20discarded%3A%20too%20long,0,0.00,NA,0,0,0,0,0,0,NA,96
pico_reply,21:30:27,B%CCJ%EBJ%CCJ%CBJ%CAJ%ECJ%CBJ%ECJ%EBJ%EAJ%CAB%ABJ%A9B%A9B%A9B%89JiBHBGBGB%27%3A%20%3A%20%3A%20%3A%27%3A%20%3A%20%3A%20%3A%20%3A%27%3A%27%3A%20%3A%20%3A%27%3A%27%3A%27%3A%27B%20%3A%20%3A%27%3A%28B%28%3A%28%3AH%3AGBHB%28BHB%27B%28BHBhBhBHBhBhBHBhBhBHBhBhBiBHJ%88J%89BiJiJiB%89B%A8B%A8B%A9J%88J%89J%89R%C9J%CAJ%A9J%A9J%89J%AAJ%AAR%E8%5BKR%CAR%CAJ%CAR%EAR%CBJ%CAJ%EAR%CAR%EAR%EAR%EAR%EAR%EB%5B%20%5B%20R%EB%5B%20Z%EB%5B,0,0.00,NA,0,0,0,0,0,0,NA,96
camera,21:30:27,Camera%2Fcontrol%20line%20discarded%3A%20too%20long,0,0.00,NA,0,0,0,0,0,0,NA,96
pico_reply,21:30:27,%FE%EF%7Ft%20%A6.%B6V%A5%D9RRZ%A9B%86%84%B0%5BOB%8B2LB%CBJ%CBJ%CBB%AAB%CBB%EBJ%CBJ%CBB%CBC%20K%20J%CCB%CAB%CBJ%EBJ%CBJ%CCJ%EBJ%EBJ%EBJ%CBJ%CBJ%CBJ%CAJ%CA%3A%8AB%A9J%C9J%89BiBH%3A%20%3A%20%3A%27%3A%27%3A%27%3A%27%3A%20%3A%20%3A%20%3A%27%3A%27%3A%20%3A%20%3A%20%3A%27%3A%20%3A%27B%28B%28%3A%20%3A%28%3A%28%3A%28%3A%27%3AHBHB%28BHB%27B%28B%28%3AH%3AHBhBhBhBhBgBhBhBhBiBiJHBhB%89BiB%89JiBiJ%A9J%A9J%A9J%A9J%89J%89J%A9J%A9J%C9J%A9J%A9J%AAJ%AAR%C9%5BLR%CAR%AAJ%CAR%C9R%CAR%EAJ%EAR%CAS%20S,0,0.00,NA,0,0,0,0,0,0,NA,96
pico_reply,21:30:27,R%EAR%EAS,0,0.00,NA,0,0,0,0,0,0,NA,96
pico_reply,21:30:27,S,0,0.00,NA,0,0,0,0,0,0,NA,96
pico_reply,21:30:27,%5B%20R%CC%5B%20%5B%20S%2B%5B%2BcLZ%EBS%20c%2BcKcLSKckcjj%CA9%CB%20d2%24S,0,0.00,NA,0,0,0,0,0,0,NA,96
camera,21:30:27,Camera%2Fcontrol%20line%20discarded%3A%20too%20long,0,0.00,NA,0,0,0,0,0,0,NA,96
pico_reply,21:30:27,%CBB%CAJ%EBJ%CBJ%CBJ%EBB%CBJ%ECJ%ECJ%ECB%CBB%CBJ%EBC%20S%2BS%20J%EBJ%EBJ%EBJ%CBJ%EBJ%EBB%EAJ%CAB%8ABhBiBHBHB%28%3A%26%3A%27%3A%20%3A%20%3A%27%3A%20%3A%27%3A%20%3A%28%3A%20%3A%20%3A%20%3A%27%3A%27%3A%20%3A%27%3AG%3A%28%3A%20%3A%28%3AHBGBH%3A%27%3Ah%3A%28BH%3AHB%28BH%3AH%3AHBhBhJ%88BHBHBgBiBiBiBhBhBhBiJ%88J%89BiJ%89J%89J%89BiJ%88J%A9J%A9B%A9B%A9J%A9J%A9R%A9J%AAJ%AAR%A9%5B%2BR%CAR%AAJ%AAR%CAR%C9J%EAR%EAR%EAR%EAR%EAS,0,0.00,NA,0,0,0,0,0,0,NA,96
pico_reply,21:30:27,%5B,0,0.00,NA,0,0,0,0,0,0,NA,96
pico_reply,21:30:27,S,0,0.00,NA,0,0,0,0,0,0,NA,96
pico_reply,21:30:27,S,0,0.00,NA,0,0,0,0,0,0,NA,96
pico_reply,21:30:27,%5B%20R%AC%5B,0,0.00,NA,0,0,0,0,0,0,NA,96
pico_reply,21:30:27,%5B,0,0.00,NA,0,0,0,0,0,0,NA,96
pico_reply,21:30:27,%5B%20%5B%20cL%5B,0,0.00,NA,0,0,0,0,0,0,NA,96
pico_reply,21:30:27,%5B,0,0.00,NA,0,0,0,0,0,0,NA,96
camera,21:30:27,Camera%2Fcontrol%20line%20discarded%3A%20too%20long,0,0.00,NA,0,0,0,0,0,0,NA,96
pico_reply,21:30:27,%F7%FF%FF%FFQ%B21%E4%EF0%AD%99k%F0%84%91cp%3AIB%EBB%ECB%ACB%CCJ%EBJ%EBJ%CBJ%CBJ%ECJ%CCB%CBJ%CAJ%CBB%CAC%20S%2B%5B%2CJ%EBJ%EBJ%EBJ%CBJ%CCB%EBC,0,0.00,NA,0,0,0,0,0,0,NA,96
pico_reply,21:30:27,SLK%20J%EBJ%CAB%C9J%E9J%AAB%89%3AhBI%3A%28%3A%27%3A%27%3A%27%3A%27%3A%27%3A%27%3A%20%3A%27%3A%27%3A%27%3A%20%3A%27%3AG%3A%28%3A%20%3A%28%3AGBhB%27%3A%28%3A%28Bi%3A%27BHB%28B%28Bh%3AHBhBhBhB%28BHBhBiBiBiBiBhJ%88B%89J%88J%89BiJ%89J%89J%89B%89B%88J%88B%A9B%A9B%A9J%A9R%AAJ%A9J%AAJ%A9R%CAR%CAR%C9R%CAR%CAR%EAR%EAR%EAR%EAR%EAR%EAS,0,0.00,NA,0,0,0,0,0,0,NA,96
pico_reply,21:30:27,S,0,0.00,NA,0,0,0,0,0,0,NA,96
pico_reply,21:30:27,S,0,0.00,NA,0,0,0,0,0,0,NA,96
pico_reply,21:30:27,Z%EAS,0,0.00,NA,0,0,0,0,0,0,NA,96
pico_reply,21:30:27,%5B%2BR%CBR%CA%5B%20%5B%20R%EB%5B%2Bc%2Bc%20%5B%20%5B,0,0.00,NA,0,0,0,0,0,0,NA,96
camera,21:30:27,Camera%2Fcontrol%20line%20discarded%3A%20too%20long,0,0.00,NA,0,0,0,0,0,0,NA,96
pico_reply,21:30:27,9n%84%86%FF%FC%BE~%9D%D2%D68k%95Z%E8kn%5B%2CJ%CBJ%CAJ%CBJ%EBJ%EBJ%CCJ%CCJ%EBJ%EAR%EBB%CCJ%CBJ%CBB%CBB%8AB%EAJ%EBJ%EBJ%CBJ%CBJ%EBB%CBK%2BK%20J%EAK,0,0.00,NA,0,0,0,0,0,0,NA,96
pico_reply,21:30:27,J%EAJ%C9J%CAJ%89JhB%29B%20%3A%20BGB%27%3A%27%3A%27%3A%272%20%3A%262%20%3A%27%3A%27%3A%27%3A%27%3A%27B%20%3A%28BGBiB%27%3A%28B%28BH%3AGBHB%28%3AH%3AhBHBHBhBHB%28BhBhBhBiBhBhB%88J%88BiB%88B%89B%89BiJ%89J%89J%89J%A9J%A8J%A9J%A9J%A9R%A9R%CAJ%89J%A9J%CAR%CBJ%CAR%CAR%CAJ%EAR%CAR%EAR%C9R%EAR%EAR%EAS,0,0.00,NA,0,0,0,0,0,0,NA,96
pico_reply,21:30:27,S,0,0.00,NA,0,0,0,0,0,0,NA,96
pico_reply,21:30:27,S%20S,0,0.00,NA,0,0,0,0,0,0,NA,96
pico_reply,21:30:27,S,0,0.00,NA,0,0,0,0,0,0,NA,96
pico_reply,21:30:27,%5B,0,0.00,NA,0,0,0,0,0,0,NA,96
pico_reply,21:30:28,%5B,0,0.00,NA,0,0,0,0,0,0,NA,96
pico_reply,21:30:28,Z%EB%5B%2C%5B%20Z%EB%5B%2C%5B%2Bc%2B%5B%2BcKc%2C%5B%2BcKc%2C%5B%2B%5BJcJkm%29k%20eS%27clZ%CBR%CAR%CAR%CAR%CAJ%CAB%C9S%20%3Alk%EA%84-k.1%A9%21f1%E79%E8%3A%201%C7J%E9%5B%8C%7C2%8C%D2%84%B3%94%F3%95%20%953%9D%20%95%20%94%F3%95%20%94%B3%8C%B2%84%B1%84%90%84q%84%2F%7C0t%20c%EEc%ED%84%D0%95%20%94%D3%94%F2%8C%D2%8C%D2%94%F2%95%20%94%D3%94%F3%8C%F2%8C%F2%8C%F2%94%F2%94%F2%94%D3%8C%D2%8C%D2%8C%B2%8C%B2%8C%B2%8C%B2%8C%D2%84%B1%8C%91%8C%91%8C%92%8C%B2%84%B2%8C%D2%8C%D2%84%91%84%91%84Q%84p%84p%84%C3%20%C4%20%E4%20%E3%20%C4%20%C4%20%E4%20%E4%20%23%20%24%21%86%29%A6%29f%29%86%29%C51%C6%29%87%21%26%20%C3%20%C3%20%C3%20%C3%20%E3%20%231%A5%29%86%29e%20%20%21%24%21%20%21,0,0.00,NA,0,0,0,0,0,0,NA,96
pico_reply,21:30:28,%DFl%F7%FF%B5%DFB%91B%CAB%8A2%29%3A%29%3A%29B%20Y%A9%3A%24%C6%2B%FF%FF%AD%7F%FF%F8%FF%FFR%98%EF%F2%FF%FF%9C%3FBJ%FF%D2%FF%FFJ%96%F7%F6%F7%FF%BC%9C%ADU%94O%FF%FF%9C%FA%FF%B8%FF%BF1%AC%C6%F7%FF%CF%20%DF%5B%CDw%7C%20%7B%EA%9D%20%8C%92kpB%8AB%AAB%8BB%ABJ%CBJ%ABB%CBS%20R%ECB%8CJ%CBJ%CBB%CAJ%CBJ%CBB%EBJ%EBJ%CCJ%CBJ%CBJ%EBC%20K%20B%EBB%CAJ%CAJ%CAJ%AAJ%A9J%88BiJ%89Bi%3A%28%3A%27%3A%20%3A%27%3AGBH%3A%28%3A%27%3A%27%3A%20%3A%27%3A%27%3A%27B%20%3A%28%3A%20BHB%28%3A%28B%28BH%3AG%3AGB%28%3AH%3AHBHBHBhBHBiBiBiBiBhJ%88B%89B%89B%A8B%88B%88B%A9J%A9J%89B%89J%89J%A9R%C9R%C9J%A9,0,0.00,NA,0,0,0,0,0,0,NA,96
pico_reply,21:30:28,S%2AR%EB%5B%20S,0,0.00,NA,0,0,0,0,0,0,NA,96
pico_reply,21:30:28,J%EAS,0,0.00,NA,0,0,0,0,0,0,NA,96
camera,21:30:28,Camera%2Fcontrol%20line%20discarded%3A%20too%20long,0,0.00,NA,0,0,0,0,0,0,NA,96
pico_reply,21:30:28,%F7%FD%EF%FF%FE%BD%B5%FB%E6%92%FF%20BM%FF%F3%FE_cF%FF%F5%FF%FF%EF%FA%F7%FF%E6%2Ft%20%8C%CB%C6%95%CE%97%83%F5Z%CA%5B%20R%CCJ%CAJ%ABJ%EBSLS%20S%20J%ACJ%CBJ%CBJ%EBJ%EBJ%EBJ%EBK%20J%CCJ%EBJ%CBJ%CBK%20J%EBK%20J%CAJ%EBJ%CAJ%CAJ%CAJ%C9J%CAJ%E9J%A9JiB%27%3A%27BG%3AGBGB%28%3A%27%3A%27B%20B%20%3A%27%3A%27%3A%28B%20%3A%27%3A%20%3A%28%3A%28B%28B%28%3A%27BHBH%3AH%3AHBHBH%3AHBhBhBiB%89BiBhBhB%89B%89J%A8B%A8B%88J%89J%89J%89J%89B%A8J%A9J%A9J%A9J%A9J%A9R%A9J%A9R%A9R%AAR%A9J%CAJ%CAJ%C9R%E9R%EAR%CAJ%EAJ%EAS%20S%2AS,0,0.00,NA,0,0,0,0,0,0,NA,96
pico_reply,21:30:28,S,0,0.00,NA,0,0,0,0,0,0,NA,96
pico_reply,21:30:28,S,0,0.00,NA,0,0,0,0,0,0,NA,96
pico_reply,21:30:28,Z%EBS%2BS%2A%5B%2AZ%EB%5B,0,0.00,NA,0,0,0,0,0,0,NA,96
pico_reply,21:30:28,%5B%20%5B,0,0.00,NA,0,0,0,0,0,0,NA,96
camera,21:30:28,Camera%2Fcontrol%20line%20discarded%3A%20too%20long,0,0.00,NA,0,0,0,0,0,0,NA,96
pico_reply,21:30:28,%FF%FF%E7%3F%FF%FD%CD%FEcS%FF%FA%9C%DF%A4%8D%FF%FF%C6%20%FF%FF%EF%FF%F7%FD%95%2F%EF%F9%CF%20%D6x%83%D7%5Bk%95%20k%92B%A9S,0,0.00,NA,0,0,0,0,0,0,NA,96
pico_reply,21:30:28,K%20%5BMS%2FS%20J%CBJ%CBJ%EBJ%CBJ%EBJ%EBJ%EBJ%EAJ%EBJ%EBJ%CBJ%CBJ%EBB%ECB%EBK%20J%EBJ%CBJ%CBJ%AAJ%CAJ%C9B%A9B%A8J%C9J%AABIB%28%3AHBHB%27%3A%27%3A%20B%20B%20B%28%3A%27B%28B%20%3A%28%3A%28B%28%3A%28B%28B%28%3A%27BHBHB%28BHBHBHBhBhBHB%89BiBiBiJhBiB%88B%A8J%88J%88J%C9J%89J%89J%89B%A9J%89J%A9J%A9J%A9J%A9R%89J%A9R%C9R%A9J%CAJ%C9J%CAJ%A9J%E9J%EAR%EAJ%EAJ%CAK,0,0.00,NA,0,0,0,0,0,0,NA,96
pico_reply,21:30:28,S%20R%EAS,0,0.00,NA,0,0,0,0,0,0,NA,96
pico_reply,21:30:28,%5B,0,0.00,NA,0,0,0,0,0,0,NA,96
pico_reply,21:30:28,Z%EBS,0,0.00,NA,0,0,0,0,0,0,NA,96
pico_reply,21:30:28,S%29%5B,0,0.00,NA,0,0,0,0,0,0,NA,96
pico_reply,21:30:28,Z%EA%5B,0,0.00,NA,0,0,0,0,0,0,NA,96
camera,21:30:28,Camera%2Fcontrol%20line%20discarded%3A%20too%20long,0,0.00,NA,0,0,0,0,0,0,NA,96
pico_reply,21:30:28,%FF%FE%C6%3F%FF%F8%FF%FF%FF%FF%A5%2F%B5%AF%FF%FF%9D%20%FFO%EF%9F%FF%20%E7%7C%EFX%FF%FD%DE%FF%EF%FF%E7%FF%FF%FE%84%7C%9Dl%D6%98%845cJs%CEc%AEc%8ES.S%20J%ECJ%CBJ%CBJ%CBJ%CBJ%CBJ%EBK%20J%CBJ%EBJ%EAJ%EBJ%EBJ%ECB%CBS%2BJ%EBJ%CBR%ECJ%CBJ%EAJ%EAJ%EAK%20J%E9J%C9J%89J%89BIBgJhBH%3A%20B%20%3A%20B%28%3AG%3A%28B%28%3A%28%3A%28%3A%28%3AHB%27%3A%28%3A%28BHB%28BHBH%3AHBhBh%3AhB%88BiJIBIBHJhJhBhJ%A9J%A9J%89BiJ%88JiB%A8B%A9J%89J%A9J%A9J%A9J%A9J%A9R%A9J%CAJ%AAJ%CAJ%C9J%E9S,0,0.00,NA,0,0,0,0,0,0,NA,96
pico_reply,21:30:28,%5BKS%20R%EAR%EAR%EAK,0,0.00,NA,0,0,0,0,0,0,NA,96
pico_reply,21:30:28,R%EAR%EAR%EBS,0,0.00,NA,0,0,0,0,0,0,NA,96
pico_reply,21:30:28,S%2A%5BKS%2A%5B,0,0.00,NA,0,0,0,0,0,0,NA,96
pico_reply,21:30:28,%5B,0,0.00,NA,0,0,0,0,0,0,NA,96
pico_reply,21:30:28,%5B%2A%5B%2A%5B%2B%5B%2B%5B%2A%5B%2Bc%2BcKcL%5BJcjc%2Bc%2CcLc%2CcL%5Bl%5BlcLc%2BkmR%CC%21I%29%C7R%EAJ%8AJ%CBR%CBJ%CBR%AAZ%ABJ%A9S,0,0.00,NA,0,0,0,0,0,0,NA,96
camera,21:30:28,Camera%2Fcontrol%20line%20discarded%3A%20too%20long,0,0.00,NA,0,0,0,0,0,0,NA,96
pico_reply,21:30:28,J%ABJ%CBJ%CCB%CBJ%EBJ%EBB%CAJ%CBJ%CBJ%EBJ%CBS%20J%CAJ%CBJ%CBJ%ECJ%EBK%20J%EBK%20J%CAB%EAJ%CAJ%A9J%A9BiBHBHBh%3A%28B%28%3A%28B%28%3A%27%3AHB%28%3AHB%28%3AH%3AH%3AHB%28B%28BHB%28BHBH%3AhB%88BhB%88B%88BiBiBIBHJhJ%A9BiJ%89J%89J%89BiJhJiB%A9B%A9J%A9B%A8J%A8J%A9J%A9J%A9J%A9J%CAJ%CAJ%C9R%C9R%E9S%20cK%5B%20R%EAR%EAS,0,0.00,NA,0,0,0,0,0,0,NA,96
pico_reply,21:30:28,R%EAR%CAR%EAR%EAS%2AK%2AS,0,0.00,NA,0,0,0,0,0,0,NA,96
camera,21:30:28,Camera%2Fcontrol%20line%20discarded%3A%20too%20long,0,0.00,NA,0,0,0,0,0,0,NA,96
pico_reply,21:30:28,%FF%DFr%94R%E5%FF%B4%F7%BF%A51%FF%FF%FF%FF%FF%20%3A%20%FEK%EF%9E%E6%91%F7%20%8Cq%FF%FD%CE%7D%DE2%FF%20A%AD%94%8C%FF%FE%EF%BD%DF%95%EF%FF%FF%DE%A4%DB%8C%8F%AEu%CE%D7%84%BAJ%8AJ%EBB%EBJ%EAJ%ABJ%ABJ%CBJ%CCB%CAJ%EBJ%EBJ%CBJ%CBJ%EBJ%EBJ%EBS%20B%CAJ%EBJ%ACJ%CCJ%CBJ%EBJ%EBJ%EAJ%EAJ%CAB%CAJ%C9J%EAJ%AAJ%A9B%88B%A8J%A8BhBHB%28BHBHBHBHBh%3AH%3AH%3AH%3A%28BI%3A%28BH%3AhBHBHBhBhB%88BhBiBiBiBiJ%89BiBhB%A9J%89JiJiJhJ%89J%A9J%89J%A9J%A8J%A8J%A9J%A9J%A9J%C9J%CAJ%CAJ%C9R%CAJ%C9R%E9%5B%2A%5B%2CZ%EAS,0,0.00,NA,0,0,0,0,0,0,NA,96
pico_reply,21:30:28,%5B,0,0.00,NA,0,0,0,0,0,0,NA,96
