type,received_at,event_text_encoded,uptime_s,temp_c,gyro_z_dps,command_value,random,pd0,pd1,pd2,pd3,photoreflector_adc,wifi_signal_quality
pico_reply,21:31:34,%FF%FF%A5%3E%C6%D1%FF%FF%7B%FB%9DK%FF%FF%A3%FEJ,0,0.00,NA,0,0,0,0,0,0,NA,98
camera,21:31:34,Camera%2Fcontrol%20line%20discarded%3A%20too%20long,0,0.00,NA,0,0,0,0,0,0,NA,98
pico_reply,21:31:34,s%8Es%8F%5B-%7C.%8C%D2%94%F3%8C%B3%8C%B2%8C%B3%84%93%8C%D2%8C%B2%8C%B2%8C%92%8C%92%8C%B2%8C%B3%8C%B3%8C%D3%8C%D3%84%B2%84%92%84%92%84%92%84%92%8C%92%8Cr%8CR%84r%8Cr%8Cr%84q%84%92%84%92%84%92%84q%7Cq%84Q%7C1%7C1%7C%E4%20%E4%20%A4%20%E51%C6%29%A7%29%86%29%87%29%871%C71%E7%21%26%20%84%20%E3%20%C3%20%C3%20%A3%21D%29%A7%29%87%21e%20%20%20%20%20%20%21%20%21%20%21%20%20%20%20%20%20%20%20%E4%21%20%21%20%20%E4%21%20%20%20%21%24%20%252%20%29%E91%C8%29%C9%29%E9%29%E92%20%29%EA%29%E9%29%C9%21%A8%21%C8%29%E8%29%C91%E9%3A%209%EAAJYH%7B%E8%D7%20%FF%FF%84Y%CEl%F7%FF%FF%FF%B4%20J%87%F7%F7%FF%FF%8C%DF2%2B%3Aj%2A,0,0.00,NA,0,0,0,0,0,0,NA,98
camera,21:31:34,Camera%2Fcontrol%20line%20discarded%3A%20too%20long,0,0.00,NA,0,0,0,0,0,0,NA,98
pico_reply,21:31:34,s%F1%7CR%84%94%8C%D4%94%F4%94%F4%94%F3%94%F3%94%F3%8C%B3%94%B2%84%92%7C0%8Cp%84Pk%D0%7B%CEs%AFc%8Ec%AE%7Cp%8C%93%94%B3%8C%B3%84%B2%8C%B2%8C%F2%8C%B2%8C%B3%8C%B2%8C%B2%8C%B2%8C%B3%8C%B3%8C%B3%8C%D3%84%B2%84%92%84%92%84%92%84r%8C%92%8Cr%84r%84r%84Q%8C%92%84%91%84%91%8C%B2%84%92%84q%7Cq%84Q%841%841%84%E4%20%E4%20%20%20E%29%A7%29%A7%29%87%29%87%21%87%29%C71%C7%20%20%20%C3%20%C3%20%E3%20%C3%20%E3%21C1%C7%21F%21e%21%24%20%20%20%E4%21%20%21%20%20%20%20%20%20%20%20%20%20%E4%21%20%21%20%21%20%20%20%21%20%20%24%20e%2A%20%29%E91%C91%C9%29%E9%29%E91%C9%29%E9%29%E9%29%C9%21%A9%21%C8%29%E8%29%E9%29%E91%EAI%CAQ%C8JG%CEs%FF%FE%FF%FF%8CZ%F7%FB%EF%FF%FF%FF%93%BFs%C9%FF%FF%DE%BF2%202iB%AA2,0,0.00,NA,0,0,0,0,0,0,NA,98
camera,21:31:34,Camera%2Fcontrol%20line%20discarded%3A%20too%20long,0,0.00,NA,0,0,0,0,0,0,NA,98
pico_reply,21:31:34,%F3%94%D4%94%F4%94%F3%94%F4%94%93%8C%B2%8C%B2%84%B2%84Q%7Cps%EF%7B%CF%7B%CFk%8Ek%8Fk%AD%8C%B1%94%B2%8C%B3%84%92%8C%B2%8C%D2%8C%B3%8C%D3%84%B2%84%B2%8C%B2%8C%B2%8C%B2%8C%B2%8C%B3%84%93%84%92%8C%92%8Cr%84%92%8C%92%84r%84r%8C%91%8Cr%84r%84r%8C%92%84R%7CQ%7Cq%84q%84Q%7C1%7C1%7C%E4%20%E4%20%20%29%A51%E81%871g%29%87%29%C6%29%E71%E8%20%C5%20%C3%20%C3%20%E3%20%C3%20%C3%29%84%29%A7%21F%21E%20%20%21%20%20%20%20%20%21%20%20%E4%21%20%20%20%20%20%20%20%21%20%20%20%21%20%20%E4%21%20%20%24%20%86%29%E8%29%E9%29%E9%29%E9%29%E9%29%E9%29%E9%29%E9%29%E9%29%C9%21%A9%21%E8%29%E8%29%E91%E91%E9Q%8AA%28%7B%E7%FF%FA%FF%FF%EE%BF%94%B4%F7%FC%E7%FF%FF%FFs%FA%D6%A8%FF%FF%84%BF%2A,0,0.00,NA,0,0,0,0,0,0,NA,98
camera,21:31:34,Camera%2Fcontrol%20line%20discarded%3A%20too%20long,0,0.00,NA,0,0,0,0,0,0,NA,98
pico_reply,21:31:34,%2A%20%5Blc%90t2%84%92%95%20%94%D4%94%F4%95%20%94%F3%94%D3%8C%D3%84%92%8C%B2%84q%7CQ%7C0%7B%EF%7B%CFs%CEk%90%5BN%84O%94%D4%8C%B3%8C%B3%8C%B2%8C%B2%8C%B3%8C%D3%8C%B3%8C%B3%8C%B2%8C%B2%8C%B2%8C%B2%8C%B3%8C%92%8C%92%8C%93%8Cr%84%92%84%92%84q%8Cr%84%92%84%92%84r%84r%84q%84q%7Cq%84q%7C1%84Q%841%841%84%E4%20%E4%20%24%29%A5%29%A8%29%87%29g%29%A7%29%C61%C7%29%87%20%E4%20%C3%20%C3%20%E3%20%20%20%231%E6%29%88%29E%21%25%21%20%21%20%20%20%20%20%20%E4%20%E4%20%E4%20%20%20%20%20%20%20%20%20%20%21%20%21%20%21%24%20%25%21%A6%29%C9%29%E9%29%E9%29%C9%29%E8%29%E9%29%E9%29%E8%29%E9%29%E9%21%A9%21%E8%29%C8%29%E91%E9A%89Q%AA%29e%B5%8D%FF%FF%FF%FF%EE%7F%AD%97%FF%FA%FF%FF%FF%FFB%20%EF%F4%FF%FFJ%BD2%28%3A%29%3A,0,0.00,NA,0,0,0,0,0,0,NA,98
camera,21:31:34,Camera%2Fcontrol%20line%20discarded%3A%20too%20long,0,0.00,NA,0,0,0,0,0,0,NA,98
camera,21:31:34,Camera%2Fcontrol%20line%20discarded%3A%20too%20long,0,0.00,NA,0,0,0,0,0,0,NA,98
pico_reply,21:31:34,J%ABJ%AAJ%AAJ%8AJiJIJ%27B%20A%C6A%E69%C69%A61%A61%A51e1e%29e%29e%29E%29E%29E%29%24%29%25%29%25%21%24%21%24%21%20%21%20%21%24%21%20%21%20%21%20%20%E4%20%E4%20%E4%21%20%21%20%20%20%21%20%20%E4%20%20%20%20%20%E4%20%E4%20%E3%20%E3%20%E3%20%E3%20%E3%21%20%21%20%21E%29d9%E61%C7JHJ%A9J%AAR%89J%CAJ%A9R%AAR%AAR%AAR%CBR%EBR%EBR%EBR%EBR%CBR%CAZ%EBR%EBR%EBR%EBZ%EBR%EA%5B%20Z%EBZ%EB%5B%20%5B%20S%2B%5B%2C%5B%2BcLc-c%2Cc%2Cc%2C%5B%20%5B%2Cc%2CcL%5BLcLclcm%5BMcMcl%7Bms%8F9%EB%20%27%3AFc,0,0.00,NA,0,0,0,0,0,0,NA,98
pico_reply,21:31:34,JjB%2AB%29BHBIBJB%29%3AJ2%20SI%8C%ABZ%AC%29%2A%21%201%A51%A79%C9%21%882hl%20%7C1%84%93%84s%8C%D4%94%D4%9C%F4%95%20%94%F3%94%D3%8C%92%8C%B1%8C%92%84q%84Q%84P%7C0%7B%CFs%CFS-t.%8C%B2%8C%B4%8C%B2%8C%F3%8C%D3%8C%93%8C%B3%8C%92%8C%B2%8C%B2%8C%D2%8C%B2%8C%93%8Cs%8Cr%84%93%8Cr%8Cr%84%92%8C%B1%84%92%84%92%84%91%84r%84%92%7Cq%84Q%842%7CQ%7CP%84R%840%840%84%C5%20%C4%20D%29%861%E7%29%86%29%871%A7%29%E71%C7%21%27%20%C3%20%C3%20%C3%20%C3%20%20%20%201%A7%29%A7%21D%21%20%20%E4%21%20%20%20%20%20%21%20%20%20%20%20%21%20%20%20%20%20%20%20%20%20%20%20%21%20%21%20%20%26%29%C7%29%EA%29%E9%29%E9%29%E9%29%E8%29%E9%29%E9%2A%20%29%E9%29%E9%29%C9%21%C9%29%C8%2A%201%C9IiI,0,0.00,NA,0,0,0,0,0,0,NA,98
pico_reply,21:31:34,%F7%FD%D6%DF1%F0BJ%3AJ%3AK2J2%2A%3A%20%3A,0,0.00,NA,0,0,0,0,0,0,NA,98
camera,21:31:34,Camera%2Fcontrol%20line%20discarded%3A%20too%20long,0,0.00,NA,0,0,0,0,0,0,NA,98
pico_reply,21:31:34,%7C%20%7CP%7C0%95%20%94%D4%94%F4%95%20%95%20%94%F4%8C%93%8C%B3%8C%B2%84q%84Q%7CQ%7C0%7B%AFs%AF%5Bnc%8D%84P%94%D2%8C%B3%8C%93%8C%B2%8C%B1%8C%B2%8C%92%8C%B3%8C%B3%84%B2%8C%D2%8C%93%84s%8C%92%84%92%8Cr%8C%92%8C%92%8C%B2%84%92%84%92%84%91%84%91%7C%92%7Cr%84Q%84Q%7Cq%7CP%842%7C0%7C0%7C%E5%20%C4%21d%3A%201%A7%29%86%29%87%29%C7%2A%201%E8%20%E5%20%A4%20%A3%20%A3%20%A3%20%C2%20d1%C7%21%86%21E%21%20%21%20%20%20%20%20%20%20%20%20%20%20%20%20%20%20%20%20%21%20%20%20%20%20%21%20%21%20%21%25%20%252%20%29%E9%29%E9%29%E9%29%E9%29%E8%29%E9%29%E9%29%E9%29%C9%29%E81%E9%21%A9%29%C8%29%E99%C9QiY%20kj%FF%F9%FF%FF%FF%FF%EF%7F%FF%FF%EF%FF%FF%DFJ%B3%C6%20%F7%FF%9D_1%CB%3A%2B%3A%2A2J2%2A%3A,0,0.00,NA,0,0,0,0,0,0,NA,98
pico_reply,21:31:34,%3A%20%3A,0,0.00,NA,0,0,0,0,0,0,NA,98
pico_reply,21:31:34,%3A,0,0.00,NA,0,0,0,0,0,0,NA,98
pico_reply,21:31:34,B%29J,0,0.00,NA,0,0,0,0,0,0,NA,98
camera,21:31:34,Camera%2Fcontrol%20line%20discarded%3A%20too%20long,0,0.00,NA,0,0,0,0,0,0,NA,98
pico_reply,21:31:34,%F3%8C%93%94%F4%95%20%95%20%9D%20%94%D5%94%D3%8C%D2%8C%B2%8C%92%84Q%84Q%83%F0s%F0s%8F%5Bok%ED%84%90%8C%94%8C%B3%8C%B2%8C%B2%8C%D2%8C%D3%8C%B3%8C%B3%8C%D2%8C%D2%8C%93%8Cs%84%92%8C%B2%8C%92%84%91%8C%92%84%92%8C%B2%84%92%84r%84r%84q%84q%84Q%84Q%84Q%84P%842%7C%20%7C%20%7C%E4%20%E4%21%841%C8%29%A71%86%29%86%29%A71%E71%C8%20%E5%20%C2%20%C3%20%A3%20%C3%20%20%21d%29%86%21e%21%24%20%E4%20%20%20%20%20%20%20%20%20%20%20%20%20%20%20%20%20%20%20%20%20%20%20%20%21%20%21%20%20%25%20%85%29%E9%29%E9%29%E9%29%C9%29%E9%29%E9%29%E9%29%E9%29%C9%29%C9%29%E9%29%E9%21%C9%29%C8%29%E99%A9Y%89Yfs%A9%FF%FB%FF%FF%FF%FF%CE%7D%FF%FC%FF%FF%FF%FFc7%E7%F8%F7%FF%5B%20BJ9%E9%3A,0,0.00,NA,0,0,0,0,0,0,NA,98
pico_reply,21:31:34,2%2A2%2A%3A%2A%3A,0,0.00,NA,0,0,0,0,0,0,NA,98
pico_reply,21:31:34,%3A,0,0.00,NA,0,0,0,0,0,0,NA,98
pico_reply,21:31:34,%3A%20%3A,0,0.00,NA,0,0,0,0,0,0,NA,98
pico_reply,21:31:34,A%EA%3A,0,0.00,NA,0,0,0,0,0,0,NA,98
pico_reply,21:31:34,B,0,0.00,NA,0,0,0,0,0,0,NA,98
camera,21:31:34,Camera%2Fcontrol%20line%20discarded%3A%20too%20long,0,0.00,NA,0,0,0,0,0,0,NA,98
pico_reply,21:31:34,%20%94%F3%95%20%9C%F4%94%F4%94%F3%94%F3%8C%B3%84R%84q%84R%7C%20%7C0%7B%F0k%B0c%8E%7C%20%8C%91%8C%B2%8C%B2%8C%D2%8C%D2%8C%F3%8C%B2%8C%93%8C%D2%8C%B3%8C%B3%8C%92%84%92%8C%B2%8C%B2%8C%92%8C%91%84%92%8C%92%8C%92%8Cr%84q%84q%84q%84q%84Q%84Q%840%841%7C%20%7C%20%7C%E4%20%C4%21%A51%A7%29%A81%86%29%C7%29%E81%E71%A8%20%A3%20%C3%20%A3%20%C3%20%E3%20%20%29%C6%29%87%21E%21%25%20%E4%20%20%20%20%20%20%20%20%20%20%20%E4%20%20%20%20%20%20%20%20%21%20%21%20%20%E4%21%20%20%24%21%E6%2A%20%29%E91%E9%29%C9%29%E9%29%E9%2A%20%29%E91%C9%29%C9%2A%20%29%E9%21%C9%29%A8%29%C99%89a,0,0.00,NA,0,0,0,0,0,0,NA,98
pico_reply,21:31:34,%29%A4%D6%C9%FF%FF%FF%FF%F5%FF%ACq%BD%D5%FE%9C%CE%7B%C6%EF%FF%E7%DFJ%D52%2B2,0,0.00,NA,0,0,0,0,0,0,NA,98
pico_reply,21:31:34,%3A%2A2%2A2%2A2,0,0.00,NA,0,0,0,0,0,0,NA,98
pico_reply,21:31:34,2,0,0.00,NA,0,0,0,0,0,0,NA,98
pico_reply,21:31:34,2%29%3A%20%3A%2A%3A%2A%3AJ%3AK%3AJBK%3A%2BA%8AAh%3A%20R%AEY%CCY%88R%E7%FF%F1%F7%FF%FF%FF%EF%7F%F6%98%FF%DF%CEu%FF%FF%E7%FD%FF%FF%B3%DCR%A6%F7%B0%FF%FF%FF%FF%CE%9C%EF%91%FF%FF%E6%7F%B5%D6%FF%FD%9D%20%DE%20%FE%DFc1%FF%F7%E7%FF%EF%FF2%94B%CBB%CCJ%CCJ%EBB%CBB%EBJ%CCJ%ADJ%ACJ%ABB%ABB%ABJ%CBJ%CCJ%ACJ%ABJ%ABJ%CDJ%CBJ%CBJ%CBJ%8BJjJ%8BJ%8BJjB%2ABIJIB%29B%29J%20A%E99%E79%C71%C69%E69%C69%A69%861e%29E%29E%29E%29%25%21%24%21%24%21%20%21%24%21%20%21%20%21%20%21%20%21%20%29D%21%20%21%20%21%20%21%20%21%20%21%20%20%E4%20%E4%20%E3%20%E3%20%C3%20%C3%20%C3%20%C4%20%E4%20%E4%29%25%29e9%A61%C7%3A%26R%C9J%A9J%A9J%A9S%20R%EAR,0,0.00,NA,0,0,0,0,0,0,NA,98
pico_reply,21:31:34,kM9%8B%21%20%29%859%C69%E81%E82%88k%EDtR%84%93%8C%F4%8C%D4%94%F4%9C%F4%94%F3%94%F4%8C%D3%8C%D3%8C%92%94%92%8Cr%84%20%7C%20%7C%20s%F0cpc%AD%7CO%94%D3%8C%B2%8C%B2%84%B2%84%B2%8C%93%84%B3%8C%B2%8C%B3%8C%B3%8C%92%8C%92%8C%B2%8C%B2%84%92%8Cr%84%92%84q%84q%8Cr%84q%84q%84Q%7C1%84Q%841%840%841%841%841%84%E4%20%E4%29%A51%C8%29%A7%29%A7%29%C7%29%E79%E8%29h%20%C2%20%C3%20%C3%20%C3%20%E3%20%2F1%C7%21f%21e%21%25%20%20%20%20%20%20%20%20%20%20%20%20%20%E4%20%20%20%20%20%E4%20%E4%21%20%20%20%21D%29f%20G%29%E7%29%E9%29%E91%E9%29%E9%29%E9%29%E9%29%E9%29%E9%29%C9%29%E9%29%E9%29%CA%29%C9%21%A81%C9IiA%A91%C5%FF%F8%F7%FF%FF%FF%8By%AC%20%BCu%8B%B2k%8E%F7%F6%F7%FF%BE%7F%3APB%AB2,0,0.00,NA,0,0,0,0,0,0,NA,98
pico_reply,21:31:34,2%2A2,0,0.00,NA,0,0,0,0,0,0,NA,98
pico_reply,21:31:34,2,0,0.00,NA,0,0,0,0,0,0,NA,98
pico_reply,21:31:34,2%2A2%29%3A%20%3A%2A%3A%2A%3AJ%3AJ%3A%2BBJ%3AJBJRJ9%EA9%CAI%C8i%88BH%C6%20%F7%FF%FF%FF%B5%98%EF%B8%FF%FF%FF%FE%F7%DF%FF%FF%F6%7FY2Q%C7%C6%2F%EF%20%FF%FF%9C%DE%F7%FA%FF%FFs%99%9C%D0%FF%FF1%D6%FF%F1%FF%9FA%EE%C6%20%EF%FE%DF%7F%2A%20J%EAJ%CCB%CBK%20J%ECJ%CBK%20J%CDJ%8CB%ACJ%ACJ%ACJ%CBJ%CCB%ACJjR%EBJ%ACJ%CCJ%CBJ%AAJ%ABJ%8AR%8AJ%8AJjJ%2ABIBIBIB%29B%29B%29BIBI%3A%201%E69%C79%A79%C61%861f%29E%29E%29%25%21%24%21%24%21%24%21%24%21%20%21%20%20%E4%21%20%21%20%21E%21%20%21%20%21%20%21%20%20%20%21%20%20%E4%20%E4%20%E4%20%E3%20%E3%20%C4%20%C4%20%E4%21%20%21%24%29f1%861%A71%E7BGJ%AAJ%A9J%AAJ%8AS,0,0.00,NA,0,0,0,0,0,0,NA,98
pico_reply,21:31:34,R%CAR%CAR%CAR%CAR%EBR%EBR%CBR%EBR%EB%5B%20Z%EBR%EBS%20R%EBZ%ECR%EBR%EBZ%EBb%EC%5B%20S%20%5B%2C%5B%20%5B%20%5B%20c%20c%2BcLcLcM%5Bc%2CcLclcMcLkMcmcMkMcMkMcmc%8Dc%8Dc%8C%7Cb%CE2%20BDJ%89J%CAR%CAB%8AB%C9J%AABJBH%3A%29%3A%89%5Bh%83%CEb%F01%88%20%249%E59%E81%A9%20%A8S%2A%7CO%8C%B0%94%F2%94%F2%94%F3%94%F4%95%20%95%20%8C%F3%95%20%8C%B3%94%93%84%93%8Cr%84Q%7C%20s%D0coc%8Et%94%D0%94%D3%8C%93%8C%B2%84%B2%8C%92%8C%B2%8C%92%8C%B3%8C%93%8C%92%8C%92%8C%92%8C%93%8C%B2%8Cr%84r%84%91%84%91%8C%91%84q%84q%84Q%841%84Q%84P%84Q%841%840%840%84%20%20D%3A%271%C8%29%C7%29%C7%21%C6%2A%20%3A%20,0,0.00,NA,0,0,0,0,0,0,NA,98
pico_reply,21:31:34,2%2A2%2A2%2A2%2A2I%3A%2A1%EA2%2A%3AJ%3AK%3A%2BBJ%3AJ%3AkB%8B2kB%8BR%2Ca%CBY%C8b%CA%A3%F2%9BtJg%D6%AD%F7%FF%F7%FF%E7%FF%FF%FF%B4%7FQ%A9%8B%28%9C%F3%EE%D6%F7%DE%EFy%FF%FF%C4%20J%88%F6%CC%FE%DFR%CC%FF%F5%DE%7F%9C%E9%BF%99%F7%FF%8D%20%2A%20J%CCJ%CCB%CBJ%EBJ%CCJ%CCJ%ACJ%8CJ%ACJ%ACJ%CBR%CCJ%CCB%ECJ%EAR%CCJ%8DJ%ABJ%CCJ%CBB%8AJ%AAJ%8AJjJ%8AJjJ%2ABIBIBIB%29B%29J%29B%29%3AHJhB%209%C79%869%A61%851E1%24%29%24%29%20%21D%21%24%21%24%21%24%21%20%21%20%21%20%21%20%21%20%29%25%21%20%21%20%21%20%21%24%20%20%20%E4%20%E4%20%E4%20%20%20%C3%20%E3%20%E3%20%C3%20%E4%21%20%21%24%29E1%A69%C71%E7J%A8J%89J%AAJ,0,0.00,NA,0,0,0,0,0,0,NA,98
camera,21:31:34,Camera%2Fcontrol%20line%20discarded%3A%20too%20long,0,0.00,NA,0,0,0,0,0,0,NA,98
pico_reply,21:31:34,%3A%2B%3A,0,0.00,NA,0,0,0,0,0,0,NA,98
pico_reply,21:31:34,%3AK2J%3Aj%3AkBKBKB,0,0.00,NA,0,0,0,0,0,0,NA,98
camera,21:31:34,Camera%2Fcontrol%20line%20discarded%3A%20too%20long,0,0.00,NA,0,0,0,0,0,0,NA,98
camera,21:31:34,Camera%2Fcontrol%20line%20discarded%3A%20too%20long,0,0.00,NA,0,0,0,0,0,0,NA,98
pico_reply,21:31:34,BIB%29%3A%20%3A%20B%28B%201%C79%C69%E61%85%29e%29D%29D%29D%29D%29%25%21%24%21%20%21%20%21%20%21%20%21%24%21%20%21%20%21%24%20%20%20%E4%20%E4%20%E4%20%E4%20%E4%20%E3%20%C4%20%C4%20%E4%21%24%29E%29f9%C59%C6BhR%C9J%AAJ%AAJ%AAR%AAR%CAZ%EAR%CBJ%EAR%CAR%EBZ%CBR%EB%5B%20Z%EBZ%EBZ%EBZ%EB%5B%20%5B%20Z%EBZ%EC%5B%20S%2Cc%2CkLk%8E%5B%20%5B%20%5B%2Bc%20c%2C%5B%2B%5B%2Cc%2CcL%5BLcLc%2CcLclclclcmcmcmkmkMkmcmkmkmk%8Dkncmk%8Dkn%21%2ABgZ%CAR%8AJ%8AB%89Ji%3A%2ABIB,0,0.00,NA,0,0,0,0,0,0,NA,98
pico_reply,21:31:34,%3AI%3A%28%7B%EA%7B%CEB%20%21%20%29%269%C69%E8%29%A82i%5B%AD%7Cq%7Cs%8C%B4%94%F4%94%F3%954%94%F3%94%F4%8C%F3%95%20%94%B3%8Cq%84Q%84Q%7C%20s%CFk%AEk%8Et%20%8C%90%94%D4%8C%B3%8C%B3%8C%B2%8C%D2%94%F3%8C%93%8C%B2%8C%B3%8C%93%8C%92%8C%92%8C%92%8C%92%84%92%84%91%84%B1%7Cq%7Cq%84Q%84Q%7Cq%84q%842%841%841%841%84%241%A41%E8%29%A7%29%A7%29%A7%29%E79%E8%29%88%20%20%20%C3%20%C3%20%A3%20%E3%20%2F9%E6%29%A7%29d%29f%20%E4%21%20%21%20%21%20%21%20%20%20%20%20%20%20%20%E4%20%20%20%20%20%E4%20%20%20BB%88J%8D%29%AA%29%CA%29%E9%29%E9%29%E9%29%E9%29%E9%29%E9%29%E91%E9%29%E9%29%E9%29%E9%29%E91%E9%29%C8A%A9IIJF%EF%8F%FF%FF%F7%FF%F7%BF%FF%FE%FF%FF%FF%FF%F7%FF%FF%FF%CE_R%D41%EA%3A%292IB,0,0.00,NA,0,0,0,0,0,0,NA,98
pico_reply,21:31:34,A%CA%21%C7l,0,0.00,NA,0,0,0,0,0,0,NA,98
pico_reply,21:31:34,%84%B4%3A%20B%2BBI%3A%29%3A%2A2K%3AJ%3A%2B%3AK%3AJBk%3AjBkBkJkI%CBI%8B9j%3A%20sKjOBK%84J%FF%FF%EF%FF%FF%20%94%BC%F7%F9%CE%BF%BC%F7%C5v%FF%FCk%9D%FF%F6%DF%20%EF%FC%FF%FFkY%3A.%3AhJ%CBB%ACR%ECB%CBB%CCJ%CCJ%CCJ%CCJ%CCB%CCK%20R%ECJ%ACJ%CBB%CBJ%ACJ%CCJ%ABJ%CCJ%ABJ%ABJ%ABJ%AAJ%AAJkJjJjBiBIBIJIBIB%29BI%3AIBIB%29%3A%28%3A%28B%20%3A%201%E7%3A%20%3A%201%A61%85%29e%29e%21%25%21%24%29D%29%25%21%20%21%20%21%20%21%20%21%24%21%20%21%20%21%24%21%20%20%E4%20%E4%20%E4%20%E4%20%E4%20%E3%20%E4%20%C4%20%E4%21D%29E1f9%C69%E7JiJ%8AJ%AAJ%ABJ%AAR%AAR%AAZ%EAJ%CAS%20R%EBR,0,0.00,NA,0,0,0,0,0,0,NA,98
pico_reply,21:31:35,S%20s%CCkOI%EB%20%C61%841%C69%A9%29%AA%3AGck%84%90%8C%D1%953%9D%20%9D%20%95%20%9D%20%8C%F4%8C%F3%8C%B4%8Cr%84Q%84Q%7CPt0s%CEs%CFcn%7C.%8C%B2%8C%B3%94%B2%8C%B3%8C%D2%8C%D2%8C%B2%8C%B3%8C%B3%8C%93%8C%92%8C%92%8C%92%8C%92%8C%92%84%92%7Cq%84r%84r%84q%84Q%84q%84R%841%840%84%20%84%20%84%20%29%C51%E81%871g%29%C62%269%E8%21H%20%C3%20%E3%20%C3%20%C3%20%C3%20C1%A6%29%A7%29E%29E%20%20%20%20%20%20%20%20%20%20%21%20%20%20%21%20%21%20%20%20%20%20%21%20%20%24%20BBI2,0,0.00,NA,0,0,0,0,0,0,NA,98
pico_reply,21:31:35,1%E7%29%E9%29%E92,0,0.00,NA,0,0,0,0,0,0,NA,98
pico_reply,21:31:35,%29%E9%29%E9%2A%20%29%E9%29%C91%E9%29%E9%29%E9%29%E9%29%E9%29%C9%21%C8A%89Iiagz%AD%9C.%B4%96%8Ct%D6%92%FF%FF%FF%FF%FF%FF%EF%7Fk%F7B%AD%29%CC2%2B2J%3A%20%3A%2A2%292%29%3A%2AA%EBA%2A1%C8%8COc%B89%879%89JHJ%CA%5B%2CJL%3A%28%3A,0,0.00,NA,0,0,0,0,0,0,NA,98
pico_reply,21:31:35,%3AI%3Aj%3AK%3AjB%8ABl%3AkBkBk%3AKB%2A1%CCQiZ,0,0.00,NA,0,0,0,0,0,0,NA,98
camera,21:31:35,Camera%2Fcontrol%20line%20discarded%3A%20too%20long,0,0.00,NA,0,0,0,0,0,0,NA,98
pico_reply,21:31:35,%5BO%7C%2F%84s%8C%B2%8C%B2%8C%D3%8C%B2%8C%B2%8C%B2%8C%93%8Cr%8C%92%8C%92%8C%92%8C%92%8C%92%84%92%84q%84r%84Q%84q%84Q%7CQ%841%7C%20%840%84%20%84%20%84%24%29%A6%29%E8%29%A71%A7%29%C72%271%A9%21%27%20%E3%20%E3%20%C3%20%A3%20%E3%21C%29%87%29f%29E%21%20%21%24%20%20%20%20%20%20%20%20%21%20%20%20%21%20%21%20%20%20%20%20%20%20%21%20%20%E4%20%E5%20%C62%201%EA%29%E9%29%E91%EA%29%E9%2A%20%29%E9%29%C91%C9%29%E9%29%E9%29%E9%29%E9%29%C9%21%A81%C89%A9IJA,0,0.00,NA,0,0,0,0,0,0,NA,98
pico_reply,21:31:35,Q%89QKQ%8A%8C%2C%C6%F6%EF%BE%BD%7FR%F6%3AL%5Bm%3A%2B%3A%2A2%2A2%2B2%292%2A2%2A%3A,0,0.00,NA,0,0,0,0,0,0,NA,98
pico_reply,21:31:35,I%AAA%A82F%C6Xk%7BI%A89%87c%87%851%9D%20k%B3BjJ%AD%3Ak%3AJ2,0,0.00,NA,0,0,0,0,0,0,NA,98
pico_reply,21:31:35,%3AjB%8ABkBkBkBkBkJl%3A%2BJ%2BY%CCJ%2Cc%82%B1%40%8EZ%E5%FF%F8%FF%FF%C6%5E%E7S%FF%FF%D6%9D%FF%FF%9Dy%FF%FFK%20t%2FS%20J%CBJ%CCJ%ACJ%CCB%CCJ%CCJ%CCB%ABJ%CCJ%ECB%ACJ%ECJ%CCJ%CCJ%CBJ%EBJ%CCJ%CBJ%CBR%CCJ%8CJ%ABJ%AAJ%8AJ%8BJjJJBiJiBIJIB%2ABIB%29B%29B%29B%29B%29%3A%29B%29%3A%28BI%3A%20%3A%202%20B%28B%282%20%29%A69%C61%87%29e%29E%29%24%21%20%21%20%21%20%21%24%21%20%21%20%21%20%21%20%20%20%20%E4%20%E4%20%E4%20%E3%20%E4%20%E4%20%20%21%20%29E%29e%29%86%3A%20B%20J%89J%8AR%8AR%AAR%CAR%CAR%ABZ%CAZ%ABR%CBZ%CBR%CBR%EA%5B%20%5B%20R%EBR%EB%5B%20%5B%20%5B%20Z%EBZ%EBZ%EB%5B%20,0,0.00,NA,0,0,0,0,0,0,NA,98
pico_reply,21:31:35,%5BJ%7CO%84%91%8C%B2%A5%20%9C%F4%9C%F4%94%F4%94%F4%84%B4%8C%D3%8C%93%84%92%84q%84Q%84p%840%83%D0k%8Fs%CD%8C%91%8C%B2%8C%B1%94%B2%8C%B3%8C%B2%8C%D2%8C%B3%94%B3%8C%B3%8C%93%8C%92%8C%92%84%B2%8C%D1%84%92%84R%84R%84Q%84Q%7C1%841%841%84%20%84%20%84%20%84%251%E71%E71%A71%A7%2A%201%E81%C8%20%C6%20%E4%20%C3%20%C3%20%C3%20%C3%29%A4%29%87%21F%29e%20%E5%20%20%20%20%20%24%20%20%20%20%21%20%20%20%20%20%21%20%20%20%20%20%21%20%20%E4%20%E4%20%24%21%86%29%E9%29%E92%201%E91%E9%2A%20%29%E9%29%C9%29%C9%29%E9%29%C9%29%E9%29%E9%29%E9%29%E9%29%C9%29%A91%E9B%209%A99i8%E8Yij%2Cr%EDb%EFBO%21%EBB%8BB%AE2%202%2A2%2A2,0,0.00,NA,0,0,0,0,0,0,NA,98
pico_reply,21:31:35,2%292,0,0.00,NA,0,0,0,0,0,0,NA,98
camera,21:31:35,Camera%2Fcontrol%20line%20discarded%3A%20too%20long,0,0.00,NA,0,0,0,0,0,0,NA,98
pico_reply,21:31:35,BI%3A%20J%E9%84mZ%AE%29i%21%261%C7%3A%20%3AIB%C9k%EDt2%84%B3%9C%F4%94%D4%9C%D4%9C%F4%9C%F4%8C%D4%8C%D3%8C%B2%84%91%94%92%8CR%84Q%840%7B%EFs%B0S%2F%7C%20%84r%8C%91%8C%B3%8C%B3%8C%B2%8C%D2%94%D3%94%B3%94%92%8C%B2%8C%B2%8C%92%84%92%8C%B2%8C%93%84r%84R%8Cr%84Q%84R%841%841%84%20%840%840%84e2%20%29%C71%A71%C7%2A%201%E81%E8%20%E5%20%C3%20%C3%20%C3%20%C3%20%E2%29%85%29%A7%29f%29f%20%20%21%20%21%24%20%20%20%20%20%20%21%20%20%20%20%20%21%20%20%20%20%20%21%20%20%E4%21%20%20E%21%E6%29%EA%29%E92%201%E91%E9%2A%20%29%E9%29%C9%29%C9%29%C9%29%E9%29%E8%29%E9%29%E9%29%C9%21%C9%29%C8%2A%202%209%EA9%CA9%8AI%CAI%CC9%CA9%E9B%8AB%8AB%8BBl2%202%292%292%202%29%3A%29%3A,0,0.00,NA,0,0,0,0,0,0,NA,98
camera,21:31:35,Camera%2Fcontrol%20line%20discarded%3A%20too%20long,0,0.00,NA,0,0,0,0,0,0,NA,98
pico_reply,21:31:35,J%29B%2A%3A%A9c%AAs%AFb%AF%21%28%29d1%A71%C9%29%E8%5Bkt%20%8C%90%8C%B2%9D%20%9C%F4%9C%F3%9D%20%95%20%8C%D4%7Cr%84q%8Cr%8CR%84%91%84Q%7C0%83%CFc%B0k%AD%7Cp%94%F1%94%B3%8C%B3%8C%D2%8C%D2%94%D3%94%B4%94%92%8C%92%84%B2%8Cr%8C%92%84q%84%91%84r%84r%84R%84q%84q%84Q%841%84Q%840%840%84%852%201%C61%A7%29%C7%2A%201%E9%29%A9%20%A4%20%E4%20%C3%20%C3%20%C3%20%E31%C6%29g%29g%29F%20%E4%21%20%20%E4%20%25%20%24%20%20%20%20%20%20%21%20%20%20%20%20%20%20%20%20%20%E4%21%20%20%E5%21%E7%29%E9%29%E9%29%E9%29%C91%C9%29%E9%29%E9%29%C9%29%E91%C9%29%E9%29%E9%29%E9%29%E9%29%E9%21%C9%21%C8%29%E9%29%C91%C91%EA%3A,0,0.00,NA,0,0,0,0,0,0,NA,98
pico_reply,21:31:35,BJ%3A%2B2I%3Aj2K2J%3AK%3AL2,0,0.00,NA,0,0,0,0,0,0,NA,98
pico_reply,21:31:35,2%202%292%292%29%3A%29%3A,0,0.00,NA,0,0,0,0,0,0,NA,98
camera,21:31:35,Camera%2Fcontrol%20line%20discarded%3A%20too%20long,0,0.00,NA,0,0,0,0,0,0,NA,98
pico_reply,21:31:35,JIBI%3A%20%3AHs%E9%8C%209%ED%20%251%879%E82%20B%8ASLtOtS%8C%D4%9C%F5%94%F3%95%20%95%20%95%20%94%D2%94%D3%8C%B3%8C%92%8C%91%8C%B2%7C0%7C%20s%D0cnl%20%84%B0%9C%F4%8C%B3%8C%B3%8C%D3%94%F3%8C%D4%8C%B2%8C%B2%84%B2%8C%92%94%93%84Q%84q%84q%8Cr%84Q%84q%84q%84Q%84Q%841%841%841%84%C51%E8%29%C71%A71%C7%2A%20%3A%20%21H%20%C3%20%E3%20%E3%20%C3%20%E3%21%231%87%21g%29%86%21%26%21%20%21%24%21c%29%A6%21H%20%20%20%20%21%20%21%20%20%20%20%20%20%20%20%20%21%20%20%25%20%20%3Ai%29%E9%29%C9%29%C9%29%C91%C9%29%E9%29%E9%29%C9%29%E8%29%E9%29%E9%29%E9%29%C9%29%C9%29%E9%21%C9%21%C8%29%C81%C91%E99%EA%3A,0,0.00,NA,0,0,0,0,0,0,NA,98
pico_reply,21:31:35,9%EA9%EA%3A,0,0.00,NA,0,0,0,0,0,0,NA,98
pico_reply,21:31:35,%3A%2A2%2A%3A%292J%3AJ2,0,0.00,NA,0,0,0,0,0,0,NA,98
pico_reply,21:31:35,2,0,0.00,NA,0,0,0,0,0,0,NA,98
pico_reply,21:31:35,2%292%292%20%3A%29%3A,0,0.00,NA,0,0,0,0,0,0,NA,98
camera,21:31:35,Camera%2Fcontrol%20line%20discarded%3A%20too%20long,0,0.00,NA,0,0,0,0,0,0,NA,98
pico_reply,21:31:35,B%20BIJJ1%E9KGkj%7B%B1R%AC%21F9%C71%A89%AA2%2AS%20%7C1%9D%20%9D%20%9D%20%95%20%954%9D4%95%20%94%F3%94%F4%8C%B3%8C%92%8C%92%7C%20%7CO%83%F0s%D0c%AE%7C.%9C%F2%8C%B4%84%92%8C%D3%8C%D3%84%93%8C%B2%8C%92%84%B2%8C%B2%8C%B2%8Cr%84r%84Q%8Cr%84R%84q%84q%84Q%7C1%841%841%841%84%20B%281%A61%C7%29%E7%2A%20B%28%21%27%20%A3%20%E3%20%C3%20%C4%20%C3%21D1%A7%21g%29%A7%20%20%21%20%20%201%A51%E7%21F%20%24%20%20%21%20%21%20%21%20%20%20%20%24%20%20%21%20%20%25%20%202I%29%E9%29%E9%2A%20%2A%201%E9%29%E9%29%E9%29%E9%29%E8%29%E9%29%E9%2A%20%29%E92,0,0.00,NA,0,0,0,0,0,0,NA,98
pico_reply,21:31:35,%29%C9%21%A9%29%A8%29%C81%C91%E91%EA2,0,0.00,NA,0,0,0,0,0,0,NA,98
pico_reply,21:31:35,2,0,0.00,NA,0,0,0,0,0,0,NA,98
pico_reply,21:31:35,%3A%20%3A%2B%3A%2B2,0,0.00,NA,0,0,0,0,0,0,NA,98
pico_reply,21:31:35,%3AJ%3AK2%2A2,0,0.00,NA,0,0,0,0,0,0,NA,98
pico_reply,21:31:35,2,0,0.00,NA,0,0,0,0,0,0,NA,98
pico_reply,21:31:35,2%202%202I2%29%3A%20ij1%C6%BD%C7%FF%FF%DD_1%A6%A5%26%FF%FF%DE%FF%FF%FD%FF%FF%E7%B7%FF%3FJ%92%B61%D5%FF%21ic%A6%CE%B5%A6u%C6vs%DB1%EA%3AK%3A%2BBLBKBk%3Ak%3A%8B%3Ak%3AkB%8BB%8CJ%8CJ%ACJ%ACI%EBY%ABI%A9%5B,0,0.00,NA,0,0,0,0,0,0,NA,98
pico_reply,21:31:35,%ADw%8C%D62%2AJ%CCJ%CCJ%CCJ%ACJ%ACB%CCR%ACR%8CJ%89%5B%2BJ%8BB%ACJ%ECSJ%ABJ%CCJ%CCJ%ACJ%CBJ%CBR%CBR%ABJ%ABJ%AAJ%AAJ%8AJkJjJjJJBIJJB%2AB%20B%29JJB%20B%29B%29B%29%3A%20%3A%289%E8%3A%20%3A%209%E99%E81%E89%E89%E81%E81%E81%E81%E72%201%E71%C61%A61%A6%29%85%29e%29E%29E%21%20%21%20%20%20%20%E4%20%E3%21%20%21%20%21%24%29f1%A51%C6%3A%20%3A%20J%89J%AAJ%AAJ%AAR%ABR%CBR%CBR%CBS,0,0.00,NA,0,0,0,0,0,0,NA,98
pico_reply,21:31:35,S%20R%CAR%EAR%EBR%EBZ%EBS%20%5B%20%5B%20Z%ECS%20S%2B%5B%2C%5B%20%5B%2B%5BLc%20c%2C%5BLcMcM%5B%2C%5B%2Cc-cLcLclcLcLkMkMcmcLkmkmkmcmcmcmk%8Ek%8Dk%8Ds%8Ek%8Ek%AEk%AEs%AEs%AEk%AEs%AEs%AEk%AEk%AEk%8Ek%AD%7B%EDs%EFR%AC%3A%29%5B%20Z%ABR%AAR%89JJBiJJJ%2AB%29B%A7%8C%8B%8B%CF1%8B%29e1%C7A%E8BiJ%89%5BO%84p%7Cs%94%D3%94%F5%9D%20%9D%20%95%20%94%F3%94%F3%8C%D2%8C%B2%8C%B2%7CQ%84p%841%7B%F1k%B0c%8E%7B%EF%8C%92%84r%8C%D3%8C%D3%8C%B3%8C%B2%8C%92%8C%B2%8C%B2%8C%92%8C%92%8C%92%8C%92%8Cr%84R%84q%84q%84q%84Q%841%841%841%84%E6%3A%281%A6%29%C7%29%E71%E89%C8%21%26%20,0,0.00,NA,0,0,0,0,0,0,NA,98
pico_reply,21:31:35,2,0,0.00,NA,0,0,0,0,0,0,NA,98
pico_reply,21:31:35,%3A%20%3A%2B%3A%2B%3A%2B%3A%2A%3A%2A2%2A2%202%202,0,0.00,NA,0,0,0,0,0,0,NA,98
camera,21:31:35,Camera%2Fcontrol%20line%20discarded%3A%20too%20long,0,0.00,NA,0,0,0,0,0,0,NA,98
pico_reply,21:31:35,R%8BR%CCJ%89R%8BB%29JIJJB,0,0.00,NA,0,0,0,0,0,0,NA,98
pico_reply,21:31:35,2%29%5B%28%7BMZ%D01%88%29%A61%A7%3A%29B%2B2%20cK%84p%94%D1%A5t%9D%20%9D%20%95%20%95%20%95%20%8C%B3%8C%B2%8C%B2%8Cr%84q%841%7B%F1kos%CFk%8D%8C%90%84%91%8C%B3%8C%D3%8C%B2%8C%B2%8C%B2%8C%B2%8C%B2%8C%92%8C%92%84%92%8C%91%8Cr%84R%84q%84q%84q%84Q%84Q%84Q%84Q%84%289%E81%C6%29%A7%29%E72%201%A8%20%C5%20%C3%20%C4%20%C3%20%A3%20%E3%29%C5%29%C7%21f%21F%20%20%20%24%21%A4BgBJ%21%27%20%24%20%20%21%20%21%20%21%20%21%20%20%20%21%20%21%20%20%20%21%86%2A%20%29%E9%29%C9%2A%20%2A%20%2A%20%2A%20%29%E9%29%E9%29%E8%29%E9%29%E9%2A%20%29%E9%29%C9%29%E9%2A%20%29%A9%29%C8%29%E81%E91%CA2%202%291%EA1%EA%3A,0,0.00,NA,0,0,0,0,0,0,NA,98
pico_reply,21:31:35,2,0,0.00,NA,0,0,0,0,0,0,NA,98
pico_reply,21:31:35,2,0,0.00,NA,0,0,0,0,0,0,NA,98
camera,21:31:35,Camera%2Fcontrol%20line%20discarded%3A%20too%20long,0,0.00,NA,0,0,0,0,0,0,NA,98
pico_reply,21:31:35,k%AFk%AEk%ED%8C%2FkpB%2ABis%8CJlZ%AAR%89R%8ARjBJJ%89J%88kj%94%8FZ%CE%29J1%869%E89%E7%3A%20B%89k%EE%7CR%8C%B4%9D%20%9D%20%95%20%94%F3%9D%20%8C%93%8C%B3%8C%92%94%B1%84q%84P%84Q%7B%F1s%D0%5BotO%8C%B1%8C%B3%8C%B2%8C%B2%8C%B2%8C%B2%8C%B2%8C%B2%8C%92%8Cr%8C%92%8C%92%8Cr%84R%8Cq%8C%92%84q%84Q%84Q%84Q%84Q%84%291%C81%C71%E72%20A%E9%21h%20%E4%20%E3%20%E3%20%A3%20%E3%21b1%E7%29%87%21E%21%25%21%20%20%24%21%A4Bh%3A%20%20%20%20%24%20%20%20%E4%21%20%21%20%21%20%20%20%20%20%20%24%20e%29%E8%2A%2A%2A%20%29%E9%29%E9%2A%20%2A%20%29%E9%29%E9%29%E8%29%E8%29%E9%29%E9%29%E9%29%C9%29%C9%29%E8%2A%20%29%C9%29%C8%29%C8%29%C91%EA2%202%292%202%292%292%202,0,0.00,NA,0,0,0,0,0,0,NA,98
pico_reply,21:31:35,2%202%202%202%201%EA2,0,0.00,NA,0,0,0,0,0,0,NA,98
pico_reply,21:31:35,2%29%3A,0,0.00,NA,0,0,0,0,0,0,NA,98
camera,21:31:35,Camera%2Fcontrol%20line%20discarded%3A%20too%20long,0,0.00,NA,0,0,0,0,0,0,NA,98
pico_reply,21:31:35,J%8Cc%2BZ%AAJ%8ABIJJJjB%8AC%20k%CC%7B%90Z%8F%21%271%C61%C89%EA1%C9R%CAk%AE%84p%9DS%9D%20%9D3%94%F4%9D%20%8C%B3%8C%B3%8C%93%8C%92%84q%84q%8CQs%F0%7B%EFk%F0c%AD%84p%8C%B3%8C%B2%8C%D2%8C%B2%8C%B2%8C%D2%8C%92%8C%92%8C%92%8C%92%8C%91%8C%92%84%91%8C%B2%8C%93%8CR%84q%84Q%841%841%84%20%29%A7%29%C7%29%C72%20B%29%20%28%20%E4%20%C3%20%C3%20%C4%20%C3%21d%29%A8%21f%21E%20%20%21%20%20%23%29%84%21%26%20%20%20%E3%20%24%21%20%20%20%20%24%20%20%21%20%20%20%20%20%21%25%20f%2A%202%29%29%E9%29%E9%29%E9%2A%20%29%E9%29%E9%29%E9%29%E9%29%E9%29%C91%E9%29%C9%29%E9%29%E9%29%E8%2A%20%29%C9%21%C8%29%C8%29%E91%EA2%202%29%3A%2A2%2A2%202%202%202%292%201%E91%E91%EA2,0,0.00,NA,0,0,0,0,0,0,NA,98
pico_reply,21:31:36,%3A,0,0.00,NA,0,0,0,0,0,0,NA,98
pico_reply,21:31:36,%3A,0,0.00,NA,0,0,0,0,0,0,NA,98
camera,21:31:36,Camera%2Fcontrol%20line%20discarded%3A%20too%20long,0,0.00,NA,0,0,0,0,0,0,NA,98
pico_reply,21:31:36,Bkc%2CZ%EBR%CAJ%AAJ%AARkJk%3A%29B%A8%84%2A%8C%20B%21g1%E6%3A%28%3A%29%3A,0,0.00,NA,0,0,0,0,0,0,NA,98
pico_reply,21:31:36,K%20l.%8C%D3%8C%D4%94%F3%94%F4%94%F3%94%D3%8C%B3%8C%93%8Cr%84q%84p%84Q%7C%20%7CO%840coc%CE%7Cq%8C%B3%8C%B3%8C%B2%8C%B2%8C%B3%8C%B2%8C%B2%8C%B2%8C%91%8C%B2%8C%B2%8C%B2%8C%92%8C%B2%8Cr%84%91%8C%92%8Cr%8Cr%8C%E9%29%A7%29%C7%29%C72%20B%20%20%27%20%E3%20%C3%20%C3%20%C3%20%20%21D1%C8%29F%21%25%21%24%20%20%20%E4%20%20%20%E3%20%20%20%24%20%24%21%20%20%20%21%24%20%20%20%20%20%20%20%20%20%25%20F%21%C82%2A%29%EA%29%E9%29%E9%2A%20%29%E9%29%E9%29%E92%20%2A%20%29%E91%E91%C9%29%C9%29%E9%29%C9%29%E9%29%E9%29%C8%29%C8%29%E81%E92%202%291%EA2%202%202%202%202%202%201%E91%E92%202%20%3A,0,0.00,NA,0,0,0,0,0,0,NA,98
camera,21:31:36,Camera%2Fcontrol%20line%20discarded%3A%20too%20long,0,0.00,NA,0,0,0,0,0,0,NA,98
pico_reply,21:31:36,R%CDZ%C8R%EB%5BKR%CBR%8BRjJjB%2A%3A%2A%5B%88s%8DsqBL1%A59%E7%3A%20B%2B%3AKc%8D%84p%94%D2%94%F2%94%D4%94%D3%94%D4%8C%B3%84%92%8C%B2%8C%B2%84r%84q%84%92%840%84Pk%CF%5Bn%7B%EF%94%D1%94%F2%8C%D3%8C%B3%8C%B3%8C%B2%8C%B2%8C%B2%8C%92%8C%B2%8C%B2%8C%B1%8C%B2%8C%B2%8C%92%84%92%84%92%8Cr%8Cr%8C%C81%C7%29%C7%29%E72%20%3A,0,0.00,NA,0,0,0,0,0,0,NA,98
pico_reply,21:31:36,%20%C6%20%E4%20%C3%20%C3%20%C3%20%E2%21%851%E8%21F%21E%20%24%20%20%20%20%20%E4%20%20%21%20%21%20%20%20%21%24%21%24%20%20%20%20%21%20%21%24%21%24%20%25%21%A62I2%2A1%E9%29%E9%2A%20%29%E9%29%E9%29%E91%E9%29%C9%29%C8%29%E9%29%C91%C9%29%C91%E9%29%C9%29%C9%29%C9%29%A8%29%A82%20%29%E92%202%202,0,0.00,NA,0,0,0,0,0,0,NA,98
pico_reply,21:31:36,2%202%202%202%202%202%201%E91%E92%202%202%20A%EAi,0,0.00,NA,0,0,0,0,0,0,NA,98
pico_reply,21:31:36,1%C5%EF%8D%F7%FF%EE%20R%EB%D6%88%FF%FF%CE~%C5%FBs%EB%F4%D1%5B%20%B5%C6%FF%FF%B4%9FAFk%25%C65%DF%FA%F7%DF%8C%DF%20iBj%3AK%3AJ%3Ak%3AkBJ%3AjBkBkB%8BBkB%8BB%8BB%8BB%8BB%8BB%8BB%8CJ%CBB%CBB%ABB%CBJ%ECJ%ECJ%CCJ%ACa%ECJi%CDI%E7%5E%F7%F8%C7%3F%F6%7Cc%D8%B5%C8%DE%FEZ%90Jk%5Bit%20Z%CFblRKs%89%8C%20k%20bkb%CAR%89BiJIR%8AJIJIBIBIBIBIB%29B%29BIB%29%3AH%3A%29%3A%20%3A%20%3A%20%3A%209%E81%E82%20%3A%201%C89%E79%C89%C89%C89%E89%E89%E81%E82%201%E79%E81%E71%E71%E71%E69%C61%A69%86A%C69%C7A%E7A%E7B%28JhJ%A9R%CAJ%8AR%A9R%ABR%CBR%EAR%CBR,0,0.00,NA,0,0,0,0,0,0,NA,98
pico_reply,21:31:36,R%EBR%EB%5B%20R%EB%5B%2Bcl%5B%5B%2C%5BK%5B%20c%2CkM%5B%20cLc%2Cc%20c%20cLcLcLcLc%2BkLcmkmkmkmkMkmc%8Dcmk%8Ek%ADc%8Dk%8Dk%8Dk%8Dk%ADs%AEs%8Esnkns%AEs%CEs%AEs%CEs%CEs%CEs%CEs%CDs%CEs%CEs%CEs%AEs%AEs%CEk%CDs%EEs%CE%7B%90A%ECR%A9%5B%20R%CAR%AAR%AAR%AAJ%8ARJA%EAJ%E8%8C%AC%7BP%29K%29e1%E7B%209%CA%3Ajc%AB%84%92%84s%8C%D4%8C%D3%8C%D3%8C%B3%8C%B2%8C%D2%84%B2%8C%92%8Cr%8C%91%8CQ%840s%F0c%AFk%D0%7C1%8Cr%8C%B2%8C%B2%8C%B3%84%B2%8C%B2%8C%B2%8C%92%8C%B2%8C%B2%8C%B2%8C%92%8C%91%8C%B1%84%92%84%91%8Cr%8Cr%8C%C81%A7%29%C7%2A%209%E9%29%8A%20%E4%20%C3%20%C3%20%C3%20%E3%20%2F,0,0.00,NA,0,0,0,0,0,0,NA,98
pico_reply,21:31:36,1%EA2,0,0.00,NA,0,0,0,0,0,0,NA,98
pico_reply,21:31:36,2%202%202%20%2A%202%202%202,0,0.00,NA,0,0,0,0,0,0,NA,98
pico_reply,21:31:36,%3A%202%202%20Q%8AQ%CA1%86%FF%F7%FF%FF%FF%7Fs%D1%FF%F2%FF%FFr%BBJ%F0A%E5%FF7%3A-%DF%CD%FF%FFj%7D1%C5%BD%EE%E7%FF%F7%FF%C6%3F%3AS%3AIBk%3AK%3AJ%3Aj%3AjBjBjBkBkBk%3AkB%8BB%8B%3A%8BB%8BB%8BB%8BB%8BJ%ABB%ABB%ABB%ABB%CCJ%CBJ%ABRlZ%20R%C7%EE%AF%C6%3F%F7%FA%D7%3F%D6%5Bc%20%FF%F6%F7%9F%9C%20J%EEt%20%ADvR%2Fb%A9%5B%29%B5%D1%B5%95%A4t%8B%91j%EEBk%3AjJkJKJJJJBIBIBIB%29B%29B%29BIB%29%3A%28%3A%29%3A%20%3A%20%3A%209%E99%E82%202%201%E71%E89%E89%E89%E89%E89%E89%E89%E89%E82%201%E79%E81%E81%E81%C81%C71%C71%C6A%E6B%28%3A%20BGJgRhJiBhJ%AAR%ABR,0,0.00,NA,0,0,0,0,0,0,NA,98
pico_reply,21:31:36,R%EBS%20R%EBJ%EB%5BLcl%5B%2C%5B%2Bc%2Bc-c%20k%2C%5B%20cLc%2C%5B%20c%2Cc%2CcLcLc%8Bs%ADkmcmcmkmkmkmkmk%8Dcmk%8Ek%8Dc%8Es%ADk%8Ek%ADk%ADk%AEs%AEs%CEs%AEs%AEs%CEs%AEs%CEs%CFs%CEs%CEs%CEs%CEs%CEs%CEs%CEk%AEk%AEs%AEs%CD%7B%ED%83%EEb%AFR%CCR%C8%5B%20Z%EBJ%8CJjR%8ARJBJ%3A%89c%AA%83%D0k29%C9%29%859%E79%A9%21%AAR%E8t%20%84%90%8C%D1%8C%D2%8C%D3%8C%D3%8C%D3%8C%B3%84%B2%8C%F2%84s%8C%92%8CQ%841%840s%D0c%8Fs%AE%94%D2%8C%D2%94%B2%8C%B3%8C%B2%8C%92%8C%92%8C%92%8C%B2%8C%B2%8C%B2%8C%92%84%91%84%B2%84%92%84%92%84R%84R%84%A81%A71%E7%2A%27%3A%2A%21I%20%C3%20%E4%20%C3%20%A3%20%C3%20,0,0.00,NA,0,0,0,0,0,0,NA,98
pico_reply,21:31:36,2,0,0.00,NA,0,0,0,0,0,0,NA,98
pico_reply,21:31:36,2%202%201%E91%E9%2A%202%202,0,0.00,NA,0,0,0,0,0,0,NA,98
pico_reply,21:31:36,2%202%20%3A%20Y%8AA%C9s%86%FF%FF%FF%FF%FF%9Fs%D1%FF%F3%E7%FF%AC%D9s%D3%BD%CC%FE%FF%29%EE%C7N%FF%DFzXZ%E7%F7%95%F7%FF%DF%20cu%29%CA2,0,0.00,NA,0,0,0,0,0,0,NA,98
pico_reply,21:31:36,%3Aj%3AK%3AK%3Aj%3Aj%3Aj%3Ak%3AkBkBkBkBkBkB%8BB%8BB%8BB%8BB%8BB%ABB%ABB%8BB%ABB%8BB%AAJ%CCRLZ%2CR%E7%FF%D1%EF%7F%EF%FD%FF%20%8C%5B%C6.%FF%FF%F7%DF%BC%B8%5Bm%CE%AD%B5%7Fb-J%E9%B5%ED%FF%FC%E6%FB%C5%D9%C5%95%A4%B2%7B%CE%5B%2CZ%CCRjJjB%29BIBIJ%29BI%3A%29%3A%20Bi%3A%28B%28B%29B%20%3A%20%3A%20%3A%209%E82%209%E79%E71%E71%E81%E81%E89%E7%3A%209%E81%E89%E81%E81%E81%E81%C81%C81%E71%C71%C79%E7JHJi%3AGZ%E9B%8Ac%28%5B%2BS,0,0.00,NA,0,0,0,0,0,0,NA,98
pico_reply,21:31:36,%5B%2AZ%EBR%EAR%EAR%EBR%CBJ%EAR%EAS%20%5B%20Z%EBZ%ACR%EBZ%EBR%ECR%EBc%8Ckm%5B%5B%20c%2C%5B%20c%2C%5B%20c%2CcLcLcLc%2CcLc%2C%5Blckk%8Dkmkmcmcmcmkmkmk%8Dkmkmk%ADs%ADkns%8Ek%AEk%8Ds%CFs%CFs%CE%7B%AE%7B%CEs%CFs%CEk%AEs%CFs%CEs%CEs%CEs%CE%7B%AE%7B%CEs%CEs%CEs%CEs%CEs%CEs%CDs%CD%7B%CE%7B%D09%AB%5B%2Ac,0,0.00,NA,0,0,0,0,0,0,NA,98
pico_reply,21:31:36,JlJjR%8AJ%8AJ%AABkJHk%8A%94%8EZ%ED%29%881%C6B%29BJ%3A%29SKc%EE%8C%D1%8C%B4%94%F3%94%D3%94%F3%8C%D3%8C%D2%84%B2%8C%92%8Cr%8Cq%841%8CPs%CFk%AF%5B%20t%2F%94%B0%8C%B3%8C%92%94%D2%8C%92%8C%92%8C%B2%94%B2%94%B3%8C%92%84%92%8C%91%8C%91%84%92%84r%84q%84q%84%C71%A71%E7%2A%27B%20%21%29%20%20%20%E4%20%C3%20%C3%20%E3%21c1%E8%29G%21E%20%24%20%E4%20%20%20%E3%21%20%21%20%21%20%21%20%20%20%21%24%20%20%21%20%21%20%21%20%21%20%21%25%20%262%20%3AK2,0,0.00,NA,0,0,0,0,0,0,NA,98
pico_reply,21:31:36,%29%E8%29%E9%29%E9%2A%20%2A%20%29%EA%29%E9%29%E9%29%C91%C9%29%E8%29%E8%29%C9%29%E9%29%E9%29%C9%29%A9%21%88%29%C81%E91%E91%E91%E92%20%29%EA1%EA2%202%201%E9%29%E9%29%E92%201%E92%209%EAYj1%A8%8Ci%E7%FF%FF%FF%83%3ER%8C%F7%FA%EF%DF%B5%3BS%2F%FF%93%DD%BFJ%93%EF%FB%FF%FFj%D7c%87%EF%FF%EE%FF%3A%20%21i%3A%28%3AI%3Aj%3AJBJ%3Aj%3A%8A%3Aj%3Ak%3AKBk%3AjBkB%8BB%8BBkB%8BB%8BB%8BB%8BB%ABB%ABB%8BB%8BB%ABB%ABJ%ABZ%ADbMR%C7%FF%F1%EF%9F%F7%FF%FF%BFk%98%BE%20%F7%FF%FF%9F%F7_JN%FF%F8%C5%20Rkkj%FF%FA%FF%FF%FF%FE%FF%FD%F7%DC%C6X%ADu%9C%B6k%92B%20JjJjBIBIBJBI%3AiBiJ%AA%3A%20B%29B%29B%20%3A%20%3A%20%3A%209,0,0.00,NA,0,0,0,0,0,0,NA,98
pico_reply,21:31:36,R%EBR%EAJ%EAR%CAR%EBR%EBZ%CBZ%CCZ%ECZ%EC%5B%20Z%EB%5B%20%5B%2C%5B%2B%5B%20%5B%2C%5B%2C%5B%2C%5B%2C%5B%20cLc%2Cc%2CcLcmc%2C%5Blk%8Cc-kLcmkmcmcMkmk%8Dc%8Dkmk%8Dk%ADk%AEkns%ADk%ADs%ED%7C%20s%CFs%CEs%AEs%CEs%CEs%AFk%AFs%CEs%CE%7B%EFs%CFs%EEs%CF%7B%CEs%CEs%EEs%CEs%AEs%CEs%CEs%EE%7C%20%94Ob%D1J%C9R%E8cMcMR%ACJ%AAJ%8ABkJ%2AJ%AAcJ%7B%AEZ%CE%29g%3A%209%E92,0,0.00,NA,0,0,0,0,0,0,NA,98
pico_reply,21:31:36,%3AiS%2B%8C%AE%8C%B3%94%F2%95%20%95%20%953%95%20%8C%B3%8C%93%8C%92%84%91%8Cr%84qs%EF%7B%D0kpc%8D%84n%94%F3%8C%93%8C%B2%8C%92%8C%93%8C%92%8C%B2%94%D3%8C%92%8C%91%8C%91%8C%92%84%92%84%92%8Cq%8Cq%8C%C71%A7%2A%20%2A%27B%20%20%20%20%E3%20%C4%20%C3%20%C3%20%E3%21%A4%29%E8%21F%21F%21%20%21%20%20%20%21%20%20%20%20%20%21%20%20%20%20%20%20%24%21%24%20%20%21%20%21%20%21%20%20%25%21%86%3Ai%3A%2B2,0,0.00,NA,0,0,0,0,0,0,NA,98
pico_reply,21:31:36,%29%E8%29%E8%29%E9%29%E9%29%E9%29%E9%29%E9%29%E9%29%C9%29%E9%29%E8%29%E8%29%E9%29%C9%29%E9%29%C9%29%A9%29%C9%29%C8%29%E91%E91%E92%202,0,0.00,NA,0,0,0,0,0,0,NA,98
pico_reply,21:31:36,1%E91%EA%29%E9%29%E81%E9%29%E9%2A%202%202%202%209%EAYjA%A6%94%20%DE~%9BWA%28kF%E7%FD%E7%FF%DE%7FI%D4%92%20J%AA%B5%A5%E7%FF%FF%9FR%F0%CF%20%FF%FFt%3E%3A%20%21j%3AJ%3Aj%3AJ%3Aj%3Aj%3Aj%3Aj%3Aj%3Ak%3AK%3Aj%3AkBkBkBkB%8BB%8BB%8BB%8BB%8BB%ABB%ABB%8BB%8BB%ABB%ABB%8BZLj%20Z%20%A5.%FF%FC%FF%FF%FE%BF%8C%92%E7Q%FF%FF%FF%FF%DE%DF%7D%8B%FF%FF%B4%20Jd%DE%ED%FF%FF%FF%FF%FF%FF%F7%FF%F7%FF%FF%FE%DE%DD%CE%20%8C%20BJJiRjJIBiBJJJBIBIR%AABI%3AI%3A%29B%20B%20%3A%20%3A%20%3A%202%202%201%E71%E71%E81%E81%E89%E81%E81%E79%E89%C81%C81%C71%C71%C81%C81%E79%C79%E8%3A%27BjBJJ,0,0.00,NA,0,0,0,0,0,0,NA,98
pico_reply,21:31:36,Z%CBcKc%2Bc%2C%5B%20Z%EBS,0,0.00,NA,0,0,0,0,0,0,NA,98
camera,21:31:36,Camera%2Fcontrol%20line%20discarded%3A%20too%20long,0,0.00,NA,0,0,0,0,0,0,NA,98
pico_reply,21:31:36,2%202%20%3A,0,0.00,NA,0,0,0,0,0,0,NA,98
camera,21:31:36,Camera%2Fcontrol%20line%20discarded%3A%20too%20long,0,0.00,NA,0,0,0,0,0,0,NA,98
camera,21:31:36,Camera%2Fcontrol%20line%20discarded%3A%20too%20long,0,0.00,NA,0,0,0,0,0,0,NA,98
camera,21:31:36,Camera%2Fcontrol%20line%20discarded%3A%20too%20long,0,0.00,NA,0,0,0,0,0,0,NA,98
pico_reply,21:31:36,%C3%20%C3%20%A4%20%C3%20%2F1%E6%21%87%21e%21e%21%24%20%20%20%20%20%20%21%20%20%20%21%20%20%20%20%20%20%24%20%20%21%20%20%20%20%E4%20%20%20D%3Ah%3AK%3A%2A2%2A2%292%2A%2A%20%29%E8%29%E82%20%2A%20%29%E9%29%E9%2A%20%2A%20%29%E9%29%C9%29%E9%29%E9%29%E9%29%C9%29%C9%21%A8%29%E91%E91%E91%E91%E9%29%E9%2A%201%E9%2A%20%29%E92%201%E91%C91%CA%2A%202%2A%3A,0,0.00,NA,0,0,0,0,0,0,NA,98
pico_reply,21:31:36,A%EA%3A,0,0.00,NA,0,0,0,0,0,0,NA,98
pico_reply,21:31:36,%3A%29%3A%2AY%8BQ%8AR%89c%20BNIJY%A8JH%E7%F5%F7%FF%AC%BE%7C%20%E7%F9%B6%FF%A5ZJ%D4%3A%28%3Aj%3AJ%3AJ%3Aj%3AjBK%3A%2A%3AI%3A%8A%3AkB%8BBKBkBjBjBkB%8BB%8BB%8BB%8BB%8BB%8BB%8BB%ABB%8BB%8BB%8CZ%2CR%A9%7B%AA%FF%F9%EF%5D%E7%20%FF%FC%84%20%FF%FB%FF%DFtV%A5%B3%FF%FFI%B7R%89%FF%F6%FF%FF%20%F7%FF%F4%FF%FF%FF%FF%FF%FF%FF%FF%FF%FF%FF%FF%9D%20JiJkRjJjJiJ%29J,0,0.00,NA,0,0,0,0,0,0,NA,98
camera,21:31:36,Camera%2Fcontrol%20line%20discarded%3A%20too%20long,0,0.00,NA,0,0,0,0,0,0,NA,98
pico_reply,21:31:36,%20%21%20%20%20%20%E4%20%E4%29%C5B%CA2%2B2%2A2J2J2J%2A%292%292%292%2A%29%E91%E9%29%E9%29%E9%29%E8%2A%20%29%E9%29%E91%C9%29%E9%29%E9%2A%20%29%C8%29%E81%E91%E91%E91%E92%201%E82%20%2A%202%292%201%E91%E91%E9%2A%202J%3A%292%202,0,0.00,NA,0,0,0,0,0,0,NA,98
pico_reply,21:31:36,2%2A%3A,0,0.00,NA,0,0,0,0,0,0,NA,98
pico_reply,21:31:36,I%CAQ%E99%C9%29j%21iAiZ%20Z%C6%BD%B6%9C6R%29%8C%8C%E7%FA%D7%FF%DF_J%F82%29%3AJ%3AJ%3AJ%3Aj%3Ak%3AK%3AJ%3Aj%3Aj%3Ak%3AJBK%3AkB%8BBjBkBkB%8AB%8BB%8B%3A%ABB%8BB%8BB%8BB%8BB%8BJ%8Cb%20Jh%BDM%C6~%F7%D8%FE%DF%CE%97%D6%B3%FF%FF%CD_%8Cl%E6%96%D5%BFAh%7C%20%FF%FF%D6_%7C%20%FF%FF%FF%FF%FF%FF%FF%FF%FF%FF%FF%FF%FF%FF%94%BF9%E8R%8BRjR,0,0.00,NA,0,0,0,0,0,0,NA,98
pico_reply,21:31:36,JIQ%E8Y%EAA%A8b%EBk%8EB%28JIB%29B%20B%20I%89IhAfJ%201G%3A%20%3A%20%3A%201%E89%E89%E89%E89%C89%C89%E81%C81%E79%E79%C81%A81%C71%C8%3A%28BHR%ABJ%CBZ%AB%5Bk%ABk%EFk%CEc%AEc%AEk%AEk%CDs%ADk%8Ec%8CclcLklc%2BZ%EBR%CB%5B%20Z%EB%5B%20%5B%2C%5B%20%5B%2Cc%2C%5B%20%5B%2BS%20%5B%20cL%5B%2C%5B-c%2CcLcLclcmkLk%8Dcls%8Dknkmk%8DcmkncMcmk%8Dk%ADk%CDk%ADs%ADk%AEk%CEs%AEs%CEs%AEs%CEs%CEs%CF%7B%AFs%CFs%CE%7B%AF%7B%CF%7B%EFs%EE%7B%EEs%EE%7B%EF%7B%EFt%20%7C%20%7C%20%7B%EF%7C%20%7B%EF%7B%EF%7B%EF%7B%EF%7B%EF%7C%20%84%840k.%3A%2AkjR%EBR%8AR%CAR,0,0.00,NA,0,0,0,0,0,0,NA,98
pico_reply,21:31:36,%20%27%20%E2%20%C3%20%C4%20%C3%20%E21%A3%29g%21f%21e%21%86%21e%20%E5%21%20%20%20%20%20%20%20%21%20%20%24%20%24%21%24%21%20%20%20%21%20%20%E4%20%24%29%E5B%CA%3A%CBB%AC%3A%8C2%8C2k2j%3AJ%3AJ2,0,0.00,NA,0,0,0,0,0,0,NA,98
pico_reply,21:31:36,2%2A2%2A2,0,0.00,NA,0,0,0,0,0,0,NA,98
pico_reply,21:31:36,2%2A2%292%20%2A%20%29%E9%29%E9%29%E9%2A%20%29%C9%29%C8%29%C81%E91%E91%E9%2A%20%2A%20%2A%20%2A%202I2,0,0.00,NA,0,0,0,0,0,0,NA,98
pico_reply,21:31:36,2%201%E91%E91%E9%29%E92,0,0.00,NA,0,0,0,0,0,0,NA,98
pico_reply,21:31:36,%3A%20%3A,0,0.00,NA,0,0,0,0,0,0,NA,98
pico_reply,21:31:36,%3A,0,0.00,NA,0,0,0,0,0,0,NA,98
pico_reply,21:31:36,%3A,0,0.00,NA,0,0,0,0,0,0,NA,98
pico_reply,21:31:36,%3A,0,0.00,NA,0,0,0,0,0,0,NA,98
pico_reply,21:31:37,A%EA9%E99%C9%3A,0,0.00,NA,0,0,0,0,0,0,NA,98
camera,21:31:37,Camera%2Fcontrol%20line%20discarded%3A%20too%20long,0,0.00,NA,0,0,0,0,0,0,NA,98
pico_reply,21:31:37,cp%5B%29B%CCc%2B%5BLR%8ARkR%8AR%CB%5BLR%CA%7B%AEZ%CF%29%A6%3A%201%A9%29%AAB%A9%5BM%8C%AF%9DS%A5T%9D%20%9D%20%9C%F4%94%F3%8C%D3%8C%B2%8C%B1%8C%B1%8Cr%7C1%7B%D0c%90c%8D%7C0%94%D3%8C%92%8C%B2%8C%B2%8C%D3%8C%D3%8C%B2%8C%B2%8C%92%84q%8Cr%8Cr%8C%E7%2A%202%28%3A%29%20%C5%20%C3%20%C3%20%E3%20%E3%20%201%E5%29g%29f%29e%29%85%29%85%21%20%20%20%20%20%20%20%21%20%21%20%21%24%21D%21%24%21%20%20%20%20%E4%28%E5%20%202%25J%EBJ%ECJ%EDBm%3Al%3Al%3A%8B%3AJ%3A%2B2,0,0.00,NA,0,0,0,0,0,0,NA,98
pico_reply,21:31:37,2I%3A%2A%3A%2A%3A%2A%3A%2A%3A%292%20%29%C91%E8%29%E9%2A%20%29%EA%29%C9%29%C81%CA1%E91%E9%29%E9%2A%20%2A%20%2A%28%3Ai2,0,0.00,NA,0,0,0,0,0,0,NA,98
pico_reply,21:31:37,1%EA1%E91%E92%202%202,0,0.00,NA,0,0,0,0,0,0,NA,98
pico_reply,21:31:37,2%202,0,0.00,NA,0,0,0,0,0,0,NA,98
pico_reply,21:31:37,%3A,0,0.00,NA,0,0,0,0,0,0,NA,98
pico_reply,21:31:37,%3A,0,0.00,NA,0,0,0,0,0,0,NA,98
pico_reply,21:31:37,%3A,0,0.00,NA,0,0,0,0,0,0,NA,98
camera,21:31:37,Camera%2Fcontrol%20line%20discarded%3A%20too%20long,0,0.00,NA,0,0,0,0,0,0,NA,98
pico_reply,21:31:37,%7C%20%83%EF%7C%20%7C-%8C%2F%8CqZ%EE2Kc%2B%5B%2CR%8AR%8BJ%AAR%CBJ%ACB%A9%84%8C%94%93B%20%21%879%E81%CA2IB%E9%7CN%84%B4%9D%20%9D5%9D%20%9C%F4%9C%F4%95%20%94%D3%94%D2%8C%B2%94r%8CP%7C%20s%B0%5BPk%CE%94%B1%8C%92%8C%B2%94%92%94%D3%8C%D3%94%D3%8C%B2%94%D2%8C%B2%8C%B2%8C%B2%8C%E7%2A%20%3A%201%C9%20%C4%20%C3%20%E3%20%C4%20%C4%20%E21%A6%29F%29F%21E%21d%29%86%21%20%21%20%20%20%20%20%20%24%21%20%21%24%21D%21%25%21%20%20%20%21%20%28%E4%20%209%C6%3A,0,0.00,NA,0,0,0,0,0,0,NA,98
pico_reply,21:31:37,2%28B%8AJ%CCJ%CCB%AC%3AkB%8AB%AB%3A%8C%3AK%3AK%3A%2A%3A%2B%3A%20%3AJ2%292,0,0.00,NA,0,0,0,0,0,0,NA,98
pico_reply,21:31:37,%29%E9%29%E9%2A%201%EA%29%89%29%C81%E91%E91%E91%E91%E9%2A%20%2F%292J2,0,0.00,NA,0,0,0,0,0,0,NA,98
pico_reply,21:31:37,1%EA1%EA1%E92%202%202,0,0.00,NA,0,0,0,0,0,0,NA,98
pico_reply,21:31:37,2%202%2A2%2A%3A,0,0.00,NA,0,0,0,0,0,0,NA,98
pico_reply,21:31:37,2,0,0.00,NA,0,0,0,0,0,0,NA,98
pico_reply,21:31:37,%3A%29%3A%2A%3A%2A%3A%29BJ%3AJBJBK%3A,0,0.00,NA,0,0,0,0,0,0,NA,98
camera,21:31:37,Camera%2Fcontrol%20line%20discarded%3A%20too%20long,0,0.00,NA,0,0,0,0,0,0,NA,98
pico_reply,21:31:37,Z%CAR%ADR%ABR%AAR%AAJjBJ%5Bjkmb%D0BJ1%A51%89%3A%2A2%29%5BKt%20%9DR%A5u%A55%9D%20%9C%F4%94%F4%94%F3%8C%F2%8C%D2%9D%20%94%92%84P%7B%D0k%91%5BM%84o%9D%20%8C%B3%94%B3%94%D3%8C%D3%94%D3%8C%D3%8C%B2%94%B3%8C%92%8C%92%8C%27%2AI%3A%201%AA%20%84%20%C4%20%C3%20%C3%20%C3%20C1%E7%21G%29E%21E%21e%29f%21%26%21%20%20%24%20%20%21%20%21%20%21D%21D%21%25%21%20%21%20%21%20%20%E4%20%E41%861%861%A7%29%A89%E8%3A%20%3AJB%8BJ%CBJ%CCJ%CC%3AlB%2B%3A%202,0,0.00,NA,0,0,0,0,0,0,NA,98
pico_reply,21:31:37,B,0,0.00,NA,0,0,0,0,0,0,NA,98
pico_reply,21:31:37,%3A%2A2%28%3A%2A%3A,0,0.00,NA,0,0,0,0,0,0,NA,98
pico_reply,21:31:37,2%20%2A%202%201%C9%29%C81%E81%E91%E91%E9%3A%202,0,0.00,NA,0,0,0,0,0,0,NA,98
pico_reply,21:31:37,2JB%8A2,0,0.00,NA,0,0,0,0,0,0,NA,98
pico_reply,21:31:37,2%202%202%202%292%202%202%202%2A%3A%2A%3A%2A2%2A%3AI2%2A%3A%2A%3A%2A2%292I%3AJ%3AJ%3A%2A%3AJBKBK%29%CA%20h%21%A92%29%3Aj%3Aj%3Aj%3AJBK%3AJBiBJBk%3Aj%3Aj%3A%8ABjBkBj%3Ak%3Ak%3Ak%3AkBkBkBjBkBkB%8B%3A%8BB%8BB%8AB%8AJLY%EAI%C9j,0,0.00,NA,0,0,0,0,0,0,NA,98
camera,21:31:37,Camera%2Fcontrol%20line%20discarded%3A%20too%20long,0,0.00,NA,0,0,0,0,0,0,NA,98
pico_reply,21:31:37,%8C%B2%94%B2%8C%92%8C%92%8C%282%28%3A%29%21%28%20%C3%20%A4%20%C4%20%C4%20%20%29%A31%C8%29G%29%25%21%20%20%24%21F%21%25%21%25%20%24%20%20%21%24%21%24%21e%21D%21%25%21%20%20%24%21%20%29%25%29%20%29%861f1f%29g%29F1f9%C8%3A%29B%2ABjB%8AB%ACBkB%8B%3AkBlBk%3AJ2%2A%3Aj%3Aj2j%3AK2,0,0.00,NA,0,0,0,0,0,0,NA,98
pico_reply,21:31:37,2%202%202%209%E9%29%C9%3A%29%3AKB%8BB%AB2,0,0.00,NA,0,0,0,0,0,0,NA,98
pico_reply,21:31:37,2%20%3A%202%202%202%202%20%3A,0,0.00,NA,0,0,0,0,0,0,NA,98
pico_reply,21:31:37,%3A%2A%3A%2A%3A%2A2%2A%3A%2A2%2A%3A%2A%3A%29%3A,0,0.00,NA,0,0,0,0,0,0,NA,98
pico_reply,21:31:37,%3AI%3AJ%3AJ%3AJ%3AJ%3A%2B%3A%2A%3Ai%3A%8A%3Aj%3AJ%3Aj%3AjBj%3AkBJ%3AJBj%3A%2ABK%3Aj%3A%8ABj%3Ak%3AjBj%3Ak%3AjBj%3AjBjBkBjBkBkB%8AB%8BB%8BB%8AB%8AB%8BRkR%20J%2AI%EBI%CCQ%CAJ%87%C6%29%EF%FF%FF%FF%BC%BFJ%A5%F7%2C%FF%7F%9C%F5%FF%FD%FF%FF%FF%FF%FF%FF%FF%FF%F7%FF%FF%FF9%FAZ%C6R%8Bb%2BZ,0,0.00,NA,0,0,0,0,0,0,NA,98
camera,21:31:37,Camera%2Fcontrol%20line%20discarded%3A%20too%20long,0,0.00,NA,0,0,0,0,0,0,NA,98
pico_reply,21:31:37,%20D%21e%21f%21%25%21%20%21%24%21%24%21%20%29%25%29E%29%86%29%87%29g%29%861g1%861f1%861%861%A71%E7%3AI%3AkBkB%8CB%ADBlBlBk%3Ak%3AJ%3Aj%3AJ2,0,0.00,NA,0,0,0,0,0,0,NA,98
pico_reply,21:31:37,1%E92%29%3A%29%3A%202%20%3Ak%3AjB%8BBk2%202%202%202%202%202%20%3A,0,0.00,NA,0,0,0,0,0,0,NA,98
pico_reply,21:31:37,%3A,0,0.00,NA,0,0,0,0,0,0,NA,98
pico_reply,21:31:37,%3A,0,0.00,NA,0,0,0,0,0,0,NA,98
pico_reply,21:31:37,%3A%2A%3A%2A%3A%2A%3A%292J2%2A2%29%3A%2A%3A%2A%3A%2A%3A%2A2J%3A%2A%3A%2A%3A%2A2%2A%3A%2A%3AJ%3AJ%3Aj%3AjBj%3AK%3AJBJ%3A%2B%3A%2ABJ%3Aj%3A%8ABj%3AjBjBjBk%3Aj%3Aj%3AjBjBKBKBkB%8BB%8AB%8BB%8BB%8AB%8BB%ABB%ABJ%8CB%ABJ%ABBNZ,0,0.00,NA,0,0,0,0,0,0,NA,98
pico_reply,21:31:37,Y%EAJ%20%8DP%EE%D7%ACzJ%A5%FF%CB%FF%FF%AD%DA%FF%FD%FF%FF%FF%FF%FF%FF%FF%FF%FF%FF%EF_BQB%2ARjr%20A%8AZ%E7%F7%FA%DE%DF%CD%FD%CE%B8%C62%FF%FEk%7F1%E7Z%2AAiK%26%FE%B5%B5%9F%9D.%FF%FF%EF%BD%FF%FF%3A21%E6%3A%209%E89%C89%E89%E8%3A%20A%E89%C79%A89%E79%E79%E89%E8B%29BjJ%8AS,0,0.00,NA,0,0,0,0,0,0,NA,98
pico_reply,21:31:37,R%EBcKk%CDk%CEk%AFk%AEk%AEk%AEk%AEk%AEk%AEk%AEk%CEl%20k%EEk%EEk%CEk%EEk%EDs%EEs%EEs%EEs%CEs%CDs%AEsmcLcLcc%2C%5BL%5BM%5BLclc%2Cc%2CkMcmkmkmkmc%8Cs%CDk%AEk%AEk%8Dk%8Dk%8Dk%ADk%ADk%AEk%ADs%CEs%CEs%CEs%AEs%AEs%CEs%EEs%CEs%EE%7B%EF%7B%CF%7B%EF%7B%EF%7B%EFs%EF%7B%EE%7B%CF%7B%EF%7C%20%7C%20%7C%20%7C%20%7B%EF%7B%EF%7C%20%7C%2F%7C0%84%20%840%840%7C%20%7C%2F%840%7C%20%7C%20%84P%7CO%84%20%7C%20%29%8C%20%E62%20cJJ%CBB%8AR%8AR%8AJ%8BJjS%20%7C%2CZ%CE1%8A1%A7B%209%E9K,0,0.00,NA,0,0,0,0,0,0,NA,98
pico_reply,21:31:37,k%CD%8C%B3%94%F5%A54%9D4%9C%F3%95%20%94%D3%8C%B3%94%F2%84%92%7CP%84Qs%D2cpc%8E%84O%94%D4%94%D3%94%D3%94%D3%8C%B3%8C%B3%94%93%8C%92%8C%92%8C%20%3A%299%E9%20%E5%20%E3%20%C4%20%C4%20%C4%20%E31%E5%29%88%21E%21%25%21%20%20%24%29e%21E%21D%21%24%21%24%21D%21d%20%25%21%24%21%20%21%24%21%24%29%25%21%25%29E%29%86%29%86%29%86%29%861g1f%29f1e%29F%29F%21f%29%A71%A81%C82%29BkBkB%8BJ%ACB%8B%3Ak%3AjBK2%20%29%E92%29%3A%2A2%29%3AiB%8BJ%EB%3A%8B%3A%2B2%202%202%292%292%292%20%3A,0,0.00,NA,0,0,0,0,0,0,NA,98
pico_reply,21:31:37,1%EA%3A,0,0.00,NA,0,0,0,0,0,0,NA,98
pico_reply,21:31:37,%3AJ%3A%2B%3A%20%3A%2A2I2I2%29%3A,0,0.00,NA,0,0,0,0,0,0,NA,98
pico_reply,21:31:37,%3A%2A%3A%2A%3A%2A%3AJ%3AJ%3A%2A%3A%2A%3AJ%3A%2A%3AJ%3AJ%3Aj%3A%8A%3AJ%3AJ%3AKBJ%3A%2BBJBK%3AJ%3AjB%8B%3Ak%3AjB%8A%3Ak%3Ak%3Aj%3Aj%3AjBJBkBkBjB%8AB%8BB%8BB%8ABkB%ABB%ABJ%8BJ%8BJ%ABJ%8CR%8BZ%2BI%8C1iRiH%EABe%EF%8A%FF%FF%EF%FF%FF%FD%F7%BF%FF%DF%FF%FF%FF%FF%FF%FF%CE%3F9%EDJ%89ZJb%2BA%C8%94%8E%FF%FE%C6%BF%8B%20%F7%9B%8D%2C%FF%FFJ%9EB%20b,0,0.00,NA,0,0,0,0,0,0,NA,98
camera,21:31:37,Camera%2Fcontrol%20line%20discarded%3A%20too%20long,0,0.00,NA,0,0,0,0,0,0,NA,98
pico_reply,21:31:37,%29%86%29%86%29%86%29f%29%87%29%86%29%86%29%86%29%86%29%A6%29%87%29G1f1f%29%861%C79%C82%20%3A%20%3AKB%8BB%ACBlBL%3Ak%3AJ%3A%2A2%2A2%8AJ%CD%3Am2J%3Aj%3AK2,0,0.00,NA,0,0,0,0,0,0,NA,98
pico_reply,21:31:37,2%20%3A%202%292%292%2A%3AJ%3A%8BB%8B2%20%3A,0,0.00,NA,0,0,0,0,0,0,NA,98
pico_reply,21:31:37,2%2A2%292%292%292,0,0.00,NA,0,0,0,0,0,0,NA,98
camera,21:31:37,Camera%2Fcontrol%20line%20discarded%3A%20too%20long,0,0.00,NA,0,0,0,0,0,0,NA,98
pico_reply,21:31:37,%8CP%84P%84P%8B%F1Jp%29%87%29%A8%21F%3AHR%CAR%ACJ%ABJ%ABRkB%2BJ%A8k%8A%94nR%8E%20%E89%C8B%201%E8%5Bk%8C%B1%9D%20%9D%20%9D%20%9D%20%94%F3%8C%F3%8C%D3%8C%B2%8C%B2%84%91%84Q%7C%20%7B%AFc%2Fs%EE%8C%91%8C%B3%94%B2%8C%B2%94%93%94%92%94%92%94%92%94HBI%29%8A%20%C3%20%E3%20%C4%20%C4%20%C3%20%241%E7%29%87%21D%20%20%21%20%20%20%20D%29e%29e%21%24%21%25%21%24%21%24%21%24%21%20%21%20%20%20%21%25%21%20%21%25%29G%29f%29%86%29%86%29f%29%86%29%86%29%86%29%86%29%86%29%861%861g%29g%29f%29F%29F%29f1f1g1%A8%3A%20BJ%3A%8BBjB%8B%3AKBI%3A%EASL%5Bp%3Ak%3AJ%3AJ%3Ak%3AJ%3AJ%3A,0,0.00,NA,0,0,0,0,0,0,NA,98
pico_reply,21:31:38,%3A%2A2%292J%3AJ%3A%8BBk2%20%3A,0,0.00,NA,0,0,0,0,0,0,NA,98
pico_reply,21:31:38,2%292I2%292%292%29%3A%29%3A%2A2,0,0.00,NA,0,0,0,0,0,0,NA,98
camera,21:31:38,Camera%2Fcontrol%20line%20discarded%3A%20too%20long,0,0.00,NA,0,0,0,0,0,0,NA,98
pico_reply,21:31:38,%94qR%F2%21H1%A7%29H%21%871%E6R%CBR%CAJ%ABJ%8BJkJ%ABJ%E9t%20sNJ%8F%29%859%E81%CAB%8Acl%8C%90%AD%93%9DT%95%20%95%20%8C%F2%94%F3%94%B3%84%B2%8C%B1%8Cq%7C%20%7B%AFs%90cm%84O%9C%F3%94%B2%94%B2%8C%B2%8C%92%8Cr%8Cr%8CHBJ%21%28%20%C4%20%C4%20%C3%20%E4%20%C2%29%A5%29%88%21f%21E%20%20%20%20%21%24%20%24%21e1%85%21E%21%25%21%24%21%24%21%20%21%20%21%24%21%24%21%20%21%25%21%25%29g%29f1%86%29%85%29%86%29%86%29%86%29%86%29%86%29%86%29%86%29%861g%29f%29%86%29%86%29%86%29f%29f%29f1f1%871%871%C71%E82%28%3AIBk%3A%EB%5B%ADc%90%3ALBk%3AK%3AK%3AJ%3AjB%2B%3A%2A%3AI%3AJ%3AK%3AJ%3AJ%3A%2A%3A,0,0.00,NA,0,0,0,0,0,0,NA,98
camera,21:31:38,Camera%2Fcontrol%20line%20discarded%3A%20too%20long,0,0.00,NA,0,0,0,0,0,0,NA,98
pico_reply,21:31:38,%84%2F%840%84P%8CP%8C0%8CP%84P%84o%94%90%7C%20%29%8C1%A61%88%29%A7%29f%3AiS%20R%EDJ%8BJ%8BR%AC%3A,0,0.00,NA,0,0,0,0,0,0,NA,98
pico_reply,21:31:38,S%29s%E9%8409%EC%21gA%E8BI%3AIl%20%94%F2%A55%9D%20%9D3%95%20%95%20%94%D3%8C%B3%8C%B2%8C%B1%842%84%20%7B%D0%5BOk%CD%8C%B1%8C%B2%8C%B2%8C%B2%8C%92%8Cr%8Cr%8C%29B,0,0.00,NA,0,0,0,0,0,0,NA,98
camera,21:31:38,Camera%2Fcontrol%20line%20discarded%3A%20too%20long,0,0.00,NA,0,0,0,0,0,0,NA,98
camera,21:31:38,Camera%2Fcontrol%20line%20discarded%3A%20too%20long,0,0.00,NA,0,0,0,0,0,0,NA,98
pico_reply,21:31:38,%8CB%8BB%8B%3Ak%3Ak%3Ak%3AKBJB%2A%3A%292I%3A%2A%3A%29%3AI%3AI%3A%2A%3AJ%3AJ%3A%2A%3A%2A%3A%2A%3A%20%3A%2A%3AI%3AI2,0,0.00,NA,0,0,0,0,0,0,NA,98
pico_reply,21:31:38,2%202%2A%3AJ%3Aj%3Aj%3AJ%3AjBjBK%3AK%3AJ%3AjBjBj%3AjBjBj%3A%8AB%8AB%8B%3Aj%3AjBkBjB%8AB%8AB%8AB%AAB%AB%3A%8AB%ABB%8BB%8BB%8BB%ABBJJ%ABB%ACJ%ACJ%ABJ%ABJ%8BJ%ABR%8BJ%2BY%EAA%8B1I%29g%29iBJJjBJBIZ,0,0.00,NA,0,0,0,0,0,0,NA,98
camera,21:31:38,Camera%2Fcontrol%20line%20discarded%3A%20too%20long,0,0.00,NA,0,0,0,0,0,0,NA,98
camera,21:31:38,Camera%2Fcontrol%20line%20discarded%3A%20too%20long,0,0.00,NA,0,0,0,0,0,0,NA,98
camera,21:31:38,Camera%2Fcontrol%20line%20discarded%3A%20too%20long,0,0.00,NA,0,0,0,0,0,0,NA,98
pico_reply,21:31:38,%3Ai%3A%2A%3A%2A%3A%2A%3AJ%3A%2A%3A%29%3AIBI%3AJ%3A%2A%3A%2A%3AK%3AJ%3AJ%3A%2A%3AJ%3AJ%3Aj%3Aj%3Aj%3Aj%3Aj%3Aj%3AjBjBjBjBj%3Aj%3AjBjBjBj%3Aj%3A%8BB%AB%3A%AB%3A%8AB%8BB%8BB%AAB%ABB%ABJ%CBB%CBB%ACJ%ABJ%8BJ%8BJ%ABJ%ABJ%ABR%8BJ%ABBjJ%8AR%8ABKBjJJJJJjJJY%EABI%8CF%FF%FF%9C%7FZ%ACJ%2B%29gY%EAB,0,0.00,NA,0,0,0,0,0,0,NA,98
camera,21:31:38,Camera%2Fcontrol%20line%20discarded%3A%20too%20long,0,0.00,NA,0,0,0,0,0,0,NA,98
camera,21:31:38,Camera%2Fcontrol%20line%20discarded%3A%20too%20long,0,0.00,NA,0,0,0,0,0,0,NA,98
camera,21:31:38,Camera%2Fcontrol%20line%20discarded%3A%20too%20long,0,0.00,NA,0,0,0,0,0,0,NA,98
pico_reply,21:31:38,%3A%2A%3A%2ABK%3AJ%3Aj%3AJ%3AJ%3AJ%3AiBJ%3AJ%3AJ%3Aj%3Aj%3AjBJBj%3Aj%3Aj%3AjBjBJBjBkBkBk%3A%8BB%8B%3A%ABB%8BB%8BB%8AJ%8BB%ABB%CAJ%ABB%8CJ%ABJ%8BJ%8BJ%8BJ%ABJ%8BJkJ%8AJ%8AJ%8AJJB%2BBJBJJJBiBiR%29JHZHZ%D0%20FB%29%3A,0,0.00,NA,0,0,0,0,0,0,NA,98
pico_reply,21:31:38,J%2AY%CA9%E7%9CH%F7%DF%FF%FB%FF%FF%FF%FF%FF%FF%F7%7F%84%3F%21C%3A%209%E89%E8A%C9Ak9%C8%DE%CF%FF%FF%FF%FF%FF%FF%FF%FF%F7%DF%3A%20J%8AJ%8BR%CBR%ECs-St%CB%E7%B5%E7%5D%94%99%95%20k%D0s%EEk%EEk%EFk%EFs%EFt%20l%20l%20s%EFs%EFt%20t%20s%EF%7C%20%7C%20%7C%20%7C%20%7C%20%7C0%84O%840%840%840%7CO%84o%84P%84P%7CP%84p%84p%84p%84p%840%8CP%7B%CFs%AEk%8Ds%CDk%ADk%AEk%8Es%ADs%AEs%AEs%CEs%CEs%CEs%CEs%CEs%CFs%CF%7B%EEs%EFs%CF%7B%EF%7C%20%7B%EF%7B%EF%7C.%7C%20%7C%20%7C%20%7C%20%7C%2F%7C%2F%7C%2F%84%20%840%840%840%840%840%840%840%840%84P%840%841%84P%84p%84p%8Cq%8Cq%8C%91%8C%B0%8C%90%8C0s%92%29%AA%29%A6%29%C8,0,0.00,NA,0,0,0,0,0,0,NA,98
camera,21:31:38,Camera%2Fcontrol%20line%20discarded%3A%20too%20long,0,0.00,NA,0,0,0,0,0,0,NA,98
camera,21:31:38,Camera%2Fcontrol%20line%20discarded%3A%20too%20long,0,0.00,NA,0,0,0,0,0,0,NA,98
camera,21:31:38,Camera%2Fcontrol%20line%20discarded%3A%20too%20long,0,0.00,NA,0,0,0,0,0,0,NA,98
pico_reply,21:31:38,%84%90%84p%84O%7C%20s%EFs%CEk%8Ek%ADs%CEs%CEs%CEs%CEs%CE%7B%CFs%CFs%EE%7C%20s%CF%7B%EE%7C%20%7B%EF%7C%20%7C%20%84%2F%7C%20%7C%20%7C%2F%7C%2F%7C%2F%84P%7C%20%840%84%2F%7C0%84P%84P%840%840%840%840%84%20%840%84P%8CP%8CP%8CP%8Cq%8Cq%8C%91%8C%90%8C%B0%94%D0%94rR%F1%29%A7%29%C7%29%C8%29%C8BH%3A%202%20%3A%201%A8%21gBhR%CBJ%8BJ%8AB%8AJjS%20t%20%7B%AEB%201%C7%3AI2%29J%EA%7CO%9C%F3%94%B5%94%D4%94%D3%8C%D2%94%B2%94%93%8C%92%84p%84%20s%D0c.k%CE%8C%AF%8C%AF%8C%A9%20%E3%20%E4%20%C4%20%C4%20%E3%20D1%C7%21g%21e%20%20%21%20%21%24%20%20%20%20%21%20%21%20%20%24%20%20%20%24%21%20%21%20%21%20%21%20%20%20%21%20%21%24%29%861%871g%29%86%21%A5BfB,0,0.00,NA,0,0,0,0,0,0,NA,98
pico_reply,21:31:38,j%EBc,0,0.00,NA,0,0,0,0,0,0,NA,98
camera,21:31:38,Camera%2Fcontrol%20line%20discarded%3A%20too%20long,0,0.00,NA,0,0,0,0,0,0,NA,98
camera,21:31:38,Camera%2Fcontrol%20line%20discarded%3A%20too%20long,0,0.00,NA,0,0,0,0,0,0,NA,98
camera,21:31:38,Camera%2Fcontrol%20line%20discarded%3A%20too%20long,0,0.00,NA,0,0,0,0,0,0,NA,98
camera,21:31:38,Camera%2Fcontrol%20line%20discarded%3A%20too%20long,0,0.00,NA,0,0,0,0,0,0,NA,98
camera,21:31:38,Camera%2Fcontrol%20line%20discarded%3A%20too%20long,0,0.00,NA,0,0,0,0,0,0,NA,98
camera,21:31:38,Camera%2Fcontrol%20line%20discarded%3A%20too%20long,0,0.00,NA,0,0,0,0,0,0,NA,98
camera,21:31:38,Camera%2Fcontrol%20line%20discarded%3A%20too%20long,0,0.00,NA,0,0,0,0,0,0,NA,98
camera,21:31:38,Camera%2Fcontrol%20line%20discarded%3A%20too%20long,0,0.00,NA,0,0,0,0,0,0,NA,98
pico_reply,21:31:38,%8Bk%2CA%EC1%E8%29h%29%C9SJ%84%8E%94%F3%94%F2%8C%B3%8C%B2%94%93%84r%8Cq%84Q%83%D1sosos%A4%20%E4%20%E4%20%C4%20%E3%21%A4%29f%21%26%21E%21%25%20%24%21%20%21%20%21%20%21%20%21%24%21%20%21%20%21%20%21%20%21%20%21%24%21%20%29%20%21%24%29%241%C7BJ%3A,0,0.00,NA,0,0,0,0,0,0,NA,98
camera,21:31:38,Camera%2Fcontrol%20line%20discarded%3A%20too%20long,0,0.00,NA,0,0,0,0,0,0,NA,98
camera,21:31:38,Camera%2Fcontrol%20line%20discarded%3A%20too%20long,0,0.00,NA,0,0,0,0,0,0,NA,98
camera,21:31:38,Camera%2Fcontrol%20line%20discarded%3A%20too%20long,0,0.00,NA,0,0,0,0,0,0,NA,98
pico_reply,21:31:38,1%E89%E81%E81%E81%E81%C81%A7%29h%20%20%3AGB%8A%5B%2BR%CC%3A%2BB%8BJ%CAS,0,0.00,NA,0,0,0,0,0,0,NA,98
camera,21:31:38,Camera%2Fcontrol%20line%20discarded%3A%20too%20long,0,0.00,NA,0,0,0,0,0,0,NA,98
camera,21:31:38,Camera%2Fcontrol%20line%20discarded%3A%20too%20long,0,0.00,NA,0,0,0,0,0,0,NA,98
camera,21:31:38,Camera%2Fcontrol%20line%20discarded%3A%20too%20long,0,0.00,NA,0,0,0,0,0,0,NA,98
pico_reply,21:31:38,%94%D1%94%B2%84qt%20s%EE%7B%F0%840%7C%20%7C%2F%7C%2F%7C%20%7C%20%7C%2F%7C%2F%7C0%840%840%840%841%84P%8Cp%8Cq%8Cp%8Cp%8Cq%8Cq%8Cq%94%91%8C%91%8C%92%8C%B2%95%20%AD%B5%BE%20%B5%D6%B5%D6%ADU%A5T%AD%B4%9DVc%93J%ADB%8B%3A%2A%21%871%E81%E89%E81%E81%E81%E82%201%A81%A81g1h%20F1%C5c,0,0.00,NA,0,0,0,0,0,0,NA,98
pico_reply,21:31:38,J%8BJkJ%29%3A%29B%A8R%C9Z%8D9%E9%29%A62%28S%20%7C%94%D2%8C%D2%84r%8Cr%84q%8C1%84%20%84%20%84%20%20%E4%20%E3%20%E3%21c%29%A6%21F%21E%20%20%21%20%20%20%21%20%21%20%21%24%21%24%21%24%21%24%20%24%20%20%21%20%21%24%20%24%21%24%21%24%21%24%29e9%A5%29f1e%29f%29%A51%C69%E89%A89%C81fAgA%20%21D%84%29%7B%B3%20%E9%29F1FI%271FC%23%BD%95c%20%21%23%29%861%86%29%86%29%A6%29%A51%A6%21%26%29E1E9E%29%86B%C5%A5%B2%95%B6%AD%B8k%B7R%AB%5Bmc%2BsL%3A,0,0.00,NA,0,0,0,0,0,0,NA,98
camera,21:31:38,Camera%2Fcontrol%20line%20discarded%3A%20too%20long,0,0.00,NA,0,0,0,0,0,0,NA,98
pico_reply,21:31:38,%8Cp%8Cq%8CQ%94q%94%91%8C%91%8C%92%8C%D1%9DQ%A5U%AD%B5%B5%B6%B6%20%A5%96%AD%F5%C66%ADXk%B32mS%20%5B1%CA%3A%201%E72%20%3A%29%3A%20%3A%20%3A%291%A81%A81%871g%21%27%20%E4%3A%27JhJ%8CBIBjJiJ%89cJ%5B%201%AA%29%A8%29%E7K%29%84%90%8C%D3%94%D3%8C%92%84%91%8CQ%7C%20%7C%20%7C%E4%20%E4%20%E3%20%E3%29c%29%A7%29e%21%25%21%24%21%20%20%20%21%20%21%20%21%20%20%24%21D%21%25%20%24%20%24%21%20%21%24%21D%29%25%21%24%21%25%29f1%861%861e%29%86%29%869%E6%3A%209%A89%A71%86Ig9F1%E4%B5%8F%7B%D3%29J1g9%86AG%21fc%85%BDu%21%2F1%C31%86%29%86%29%A6%29%A6%29%A61%86%29%26%29e1eA%269%25b%A6%84o%8Ds%AD%B8%5B6k%CEtp%84P%8C%B2B%AB%94o,0,0.00,NA,0,0,0,0,0,0,NA,98
pico_reply,21:31:38,%3AJB%C9S%2BSMSL%5BMJ%EDK%20K%2CR%ECJ%CCB%EBJ%EB%5B%20J%CBJ%ABJ%ABJ%8BJjJjJjJjJJJjJjJiJiJiJiBiBiJIJ%29BJB%29B%29B%29%3A%28B%28B%20B%20B%20A%E8B%209%E8%3A%209%E81%E81%E89%E89%C81%E89%C89%C81%E81%E8%29%88%29%27%20%26%29%84B%27B%2AJ%89J%8AR%CCS%20c%5BM%C6M%FF%DF%EF%FF%FF%FE%B6%3Ek%AFk%CFk%D0c%8F%B5%B2%B5%99%ADW%94%F7%94%D3%C6%B6%84%94t0t0d1%85%20%A5%B7%9D%20s%F4%7C%20%7C0%840%84P%84P%84Q%7Cq%7Cq%84p%8C%B1%84%91%84%91%84%91%84%B1%84%B1%84%B1%84%91%84%91%84%B1%8C%B1%8C%B1%8C%B1%8C%D1%8C%B1%8C%B2%8C%B2%8C%B2%94%B1%94%D2%94%D2%94%D2%94%F2%94%D2%94%D2%94%D2%9C%F2%94%D2,0,0.00,NA,0,0,0,0,0,0,NA,98
camera,21:31:38,Camera%2Fcontrol%20line%20discarded%3A%20too%20long,0,0.00,NA,0,0,0,0,0,0,NA,98
camera,21:31:38,Camera%2Fcontrol%20line%20discarded%3A%20too%20long,0,0.00,NA,0,0,0,0,0,0,NA,98
camera,21:31:38,Camera%2Fcontrol%20line%20discarded%3A%20too%20long,0,0.00,NA,0,0,0,0,0,0,NA,98
pico_reply,21:31:38,%F2%94%D3%94%F2%95%20%94%F2%94%F2%94%D2%94%F2%8C%B1%8C%B1%84Q%840%84P%840%84%20%840%840%840%84P%8Cp%84q%8CP%8CQ%8C%91%84%91%8C%91%8C%91%8C%91%8C%91%8C%B1%8C%B1%94%B1%94%B2%8C%B1%8C%92%9C%B3%A5T%A5s%AD%94%AD%94%A5S%9C%B4c%B4B%2AJ%EC%3AiBj%3A%2A%3A%2B%3A,0,0.00,NA,0,0,0,0,0,0,NA,98
pico_reply,21:31:39,%3A%202%209%E81%E81%A71%87%29%87%29f%29f%21F%20%20%20%20BER%AAJkBJBJJ%8AR%EBR%8CB,0,0.00,NA,0,0,0,0,0,0,NA,98
camera,21:31:39,Camera%2Fcontrol%20line%20discarded%3A%20too%20long,0,0.00,NA,0,0,0,0,0,0,NA,98
pico_reply,21:31:39,%CEkrB%ACS-k%AFs%AFc%F0tM%EF%FA%B5%DC%B5%B7%C6%20%B6%3Ak%F3s%F0t1T%CE%A5%92%85%9DTm%D6%F7%AD%BE%84O%84Q%7CO%ADP%84%D6%9D%20%9C%F5%84%8F%84%91%8C%91%84%92%84%91%84%91%84%91%84%91%84%91%84%B1%8C%B2%8C%B1%84%D1%8C%91%8C%B1%8C%D1%8C%D1%8C%D2%8C%D2%8C%D2%94%D2%94%D2%94%D2%94%D2%94%D1%94%D2%94%D2%9C%F2%9C%F2%94%F3%94%F2%94%F2%94%F2%94%F2%8C%B2%94%F2%95%20%9C%F3%94%91%8CP%84O%8Co%8CP%8C0%8C0%84P%84p%8CP%8Cq%8Cq%8CQ%8Cq%84%91%8Cq%8Cq%8C%91%8C%91%8C%B1%8C%B1%8C%91%94%B1%8C%B2%8C%B2%A5%20%A4%F5%8C%93%94%D1%ADS%953%A4%D1%8C%B7BMJ%EB%3AiBj%3A,0,0.00,NA,0,0,0,0,0,0,NA,98
pico_reply,21:31:39,%3A%2A%3A,0,0.00,NA,0,0,0,0,0,0,NA,98
camera,21:31:39,Camera%2Fcontrol%20line%20discarded%3A%20too%20long,0,0.00,NA,0,0,0,0,0,0,NA,98
camera,21:31:39,Camera%2Fcontrol%20line%20discarded%3A%20too%20long,0,0.00,NA,0,0,0,0,0,0,NA,98
pico_reply,21:31:39,%20%28%A6%7C%24%DF%20%E7%FD%D7%FC%DE%FFc71%25I%27%20dl%20%84V%21%2A1%85%29%A61%C61%861g%29%86%29%A61%A6%29%86%29%26%40%E6%20%24%5B%A6%A4%93s6A%20%20bc%C7%7Ct%83Q%29%CA%5BE%D58%2F-%8B%85%7C%9A%83J%9C%20%2A%20t%AA%DD%B9Z%D4%3Bd%C67s%B91%851%E79%C71%C71%E71%E79%E89%C89%C7A%C8%3A,0,0.00,NA,0,0,0,0,0,0,NA,98
camera,21:31:39,Camera%2Fcontrol%20line%20discarded%3A%20too%20long,0,0.00,NA,0,0,0,0,0,0,NA,98
camera,21:31:39,Camera%2Fcontrol%20line%20discarded%3A%20too%20long,0,0.00,NA,0,0,0,0,0,0,NA,98
pico_reply,21:31:39,%C81%E8%3A%209%C81%C89%C89%C89%C89%E81%C79%E79%E71%E81%E8B%292%28BjJ%ABS%20%5B%20%5B%ADcms%CFk%AEk%8Ek%CEk%EEk%EEk%EEk%EEs%AFb%F0R%CDc%EF%8C%8F%84Rcp%7C%20t0%2F%2F%A6%20%95%F8%E7x%7C%20%7B%F0%84%20%84%20%8B%F1%7C%2F%DF%8E%D7%9E%EF%7Bs%D7%8C%8F%84q%8Cq%84%91%84%91%84%91%84%92%8C%D0%8C%91%84%91%8C%91%8C%B1%84%B1%8C%B2%8C%D1%8C%D2%8C%D2%94%D2%8C%B2%84%B2%94%D2%94%D2%8C%F2%94%F2%94%D2%94%D3%94%F2%94%F2%94%F2%94%F3%94%F3%94%D2%94%F3%95%20%95%20%95%20%95%20%9C%F3%9D%20%9D%20%9DS%94%F2%9D%20%9C%F3%8C%92%84p%84q%8CQ%84q%84q%8Cq%84%91%84%B1%8C%91%8C%91%8C%91%8C%91%94%91%8C%B2%94%B1%94%B2%94%B2%94%D2%94%D2%94%F2%95%20%B5%B4%B5%D6%A5s%B5%94%94%B6%5BRZ%CAB%201%AA,0,0.00,NA,0,0,0,0,0,0,NA,98
pico_reply,21:31:39,J%AE9%E8%29h%29%A8%5BI%84%8E%84%8E%84%C4%20%C4%20%201%A6%29F%21E%29%25%21%20%21%20%21%20%21%20%21%20%29%24%21D%21E%21%25%21%24%21%24%21%24%21%24%21%24%21%20%21%24%29%851f%29%86%29%86%29%86%29%86%29%86%29%86%29%A61%869FI%27A%A5%DEp%F7%9D%D7%5B%CF%BD%D6~JtA%20%29%86K%A5%B5%B6c%20%21%261%A6%29%A7%29%A61%86%29f%29%86%29%A6%29%A61%868%E70%E5%3Ab%B5%20Z%F49c9gJ%A5%8C%D0%845%83%202%27%9C%28%7BtB%88%AC%D0S%20%BCn%5B2%84%2A%8C5%AC%D2R%CCt%CE%A5UJ%921%849%E89%E71%E71%E71%E79%E7A%C8A%C79%C7S,0,0.00,NA,0,0,0,0,0,0,NA,98
camera,21:31:39,Camera%2Fcontrol%20line%20discarded%3A%20too%20long,0,0.00,NA,0,0,0,0,0,0,NA,98
camera,21:31:39,Camera%2Fcontrol%20line%20discarded%3A%20too%20long,0,0.00,NA,0,0,0,0,0,0,NA,98
camera,21:31:39,Camera%2Fcontrol%20line%20discarded%3A%20too%20long,0,0.00,NA,0,0,0,0,0,0,NA,98
pico_reply,21:31:39,%86%29%861fI%20A%20j%C4%E6%D8%EF%7C%D7%9D%E7%3E%A4%FBZlJH%5B%89%9C%D3k6%20%20%29%A51%A7%29%A6%29f%29%861%86%29%86%29%A6%29%A61%A69%26%20%23ce%84vR%F0Z%2B%21%A4k%84%8C4R%209%20%21%C5%9C%EC%85%20%941%84%D7%83,0,0.00,NA,0,0,0,0,0,0,NA,98
camera,21:31:39,Camera%2Fcontrol%20line%20discarded%3A%20too%20long,0,0.00,NA,0,0,0,0,0,0,NA,98
camera,21:31:39,Camera%2Fcontrol%20line%20discarded%3A%20too%20long,0,0.00,NA,0,0,0,0,0,0,NA,98
pico_reply,21:31:39,J%20J%20J%27J%20I%E79%C79%C7A%E8B%28JiZ%CAJkZ%EBJlJ%AABIBIBI%3A%29B%29%3A%20%3A%202%28%3A%20%3A%209%C79%C89%C89%C89%C81%E81%C81%C89%C8%3A%28%3AIB%8AB%CAR%ECR%ECclcmc%8Ec%AEk%AEk%AEc%AEk%EEk%EFk%EFk%EFd%20l%20s%EFs%EFt%20t%20t%20t%20%7C%20%8CO%7B%F0%7C%20%84%2F%7C0%840%7CP%7CP%841%84Pt0%7CP%84p%84q%84q%84q%84q%84p%84%B0%84%B1%8C%91%84%92%84%91%8C%B1%8C%B1%84%B1%8C%B1%8C%D2%8C%B2%8C%D1%8C%D2%94%D1%94%D2%8C%D2%94%F2%94%F2%94%F2%94%F2%94%D2%9C%B2%94%D2%94%D2%94%F2%95%20%95%20%95%20%9D%20%9D%20%9D%20%9D%20%9D3%9D3%9D%20%9D3%9D3%9D3%9D3%9D3%9D3%9D3%9D3%A5S%A5s%9D3%94%F3%94%B2%94%92%94,0,0.00,NA,0,0,0,0,0,0,NA,98
pico_reply,21:31:39,%3A%2A%3A,0,0.00,NA,0,0,0,0,0,0,NA,98
pico_reply,21:31:39,%3A%2AB%8AJj2,0,0.00,NA,0,0,0,0,0,0,NA,98
pico_reply,21:31:39,1%E81%E8%29%871%E8%21f%21F%20%25%21%25%20%25%20%E5%20%A4%20%A4%29%A49%E69%E89%A81%A8%29%A7B%27B%20A%E9%29%26%29%26%29%E4%20%C41%85%21e%21E%29%86%20%E4%21%20%21%20%21%20%21%20%21%24%21%20%20%24%20%24%20%24%20%20%21E%29f%29F%21%24%21%25%29%85%29%86%29%86%29%86%29%86%29%86%29%86%29%A6%29%A6%29%861fI%20IEsE%D65%CE%9A%D6%BA%B5%3CsQc%2Ct-%9C%D1s%B7%29j%29e%29%861%A6%29%861%A6%29%861%86%29%86%29%86%29%861%86A%26%21dc%A5%7Dt%8C%93%7Bu2H%84%C9t%20c%209%29I%A6ZhZjR,0,0.00,NA,0,0,0,0,0,0,NA,98
camera,21:31:39,Camera%2Fcontrol%20line%20discarded%3A%20too%20long,0,0.00,NA,0,0,0,0,0,0,NA,98
camera,21:31:39,Camera%2Fcontrol%20line%20discarded%3A%20too%20long,0,0.00,NA,0,0,0,0,0,0,NA,98
pico_reply,21:31:39,A%E7I%E8B%20J%20J%20J%20J%20J%20A%E7I%E7I%E7I%E7J%27JHRi9%A9%3A%20%3A%28J%88J%89JiBiBi%3AI%3AI%3A%20%3A%209%E7%3A%20%3A%201%E7%3A%209%E89%E89%C81%C8%3Ai%3AiB%AAB%AAS%20S%2Cclk%8Ek%AFc%AEk%AEk%AFc%CEk%CEk%CEk%EFk%EFl%20t%20t%20s%EFt%20t%20t%20t%20%7C0%7C0%7C0%7C0%7C0%840%840%84P%84P%84P%84P%7Cp%84p%84q%84q%84%91%84q%84%91%8C%B1%84%91%84%B0%8C%91%84%92%84%91%8C%B2%8C%B2%8C%B2%8C%B2%8C%B2%8C%D2%8C%D2%8C%D2%94%D1%94%D2%94%D2%8C%B2%94%F2%94%F2%94%F2%9C%D2%9C%B3%94%D2%94%D2%94%D3%95%20%9D%20%9D%20%9D3%9D4%9D4%9D3%9D3%9D3%9D3%9D3%9D3%9DS%9D3%9DS%9DS%A54%9D4%9D4%A53%A5T%A5s%AD,0,0.00,NA,0,0,0,0,0,0,NA,98
camera,21:31:39,Camera%2Fcontrol%20line%20discarded%3A%20too%20long,0,0.00,NA,0,0,0,0,0,0,NA,98
pico_reply,21:31:39,9%E8%3A%20%3A%20%3A%209%E89%E89%C89%E7BH%3AiJ%EBJ%CBS%20S%20c%8Dc%8Dk%EEc%AEk%CEc%CEk%AEk%CEc%CEk%EEk%EFk%EFt%20k%EFt%20t%20t%20t%20t%2F%7C0%7C0%7C%2F%7C%2F%7C0%7CP%84P%840%84P%84P%84P%7CP%84p%84q%84%91%84%91%84q%84q%7Cq%84%B1%84%B0%8C%B1%84%91%84%B1%8C%D1%8C%D2%8C%B1%8C%B2%8C%B2%8C%B2%8C%D2%94%D1%94%D1%94%D2%94%D3%8C%B2%94%F2%94%D2%94%F2%94%D2%94%B3%94%B2%94%D2%94%D2%9D%20%953%953%9D3%9D4%9D4%95S%953%9D3%9D3%9D3%9D3%9D3%A53%A5S%A5S%A54%A54%A54%A53%ADT%A5T%A5T%A5U%ADt%A5t%9C%F3%9C%F2%9C%D2%9C%B2%94%B1%94%D1%94%D2%94%D1%94%D3%95%20%94%F2%9C%F3%94%F2%9D%20%95%20%9C%F2%9C%92%84S1%ED2%201%E91%E9%3A%20%3A%2A%3A,0,0.00,NA,0,0,0,0,0,0,NA,98
pico_reply,21:31:39,B%2BB%2B%3AJ%3A%29%3A%201%C81%A79%87%29%87%29%A6%29%A6%29f%21F%21E%20%E5%20%20%21%25%20%20%21E%21f%29%859%E79%E81%C81%A69%A79%E89%E89%E4%29%851%C7%21E%29e%21F%21%24%21%20%21%25%21%20%21%20%21%24%21%20%21%20%21%24%21%24%21%24%20%24%21%24%29%25%21%24%21%25%29f%29%861%86%29%861%A7%29%86%29%86%29%86%29%86%29%86%29%861fA%25A%26Z%20Y%CBAIA%E6%84K%83%B1RN%21%281%A41%A51%A61%861%A71%87%29%A6%29%A6%29%86%29%A61%A6%29%A7%29%861f1%26%28%E51%27%29EA%85%29FB%20A%EB1%891%A51%A59%A69%A71%A6R%C7SK%C5.Y%D1%20%84%BD%AD%8B%95%20%86%ADLcW1%859%E79%C71%C79%C79%C79%E7A%A7I%A79%C6%8C%8C%7B%91%94%90j%AD%94%90J%CC%84P%AC,0,0.00,NA,0,0,0,0,0,0,NA,98
pico_reply,21:31:39,J%C8cJ%3A%20%3A%27%3A%201%E79%E79%C79%E8Q%A8IgA%84Jf%5B,0,0.00,NA,0,0,0,0,0,0,NA,98
pico_reply,21:31:39,Z%ACB,0,0.00,NA,0,0,0,0,0,0,NA,98
camera,21:31:39,Camera%2Fcontrol%20line%20discarded%3A%20too%20long,0,0.00,NA,0,0,0,0,0,0,NA,98
camera,21:31:39,Camera%2Fcontrol%20line%20discarded%3A%20too%20long,0,0.00,NA,0,0,0,0,0,0,NA,98
camera,21:31:39,Camera%2Fcontrol%20line%20discarded%3A%20too%20long,0,0.00,NA,0,0,0,0,0,0,NA,98
camera,21:31:39,Camera%2Fcontrol%20line%20discarded%3A%20too%20long,0,0.00,NA,0,0,0,0,0,0,NA,98
pico_reply,21:31:39,T%ADt%AD%94%AD%94%AD%B5%A5t%A5S%9D%20%9C%D3%94%B3%94%D2%94%D3%9C%F2%9C%F3%9C%D3%9D%20%9C%F2%9C%F2%9D%20%9C%D3S22%282,0,0.00,NA,0,0,0,0,0,0,NA,98
camera,21:31:39,Camera%2Fcontrol%20line%20discarded%3A%20too%20long,0,0.00,NA,0,0,0,0,0,0,NA,98
camera,21:31:39,Camera%2Fcontrol%20line%20discarded%3A%20too%20long,0,0.00,NA,0,0,0,0,0,0,NA,98
camera,21:31:39,Camera%2Fcontrol%20line%20discarded%3A%20too%20long,0,0.00,NA,0,0,0,0,0,0,NA,98
pico_reply,21:31:39,%B1%94%D2%94%D2%94%D2%94%F1%94%D2%94%F2%94%F2%94%D2%94%D2%94%D2%94%F2%94%F2%94%F3%94%F2%952%95%20%95%20%95%20%95%20%9D%20%9D3%9D3%9D3%953%953%9D3%9D3%A54%A5T%A5T%A54%A54%A54%A54%ADT%ADU%ADU%ADt%ADt%ADu%ADu%ADu%AD%95%AD%95%ADt%AD%94%AD%B5%AD%95%AD%95%A5t%9DS%9D%20%94%B3%94%F2%9D%20%9C%F3%9C%F3%9D%20%9D2%A5%20k%B3%21%8A%3A%29B%29B%29%3AJ%3A%2A%3A,0,0.00,NA,0,0,0,0,0,0,NA,98
camera,21:31:39,Camera%2Fcontrol%20line%20discarded%3A%20too%20long,0,0.00,NA,0,0,0,0,0,0,NA,98
camera,21:31:39,Camera%2Fcontrol%20line%20discarded%3A%20too%20long,0,0.00,NA,0,0,0,0,0,0,NA,98
pico_reply,21:31:39,%861%861%A71%871%861%871%A61%E89%C71%A6%29%A61%861%86%29%A6%29%A6%29%A6%29%A6%29%A6%29%86%29%861%86%29%A6%21F%21e%29%86%29%A6%29%A6%29%A6%29%86%29%A61%A61%A61%A61%A71%C71%A71%C71%C71%E71%E79%C89%C71%C71%E71%C71%E79%E71%E79%E79%C71%E71%E71%E79%C89%C81%C81%E79%C7A%A82%20Bg%83%F01%889%E7%84%20B,0,0.00,NA,0,0,0,0,0,0,NA,98
pico_reply,21:31:39,9%E7A%C8I%C79i%29Ec%20Z%ECZ%EB%8C%2FR%20%3A%20k%A8%842%A5%B1%3Aj%BD%B2B%8F%84%ED%A5R1%AF2%20%3A%209%C81%C7I%C89%C8%21%83%D6%8E%9C%F6J%8Cj%EE%9C%AEZ%EA%AD31%8F9%A39%A6A%C79%C7I%A6%3A%20SD%84%20Z%D09%C6B%20%3A%20R%C9sm%3A%89Jfc%201%C71%C79%C71%A61%861%C5JEB,0,0.00,NA,0,0,0,0,0,0,NA,98
camera,21:31:39,Camera%2Fcontrol%20line%20discarded%3A%20too%20long,0,0.00,NA,0,0,0,0,0,0,NA,98
camera,21:31:39,Camera%2Fcontrol%20line%20discarded%3A%20too%20long,0,0.00,NA,0,0,0,0,0,0,NA,98
camera,21:31:39,Camera%2Fcontrol%20line%20discarded%3A%20too%20long,0,0.00,NA,0,0,0,0,0,0,NA,98
pico_reply,21:31:39,9%C69%C71%A7B%279%E7%3A%20A%E8A%E82%26%95k%9Dv%A5%20R%90A%E8A%A7%8C%EEc%8F%8C%20Z%C9%3A%29%84%AEs%F0k%D01%E9%3A%299%E81%E7%29%C7Z%20R,0,0.00,NA,0,0,0,0,0,0,NA,98
camera,21:31:39,Camera%2Fcontrol%20line%20discarded%3A%20too%20long,0,0.00,NA,0,0,0,0,0,0,NA,98
camera,21:31:40,Camera%2Fcontrol%20line%20discarded%3A%20too%20long,0,0.00,NA,0,0,0,0,0,0,NA,98
camera,21:31:40,Camera%2Fcontrol%20line%20discarded%3A%20too%20long,0,0.00,NA,0,0,0,0,0,0,NA,98
pico_reply,21:31:40,1%C71%C71%C71%C71%C79%E71%C71%E71%E7%3A%202%209%E79%E79%C81%E79%E72%201%E79%E89%E8%3A%20%3A%209%E9%3A%20%3A%20%3A%209%E81%E79%E79%E7%3A%20%3A%20%3A%20%3A%20%3A%20%3A%20%3A%209%E89%E8A%E8A%E89HA%A8%29%87%3A%20JIR%209%A9t%20kPJJf%5Bi%84p%94%B2%29%AC%3A%271%E81%E71%E71%C7I%A81FR%C4%B6U%9C%F5%7C3%84O%95%20%AD%20%20%8D%29A%29D1e1%869%A6A%A6A%A71fc,0,0.00,NA,0,0,0,0,0,0,NA,98
pico_reply,21:31:40,I%EBI%C6J%26%7B%ABRM9%87%29ec%20JL9%C51%A61%A61%A69f9%A69%A5B%20RG9%C91h9%E79%A61%869%E7%3A%20BHBiR%CA%5B%2A%5B%2Bc%8Cc%8Ck%ADk%ADk%ADc%AEk%ADk%CDk%CEs%CEs%CEs%CEk%AFk%AEk%CEs%EF%7C%20%840%84Q%7C0%7CP%84p%84Q%84p%84P%84P%7CP%84q%84q%84q%84q%84p%84q%84q%84q%84%91%84%92%8C%92%8C%B2%84%B1%84%91%8C%B1%84%B1%84%D1%8C%B2%8C%D2%8C%D2%8C%D2%8C%D2%94%D2%94%D2%94%D2%94%D2%94%D2%95%20%94%F2%94%D2%9C%F3%9D%20%9D%20%9D%20%9D%20%95%20%9D3%9D3%9D%20%9D%20%953%9D3%95%20%9C%F3%9D%20%9D3%9D3%9D3%A5S%A5T%A5T%ADT%ADT%A5T%A5T%AD4%ADT%ADu%ADu%AD%95%AD%95%ADu%ADt%ADt%AD%95%AD%95%A5%B5%AD%D5%AD%B5%AD%D5%AD,0,0.00,NA,0,0,0,0,0,0,NA,98
pico_reply,21:31:40,%3AJBJBkBKBJBK2%20BkBKBj%3AJ2,0,0.00,NA,0,0,0,0,0,0,NA,98
camera,21:31:40,Camera%2Fcontrol%20line%20discarded%3A%20too%20long,0,0.00,NA,0,0,0,0,0,0,NA,98
camera,21:31:40,Camera%2Fcontrol%20line%20discarded%3A%20too%20long,0,0.00,NA,0,0,0,0,0,0,NA,98
camera,21:31:40,Camera%2Fcontrol%20line%20discarded%3A%20too%20long,0,0.00,NA,0,0,0,0,0,0,NA,98
pico_reply,21:31:40,%9D3%953%953%9D3%9D3%9D%20%953%953%95%20%94%F3%9C%F3%9D%20%9D3%9D4%A53%A5T%A5U%A54%ADT%ADT%A5T%A5T%ADT%ADt%ADu%ADu%ADt%AD%94%AD%95%AD%94%AD%B4%AD%95%ADu%A5u%AD%B4%AD%D5%A5%F5%AD%F5%AD%F5%AD%D5%AD%D5%AD%D6%AD%D6%AD%D6%AD%F6%B5%F6%B5%D6%AD%D6%B5%D4%BD%F5%94%B5J%B0B%8A%3Ak2,0,0.00,NA,0,0,0,0,0,0,NA,98
camera,21:31:40,Camera%2Fcontrol%20line%20discarded%3A%20too%20long,0,0.00,NA,0,0,0,0,0,0,NA,98
camera,21:31:40,Camera%2Fcontrol%20line%20discarded%3A%20too%20long,0,0.00,NA,0,0,0,0,0,0,NA,98
camera,21:31:40,Camera%2Fcontrol%20line%20discarded%3A%20too%20long,0,0.00,NA,0,0,0,0,0,0,NA,98
pico_reply,21:31:40,%94%F3%94%F2%95%20%94%F3%9C%F3%9D%20%9D%20%9D%20%9D%20%9D%20%953%9D%20%9D3%9D3%9DS%9DS%953%95%20%95%20%9D3%9D3%A54%A54%A54%A5T%A5T%A5t%A5T%ADt%A5T%ADt%ADt%B5%94%ADu%ADt%ADu%AD%94%AD%B5%AD%94%ADt%AD%95%A5%94%A5%B5%AD%D5%AD%D5%AD%D5%AD%D5%AD%F5%AD%D5%AD%D5%AD%B5%AD%D6%B5%D6%B5%D6%B5%D6%B5%F6%B5%F6%B5%F6%BE5%A5%96%5B%D4SLc%8ER%EDB%8DBKBjB%ABJ%ABJ%ECB%CB%3Ak9%EA%3A,0,0.00,NA,0,0,0,0,0,0,NA,98
camera,21:31:40,Camera%2Fcontrol%20line%20discarded%3A%20too%20long,0,0.00,NA,0,0,0,0,0,0,NA,98
pico_reply,21:31:40,k%AA%8C%90%8C%B1s%EEc%AEt-%84Ot%20%7B%EDt%20k%EDs%CEs%CEs%EEt%20s%EE%7B%EE%7B%EFs%EF%7B%EFs%EF%7B%EE%7C%20%7C%20%7C%20%7C%20%7C%2F%7C%2F%7C0%840%840%84P%84p%84%90%8C%B1%8C%B2%8C%D2%8C%D1%8C%D1%94%D2%8C%F2%8C%D1%94%F2%8C%F2%8C%D1%8C%D1%8C%D1%8C%D1%8C%D2%94%D1%94%D2%94%D3%94%D2%94%F2%94%F2%94%F2%9C%F2%9C%F2%9D%20%9D%20%9D%20%9D%20%95%20%9D3%9D3%9D%20%9D3%9DS%9DS%9DS%953%95%20%9D%20%9D3%A54%A54%A54%A54%A5T%ADt%A5u%A5T%ADt%ADT%ADT%ADt%AD%94%ADu%ADu%AD%95%AD%B4%AD%B5%AD%94%AD%95%A5u%A5%94%A5%94%AD%D6%AD%D5%AD%D5%AD%F5%AD%F5%AD%F5%AD%D5%AD%D5%AD%D6%AD%D6%B5%D6%B5%D6%B5%F6%B5%D6%B5%F5%BE%20%A57k%F4%5BL%5B-KJ%ECR%CDBLBjB%8AJ%ECB%CBJ%AABL%3A,0,0.00,NA,0,0,0,0,0,0,NA,98
camera,21:31:40,Camera%2Fcontrol%20line%20discarded%3A%20too%20long,0,0.00,NA,0,0,0,0,0,0,NA,98
pico_reply,21:31:40,%7C%20t%20%8C%91k%EFk%AE%8C%F0%84otO%8C%B0%84%92k%CDk%CEs%CEk%EEs%EEs%CFs%EEs%CE%7C%20s%EFt%20%7C%20%7C%20%7C%20%7C%20%84%20%7C%20%84%2F%84%20%840%84%2F%84o%84p%84P%840%84P%84P%84p%8C%B0%8C%F1%8C%F1%8C%D2%8C%D2%8C%D2%8C%D2%8C%D2%8C%D2%8C%D2%8C%D2%8C%D2%8C%F2%94%F2%94%F2%94%F2%94%F3%94%F2%9C%F3%9C%F3%9D%20%9D%20%9D%20%9D%20%9D%20%9D4%9D3%9D3%9D3%9DS%9DS%9D4%953%953%9D3%9DS%A54%A54%A54%A54%ADT%ADT%AD5%ADT%A5t%ADt%ADT%AD%94%AD%94%ADu%ADu%AD%95%AD%B4%AD%94%ADu%A5u%A5t%A5%94%A5t%AD%D6%AD%D5%AD%D5%AD%F5%AD%F5%A5%F5%AD%F5%AD%D6%AD%D5%AD%D6%B5%D6%B5%D6%B5%F6%B5%D6%B5%D5%B5%F5%AD%B6%7CVR%EE%5BNSL%5Bm%5B.S%20J%ADB%8CB%8AB%CBJ%CBBL2,0,0.00,NA,0,0,0,0,0,0,NA,98
pico_reply,21:31:40,1%E81%C9%29%A8%29%87%29f%21f%21F%21e%21e%21%25%21%25%20%25%21E%29f%29f%21%86%20%26%21%25%21%25%21E%21%20%21%25%21E%21E%21E%21%25%21%25%21D%21%25%21%20%21%25%21%25%21%24%21%24%21%24%21%25%20%241%A6%29%87%29%A7%29%A61%871%871%871%A61%871%A7%29%A71%C6%29%A71%C71%C71%871%871%A71%A71%A71%A61%A61%C71%A71%A71%A71%C71%C71%C71%C7%29%A79%E81%E71%C71%C79%C89%C71%C71%E71%E79%E89%E89%C81%C81%C79%E89%E8%3A%20%3A%209%E79%E79%E79%E89%E8%3A%20%3A%20%3A%28%3A%20%3A%20%3A%20%3A%20%3A%20%3A%28B%28%3A%29%3A%28%3A%20%3A%28B%20%3A%202G%5B%89knJlB%29%3A%20B%28B%29%3A%28%3A%20%3A%20%3A%20%3A%20%3A%20%3A%20%3A%28%3A%20B%20B%20%3A%28B,0,0.00,NA,0,0,0,0,0,0,NA,98
camera,21:31:40,Camera%2Fcontrol%20line%20discarded%3A%20too%20long,0,0.00,NA,0,0,0,0,0,0,NA,98
pico_reply,21:31:40,%C71%A71%A71%A71%A71%C7%29%A61%C79%E71%C81%A71%C71%C71%A71%A71%A61%C71%C71%A71%A71%A71%C71%C71%C81%C79%E81%C81%C71%E71%C79%C81%E71%E71%E81%E89%E89%E81%C81%E79%E89%E8B%20%3A%209%E79%E71%C79%E79%E89%E8%3A%20%3A%20%3A%20%3A%20%3A%20B%20%3A%20%3A%28B%28%3A%289%E7%3A%20%3A%20A%E7%3A%201%E8J%A9Z%AC1%E9B%28%3A%20B%28B%20%3A%20%3A%20B%20%3A%20%3A%20%3A%20%3A%20%3A%28%3A%28%3A%20B%20%3A%28B%28B%28%3AH%3A%29B%28B%29B%29B%29BIBIBHBh%3A%28BiB%281%C71%C71%C71%A7Ag%21%20A%C7%29%C8R%A9A%EB%20%C7%29d%29e%21e%21E%21E%21F%21%20%20%201%85%21%26%28%E4%29%201%84R%8A1%291fA%C6Z%CA,0,0.00,NA,0,0,0,0,0,0,NA,98
camera,21:31:40,Camera%2Fcontrol%20line%20discarded%3A%20too%20long,0,0.00,NA,0,0,0,0,0,0,NA,98
camera,21:31:40,Camera%2Fcontrol%20line%20discarded%3A%20too%20long,0,0.00,NA,0,0,0,0,0,0,NA,98
camera,21:31:40,Camera%2Fcontrol%20line%20discarded%3A%20too%20long,0,0.00,NA,0,0,0,0,0,0,NA,98
camera,21:31:40,Camera%2Fcontrol%20line%20discarded%3A%20too%20long,0,0.00,NA,0,0,0,0,0,0,NA,98
pico_reply,21:31:40,%AEc%AE%5B%AE%5BmcnJ%CD%3A%2A2,0,0.00,NA,0,0,0,0,0,0,NA,98
camera,21:31:40,Camera%2Fcontrol%20line%20discarded%3A%20too%20long,0,0.00,NA,0,0,0,0,0,0,NA,98
camera,21:31:40,Camera%2Fcontrol%20line%20discarded%3A%20too%20long,0,0.00,NA,0,0,0,0,0,0,NA,98
camera,21:31:40,Camera%2Fcontrol%20line%20discarded%3A%20too%20long,0,0.00,NA,0,0,0,0,0,0,NA,98
camera,21:31:40,Camera%2Fcontrol%20line%20discarded%3A%20too%20long,0,0.00,NA,0,0,0,0,0,0,NA,98
camera,21:31:40,Camera%2Fcontrol%20line%20discarded%3A%20too%20long,0,0.00,NA,0,0,0,0,0,0,NA,98
camera,21:31:40,Camera%2Fcontrol%20line%20discarded%3A%20too%20long,0,0.00,NA,0,0,0,0,0,0,NA,98
camera,21:31:40,Camera%2Fcontrol%20line%20discarded%3A%20too%20long,0,0.00,NA,0,0,0,0,0,0,NA,98
camera,21:31:40,Camera%2Fcontrol%20line%20discarded%3A%20too%20long,0,0.00,NA,0,0,0,0,0,0,NA,98
camera,21:31:40,Camera%2Fcontrol%20line%20discarded%3A%20too%20long,0,0.00,NA,0,0,0,0,0,0,NA,98
camera,21:31:40,Camera%2Fcontrol%20line%20discarded%3A%20too%20long,0,0.00,NA,0,0,0,0,0,0,NA,98
camera,21:31:40,Camera%2Fcontrol%20line%20discarded%3A%20too%20long,0,0.00,NA,0,0,0,0,0,0,NA,98
camera,21:31:40,Camera%2Fcontrol%20line%20discarded%3A%20too%20long,0,0.00,NA,0,0,0,0,0,0,NA,98
camera,21:31:40,Camera%2Fcontrol%20line%20discarded%3A%20too%20long,0,0.00,NA,0,0,0,0,0,0,NA,98
camera,21:31:40,Camera%2Fcontrol%20line%20discarded%3A%20too%20long,0,0.00,NA,0,0,0,0,0,0,NA,98
camera,21:31:40,Camera%2Fcontrol%20line%20discarded%3A%20too%20long,0,0.00,NA,0,0,0,0,0,0,NA,98
pico_reply,21:31:40,-J%8BB%299%E89%E81%E79%E7%29%A7%29f%21%86%29g%29%A79%C79%C91%881%881%25%21E%21E%21E%21%25%21E%21E%21E%21%25%21%20%21%20%21%24%21%24%21%24%21E1%A6%29%A61%A61%E81%A71%A71%A71%87%29%A71%C61%871%A71%A71%A71%A71%A71%A71%871%861%A71%871%861%871%871%871%A71%C71%A61%C71%C71%A71%A71%C61%C61%C71%A71%A71%A61%C61%C61%A71%C71%C71%C71%C71%C71%A7%29%A6%29%851%A61%A6%29%A61%A61%E61%E79%E8%3A%209%E89%E89%E89%E89%E71%E71%C79%A71%A71%C71%A71%C71%C71%C71%C71%C79%C71%E7%3A%209%E79%E79%E79%E79%E79%E79%E7%3A%20%3A%20%3A%20%3A%20B%20%3A%20%3A%28%3A%28B%20BI%3A%20B%29B%28B%28,0,0.00,NA,0,0,0,0,0,0,NA,98
camera,21:31:40,Camera%2Fcontrol%20line%20discarded%3A%20too%20long,0,0.00,NA,0,0,0,0,0,0,NA,98
camera,21:31:40,Camera%2Fcontrol%20line%20discarded%3A%20too%20long,0,0.00,NA,0,0,0,0,0,0,NA,98
camera,21:31:40,Camera%2Fcontrol%20line%20discarded%3A%20too%20long,0,0.00,NA,0,0,0,0,0,0,NA,98
camera,21:31:40,Camera%2Fcontrol%20line%20discarded%3A%20too%20long,0,0.00,NA,0,0,0,0,0,0,NA,98
pico_reply,21:31:40,%7B%CFknc%EF%5BPc%91B%EEK%2CB%8B2%2A%2F%28%3A%201%AA%29g%29%C7%3A%28BlBlBkBkBE%21e%21E%21E%21%25%21%25%21%25%21%25%21%25%21%24%21D%21%24%29%25%21E%21E1%A7%29%A59%E61%A71%871%A7%29%869%C79%A6%29%A79%E61%E71%A71%C61%A71%871%861%861%A71%A61%871%871%861%A71%A71%A6%29%A61%C71%C71%E71%C71%A71%A71%A71%A61%A61%A61%C61%C71%C71%C71%A71%A71%A71%C71%C71%C7%29%A7%21E%29e%29%86%29%861f1%E6%3A%27B,0,0.00,NA,0,0,0,0,0,0,NA,98
camera,21:31:40,Camera%2Fcontrol%20line%20discarded%3A%20too%20long,0,0.00,NA,0,0,0,0,0,0,NA,98
pico_reply,21:31:40,%AD%D5%B5%D5%B5%D5%B5%D6%AD%B5%AD%F5%B6%20%B5%F6%B5%F5%B6%20%B5%F6%B5%D6%B5%D6%B5%D6%BD%D7%B5%D7%B5%D6%BD%B6%BD%F6%BD%F6%BD%F6%BD%F7%BD%D6%BD%F6%BD%F5%BD%F5%9D%97KST%20d%D0%85Sd%F4l%D0%7C%F5d%20l%20d%20%7B%CF%7B%D0c%8FS%AF%5Boc%F1%5B%AF%5B%CFS%3Am%2AJBkB%2B1%C81%E8B%8A%3AkJ%ACB%8CB%8CBE%21E%21e%21E%21%25%21%25%21%25%21%25%21%25%21%24%21%24%21%25%29%25%21E%29e1%A8%29%A6%3A%201%C71%871%A61%A71%861%871%C6%3A%201%C81%A71%A61%A71%A71%861%861%A71%A61%871%871%861%A71%871%A6%29%A61%C71%C71%E71%C71%A71%A71%C61%C61%A61%A71%C61%C61%C71%C71%C71%C71%A71%C71%C71%C7%29%A7%29E%29e%29%851%861f1%E6B%27B%29,0,0.00,NA,0,0,0,0,0,0,NA,98
camera,21:31:41,Camera%2Fcontrol%20line%20discarded%3A%20too%20long,0,0.00,NA,0,0,0,0,0,0,NA,98
camera,21:31:41,Camera%2Fcontrol%20line%20discarded%3A%20too%20long,0,0.00,NA,0,0,0,0,0,0,NA,98
camera,21:31:41,Camera%2Fcontrol%20line%20discarded%3A%20too%20long,0,0.00,NA,0,0,0,0,0,0,NA,98
camera,21:31:41,Camera%2Fcontrol%20line%20discarded%3A%20too%20long,0,0.00,NA,0,0,0,0,0,0,NA,98
camera,21:31:41,Camera%2Fcontrol%20line%20discarded%3A%20too%20long,0,0.00,NA,0,0,0,0,0,0,NA,98
camera,21:31:41,Camera%2Fcontrol%20line%20discarded%3A%20too%20long,0,0.00,NA,0,0,0,0,0,0,NA,98
camera,21:31:41,Camera%2Fcontrol%20line%20discarded%3A%20too%20long,0,0.00,NA,0,0,0,0,0,0,NA,98
camera,21:31:41,Camera%2Fcontrol%20line%20discarded%3A%20too%20long,0,0.00,NA,0,0,0,0,0,0,NA,98
camera,21:31:41,Camera%2Fcontrol%20line%20discarded%3A%20too%20long,0,0.00,NA,0,0,0,0,0,0,NA,98
camera,21:31:41,Camera%2Fcontrol%20line%20discarded%3A%20too%20long,0,0.00,NA,0,0,0,0,0,0,NA,98
camera,21:31:41,Camera%2Fcontrol%20line%20discarded%3A%20too%20long,0,0.00,NA,0,0,0,0,0,0,NA,98
camera,21:31:41,Camera%2Fcontrol%20line%20discarded%3A%20too%20long,0,0.00,NA,0,0,0,0,0,0,NA,98
camera,21:31:41,Camera%2Fcontrol%20line%20discarded%3A%20too%20long,0,0.00,NA,0,0,0,0,0,0,NA,98
camera,21:31:41,Camera%2Fcontrol%20line%20discarded%3A%20too%20long,0,0.00,NA,0,0,0,0,0,0,NA,98
camera,21:31:41,Camera%2Fcontrol%20line%20discarded%3A%20too%20long,0,0.00,NA,0,0,0,0,0,0,NA,98
pico_reply,21:31:41,B%209%E71%C61%A7%29%A7%29e%29E%21e%21E%21E%21E%21%25%21D%21E%21%25%21E%21%24%21D%21%25%21%25%21%25%21%24%21%25%21%25%21E%21E%21%24%21D%21E%21E%21D%21D%21%24%21E%21%25%21%25%29D%21D%21E%21d%21E%29E%29E%29E%29e%29e%29e%29e%29e%29e%29%851%A6B%27JgJ%89J%CA%5B%20%5B%2Cc%8Ds%CDk%EE%7C%20s%EEt%20%7C%20%7C%20%7B%EF%7C%20%7C%20%7C%2F%7C%2F%7C%2F%7B%EF%7C%2F%840%84%2F%840%84O%84P%84P%84P%84p%8C%90%84p%84%90%8C%90%8C%B1%8C%91%8C%B0%8C%91%8C%B1%8C%B1%8C%B1%94%D1%94%B1%94%D1%94%D1%94%D1%94%D2%8C%D2%94%D2%95%20%94%F2%95%20%9D%20%9D%20%9D%20%9D%20%9D%20%9D3%9D3%9D3%9D3%9D3%9D3%9D3%A53%9DS%A5S%A5S%A5S%A5T%ADT%ADT%ADT%ADT%ADt%AD,0,0.00,NA,0,0,0,0,0,0,NA,98
pico_reply,21:31:41,1%C81%E79%E8%29%C7%29%A7%29%C71%C71%A7%29%A7%29%A7%29%A7%29E%21E%21E%21D%21E%21%25%21%25%21%25%21%24%21%24%29E1%861%87%29%C71%E71%A81%871%A71%871%C81%C7B%29A%E9B%209%C7%3AGJI%3A,0,0.00,NA,0,0,0,0,0,0,NA,98
camera,21:31:41,Camera%2Fcontrol%20line%20discarded%3A%20too%20long,0,0.00,NA,0,0,0,0,0,0,NA,98
pico_reply,21:31:41,%94%F2%9C%F3%9D%20%9D%20%9D%20%9D%20%9D%20%9D3%9D3%953%9D3%9D3%9D3%9D3%A53%9DS%A5S%A5S%A5S%A5s%ADT%A5T%A5T%ADt%ADt%ADt%AD%94%AD%95%AD%95%B5%95%B5%B5%B5%B5%B5%B5%B5%B5%AD%B4%B5%D5%AD%D5%AD%F5%AD%D5%B5%F5%AD%D5%AD%D5%AD%F5%AD%D5%AD%F5%AD%F5%B5%D5%B5%B5%AD%D5%B5%F5%B5%F6%B6%20%BD%F6%B5%F7%BD%F6%BD%D6%BD%D6%BD%F6%BD%F7%BD%F7%BE%20%BE%20%C6%20%C6%20%BE7%BE6%C5%F6%BD%F6%BE%20%B5%F6%95%20%5B1%5B%2F%5BMcmc%AEk%AEk%CFc%8Ecnc%8Ec%AE%5B%8D%5B%8E%5BMS%20R%ACR%ABB,0,0.00,NA,0,0,0,0,0,0,NA,98
pico_reply,21:31:41,1%C8%3A%201%C9%29%88%29%A71%E71%C81%A8%29%A7%29%A7%29%88%21E%21E%21%24%21D%21%25%21%25%21%25%21%25%21D%21D%21E1%861%A61%E71%C71%C71%861%A71%A79%E71%E7BG%3A%209%C89%A81%C89%C81%C91%A51%A61%A71%A79%A61%A71%A71%C71%C71%A71%A7%29%A7%29%A71%A71%A61%A7%29%A61%C71%A71%A71%A61%C61%C61%C71%C71%A71%C71%C79%E71%C81%C71%C71%C71%C71%C71%A71%A79%C7%3A%28%3AH%3AH%3A%289%E89%C81%C81%C71%E71%E71%C71%C79%E71%C71%C71%C71%C69%C79%E89%C81%C71%C71%E71%E79%E7%3A%202%201%E71%E79%E79%E7%3A%209%E79%E7%3A%20%3A%20A%E8%3A%20%3A%28%3A%28B%20B%20B%20B%28B%28B%28B%28BHB%28B%20J,0,0.00,NA,0,0,0,0,0,0,NA,98
camera,21:31:41,Camera%2Fcontrol%20line%20discarded%3A%20too%20long,0,0.00,NA,0,0,0,0,0,0,NA,98
camera,21:31:41,Camera%2Fcontrol%20line%20discarded%3A%20too%20long,0,0.00,NA,0,0,0,0,0,0,NA,98
camera,21:31:41,Camera%2Fcontrol%20line%20discarded%3A%20too%20long,0,0.00,NA,0,0,0,0,0,0,NA,98
pico_reply,21:31:41,B%28B%28B%27B%28B%20B%20B%20B%28B%20J%209%E89%C8%29f%29%85%29e%29E%21E%21E%21E%21E%21D%21D%21E%21E%21D%21%24%21E%21E%21E%21E%21E%21E%21E%21D%21D%21D%21D%21d%21E%29E%21D%21E%21E%21%25%21E%21D%21D%21E%21E%21E%29E%21e%21e%21e%21e%29E%29E%29F1%A72%20BgJ%C9S,0,0.00,NA,0,0,0,0,0,0,NA,98
pico_reply,21:31:41,c%2AcLk%8Cs%ADs%CDs%EEs%EEs%EE%7B%EE%7C%20%7C%20%7C%20%7C%20%7C%2F%7C%20%7C%20%7C%20%7C%2F%7CO%84P%84P%84%2F%84O%84O%84o%84p%84p%84%90%8C%90%8C%91%8C%91%8C%91%84%B1%8C%B1%8C%B1%8C%B0%94%D1%94%D1%94%D1%94%F1%94%D1%94%D2%94%D2%94%F2%94%F2%9C%D2%9C%F2%9C%F2%9D%20%9D%20%95%20%953%9D%20%9D%20%9D%20%9D%20%953%9D2%9D3%9D3%9DS%A5S%A5S%A5S%A5T%A5T%ADT%ADt%ADt%ADT%ADt%ADt%ADt%ADt%AD%94%B5%95%AD%95%AD%B4%B5%B5%B5%95%AD%B5%AD%B4%AD%D5%B5%D5%AD%D5%AD%F5%AD%F5%AD%F5%AD%F5%AD%F5%AD%D5%B5%D5%B5%D5%B5%D5%B5%D6%B5%D5%B5%F6%B5%F6%BD%F6%BE%20%BD%D6%BD%F6%BD%D5%BD%F6%BD%F6%C5%F7%C6%20%C67%C67%C66%C67%C6W%C6%20%C6%20%C6%20%BE6%C66%BD%F7s%F4S.cNcNc%8Ek%CEk%EFk%CEk%CFk,0,0.00,NA,0,0,0,0,0,0,NA,98
camera,21:31:41,Camera%2Fcontrol%20line%20discarded%3A%20too%20long,0,0.00,NA,0,0,0,0,0,0,NA,98
pico_reply,21:31:41,%7C%20%7C%20%7C%20%7C%20%7C%20%7C%2F%7CO%84%2F%7C0%84%2F%84O%84O%84O%84p%84%90%84%90%8C%90%8C%91%8C%90%84q%8C%B0%8C%B1%8C%B1%8C%B0%8C%B1%94%D2%94%D2%94%D2%94%D2%94%D2%94%F2%94%F2%95%20%9C%F2%9C%F2%9C%F2%9D%20%9D%20%95%20%9D3%9D%20%9D%20%9D%20%953%953%9D3%9D3%9D3%9DS%A5S%A5S%A5S%A5S%A5T%ADT%ADt%ADt%ADt%ADt%B5u%ADu%ADt%AD%94%B5%94%AD%95%AD%B5%B5%B5%B5%B5%AD%B5%AD%D5%B5%F6%B5%D5%AD%D5%AD%F5%AD%F5%AD%F5%AD%F6%AD%F5%AD%D5%B5%D6%AD%F5%B5%D5%B5%D6%B5%D6%B5%F6%B5%F6%B5%F6%BD%D6%BD%F7%B5%D6%BD%F6%BD%F7%BD%F7%BD%D6%BD%F6%C66%C67%C67%C6W%C6W%C67%CE7%C6%20%BE%20%BE6%BE%20%84%96%5B%2Fcoc.c%AEk%EDk%D0k%AFk%CFk%D0k%D0c%AFk%8Fknc-%3A%2C1%E92,0,0.00,NA,0,0,0,0,0,0,NA,98
pico_reply,21:31:41,%3AkBLB%2B%3A,0,0.00,NA,0,0,0,0,0,0,NA,98
camera,21:31:41,Camera%2Fcontrol%20line%20discarded%3A%20too%20long,0,0.00,NA,0,0,0,0,0,0,NA,98
pico_reply,21:31:41,%7C%2F%7C%20t%20%7C%20%7C%20%7C%2F%84%2F%7C%2F%84O%84p%84o%84o%84%90%84p%84p%84%90%8C%90%8C%91%8C%90%8C%B1%8C%91%8C%B1%8C%B0%94%D0%94%D1%94%D1%94%D2%94%D1%94%D1%94%D2%94%F2%94%F2%9C%F2%9C%F2%9C%F2%9D%20%9D%20%9D%20%9D%20%9D%20%9D%20%9D%20%9D%20%9D%20%9D3%9D3%9D3%9D3%9D3%A53%A53%A53%A5S%A5s%ADT%ADt%ADt%ADt%AD%94%AD%94%AD%94%AD%95%AD%94%AD%94%B5%95%B5%B5%B5%B5%B5%B5%AD%D5%AD%D5%B5%F5%B5%D5%AD%D5%AD%F5%AD%F5%AD%F6%B5%F6%AD%F5%AD%F5%AD%F6%AD%D5%B5%D5%B5%D6%B5%D6%B5%F6%BD%F6%BD%F6%B5%D6%BD%D6%B5%F6%BD%D6%BD%D7%BD%F6%C6%20%C6%20%C67%C67%C67%C67%C67%C67%C67%C66%C6W%BE7%B5%96%8C%B6%5B%20knk.k%8Es%EDk%D0k%AFk%D0k%AFk%CFk%AFk%AFc%AEc-B-%29%CA%3A%20%3AK%3A%2B%3A%2A%3A,0,0.00,NA,0,0,0,0,0,0,NA,98
camera,21:31:41,Camera%2Fcontrol%20line%20discarded%3A%20too%20long,0,0.00,NA,0,0,0,0,0,0,NA,98
pico_reply,21:31:41,%7C%2F%7C%20%7C%2F%7C%2F%7CO%84O%84p%84P%84p%84p%84p%84%90%8C%B0%84%90%84%90%8C%B0%8C%B0%8C%B0%8C%B1%8C%B1%94%B1%94%B1%94%D1%94%D2%94%D2%94%F2%94%F2%9C%F2%95%20%9C%F2%9C%F2%9C%F2%9D%20%9D%20%9D%20%95%20%9D%20%9D%20%9D%20%9D3%9D%20%9D3%9D3%9D3%9D3%9D3%9D3%A53%A53%A5S%A5s%ADT%ADt%ADt%ADt%ADt%AD%95%AD%95%AD%95%AD%94%AD%94%B5%94%B5%B5%B5%B5%B5%B5%AD%D5%AD%D5%AD%D5%AD%D5%AD%D5%AD%F5%AE%20%AD%F5%AD%F5%AD%F5%AD%F5%B5%F6%B5%D5%B5%D6%B5%D6%B5%F6%B5%F6%BD%D6%BD%B7%B5%B6%B5%D6%B5%F7%BD%D7%BE%20%C6U%CE%D8%DE%DA%CEZ%C6W%C67%C67%C67%BE7%C67%C67%C66%BE7%BD%F6%9D%20S2%5Bmknk%8Es%EEk%D0k%AFk%B0k%AFc%AFc%CFk%AFcn%5B-Bm2,0,0.00,NA,0,0,0,0,0,0,NA,98
pico_reply,21:31:41,B%CBB%8CBl%3AL%3AJBk%3Ak2%2B2%2A%3A,0,0.00,NA,0,0,0,0,0,0,NA,98
pico_reply,21:31:41,%3A,0,0.00,NA,0,0,0,0,0,0,NA,98
camera,21:31:41,Camera%2Fcontrol%20line%20discarded%3A%20too%20long,0,0.00,NA,0,0,0,0,0,0,NA,98
camera,21:31:41,Camera%2Fcontrol%20line%20discarded%3A%20too%20long,0,0.00,NA,0,0,0,0,0,0,NA,89
camera,21:31:41,Camera%2Fcontrol%20line%20discarded%3A%20too%20long,0,0.00,NA,0,0,0,0,0,0,NA,89
camera,21:31:41,Camera%2Fcontrol%20line%20discarded%3A%20too%20long,0,0.00,NA,0,0,0,0,0,0,NA,89
camera,21:31:41,Camera%2Fcontrol%20line%20discarded%3A%20too%20long,0,0.00,NA,0,0,0,0,0,0,NA,89
camera,21:31:41,Camera%2Fcontrol%20line%20discarded%3A%20too%20long,0,0.00,NA,0,0,0,0,0,0,NA,89
camera,21:31:41,Camera%2Fcontrol%20line%20discarded%3A%20too%20long,0,0.00,NA,0,0,0,0,0,0,NA,89
camera,21:31:41,Camera%2Fcontrol%20line%20discarded%3A%20too%20long,0,0.00,NA,0,0,0,0,0,0,NA,89
pico_reply,21:31:41,%B5%F5%B5%D5%AD%F5%B5%F5%AD%F5%AD%F5%B5%F5%B5%D6%B5%D6%B5%D6%B5%F6%B5%F6%BD%D6%B5%D5%BE%20%B5%B7%BE7%C68%CE%99%CE%D9%D7%3C%DF%20%E7%3B%E7%20%DE%DB%CE%99%C6w%C6w%C6W%C6W%C6W%C6w%C6X%C6W%C67%BD%F7%9DVc%90k%CEk%EEk%AFk%AFk%EEs%CFc%CFk%CEs%EFR%F0B%8D2,0,0.00,NA,0,0,0,0,0,0,NA,89
camera,21:31:41,Camera%2Fcontrol%20line%20discarded%3A%20too%20long,0,0.00,NA,0,0,0,0,0,0,NA,89
camera,21:31:41,Camera%2Fcontrol%20line%20discarded%3A%20too%20long,0,0.00,NA,0,0,0,0,0,0,NA,89
camera,21:31:41,Camera%2Fcontrol%20line%20discarded%3A%20too%20long,0,0.00,NA,0,0,0,0,0,0,NA,89
camera,21:31:41,Camera%2Fcontrol%20line%20discarded%3A%20too%20long,0,0.00,NA,0,0,0,0,0,0,NA,89
camera,21:31:42,Camera%2Fcontrol%20line%20discarded%3A%20too%20long,0,0.00,NA,0,0,0,0,0,0,NA,89
camera,21:31:42,Camera%2Fcontrol%20line%20discarded%3A%20too%20long,0,0.00,NA,0,0,0,0,0,0,NA,89
camera,21:31:42,Camera%2Fcontrol%20line%20discarded%3A%20too%20long,0,0.00,NA,0,0,0,0,0,0,NA,89
camera,21:31:42,Camera%2Fcontrol%20line%20discarded%3A%20too%20long,0,0.00,NA,0,0,0,0,0,0,NA,89
camera,21:31:42,Camera%2Fcontrol%20line%20discarded%3A%20too%20long,0,0.00,NA,0,0,0,0,0,0,NA,89
camera,21:31:42,Camera%2Fcontrol%20line%20discarded%3A%20too%20long,0,0.00,NA,0,0,0,0,0,0,NA,89
pico_reply,21:31:42,t2t2l%20l%20t2k%F1t%20t%20s%F2k%B2k%AFk%AFkE%21E%21%25%21%25%21E%21e%21E%21%201%869%E71%E81%E81%C81%C71%E89%C7%3A%209%E8%3A%28%3A%20%3A%20%3A%29%3AJ%3A,0,0.00,NA,0,0,0,0,0,0,NA,89
camera,21:31:42,Camera%2Fcontrol%20line%20discarded%3A%20too%20long,0,0.00,NA,0,0,0,0,0,0,NA,89
camera,21:31:42,Camera%2Fcontrol%20line%20discarded%3A%20too%20long,0,0.00,NA,0,0,0,0,0,0,NA,89
pico_reply,21:31:42,9%C79%C79%E79%E79%E79%E79%E79%E79%E79%E89%E89%E89%E8%3A%20B%20B%20B%20B%20B%20B%28B%27B%20B%20B%20B%209%E8A%E7A%E7A%C79%A79%A79%A69%C69%A79%C69%E7%3A%20A%E7A%E7A%E7A%E7A%C79%C79%C79%C79%C69%C61%C61%C61%A51%86%29f%29e%29%86%29e%21e%21e%21e%21e%29e%21E%29e%29E%21D%29E%21e1%E51%A7%21%25%21e%21E%29E%29e%29E%29E%29f%29E1%C6%3A%20BiB%89%5B,0,0.00,NA,0,0,0,0,0,0,NA,89
camera,21:31:42,Camera%2Fcontrol%20line%20discarded%3A%20too%20long,0,0.00,NA,0,0,0,0,0,0,NA,89
camera,21:31:42,Camera%2Fcontrol%20line%20discarded%3A%20too%20long,0,0.00,NA,0,0,0,0,0,0,NA,89
camera,21:31:42,Camera%2Fcontrol%20line%20discarded%3A%20too%20long,0,0.00,NA,0,0,0,0,0,0,NA,89
camera,21:31:42,Camera%2Fcontrol%20line%20discarded%3A%20too%20long,0,0.00,NA,0,0,0,0,0,0,NA,89
camera,21:31:42,Camera%2Fcontrol%20line%20discarded%3A%20too%20long,0,0.00,NA,0,0,0,0,0,0,NA,89
pico_reply,21:31:42,c-cmk%AD%7C%20%7B%EF%7C%20%84ot%20%A5%B1%A54%A5u%7C1%7C%20%7C%20%7C0%7C0%7C%2F%84O%840%84P%84P%84p%84p%84p%84p%84p%84q%8C%90%8C%90%8C%91%8C%91%8C%91%8C%91%8C%91%8C%B1%94%D1%94%B2%94%D1%94%F2%8C%D2%94%F2%94%F2%95%20%95%20%95%20%95%20%9D%20%953%953%9D%20%9D%20%9D3%9D3%9D3%9D3%9D3%A5S%A5S%A5S%A5T%A5T%A5T%A5T%A5T%ADt%ADt%ADt%ADT%ADt%B5t%ADt%B5%B4%B5%B5%B5%B5%B5%B5%B5%B4%B5%D5%B5%D5%B5%D5%B5%D5%B5%D5%AD%D5%AD%F5%AD%F5%B5%F5%AD%D5%AD%D5%AD%D5%AD%D5%AD%F5%AD%F6%AD%B6%AD%B6%AD%F7%B6%20%BE8%BEx%CE%B9%D6%BA%D6%DB%CE%FA%DF%20%DE%FB%DF%20%D7%3B%DF%20%DF%3B%DF%5B%E7%3B%E7%2F%DF%7C%E7%9C%DF%7B%E7%5B%D7%20%C6Y%CE%B9%CE%B9%CE%B9%CE%B9%CE%B9%CE%98%CE%98%CE%98%C6X%A5%98k%B4c,0,0.00,NA,0,0,0,0,0,0,NA,89
camera,21:31:42,Camera%2Fcontrol%20line%20discarded%3A%20too%20long,0,0.00,NA,0,0,0,0,0,0,NA,89
camera,21:31:42,Camera%2Fcontrol%20line%20discarded%3A%20too%20long,0,0.00,NA,0,0,0,0,0,0,NA,89
camera,21:31:42,Camera%2Fcontrol%20line%20discarded%3A%20too%20long,0,0.00,NA,0,0,0,0,0,0,NA,89
camera,21:31:42,Camera%2Fcontrol%20line%20discarded%3A%20too%20long,0,0.00,NA,0,0,0,0,0,0,NA,89
camera,21:31:42,Camera%2Fcontrol%20line%20discarded%3A%20too%20long,0,0.00,NA,0,0,0,0,0,0,NA,89
camera,21:31:42,Camera%2Fcontrol%20line%20discarded%3A%20too%20long,0,0.00,NA,0,0,0,0,0,0,NA,89
camera,21:31:42,Camera%2Fcontrol%20line%20discarded%3A%20too%20long,0,0.00,NA,0,0,0,0,0,0,NA,89
pico_reply,21:31:42,1%C71%C71%C71%E79%C71%C71%C79%E79%E79%C79%E79%E79%E79%E89%E79%E79%E89%E79%E79%C7%3A%20%3A%20%3A%20B%20%3A%20%3A%20B%20B%20B%20B%20I%E8A%C89%C7A%C7A%C7A%C7A%C79%A79%879%869%A69%A79%C79%C79%C79%C79%C79%A79%A79%A79%C69%C79%A79%A79%A69%A61%C61%C69%A7A%A71%27%2Ad%9C%E9%CE%9A%CEY%20%CCAFA%A5%8A%E9a%8F9%20Q%C3c.%20%20%29E%29%86%29%A61%E7%3A%27BIBIBHJhBIB%20BIJHZ%EA%5B,0,0.00,NA,0,0,0,0,0,0,NA,89
camera,21:31:42,Camera%2Fcontrol%20line%20discarded%3A%20too%20long,0,0.00,NA,0,0,0,0,0,0,NA,89
camera,21:31:42,Camera%2Fcontrol%20line%20discarded%3A%20too%20long,0,0.00,NA,0,0,0,0,0,0,NA,89
camera,21:31:42,Camera%2Fcontrol%20line%20discarded%3A%20too%20long,0,0.00,NA,0,0,0,0,0,0,NA,89
camera,21:31:42,Camera%2Fcontrol%20line%20discarded%3A%20too%20long,0,0.00,NA,0,0,0,0,0,0,NA,89
camera,21:31:42,Camera%2Fcontrol%20line%20discarded%3A%20too%20long,0,0.00,NA,0,0,0,0,0,0,NA,89
camera,21:31:42,Camera%2Fcontrol%20line%20discarded%3A%20too%20long,0,0.00,NA,0,0,0,0,0,0,NA,89
camera,21:31:42,Camera%2Fcontrol%20line%20discarded%3A%20too%20long,0,0.00,NA,0,0,0,0,0,0,NA,89
camera,21:31:42,Camera%2Fcontrol%20line%20discarded%3A%20too%20long,0,0.00,NA,0,0,0,0,0,0,NA,89
camera,21:31:42,Camera%2Fcontrol%20line%20discarded%3A%20too%20long,0,0.00,NA,0,0,0,0,0,0,NA,89
camera,21:31:42,Camera%2Fcontrol%20line%20discarded%3A%20too%20long,0,0.00,NA,0,0,0,0,0,0,NA,89
camera,21:31:42,Camera%2Fcontrol%20line%20discarded%3A%20too%20long,0,0.00,NA,0,0,0,0,0,0,NA,89
camera,21:31:42,Camera%2Fcontrol%20line%20discarded%3A%20too%20long,0,0.00,NA,0,0,0,0,0,0,NA,89
camera,21:31:42,Camera%2Fcontrol%20line%20discarded%3A%20too%20long,0,0.00,NA,0,0,0,0,0,0,NA,89
camera,21:31:42,Camera%2Fcontrol%20line%20discarded%3A%20too%20long,0,0.00,NA,0,0,0,0,0,0,NA,89
pico_reply,21:31:42,xSot%8F%85%20%8C%D4%7Ct%7Ct%84%B4%84%94%7C%94%7C%93%7CT%7C%93t%92%84%93%7Ct%7C%93%84%93%84s%7Cr%7CR%7C3%7C%20%7C%20%7CTELEMETRY%2Cwifi_mode%3DAP%2Cuptime_s%3D248%2Ctemp_c%3D24.22%2Crandom%3D603%2Ccommand_value%3D0%2Cgyro_z_dps%3D0.06%2Cphotodiode_adc%3D767%7C769%7C768%7C764%2Cphotoreflector_adc%3D989,0,0.00,NA,0,0,0,0,0,0,NA,89
pico_reply,21:31:42,FRAME_STREAM%2C320%2C240%2CRGB565%2C153600%2C3ad69cf7,0,0.00,NA,0,0,0,0,0,0,NA,89
pico_reply,21:31:42,,0,0.00,NA,0,0,0,0,0,0,NA,89
pico_reply,21:31:42,2%202%20%3A%202%292%29%3A,0,0.00,NA,0,0,0,0,0,0,NA,89
pico_reply,21:31:42,%20%E7%20%E4%20%C4%20%C4%20%C4%20%C4%20%C4%20%E3%20%E3%20%E4%20%E4%20%E5%20%E5%20%26%21F%21F%21f%21f%21%87%29%C8%21G%20%20%20%E4%20%E4%20%A3%20%A3%20%20%29%E61%E8%21g%20E%20%24%21%20%20%E4%21%20%21%25%20%25%20E%21E%21E%21E%21E%21E%20e%20E%29g%21f%29f%29f%21E%21e%29%87%29%A7%29g%29g%21%86%21f%29%87%29%87%29%A7%29%C7%29%86%29%A7%29%A7%29%87%29%A71%C8%29%A81%E81%E81%C81%A81%A81%C72%201%C72%202%28%3A%209%E89%E9%3A%209%E81%E8%3A%20%3A%20%3A%202%292%20%3A%202%202%20%3A%20%3A%29%3A%202%20%3AI%3A%2AB%2ABJ%3A%29%3A%20%3A%29%3A%20%3A%20%3A%2A%3A%202%20%3A%20%3A%29%3A%29%3A%2A%3A%202%29%3A%29B%29%3AI%3A%29%3A%20%3A%20%3A%20%3A%29%3Ah%3AI%3AI%3AI%3A%20%3A,0,0.00,NA,0,0,0,0,0,0,NA,89
camera,21:31:42,Camera%2Fcontrol%20line%20discarded%3A%20too%20long,0,0.00,NA,0,0,0,0,0,0,NA,89
camera,21:31:42,Camera%2Fcontrol%20line%20discarded%3A%20too%20long,0,0.00,NA,0,0,0,0,0,0,NA,89
camera,21:31:42,Camera%2Fcontrol%20line%20discarded%3A%20too%20long,0,0.00,NA,0,0,0,0,0,0,NA,89
camera,21:31:42,Camera%2Fcontrol%20line%20discarded%3A%20too%20long,0,0.00,NA,0,0,0,0,0,0,NA,89
camera,21:31:42,Camera%2Fcontrol%20line%20discarded%3A%20too%20long,0,0.00,NA,0,0,0,0,0,0,NA,89
camera,21:31:42,Camera%2Fcontrol%20line%20discarded%3A%20too%20long,0,0.00,NA,0,0,0,0,0,0,NA,89
camera,21:31:42,Camera%2Fcontrol%20line%20discarded%3A%20too%20long,0,0.00,NA,0,0,0,0,0,0,NA,89
camera,21:31:43,Camera%2Fcontrol%20line%20discarded%3A%20too%20long,0,0.00,NA,0,0,0,0,0,0,NA,89
pico_reply,21:31:43,%A6%29%86%29%A6%29%A6%29%C6%29%861%C61%A61%C61%E61%E71%C71%C61%C61%E71%E61%E61%E69%E72%202%202%209%E7%3A%209%E79%E79%E7%3A%209%E79%E72%202%202%202%279%E72%202%202%272%202%202%202%209%E79%E72%20%3A%209%E79%E79%E7%3A%20%3A%27%3A%272%20%3A%20%3A%202%20%3A%209%E71%E7%3A%20Bh%3A%20%3A%20%3A%20%3A%20%3A%27%3A%20%3A%20%3A%20%3A%20%3A%20%3A%27%3A%27%3A%27%3A%27%3A%20%3A%28%3A%20%3A%27%3A%20%3A%20B%20%3A%20%3AG%3AHBhBH%3A%28%3AG%3A%20%3AH9%E7%29f%21F%20E%29%C61%E61%E79%E71%E71%E71%E71%C71%C71%C71%C81%C71%C71%E71%E72%202F%5B%20K%20%5BIR%8BA%C9%21%20%20%20%20%24%21E%21e%29e%29g%21%A6%21%C7%3A%8A%5Bl,0,0.00,NA,0,0,0,0,0,0,NA,89
camera,21:31:43,Camera%2Fcontrol%20line%20discarded%3A%20too%20long,0,0.00,NA,0,0,0,0,0,0,NA,89
camera,21:31:43,Camera%2Fcontrol%20line%20discarded%3A%20too%20long,0,0.00,NA,0,0,0,0,0,0,NA,89
camera,21:31:43,Camera%2Fcontrol%20line%20discarded%3A%20too%20long,0,0.00,NA,0,0,0,0,0,0,NA,89
pico_reply,21:31:43,H%3AG%3A%289%E81%E8%29%86%29f%29%A6%29%A61%C61%E71%E71%E71%E71%C71%C71%E71%E71%E7%29%E7%29%C71%A7%29%E72%262%20J%A8%5BIs%8BRk%29%87%20%E3%20%24%20D%29%85%29%A6%29%851%C6%21%A8%2F%20K,0,0.00,NA,0,0,0,0,0,0,NA,89
camera,21:31:43,Camera%2Fcontrol%20line%20discarded%3A%20too%20long,0,0.00,NA,0,0,0,0,0,0,NA,89
camera,21:31:43,Camera%2Fcontrol%20line%20discarded%3A%20too%20long,0,0.00,NA,0,0,0,0,0,0,NA,89
camera,21:31:43,Camera%2Fcontrol%20line%20discarded%3A%20too%20long,0,0.00,NA,0,0,0,0,0,0,NA,89
camera,21:31:43,Camera%2Fcontrol%20line%20discarded%3A%20too%20long,0,0.00,NA,0,0,0,0,0,0,NA,89
pico_reply,21:31:43,%C4%20%E4%20%E4%20%E4%20%E4%20%E4%20%24%21E%21f%21f%21e%21e%21%A6%29%86%21%87%20%E3%20%C3%20%C3%20%C3%20%C2%20%20%21%831%E6%21%26%20%20%20%E3%20%C3%20%A3%20%C3%20%C3%20%C3%20%C3%20%C3%20%C2%20%E2%29%85%29F%21%20%21%25%21%24%21%24%21%25%21E%21D%21d%21e%29e%21e%21e%29E%29e%29%841%A5%29%86%29%85%29f%29f%29%85%29%A5%29%A6%29%A6%29%A6%21%A6%29%A61%86%29%A61%A61%A6%29%A6%29%C6%29%E6%29%E71%C61%C71%C7%29%C71%C7%29%E69%E71%C89%E79%E7%3A%20%3A%20%2A%20%3A%272%202%20%3A%209%E79%E7%3A%202%20%3A%20%3A%202%20%3A%202%202%20%3A%20%3A%20%3A%20%3A%20%3A%20%3A%20%3A%27%3A%20%3A%20%3A%202%27%3A%27%3A%20%3A%202%20%3A%202%202%272%27%3A%28%3A%20%3A%202%27%3A%20%3A%28%3A%20%3A%20%3A%20%3A%20,0,0.00,NA,0,0,0,0,0,0,NA,89
camera,21:31:43,Camera%2Fcontrol%20line%20discarded%3A%20too%20long,0,0.00,NA,0,0,0,0,0,0,NA,89
pico_reply,21:31:43,%86%29%85%29%86%29%A6%29%A6%21%A6%21%A6%29%A6%29%A6%29%861%A61%A6%29%A6%29%E6%29%E6%29%C71%C71%C71%C61%C71%E7%2A%209%E71%A81%C71%E71%E79%E72%201%E89%E89%E79%E79%E7%3A%201%E81%E72%202%202%272%202%202%20%3A%20%3A%20%3A%20%3A%20%3A%20%3A%20%3A%20%3A%27%3A%20%3A%202%272%27%3A%20%3A%202%27%3A%27%3A%20%3A%27%3A%27%3A%28%3A%202%20%3A%27%3A%20%3A%20%3A%28%3A%20%3A%20%3A%20%3A%20%3A%20%3A%27%3A%28%3A%28%3A%20%3A%20%3A%27%3A%27%3A%28B%20%3A%20%3A%28%3AG%3A%27B%28BH%3A%28%3AH%3AhB%89Bi%3A%28B%28BHB%28%3AI%3AHBI%3A%28%3A%28%3A%281%C7%29%C6%20E%29%A79%E7%3A%209%E71%E71%C71%E71%C71%C71%E71%C71%C7%29%C61%C81%C81%E6%3AFB%8AB%8AcIb%CA,0,0.00,NA,0,0,0,0,0,0,NA,89
camera,21:31:43,Camera%2Fcontrol%20line%20discarded%3A%20too%20long,0,0.00,NA,0,0,0,0,0,0,NA,89
pico_reply,21:31:43,2%209%E7%3A%20%3A%20%3A%20%3A%20%3A%20%3A%20%3A%28%3A%27%3A%202%272%20%3A%20%3A%20%3A%27%3A%20%3A%20%3A%20%3A%28%3A%27%3A%20%3A%20%3A%20%3A%20%3A%20%3A%20%3A%20%3A%20%3A%20%3A%20%3A%28%3A%20%3A%28%3A%28%3A%20%3A%20%3A%27%3A%28%3A%20%3A%20%3A%28%3AG%3AG%3A%28%3A%20%3A%20%3AH%3AH%3AHJ%A9Bi%3AIBHBHBi%3A%28Bi%3AH%3AiB%89B%A9B%A7%3AH1%C8%29g%29f1%A6%3A%282%202%201%C71%C71%C71%A81%C72%20%29%E71%C81%C71%C71%E7%3A,0,0.00,NA,0,0,0,0,0,0,NA,89
camera,21:31:43,Camera%2Fcontrol%20line%20discarded%3A%20too%20long,0,0.00,NA,0,0,0,0,0,0,NA,89
camera,21:31:43,Camera%2Fcontrol%20line%20discarded%3A%20too%20long,0,0.00,NA,0,0,0,0,0,0,NA,89
camera,21:31:43,Camera%2Fcontrol%20line%20discarded%3A%20too%20long,0,0.00,NA,0,0,0,0,0,0,NA,89
camera,21:31:43,Camera%2Fcontrol%20line%20discarded%3A%20too%20long,0,0.00,NA,0,0,0,0,0,0,NA,89
camera,21:31:43,Camera%2Fcontrol%20line%20discarded%3A%20too%20long,0,0.00,NA,0,0,0,0,0,0,NA,89
pico_reply,21:31:43,%E71%E7%29%E72%27Z%EAc%2AJJ1i%20%E5%20%20%21E%21e%29f%29%A7%21%A6%2F%26Sj%5B%D0c%F0c%B0k%F1t%20%7CQ%7C%92%8C%D3%8C%D3%84%D3%8C%F3%8C%F3%8C%D2%8C%F2%84%F1%84%D2%7C%91tPtQs%F0k%CF%5B%ADcNR%CDZ%CBJ%8BR%AAJ%8ABiBi%3A,0,0.00,NA,0,0,0,0,0,0,NA,89
camera,21:31:43,Camera%2Fcontrol%20line%20discarded%3A%20too%20long,0,0.00,NA,0,0,0,0,0,0,NA,89
camera,21:31:43,Camera%2Fcontrol%20line%20discarded%3A%20too%20long,0,0.00,NA,0,0,0,0,0,0,NA,89
camera,21:31:43,Camera%2Fcontrol%20line%20discarded%3A%20too%20long,0,0.00,NA,0,0,0,0,0,0,NA,89
camera,21:31:43,Camera%2Fcontrol%20line%20discarded%3A%20too%20long,0,0.00,NA,0,0,0,0,0,0,NA,89
camera,21:31:43,Camera%2Fcontrol%20line%20discarded%3A%20too%20long,0,0.00,NA,0,0,0,0,0,0,NA,89
camera,21:31:43,Camera%2Fcontrol%20line%20discarded%3A%20too%20long,0,0.00,NA,0,0,0,0,0,0,NA,89
camera,21:31:43,Camera%2Fcontrol%20line%20discarded%3A%20too%20long,0,0.00,NA,0,0,0,0,0,0,NA,89
camera,21:31:43,Camera%2Fcontrol%20line%20discarded%3A%20too%20long,0,0.00,NA,0,0,0,0,0,0,NA,89
camera,21:31:43,Camera%2Fcontrol%20line%20discarded%3A%20too%20long,0,0.00,NA,0,0,0,0,0,0,NA,89
camera,21:31:43,Camera%2Fcontrol%20line%20discarded%3A%20too%20long,0,0.00,NA,0,0,0,0,0,0,NA,89
camera,21:31:43,Camera%2Fcontrol%20line%20discarded%3A%20too%20long,0,0.00,NA,0,0,0,0,0,0,NA,89
camera,21:31:43,Camera%2Fcontrol%20line%20discarded%3A%20too%20long,0,0.00,NA,0,0,0,0,0,0,NA,89
camera,21:31:43,Camera%2Fcontrol%20line%20discarded%3A%20too%20long,0,0.00,NA,0,0,0,0,0,0,NA,89
camera,21:31:43,Camera%2Fcontrol%20line%20discarded%3A%20too%20long,0,0.00,NA,0,0,0,0,0,0,NA,89
pico_reply,21:31:43,%20%C3%20%C3%20%E3%21%20%21%20%20%24%21D%21D%21E%29E%21E%21e%29E%29E%29%85%29%85%29f%29f%29%861%C6%29%A71%A6%29f%29f%29%85%29%86%29%86%29%A6%29%86%29%A6%29%A6%29%A6%29%A61%C61%879%861%871%C61%C61%A61%A61%C61%E72%201%E81%E71%E79%E79%E71%E71%E89%E89%E79%E79%E79%E8%3A%202%202%20%3A%27%3A%27%3A%20%3A%20%3A%20%3A%209%E8%3A%20%3A%20%3A%20%3A%28%3A%27%3A%20%3A%20%3A%20%3A%28%3A%28%3A%20%3A%20%3A%28%3A%28%3A%28%3A%28%3A%28%3A%28%3A%28%3A%202%28%3AH%3A%28%3A%28%3A%28B%28%3A%28%3A%28%3A%28%3A%28%3AH%3A%28%3A%29%3A%28%3AH%3AH%3A%27%3A%28%3A%28%3A%28BH%3A%28B%28B%28B%28B%28BI%3AHBiB%29BIBIBIBiBIBJJJBiJ%89B%8AB%89B,0,0.00,NA,0,0,0,0,0,0,NA,89
camera,21:31:43,Camera%2Fcontrol%20line%20discarded%3A%20too%20long,0,0.00,NA,0,0,0,0,0,0,NA,89
camera,21:31:43,Camera%2Fcontrol%20line%20discarded%3A%20too%20long,0,0.00,NA,0,0,0,0,0,0,NA,89
camera,21:31:43,Camera%2Fcontrol%20line%20discarded%3A%20too%20long,0,0.00,NA,0,0,0,0,0,0,NA,89
camera,21:31:43,Camera%2Fcontrol%20line%20discarded%3A%20too%20long,0,0.00,NA,0,0,0,0,0,0,NA,89
camera,21:31:43,Camera%2Fcontrol%20line%20discarded%3A%20too%20long,0,0.00,NA,0,0,0,0,0,0,NA,89
camera,21:31:43,Camera%2Fcontrol%20line%20discarded%3A%20too%20long,0,0.00,NA,0,0,0,0,0,0,NA,89
camera,21:31:43,Camera%2Fcontrol%20line%20discarded%3A%20too%20long,0,0.00,NA,0,0,0,0,0,0,NA,89
camera,21:31:43,Camera%2Fcontrol%20line%20discarded%3A%20too%20long,0,0.00,NA,0,0,0,0,0,0,NA,89
camera,21:31:43,Camera%2Fcontrol%20line%20discarded%3A%20too%20long,0,0.00,NA,0,0,0,0,0,0,NA,89
camera,21:31:43,Camera%2Fcontrol%20line%20discarded%3A%20too%20long,0,0.00,NA,0,0,0,0,0,0,NA,89
camera,21:31:43,Camera%2Fcontrol%20line%20discarded%3A%20too%20long,0,0.00,NA,0,0,0,0,0,0,NA,89
camera,21:31:43,Camera%2Fcontrol%20line%20discarded%3A%20too%20long,0,0.00,NA,0,0,0,0,0,0,NA,89
pico_reply,21:31:43,%8C%D3%8C%D3%8C%D3%8C%F3%8C%F3%8C%F3%8C%D3%94%D4%8C%D3%8C%F3%8C%F4%8C%F3%8C%F3%8C%D3%8C%F4%8C%D3%8C%D3%8C%D3%8C%D3%8C%D3%8C%F3%8C%D3%8C%D3%8C%D3%8C%D3%8C%B3%8C%D3%8C%D3%94%D4%8C%B3%8C%D3%8C%D3%84%B2%8C%92%8C%B3%84%B3%84%B3%84%B2%84s%84r%84%92%84r%84r%84R%84r%84q%84q%84q%84%E4%20%C4%20%C4%20%C3%20%E3%20%E4%20%C4%20%E4%20%E4%20%E3%20%E4%20%C4%20%20%20%83%3A%201%88%29f%29f%29%86%29%C71%A7%20%26%20%E3%20%C3%20%C3%20%C3%20%E3%20%201%E6%29%88%29E%21%20%20%C3%20%C3%20%C3%20%C3%20%C3%20%E3%20%E3%20%C4%20%E3%20%C3%20%C3%20%C3%20%C3%20%C3%20%A4%20%C4%20%25%29%C8%29%E9%21%C9%21%E9%2F%20%3A%8B2,0,0.00,NA,0,0,0,0,0,0,NA,89
pico_reply,21:31:44,%29%E8%21%A7%21%A6%29%A71%A71%87%29%86%29e1%C7%29%A6%21%86%29%A51%A6%29%85%29%86%29%86%29%86%29%86%29%861%87%29%86%29%86%29%85%29%A61%86%29%86%29%A61%861%A6%29%C61%C61%A71%C71%C79%C71%C71%C61%E71%E71%E71%E71%E71%E71%E71%E71%E71%E71%E79%E79%E72%202%202%202%209%E8%3A%20%3A%20%3A%20%3A%20%3A%20%3A%20%3A%20%3A%27%3A%20%3A%20%3A%20%3A%28%3A%20%3A%20%3A%20%3A%20%3A%28%3A%28%3A%28%3A%20%3A%28%3AI%3A%28%3A%27%3A%28%3A%28%3A%28%3A%28%3A%29B%29%3A%28%3A%28%3A%27%3AH%3A%28%3A%28%3A%28%3AI%3AHB%28B%28BHBI%3AHB%28B%29%3AH%3AIBIBIB%29B%28%3AI%3AHBHBI%3AIBHBjBhBiBiBiJ%C9J%CAS,0,0.00,NA,0,0,0,0,0,0,NA,89
camera,21:31:44,Camera%2Fcontrol%20line%20discarded%3A%20too%20long,0,0.00,NA,0,0,0,0,0,0,NA,89
pico_reply,21:31:44,%2A%20%21%E9%21%C9%21%E9%20%20%3Ak%29%EB%29%E8%29%A8%29%C8%29%C7%29%A7%29f%29%861%E7%3A%28%29%87%29%851%C6%29%87%29e%29%86%29%861%86%29f%21f1%A6%29g%29%86%29%86%29%86%29%861%86%29%861%A61%A61%C61%C61%C71%C71%C71%C71%C71%C71%E71%C71%E71%E71%E71%E71%E79%E79%E71%E79%E79%E79%E79%E7%3A%20%3A%20%3A%20%3A%20%3A%20%3A%20%3A%20%3A%209%E8%3A%20%3A%28%3A%27%3A%28%3A%28%3A%20%3A%20%3A%28%3A%20%3A%20%3A%20%3A%28%3A%28B%20B%29%3A%28%3AI%3A%28%3A%28%3A%28%3A%28%3A%28%3A%28%3A%28B%28B%28%3A%28%3A%28%3AHB%28%3A%28%3A%28B%28BHB%28%3AH%3AHBIB%28%3AI%3AHBIB%28B%28BHB%29B%29%3AI%3AHBHBIBiBiJIBhBiBiB%89B%89J%EAS,0,0.00,NA,0,0,0,0,0,0,NA,89
camera,21:31:44,Camera%2Fcontrol%20line%20discarded%3A%20too%20long,0,0.00,NA,0,0,0,0,0,0,NA,89
camera,21:31:44,Camera%2Fcontrol%20line%20discarded%3A%20too%20long,0,0.00,NA,0,0,0,0,0,0,NA,89
camera,21:31:44,Camera%2Fcontrol%20line%20discarded%3A%20too%20long,0,0.00,NA,0,0,0,0,0,0,NA,89
camera,21:31:44,Camera%2Fcontrol%20line%20discarded%3A%20too%20long,0,0.00,NA,0,0,0,0,0,0,NA,89
camera,21:31:44,Camera%2Fcontrol%20line%20discarded%3A%20too%20long,0,0.00,NA,0,0,0,0,0,0,NA,89
camera,21:31:44,Camera%2Fcontrol%20line%20discarded%3A%20too%20long,0,0.00,NA,0,0,0,0,0,0,NA,89
camera,21:31:44,Camera%2Fcontrol%20line%20discarded%3A%20too%20long,0,0.00,NA,0,0,0,0,0,0,NA,89
camera,21:31:44,Camera%2Fcontrol%20line%20discarded%3A%20too%20long,0,0.00,NA,0,0,0,0,0,0,NA,89
camera,21:31:44,Camera%2Fcontrol%20line%20discarded%3A%20too%20long,0,0.00,NA,0,0,0,0,0,0,NA,89
camera,21:31:44,Camera%2Fcontrol%20line%20discarded%3A%20too%20long,0,0.00,NA,0,0,0,0,0,0,NA,89
camera,21:31:44,Camera%2Fcontrol%20line%20discarded%3A%20too%20long,0,0.00,NA,0,0,0,0,0,0,NA,89
camera,21:31:44,Camera%2Fcontrol%20line%20discarded%3A%20too%20long,0,0.00,NA,0,0,0,0,0,0,NA,89
camera,21:31:44,Camera%2Fcontrol%20line%20discarded%3A%20too%20long,0,0.00,NA,0,0,0,0,0,0,NA,89
camera,21:31:44,Camera%2Fcontrol%20line%20discarded%3A%20too%20long,0,0.00,NA,0,0,0,0,0,0,NA,89
camera,21:31:44,Camera%2Fcontrol%20line%20discarded%3A%20too%20long,0,0.00,NA,0,0,0,0,0,0,NA,89
pico_reply,21:31:44,1%E89%E79%E8%3A%209%C81%A9%21%E7s%C7%94%90Z%92%29H%20%20%21e%29f1%C71%A71%CA%21%C7%5B%8Ak%D1t0t0%84%92%8C%F4%94%D4%9D%20%954%9D4%954%95%20%9D%20%94%D3%8C%92%94%B2%84Q%841s%F1s%EFk%AFk%8Fc-S%2C%5B%2BZ%EDJ%20%2F%2BJ%C6%8C%D0%8C%D1%8C%D2%8C%D3%8C%D3%8C%B3%84%D3%84%B3%8C%F4%8C%D3%84%D4%8C%D3%8C%F3%8C%F3%8C%F3%8C%F3%8C%F3%8C%D3%8C%D3%8C%D3%84%D3%8C%D3%8C%D3%8C%B3%94%D4%8C%D3%8C%D3%8C%D3%8C%D3%8C%B3%8C%D3%8C%D3%8C%B3%84%D3%84%D3%8C%B2%8C%B3%84%D3%84%D3%8C%B3%8C%B3%8C%B2%8C%92%8C%93%84%93%84%B2%8C%B2%84%B3%84%93%8C%92%84%92%84%B2%84%B2%84%B2%7Cr%8Cr%84r%84%92%84r%8Cq%8Cq%8C%C4%20%E3%20%C3%20%E4%20%E4%20%E4%20%E4%20%E4%20%20%20%E4%20%20%21d1%881%A7%29%86%29%86%29%A6%29%C7%3A%20%21,0,0.00,NA,0,0,0,0,0,0,NA,89
pico_reply,21:31:44,%29%EA2,0,0.00,NA,0,0,0,0,0,0,NA,89
camera,21:31:44,Camera%2Fcontrol%20line%20discarded%3A%20too%20long,0,0.00,NA,0,0,0,0,0,0,NA,89
pico_reply,21:31:44,J%8CBm%20Il%2A%84%D1%8C%D3%8C%D3%8C%F3%8C%D3%84%F3%8C%F4%8C%D4%8C%D3%8C%D3%8C%D3%8C%F4%8C%D3%8C%F3%8C%F3%8C%D3%8C%F3%8C%F3%8C%F3%95%20%94%F4%8C%D3%94%D3%94%D4%8C%D3%8C%D3%84%D3%8C%B3%8C%B3%8C%D2%8C%D3%8C%B3%8C%B3%8C%B2%8C%B2%8C%D3%8C%D3%8C%D3%8C%D3%8C%B3%84%B3%8C%93%8C%93%84%93%84%B2%84%B2%8C%92%8C%93%8C%92%8C%93%8C%92%84%B2%84%B2%84%92%8Cr%84%92%84%91%84%92%84R%84R%84%E4%20%E4%20%C4%20%E4%20%E4%20%E4%20%E4%20%E4%20%20%20%E4%20%20%21d1%871%A7%29%86%29%86%29%C6%29%C69%E8%20%C5%20%E3%20%E4%20%C4%20%C4%20%20%21%84%3A%20%21%26%29%85%20%E4%20%E4%20%C4%20%E3%20%20%20%E3%20%E3%20%E3%20%C4%20%C4%20%E3%20%E3%20%C3%20%C3%20%C3%20%E4%20%E4%29%A6%29%C9%21%A8%2A,0,0.00,NA,0,0,0,0,0,0,NA,89
pico_reply,21:31:44,%21%C9%29%C8%29%C8%29%C9%21%A9%21%A8%29%A9%29%C8%29%C81%C9%29%C91%E92%202,0,0.00,NA,0,0,0,0,0,0,NA,89
camera,21:31:44,Camera%2Fcontrol%20line%20discarded%3A%20too%20long,0,0.00,NA,0,0,0,0,0,0,NA,89
pico_reply,21:31:44,R%EBR%8C%29%ECKG%7C%8C%9DS%8C%D3%8C%F3%8C%D3%84%F3%8C%F3%8C%D4%8C%F3%8C%F3%8C%D3%8C%F4%8C%D3%8C%F3%8C%D3%8C%F3%8C%D3%8C%D3%8C%F3%8C%D3%94%D3%8C%D3%8C%D3%94%D3%8C%F3%8C%F3%8C%F3%8C%D3%8C%93%84%D2%8C%D3%8C%B3%8C%D3%8C%B3%8C%B3%8C%D3%8C%D3%8C%D3%8C%D3%8C%D3%8C%B3%8C%93%8C%93%84%93%84%B2%84%B2%84%93%8C%94%8C%93%8C%B3%8C%B3%84%B2%84%B3%84r%84%92%84%92%84%91%84r%84R%84R%84%C4%20%E4%20%E4%20%E4%20%E4%20%E4%20%E4%20%E4%20%E4%20%E4%20%E4%29%A41%A7%29%86%29%87%29%86%29%E7%29%C71%A8%20%A4%20%E4%20%E3%20%E3%20%C3%20%E3%29%A5%29%C8%21E%29f%20%C4%20%E3%20%E4%20%20%20%E3%20%E3%20%C3%20%E3%20%E4%20%C4%20%E3%20%C3%20%C3%20%E3%20%C3%20%E4%20%E41%E7%21%C8%21%C72%2A%29%C9%29%C8%29%C8%29%C9%29%C9%29%A8%29%C8%29%C8%29%C91%C9%29%C91%E9%2A%202,0,0.00,NA,0,0,0,0,0,0,NA,89
camera,21:31:44,Camera%2Fcontrol%20line%20discarded%3A%20too%20long,0,0.00,NA,0,0,0,0,0,0,NA,89
camera,21:31:44,Camera%2Fcontrol%20line%20discarded%3A%20too%20long,0,0.00,NA,0,0,0,0,0,0,NA,89
camera,21:31:44,Camera%2Fcontrol%20line%20discarded%3A%20too%20long,0,0.00,NA,0,0,0,0,0,0,NA,89
pico_reply,21:31:44,%84%C4%20%E4%20%E3%20%E4%20%E4%20%20%20%E4%20%E4%20%E4%20%E4%20c1%E6%29%A7%29%86%29%A6%29%A6%29%E71%C8%20%20%20%C4%20%C4%20%C3%20%C4%20%E3%20C1%A7%21g%29e%21%20%20%E3%20%E3%20%E3%20%E3%20%E3%20%C4%20%C4%20%E4%20%E4%20%C4%20%C3%20%C3%20%E3%20%E3%20%C3%20%E3%20E%29%C9%21%A8%2A%2A%29%E9%29%C9%29%C8%29%C8%29%C9%29%C8%29%C8%29%C9%29%C9%29%C8%29%C8%29%E9%29%E9%2A%20%29%EA2,0,0.00,NA,0,0,0,0,0,0,NA,89
camera,21:31:44,Camera%2Fcontrol%20line%20discarded%3A%20too%20long,0,0.00,NA,0,0,0,0,0,0,NA,89
pico_reply,21:31:44,cLZ%ECR%CD%29%ECB%E9%84%B0%94%F3%8C%D3%8C%D3%94%F3%8C%F3%94%F3%94%D4%8C%D3%8C%F3%8C%F3%94%F3%94%D3%94%D3%8C%D3%8C%F3%94%D3%94%D3%94%D3%8C%D3%94%F3%8C%D3%8C%F3%8C%F3%94%D3%94%B3%94%D3%8C%F3%8C%F3%8C%F3%8C%D3%8C%D3%8C%D3%8C%D3%8C%F3%95%20%94%F3%94%D2%8C%D3%8C%B3%8C%B3%8C%B2%94%D3%8C%D3%8C%D2%94%D3%94%B3%94%D3%8C%B3%8C%B3%8C%92%8C%B2%8C%B2%8C%B2%8C%92%8C%92%84r%84r%84%E4%20%E4%20%E3%20%E3%20%E4%20%E4%20%E4%20%E4%20%20%20%24%21d1%C71%87%29%86%29%A6%29%A6%29%C61%C8%20%20%20%E3%20%E4%20%E3%20%E4%20%20%21c1%88%21%27%21E%20%E4%20%E3%20%E3%20%E3%20%E3%20%E4%20%E3%20%E4%20%E3%20%E4%20%C4%20%E3%20%C4%20%E3%20%E3%20%E4%20%20%21%A6%21%C9%29%A9%29%EA%29%E9%29%C9%29%E9%29%C9%29%C9%29%C9%29%C9%29%C9%29%E9%29%E9%29%C8%21%E9%2A%20%2A%20%29%EA2,0,0.00,NA,0,0,0,0,0,0,NA,89
camera,21:31:44,Camera%2Fcontrol%20line%20discarded%3A%20too%20long,0,0.00,NA,0,0,0,0,0,0,NA,89
pico_reply,21:31:44,k%AEcMZ%ACB%2C%2A,0,0.00,NA,0,0,0,0,0,0,NA,89
pico_reply,21:31:44,R%E9%951%953%8C%D3%8C%F3%8C%F3%8C%F4%8C%F4%95%20%8C%F4%8D%20%8C%F3%94%F3%95%20%95%20%8C%F3%8C%F3%94%D3%8C%D3%8C%D3%94%D3%8C%F4%8C%F3%8C%F3%94%D3%94%D3%94%D3%8D%20%8C%F4%84%D3%8C%D3%8C%D4%8C%D3%8C%D3%8C%D3%8C%B3%8C%B2%8C%F3%8C%F3%94%F3%8C%F4%8C%D3%8C%D3%8C%D3%8C%D2%8C%F3%94%D3%8C%D3%8C%B3%8C%93%8C%92%8C%B2%8C%B2%8C%B2%8C%92%8C%92%84R%84R%84%E4%20%E4%20%E3%20%E3%20%E4%20%E4%20%E4%20%E4%20%20%20%20%29%E51%E7%29%87%29%86%29%A6%21%C7%29%C61%C9%20%A5%20%E4%20%E3%20%E3%20%C4%20%E3%29%A41%A8%21%27%21%25%20%E4%20%C3%20%E3%20%20%20%E3%20%E4%20%E3%20%E4%20%E4%20%E4%20%E4%20%C4%20%C4%20%E3%20%C3%20%E4%20%E4%29%C7%29%C9%29%C9%29%E9%29%E9%21%E9%29%C9%21%A9%29%E8%29%C9%29%C8%29%E9%29%E9%29%E9%29%C8%21%E9%2F%20%2A%201%E91%EA2,0,0.00,NA,0,0,0,0,0,0,NA,89
pico_reply,21:31:44,2K%3Ak%3AK%3AK%3AK%3AL%3AL%3Ak%3AK%3Ak2jB%8B%3Ak%3Ak%3Aj%3A%AAB%8ABkBJBI%3Ai%3A%289%E89%E8%3A%209%E71%E72%201%E71%E71%E71%E71%E71%E72%20%3A%209%E79%E72%20%3A%20%3A%209%E8%3A%28%3A%20%3A%20%3A%20%3A%20%3A%20%3A%20%3A%20%3A%20%3A%20%3A%20%3A%28%3A%20%3A%20%3A%20%3A%28%3A%20%3A%20%3A%20%3A%209%E89%E89%C71%C7%3A%209%E79%E71%C8%29%A71%C7%29%86%21%25%21%25%21%25%21%25%20%25%21E%21E%21E%21E%21e%21%85%29%A6%21%86%21%86%29%86%29%C71%C71%C89%E72%20%3A%27BIBiBIJIBIBiBhBiBiJIJIBiBiJ%89%3AHBh%3A%28%29%A7%20%25%20%E4%20%E4%20%E4%20%E3%20%E4%20%E4%20%E3%20%E3%20%E3%20%E3%20%C3%20%E3%20%E3%21%24%20,0,0.00,NA,0,0,0,0,0,0,NA,89
pico_reply,21:31:44,2%202Gk%8B%7B%AEb%AD%29J%20%A3%20D%29%A59%C81%CA%21%C7B%EAc%EF%7C%92t2%7Cr%84%D2%8C%F4%94%F4%9D%20%9D%20%9D%20%954%9D4%95%20%8C%B3%8C%B3%8C%92%84q%7C0%7B%F1s%CFk%CEkmc-%5B%20R%AE2%2C%2AJ%8C%CF%8C%F4%8C%D4%94%F3%94%F3%8C%F4%8C%F4%94%F3%94%F4%8C%F3%8D%20%94%F3%8C%F3%94%F3%94%F3%94%F3%8C%F3%94%F3%95%20%94%F3%8C%F4%8C%F3%8C%D3%94%D3%94%D3%8C%F4%8C%F3%8C%D3%8C%F3%8C%D3%8C%F3%8C%D3%8C%D3%8C%D3%8C%F3%8C%B3%94%D3%8C%D3%8C%D3%8C%D3%8C%F3%8C%D3%8C%D3%8C%F2%8C%F3%8C%D3%8C%B3%8C%93%8C%B2%8C%92%8C%B2%8C%B3%8C%B2%8C%92%8C%92%842%842%84%C4%20%E4%20%E4%20%E4%20%E4%20%E4%20%E4%20%E4%20%20%20D%29%C51%E61%87%29%87%21%86%21%C69%C7%29h%20%C3%20%E4%20%E3%20%C3%20%C3%20%20%29%A51%A7%21%26%20%20%20%20%20%E3%20,0,0.00,NA,0,0,0,0,0,0,NA,89
camera,21:31:44,Camera%2Fcontrol%20line%20discarded%3A%20too%20long,0,0.00,NA,0,0,0,0,0,0,NA,89
camera,21:31:44,Camera%2Fcontrol%20line%20discarded%3A%20too%20long,0,0.00,NA,0,0,0,0,0,0,NA,89
pico_reply,21:31:44,1%C71%E71%A89%C81%C7%29%871f%29%26%21%25%21%24%21%25%21%24%20%24%20%24%21%25%21%20%21%24%21%25%21E%21%25%21E%29e%21e%21e1%C61%C81%A61%C7%29%C71%E72%29%3A%28JJJJB%29BIBIJiJiBiBiB%89BiBI%3AIBh%29%A7%20%25%20%E4%20%E4%20%E4%20%C4%20%E3%20%E4%20%20%21%24%21%20%20%20%20%20%20%E3%20%E3%20%20%29%24%20%A4%20%C3%20%C3%20%20%20%20%20%E4%20%C3%20%C4%20%E4%20%C4%20%E3%20%C3%20%C3%20%A3%20%A4%20%C4%20%C4%20%E4%20c%29%E5R%C9JI%3A%28%3A%28B%28B%20%3A%20BH%3A%29B%29%3A%20B%292,0,0.00,NA,0,0,0,0,0,0,NA,89
pico_reply,21:31:44,%3A%28t,0,0.00,NA,0,0,0,0,0,0,NA,89
pico_reply,21:31:44,%7B%CDR%8D%21%20%20%20%21f1%C71%E8%29%C8%29%A8%5B%ADlP%7Cs%84s%84%93%8C%D3%94%D4%9D%20%9D%20%9D4%9D4%9D4%94%F3%8C%D3%94%D3%84s%84q%84Q%7C%20t%20s%CEk%AFcm%5BN%5BBm%21%EAlM%8C%F3%95%20%95%20%8D%20%95%20%8C%F4%94%F4%95%20%8C%F4%95%20%94%F3%94%D4%94%D3%94%D3%94%F3%94%F3%8C%F3%94%F4%8C%F4%8C%F4%8C%F3%8C%D3%94%F3%8C%F3%8C%F3%8C%F3%8C%F3%8C%D3%8C%D3%8C%D3%8C%D3%8C%D3%8C%D3%94%D3%8C%D3%94%D3%8C%D3%8C%F3%8C%D3%8C%F3%94%F3%8C%F3%8C%F2%8C%F3%8C%B3%8C%B3%8C%B3%8C%B3%8C%B3%84%93%8C%B3%8Cr%8C%92%8C%92%8C%92%8C%E4%20%E4%20%E4%20%E4%20%E4%20%E4%20%E4%20%E4%20%20%20C1%E7%29%C7%29%A6%29%87%29%87%29%E79%E7%21H%20%E3%20%E4%20%E3%20%C3%20%E4%21%231%A8%21f%29E%20%E4%20%E4%20%E4%20%E4%20%E4%20%E4%20%C4%20%E3%20%E4,0,0.00,NA,0,0,0,0,0,0,NA,89
camera,21:31:44,Camera%2Fcontrol%20line%20discarded%3A%20too%20long,0,0.00,NA,0,0,0,0,0,0,NA,89
pico_reply,21:31:44,cmcncLR%AC2%8DK%28%95%20%9Du%95%20%8D%20%95%20%94%F3%94%F3%94%F3%95%20%8C%F3%95%20%94%D5%94%D3%94%F3%94%F3%94%F3%94%F3%8D%20%8C%F4%8C%F4%94%D4%8C%D3%94%F3%8D%20%95%20%8C%F4%94%F4%94%F4%8C%F4%8C%D3%8C%D3%8C%D3%8C%D4%8C%D4%8C%D3%94%D3%8C%D3%8C%F3%8C%F3%8C%F3%8C%D4%8C%F3%94%F4%8C%D3%8C%B3%8C%B3%8C%B3%8C%B2%8C%B3%84%93%84%B2%8C%92%84r%84q%84q%84%E4%20%E4%20%E4%20%E4%20%E4%20%E4%20%E4%20%E4%20%E4%21%85%3A%201%C7%29%A6%29%A7%21%862%201%C8%20%C6%20%E3%20%C4%20%C3%20%C3%20%E4%21e%29%88%21F%29E%28%E4%20%E4%20%E4%20%E4%20%E4%20%E4%20%E3%20%E4%20%E4%20%E4%20%E4%20%E4%20%E4%20%E4%20%E4%20%E4%20%20%21%A61%E9%29%C91%E91%E9%29%E9%29%E9%29%C9%29%C9%29%C9%21%A9%29%C9%29%C9%29%E9%29%E9%29%E91%C91%E81%E9%2A%202%202,0,0.00,NA,0,0,0,0,0,0,NA,89
pico_reply,21:31:44,%3A,0,0.00,NA,0,0,0,0,0,0,NA,89
camera,21:31:44,Camera%2Fcontrol%20line%20discarded%3A%20too%20long,0,0.00,NA,0,0,0,0,0,0,NA,89
pico_reply,21:31:44,%AEcnc-S%2CJ%EE%20%CBc%EB%9Dr%956%94%F4%95%20%94%F3%8D%20%94%F3%94%F4%8C%F4%95%20%94%F4%94%F4%94%D4%94%F4%94%F3%95%20%95%20%8D%20%8D%20%8C%D3%8C%F3%94%F3%94%F4%8C%F3%8C%F4%94%F4%94%F4%8C%D3%94%D3%94%D3%8C%F3%94%F3%8C%F4%8C%F3%94%D3%8C%D3%8C%D3%8C%D3%94%D3%8C%B4%8C%B3%8C%B3%8C%D3%8C%B3%8C%B3%94%B3%8C%B3%8C%B2%84%93%8C%93%8Cr%84r%84r%84r%84%E4%20%20%20%E4%20%E4%20%E4%20%E4%20%E4%20%E4%20%241%E61%C81%A8%29%A6%29%A7%21%871%E81%E8%20%E6%20%E3%20%E3%20%C4%20%C4%20%C4%29e%29%86%29F%29%25%21%20%20%E4%20%E4%20%E4%20%E4%20%E4%20%E4%20%E4%20%E4%20%E4%20%E4%20%E4%20%E4%20%E4%20%E4%20%20%20e%29%C7%29%C9%29%C9%29%C9%29%E9%29%C9%29%E9%29%E9%29%E92%20%29%EA%29%C9%2A%20%29%C9%29%E9%29%C9%29%C9%29%E81%E9%29%E92%202,0,0.00,NA,0,0,0,0,0,0,NA,89
pico_reply,21:31:44,%3A,0,0.00,NA,0,0,0,0,0,0,NA,89
camera,21:31:45,Camera%2Fcontrol%20line%20discarded%3A%20too%20long,0,0.00,NA,0,0,0,0,0,0,NA,89
pico_reply,21:31:45,k%CEcnk%AEc%8DZ%EE2m%3A%A7%84%8E%9D4%95%20%95%20%95%20%8D%20%95%20%95%20%8C%F4%95%20%94%F4%94%F4%94%F3%94%F4%94%F4%94%F3%94%F3%8D%20%8D%20%8D%20%9DS%95%20%94%F4%8C%F4%8C%F4%94%F4%94%F4%8C%D3%8C%D3%94%D3%8C%F3%8C%F3%8C%D4%8C%D3%8C%D3%8C%F3%8C%D3%8C%D3%8C%B3%94%B3%8C%B3%94%B3%8C%B3%8C%B3%8C%B3%8C%B3%8C%B3%8C%B3%8C%B3%8C%92%8Cr%84r%8Cr%8Cr%8C%E3%20%20%20%20%20%20%20%E4%20%C4%20%C4%20%E4%20%E4%3A%201%C7%29%A71%86%29%C7%29%A71%E9%29%A7%20%E4%20%E3%20%E3%20%C3%20%E3%20%201%A51%86%29E%29%25%29%20%20%E4%20%E4%20%E4%20%E4%20%E4%20%E4%20%E4%20%E4%20%C4%20%E3%20%E4%20%E4%20%E4%20%E4%20%E4%21E2%20%29%C9%29%C91%C91%E91%E91%E91%E91%C9%29%E92%281%E91%E9%21%A9%29%CA%29%C9%29%E9%29%E91%E9%29%E92%202%2A2,0,0.00,NA,0,0,0,0,0,0,NA,89
camera,21:31:45,Camera%2Fcontrol%20line%20discarded%3A%20too%20long,0,0.00,NA,0,0,0,0,0,0,NA,89
pico_reply,21:31:45,%7C%20k%8Fkncm%5B-%5B.2-%5B%8B%8C%F0%95%20%95%20%94%F3%95%20%95%20%95%20%95%20%95%20%94%F4%94%F4%94%F3%94%F3%94%F4%94%F4%94%F3%94%F4%95%20%95%20%953%95%20%94%F4%95%20%8C%F4%94%F4%94%D4%8C%D3%94%F3%94%F3%8C%F3%8C%F4%8C%F3%94%D3%8C%F3%94%D3%94%D3%8C%D3%94%D3%94%B3%8C%B3%94%D3%8C%D3%8C%B3%8C%B3%8C%D3%84%D3%8C%D2%8C%B3%8C%93%8C%92%84r%8Cr%8Cr%8C%E3%20%E4%20%20%20%20%20%E4%20%E4%20%C4%20%20%20%201%C61%E7%29%A7%29%87%29%A6%29%C71%A8%21g%20%20%20%E3%20%E3%20%E4%20%E3%20B1%E61g%29E%29E%21%20%21%20%20%E4%20%E4%20%E4%21%20%20%E4%20%E4%20%E4%20%E4%20%E4%20%E4%21%20%21%20%20%E4%20%20%21f1%E9%29%C91%C91%C91%E91%E91%EA1%E9%29%E9%29%E9%29%E91%E91%E9%21%C9%29%CA%29%C9%29%E91%E91%EA2%202%202,0,0.00,NA,0,0,0,0,0,0,NA,89
pico_reply,21:31:45,2,0,0.00,NA,0,0,0,0,0,0,NA,89
camera,21:31:45,Camera%2Fcontrol%20line%20discarded%3A%20too%20long,0,0.00,NA,0,0,0,0,0,0,NA,89
pico_reply,21:31:45,%7C0k%90kokM%5B-c-Bm%3A%8At%2C%9D3%954%94%F3%95%20%94%F4%94%F4%95%20%95%20%94%F4%8C%F4%94%F3%94%F4%94%F4%94%F4%94%F3%94%F4%94%F4%8C%D3%95%20%95%20%95%20%94%F4%94%F4%8C%D3%94%D3%8C%F3%8C%F3%94%D3%8C%F3%8C%F3%94%D4%8C%F3%94%D3%94%F3%94%D3%8C%D3%94%F3%8C%B4%8C%B3%8C%B3%8C%B3%8C%B3%8C%B2%8C%B3%8C%B3%8C%93%84%B2%8C%92%84%92%84r%84r%84r%84%E4%20%E4%20%20%20%20%20%20%20%E4%20%E4%20%20%29%85%3A%201%E7%29%A61%A7%29%C7%29%E71%E8%29H%20%E4%20%E4%20%E3%20%E4%20%C4%20D1%A61g%29E%29E%29%25%29%20%21%20%20%E4%20%E4%21%20%20%E4%20%E4%20%E4%20%E4%20%E3%20%E4%21%20%20%E4%20%E5%20%E5%29%A7%29%C9%29%E9%29%C9%29%E9%29%C91%EA1%E91%E91%E9%2A%20%2A%201%C9%29%C9%29%A91%C91%C9%29%E91%EA2,0,0.00,NA,0,0,0,0,0,0,NA,89
pico_reply,21:31:45,2%202%202,0,0.00,NA,0,0,0,0,0,0,NA,89
pico_reply,21:31:45,2,0,0.00,NA,0,0,0,0,0,0,NA,89
camera,21:31:45,Camera%2Fcontrol%20line%20discarded%3A%20too%20long,0,0.00,NA,0,0,0,0,0,0,NA,89
pico_reply,21:31:45,0s%F0t%20%7B%EEkocnR%EE%3ANK%2B%84%D0%8C%B5%94%F4%95%20%95%20%95%20%94%F4%95%20%94%F3%95%20%954%9D%20%94%F4%94%F4%9D%20%95%20%94%F4%95%20%94%F3%9C%F4%94%F4%95%20%95%20%95%20%95%20%94%F3%8C%F4%94%F3%8C%F3%8C%F3%94%D4%8C%F3%94%F3%94%F3%8C%F3%8C%F3%8C%D3%94%D3%8C%D4%94%B3%8C%D3%8C%D3%8C%D2%8C%B3%8C%B3%84%93%84r%84%92%8C%92%8C%92%84Q%84Q%84%E4%20%E4%20%E4%20%20%20%E4%20%E4%20%E4%20%24%29%851%C81%E7%29%A61%C6%29%E7%29%E71%C8%20%20%20%E4%20%E4%20%E4%20%C4%20%20%21c1%E7%29F%29F%29E%21%25%21%24%21%24%21%20%20%E4%21%20%21%20%20%E4%20%E4%20%E4%20%E3%21%20%20%20%21%20%21%20%20%20%29%88%29%C9%29%E9%29%C9%29%E92,0,0.00,NA,0,0,0,0,0,0,NA,89
pico_reply,21:31:45,2%20%29%EA1%C91%EA%2A%20%2A%20%29%E9%29%C9%29%C91%C9%29%EA%29%E91%EA%2A,0,0.00,NA,0,0,0,0,0,0,NA,89
pico_reply,21:31:45,2%202%202,0,0.00,NA,0,0,0,0,0,0,NA,89
pico_reply,21:31:45,2,0,0.00,NA,0,0,0,0,0,0,NA,89
camera,21:31:45,Camera%2Fcontrol%20line%20discarded%3A%20too%20long,0,0.00,NA,0,0,0,0,0,0,NA,89
pico_reply,21:31:45,%7CQ%7CPt0%7C%20c%AFc%ADko%5B%20%3A%CBc%CB%95%20%9D4%94%F4%95%20%95%20%94%F3%95%20%95%20%95%20%954%95%20%94%F4%95%20%95%20%95%20%94%F4%94%F4%94%F4%94%F4%94%F4%95%20%95%20%95%20%94%F4%94%F3%94%F4%94%F4%8C%F3%8C%F3%8C%D3%8C%F3%94%F3%95%20%8C%D3%8C%F3%8C%F3%94%D3%8C%B4%8C%D3%8C%D3%8C%D3%8C%D2%8C%B2%8C%B3%8C%93%84r%84%92%84%92%84r%8C%92%8C%92%8C%E4%20%E4%20%E4%20%E4%20%E4%20%E4%20%20%20%E4%29%A51%C81%C7%29%A71%C6%29%C72%20%29%A8%20%A4%20%E4%20%E4%20%E4%20%C4%20%A4%21%841%C6%29e%29f1e%29%25%29%24%29%20%21%20%21%20%21%20%20%E4%20%E4%20%E4%20%E4%20%E3%21%20%20%20%21%20%21%20%20%20%29%C8%29%CA1%C9%29%CA%29%C92,0,0.00,NA,0,0,0,0,0,0,NA,89
pico_reply,21:31:45,%2A%202%292,0,0.00,NA,0,0,0,0,0,0,NA,89
pico_reply,21:31:45,1%E91%E9%2A%202%20%29%EA%29%C91%C91%C91%E92,0,0.00,NA,0,0,0,0,0,0,NA,89
pico_reply,21:31:45,2,0,0.00,NA,0,0,0,0,0,0,NA,89
pico_reply,21:31:45,2%202,0,0.00,NA,0,0,0,0,0,0,NA,89
pico_reply,21:31:45,%3A,0,0.00,NA,0,0,0,0,0,0,NA,89
pico_reply,21:31:45,%3A,0,0.00,NA,0,0,0,0,0,0,NA,89
camera,21:31:45,Camera%2Fcontrol%20line%20discarded%3A%20too%20long,0,0.00,NA,0,0,0,0,0,0,NA,89
pico_reply,21:31:45,%84Q%7C0%7C0s%AFc%AFc%CDc%8EcOJ%8E%2AL%84%8D%9Dt%94%F5%8D%20%95%20%95%20%95%20%95%20%95%20%95%20%95%20%95%20%95%20%95%20%94%F4%9C%F4%94%F4%95%20%94%F4%95%20%95%20%95%20%95%20%95%20%94%F3%94%F4%94%F4%94%D4%8C%D3%8C%F3%8C%F3%95%20%94%F4%8C%F3%8C%F3%8C%D3%94%D3%8C%B3%8C%B3%8C%D3%8C%D3%8C%D2%8C%B2%8C%B3%8C%92%8C%93%84%92%84%92%8C%B2%8C%D3%8C%D3%8C%E5%20%E5%20%E4%20%E4%20%E4%20%E4%20%20%20%201%E61%E81%C7%21%A71%C6%21%C7%3A%20%29%A9%20%E4%20%E4%20%E3%20%C4%20%E4%20%201%C61%C6%29e1f1%85%29E%29%24%29%24%21%24%21%24%21%24%21%20%20%E4%21%20%20%E4%20%E4%20%20%21%20%21%20%21%25%20%25%29%C8%29%C91%C9%29%C9%29%C91%EA2%29%3AJ1%EA1%E9%29%E9%2A%20%29%E9%29%E91%E91%C9%29%E91%E9%29%EA2,0,0.00,NA,0,0,0,0,0,0,NA,89
pico_reply,21:31:45,2,0,0.00,NA,0,0,0,0,0,0,NA,89
pico_reply,21:31:45,2%2A2,0,0.00,NA,0,0,0,0,0,0,NA,89
pico_reply,21:31:45,%3A%2A2J%3Aj%3AJ%3AK%3Al%3AK%3Aj%3Aj%3AJ%3Ak%3AK%3Aj%3Ak%3AkBK%3Ak%3A%8B%3A%8B%3A%8B%3A%8B%3AJB%8C%3A%8BB%8CBlB%8CB%ACB%EBB%ECJ%EDJ%CCB%CDB%ACJ%CCJ%ACB%8BB%A9B%89BJ%3A%28%3A%28%3A%20%3A%20%3A%20B%20B%28%3A%29B%20%3A%20B%20%3A%20%3A%209%C89%E79%E79%C89%C89%C79%A79%A79%869%869%861%861f1f1f1f%29F%29F%29E%29E%21%25%21%25%21%25%21%24%21%24%21%20%21%20%20%E4%20%E4%20%E4%20%E4%20%E4%21%20%21%24%21%24%21D%21e%29f%29e%29e%29f%21%85%29f1%C7%29%A6%29%A61%A61%C71%C71%E82%202%201%E71%A6%21f%20%E2%20%E4%20%E4%20%E4%20%E3%21%20%29E%29E%29E%29E%29D%29E%21%25%21%25%21%20%21%25%20%20%20%E4%20%E4%20,0,0.00,NA,0,0,0,0,0,0,NA,89
pico_reply,21:31:45,R%CBJJBIB%29B%29B%29B%29B%29%3A%28B%291%CA%2A%20K%27%84-%7B%919%CC%20%20%29%851%A61%A8%29h%2A%20%3AIs%CF%84p%7C2%8C%91%94%F3%A5T%9D4%9D5%9D5%9D4%9D4%9D4%95%20%94%F3%8C%92%84r%84Qt%20t0k%AFcNkNZ%AD%2A%8CSh%AD%D3%94%F5%95%20%95%20%95%20%95%20%95%20%95%20%954%95%20%95%20%95%20%95%20%95%20%9D3%9D4%94%F4%95%20%95%20%95%20%95%20%95%20%95%20%94%F4%8C%F4%94%F3%94%F3%94%F3%94%F4%8C%F4%95%20%94%F4%8C%F3%8C%D3%8C%D3%8C%D3%94%D3%8C%B3%8C%B3%8C%D3%8C%D3%8C%B3%8C%93%8C%92%8C%93%84%B3%84%B3%84%B2%8C%B3%8C%B3%8C%E4%20%E4%20%E4%20%E4%20%E4%20%E4%20%E4%20%C42%209%E81%87%29%A7%29%E6%29%E71%E8%21G%20%20%20%E4%20%E4%20%C4%20%E4%20%232%20%29%A6%21e1f%29F%29D%29%20%29,0,0.00,NA,0,0,0,0,0,0,NA,89
pico_reply,21:31:45,%29%E91%E99%EA1%E91%E92,0,0.00,NA,0,0,0,0,0,0,NA,89
pico_reply,21:31:45,2%2A%3A,0,0.00,NA,0,0,0,0,0,0,NA,89
pico_reply,21:31:45,%3A,0,0.00,NA,0,0,0,0,0,0,NA,89
camera,21:31:45,Camera%2Fcontrol%20line%20discarded%3A%20too%20long,0,0.00,NA,0,0,0,0,0,0,NA,89
pico_reply,21:31:45,%95%20%94%D3%8C%92%8C%B2%8C%B1%7CQ%7Cq%7C%20k%8EkNc-S-%2A%20%7C%CE%94%D3%9D%20%95%20%954%95%20%95%20%95%20%954%95%20%95%20%95%20%95%20%95%20%953%9D4%9D5%95%20%95%20%95%20%95%20%95%20%94%F3%94%F4%8C%F4%95%20%95%20%94%F4%94%F4%95%20%955%95%20%94%D3%8C%D3%94%D3%8C%D3%94%D3%94%D3%8C%D3%94%D3%8C%D3%8C%B3%94%B2%94%93%8C%B3%8C%B3%84%B3%8C%B2%84%B2%84%B2%84%E4%20%E4%20%20%20%20%20%20%20%E4%20%24%20%242%209%E81%87%29%A7%29%C71%C81%A9%20%27%20%20%20%E4%20%E3%20%C4%20%E4%20c1%C8%29%87%29%86%29F%29%25%29%25%29D%29d%29D%21E%29%25%29%20%20%E4%20%E4%20%E4%20%E4%21%20%21%20%21%20%20%25%29%A51%CA1%E91%E99%E91%E9%3A%2A2%20%3A%2B2%20%29%E9%2A,0,0.00,NA,0,0,0,0,0,0,NA,89
pico_reply,21:31:45,%2A%202%2A%29%EA1%E9%3A,0,0.00,NA,0,0,0,0,0,0,NA,89
pico_reply,21:31:45,1%E92%202,0,0.00,NA,0,0,0,0,0,0,NA,89
pico_reply,21:31:45,2%2A%3A,0,0.00,NA,0,0,0,0,0,0,NA,89
pico_reply,21:31:45,2%2A2%29%3A%2A2J%3Aj%3AK%3A%2C%3AK%3AJ%3Ak%3Ak2K%3AJBK%3Ak%3Ak%3AkBkBl%3Ak%3A%8B%3A%8BB%8BBkB%8B%3A%8BB%ACBlB%8CB%ACB%ABB%CCB%EBJ%CCB%ACB%CCB%ACB%CCJ%CCB%EBJ%EBJ%CBBkBjBjBiBI%3A%20%3A%20%3A%20%3A%20%3A%28%3A%20B%20%3A%209%E89%E8A%E89%C89%C89%C79%A79%879%C7I%E7A%C81%861%861e1f1f1E1F%29%26%29E%29%25%29%25%29%25%21%25%21%24%21%24%21%20%20%E4%20%20%20%E4%20%E4%20%E4%20%E4%20%20%20%20%20%20%20%20%20%E4%21%20%21%25%21E%21%25%21E%21E%29e%29%A6%29f%29%A61%C61%C7%29%C7%29%A7%29f%29%86%21%20%20%E3%20%E4%20%E3%21%201e%29F%29E%29e%29e%29e%29E%29E%21%25%21%25%21%24%21%20%20%20%20,0,0.00,NA,0,0,0,0,0,0,NA,89
pico_reply,21:31:45,t%20%8Cr%84q%95%20%9D3%9D5%9D4%9D4%9DU%9DU%9D4%954%8C%D3%94%D3%8C%92%7C1%7CP%7Cpk%AFs%AFk%CEkNJ%EFSi%8C%90%A54%9D%20%8D4%95%20%95%20%954%954%95%20%95%20%95%20%95%20%94%F4%954%954%9D%20%95%20%95%20%95%20%95%20%95%20%94%F4%95%20%95%20%95%20%95%20%95%20%94%F4%95%20%95%20%94%F4%94%D3%8C%D3%8C%F3%94%F3%94%F4%8C%D4%94%D3%94%D3%8C%D3%8C%B3%94%B3%8C%93%8C%B2%8C%B2%8C%B2%8C%93%8C%92%8C%92%8C%E4%20%E4%20%20%20%20%20%20%20%20%20%20%21%A52%299%E81%881%A7%29%E71%E89%C9%20%E6%20%E3%20%E4%20%E3%20%C4%20%C3%21%841%E7%21%86%29%A6%29E%21%25%21%24%29D%29D%29D%29D%29%25%29%20%29%20%20%E4%21%20%20%E4%21%20%21%20%21%20%20%E61%A71%C91%E99%E99%C9%3A,0,0.00,NA,0,0,0,0,0,0,NA,89
pico_reply,21:31:45,%2AJB%8BBm2%20%29%E9%2A,0,0.00,NA,0,0,0,0,0,0,NA,89
pico_reply,21:31:45,%29%E92,0,0.00,NA,0,0,0,0,0,0,NA,89
pico_reply,21:31:45,1%EA1%EA9%E99%E9%3A%20%3A,0,0.00,NA,0,0,0,0,0,0,NA,89
pico_reply,21:31:45,%3A,0,0.00,NA,0,0,0,0,0,0,NA,89
camera,21:31:45,Camera%2Fcontrol%20line%20discarded%3A%20too%20long,0,0.00,NA,0,0,0,0,0,0,NA,89
pico_reply,21:31:45,%9DU%A55%9D4%9D%20%94%F4%9C%F3%8C%92%84Q%7C0%84Ps%F0s%AFknkm%5BnB%8Dc%CC%95%20%95%20%954%95%20%95%20%95%20%954%954%95%20%95%20%95%20%95%20%954%954%954%95%20%95%20%95%20%95%20%94%F4%95%20%9C%F4%9C%F4%95%20%95%20%95%20%95%20%95%20%94%F4%94%F3%94%F3%94%F3%94%F3%94%D3%9C%F3%94%B4%94%D3%94%B3%8C%D3%8C%D3%94%B3%8C%B3%8C%B2%8C%D3%8C%B3%8C%93%8C%92%8C%92%8C%E4%20%E4%20%20%20%20%20%20%20%20%20%24%29%C5%29%A8%29%871%861%C71%E71%C89%C8%20%C6%20%E3%20%C4%20%E3%20%C3%20%E3%29%A41%E7%29%861%A6%21E%21%24%29%25%29%24%29%24%29E%29E%29E%29%24%21%25%21%20%21%20%20%E4%21%20%21%20%21%20%20%25%3A%201%C91%E91%EA1%E9%3A%20%3A%8BJ%CC%3AL2%20%29%E9%2A,0,0.00,NA,0,0,0,0,0,0,NA,89
pico_reply,21:31:45,%29%E92%2A2,0,0.00,NA,0,0,0,0,0,0,NA,89
pico_reply,21:31:45,2,0,0.00,NA,0,0,0,0,0,0,NA,89
pico_reply,21:31:45,1%EA1%EA%3A%202,0,0.00,NA,0,0,0,0,0,0,NA,89
pico_reply,21:31:45,2,0,0.00,NA,0,0,0,0,0,0,NA,89
camera,21:31:46,Camera%2Fcontrol%20line%20discarded%3A%20too%20long,0,0.00,NA,0,0,0,0,0,0,NA,89
pico_reply,21:31:46,%9DU%9DU%9Du%955%95%20%94%F3%8C%D3%8C%B3%84r%8C%91%841s%D0k%AFk%AFcNS.J%EB%84N%9DT%953%95%20%95%20%954%954%9D%20%9D%20%95%20%95%20%95%20%954%954%954%95%20%95%20%954%9D4%9D%20%95%20%95%20%95%20%95%20%9DU%95%20%95%20%95%20%94%F4%95%20%94%F3%95%20%9D4%9D%20%94%F4%94%B4%9C%D3%94%B4%8C%D3%8C%D3%8C%B3%8C%B3%8C%B3%8C%B2%8C%B3%8C%92%8C%92%8C%92%8C%E4%20%E4%20%20%20%20%20%20%20%20%20%242%201%C8%29%A7%29%87%29%C8%2A%202%201%89%20%A5%20%E4%20%E4%20%C3%20%E3%20%20%3A%26%21%88%29f1%87%20%20%21%20%21%25%21%24%29E%29E%29E%29%25%29%24%29%24%29%20%29%20%29%20%29%20%29%20%21%20%20%26%3A%292%209%EA9%E91%C9%3AJ2%8BJ%CB%3Ak2%201%EA2%202%202%202,0,0.00,NA,0,0,0,0,0,0,NA,89
pico_reply,21:31:46,2,0,0.00,NA,0,0,0,0,0,0,NA,89
pico_reply,21:31:46,1%EA9%EA1%E9%3A%29%3A%2A%3AJ%3A%2A%3A,0,0.00,NA,0,0,0,0,0,0,NA,89
camera,21:31:46,Camera%2Fcontrol%20line%20discarded%3A%20too%20long,0,0.00,NA,0,0,0,0,0,0,NA,89
pico_reply,21:31:46,%9D4%9DT%9D%20%94%D3%8C%F2%94s%84r%84%2F%7C0%7C%20%7C%20k%8FcoJ%EE%5B%8D%8C%F1%94%D4%95%20%954%954%9D%20%9D%20%9D%20%953%9D4%9D4%954%954%954%95%20%9D%20%9D4%9D4%9D%20%9D%20%954%95%20%94%F4%9DU%95%20%95%20%95%20%9C%F4%94%F4%95%20%95%20%9D%20%9D%20%9D%20%94%D4%94%D3%94%B3%8C%B3%94%D3%8C%B3%8C%B3%8C%D3%8C%B3%8C%92%84%92%8C%92%8C%92%8C%E4%20%E4%20%E4%20%20%20%20%20%24%20%241%E71%E8%29%A7%29%A6%29%C82%209%E7%29h%20%E3%20%E4%20%E4%20%C4%20%E3%20%2F%3A%26%29%87%29f%21%25%21%25%21%25%21%20%29%25%29%25%29E%29E%29E%29%24%29%25%29%25%29%20%29%20%29%20%29%20%21e%21%86%3AJ2,0,0.00,NA,0,0,0,0,0,0,NA,89
pico_reply,21:31:46,1%EA2%20%3A%20B%8B%3Aj%3A%8B%3Aj2,0,0.00,NA,0,0,0,0,0,0,NA,89
pico_reply,21:31:46,1%EA%29%EA2%202,0,0.00,NA,0,0,0,0,0,0,NA,89
pico_reply,21:31:46,2,0,0.00,NA,0,0,0,0,0,0,NA,89
pico_reply,21:31:46,2,0,0.00,NA,0,0,0,0,0,0,NA,89
pico_reply,21:31:46,2,0,0.00,NA,0,0,0,0,0,0,NA,89
pico_reply,21:31:46,%3AJ%3A%2ABK%3AKB%2A%3A%2A1%EA2,0,0.00,NA,0,0,0,0,0,0,NA,89
camera,21:31:46,Camera%2Fcontrol%20line%20discarded%3A%20too%20long,0,0.00,NA,0,0,0,0,0,0,NA,89
pico_reply,21:31:46,%9DU%95%20%94%F4%8C%F3%8C%B2%84r%84p%84r%7B%F0s%CFk%8EkNc%20K.s%CC%9D%20%954%95%20%954%9D%20%9D%20%9D4%954%9D4%9D4%954%955%955%95%20%9D%20%9D4%955%9D%20%9D%20%95%20%9D%20%9D4%94%F4%95%20%95%20%95%20%95%20%94%F4%94%F4%94%F4%94%F4%9C%F4%9D4%9C%F4%94%F3%94%D3%94%D3%8C%D3%94%D3%8C%D3%8C%B2%8C%B3%84r%84%91%8C%92%8C%92%8C%E4%20%E4%20%E4%20%E4%20%E4%20%25%20E%3A%201%C7%29%A7%29%A6%29%C82%20%3A%20%21%27%20%C4%20%E4%20%E4%20%A4%20%C3%21d1%C8%21g%29f%21%25%21%25%21%20%21%25%21%24%21%20%29%25%29%25%29E1%251%25%29%25%29%24%29D%29%20%29%20%20%26%29%87%3Aj2,0,0.00,NA,0,0,0,0,0,0,NA,89
pico_reply,21:31:46,%3A%201%E9%3A%2ABk%3Ak2%2A%2A%202,0,0.00,NA,0,0,0,0,0,0,NA,89
pico_reply,21:31:46,%3A,0,0.00,NA,0,0,0,0,0,0,NA,89
pico_reply,21:31:46,%29%EA2,0,0.00,NA,0,0,0,0,0,0,NA,89
pico_reply,21:31:46,%3A,0,0.00,NA,0,0,0,0,0,0,NA,89
pico_reply,21:31:46,2,0,0.00,NA,0,0,0,0,0,0,NA,89
pico_reply,21:31:46,%3A,0,0.00,NA,0,0,0,0,0,0,NA,89
pico_reply,21:31:46,2%2AB,0,0.00,NA,0,0,0,0,0,0,NA,89
camera,21:31:46,Camera%2Fcontrol%20line%20discarded%3A%20too%20long,0,0.00,NA,0,0,0,0,0,0,NA,89
pico_reply,21:31:46,%A5%D9%94%F6%8C%B4%95%20%9D5%A55%9D4%9DU%9D%20%94%F4%8D%20%94%F3%8C%B3%8C%B2%8C%92%8CQ%7C%20s%CFs%8Fko%5BOK%2C%8C%D0%95%20%95%20%9D4%9D%20%9D4%9D4%9D%20%9D%20%9D4%954%955%954%9D4%9D%20%9D%20%9D4%9D4%9D%20%9D%20%95%20%9D%20%954%95%20%95%20%95%20%95%20%95%20%94%F4%94%F4%95%20%95%20%94%F4%94%D4%94%F3%94%D3%94%D3%8C%F2%8C%F3%8C%D3%8C%B2%8C%B3%84%92%84%92%8C%92%8C%92%8C%E4%20%E4%20%E4%20%E5%20%20%20E%21%851%E91%C8%29%C7%29%C71%C71%C81%A9%20%E5%20%E3%20%E4%20%E4%20%C4%20%E3%29%A41%A6%29%87%29e%21%25%21%24%21%20%21%20%21%24%21%24%29%24%29%25%29E1E%29E%29E%29E%29%24%29%25%29%25%20f%29%C8%3AK2%2A2%20%3A%20BJBJ%3A%2A2%2A2%2A2,0,0.00,NA,0,0,0,0,0,0,NA,89
pico_reply,21:31:46,%3A%202%202,0,0.00,NA,0,0,0,0,0,0,NA,89
pico_reply,21:31:46,2,0,0.00,NA,0,0,0,0,0,0,NA,89
pico_reply,21:31:46,%3A%20%3A%20%3A,0,0.00,NA,0,0,0,0,0,0,NA,89
pico_reply,21:31:46,BI1%C9B%20Q%EBI%E9cIt1%7CRJ%D0%29%EA%3Ak%3Ak%3AK%3AJ%3AJ%3Aj%3Ak%3Ak%3Ak%3AlJkRlB%20l,0,0.00,NA,0,0,0,0,0,0,NA,89
pico_reply,21:31:46,%95%20%8D%20BnB%ACB%CCB%CCJ%ABB%8DB%ADB%ACJ%ACB%ACB%ACB%CCB%CCB%CCB%CCB%CCB%CCJ%CCB%CDB%ECB%CCR%ECB%CDJ%ECJ%EDB%CDJ%CCJ%CDJ%CCK%20J%CBJ%ABB%AAR%AAR%AABiB%29B%20B%20A%E8A%E8B%20B%20A%C89%A89%A79%A71%A69%E6%3A%20B%209%A81%86%29F%29e%29e%29E%29E%29E%29%25%21%25%21%25%21%24%21%20%21%20%20%E4%20%E4%20%E4%20%20%20%20%20%20%20%E4%20%E4%20%E4%20%E3%20%E4%20%E4%20%E4%21%20%20%25%20%25%29%A5%29%85%20%20%20%E4%20%E4%20%E3%20%E3%20%E3%20%E3%20%20%20%E4%29E%29e1E%29E%29e%29e%29e%29E%21E%21%25%21%25%21%24%21%20%21%20%20%20%20%20%20%20%20%E4%20%E4%20%E4%20%E4%20%E4%21E%20%20%20%E4%20%E4%20%E4%20%E4%20%E4%20%E4%20%20%20%E3%20%E3%20,0,0.00,NA,0,0,0,0,0,0,NA,89
pico_reply,21:31:46,%29%CAC%28k%CB%7B%F1c%209%EB%21E%29%861%C8%29%89%29%CA2%CAl%2C%94%F4%84t%8C%B1%9DU%9DT%A55%9D5%A5u%9DT%9DT%9DT%9D%20%94%F4%8C%B3%84%92%84%90%7C0%7CQs%F0s%90c.K%2Fc%AB%A5s%A5u%95%20%9D%20%9D4%9D5%A5%20%9D%20%9D4%95U%954%954%9D%20%9D%20%9D4%9D4%9D%20%9D%20%9D%20%95%20%9D%20%954%95%20%95%20%95%20%95%20%95%20%95%20%9C%F4%94%F4%94%F4%94%F4%94%D3%94%D3%94%D3%94%D3%8C%F2%8C%F2%8C%D3%8C%B2%8C%93%84%91%84%92%8C%92%8C%92%8C%E4%20%E4%20%E4%20%E4%20%20%20E%29%C5B%2A1%C81%C71%C71%C81%E81%C9%20%C5%20%E4%20%E4%20%E4%20%C4%20%C31%E5%29f%21f%29%86%21%25%21%24%21%20%21%20%21%24%21%24%21%25%21%25%29E%29E%29E%29E%29E%29%24%29E%21%20%21F2%20BJ2,0,0.00,NA,0,0,0,0,0,0,NA,89
pico_reply,21:31:46,2,0,0.00,NA,0,0,0,0,0,0,NA,89
pico_reply,21:31:46,2,0,0.00,NA,0,0,0,0,0,0,NA,89
pico_reply,21:31:46,Bk%3A%2C%3A%2A2,0,0.00,NA,0,0,0,0,0,0,NA,89
pico_reply,21:31:46,2%2A2,0,0.00,NA,0,0,0,0,0,0,NA,89
pico_reply,21:31:46,2,0,0.00,NA,0,0,0,0,0,0,NA,89
pico_reply,21:31:46,2,0,0.00,NA,0,0,0,0,0,0,NA,89
pico_reply,21:31:46,%3A%2A%3A,0,0.00,NA,0,0,0,0,0,0,NA,89
pico_reply,21:31:46,%3A,0,0.00,NA,0,0,0,0,0,0,NA,89
camera,21:31:46,Camera%2Fcontrol%20line%20discarded%3A%20too%20long,0,0.00,NA,0,0,0,0,0,0,NA,89
pico_reply,21:31:46,%21%E8c%CCk%F1tR%95%20%95%20%9D%20%A5T%A5u%A5t%A5u%9DU%9C%D4%94%B3%8C%F3%8C%92%84Q%7C%20%7CPs%EF%7B%F0k%8E%5BO%3A%ADtP%A53%95%20%9D%20%9D4%9D5%9D5%9D%20%9D%20%9D5%9D4%9D%20%9D4%9D%20%9D4%9D4%9D4%9D%20%9D%20%9D4%9D%20%954%95%20%95%20%9C%F4%95%20%95%20%95%20%95%20%95%20%94%F4%94%F3%94%F3%8C%D3%8C%F3%8C%D3%8C%D2%8C%D2%8C%D2%8C%B2%8Cs%84%92%84%91%8C%92%8C%92%8C%E4%20%E4%20%E5%20%E5%20%20%20%25%3A%20B%20%29%A71%C61%C71%E71%E81%C9%20%20%20%E3%20%E3%20%C4%20%E4%20%201%E5%29%87%29f%29f%21%24%21%24%21%24%21%24%21%24%21%24%21%25%29%24%29%25%29E%29E%29E%29E%29%25%29%24%29e%29%88%3A%20%3A%2B%3A,0,0.00,NA,0,0,0,0,0,0,NA,89
pico_reply,21:31:46,2,0,0.00,NA,0,0,0,0,0,0,NA,89
pico_reply,21:31:46,%3A%2ABk%3A%2C%3A%2A2%2A2%2A2,0,0.00,NA,0,0,0,0,0,0,NA,89
pico_reply,21:31:46,1%EA2%20%3AJ2%2B%3A%20I%EBJ,0,0.00,NA,0,0,0,0,0,0,NA,89
camera,21:31:46,Camera%2Fcontrol%20line%20discarded%3A%20too%20long,0,0.00,NA,0,0,0,0,0,0,NA,89
pico_reply,21:31:46,K%20%7C%2FtQ%94%D3%9D%20%9D4%A5U%A5U%9Du%A5U%9DU%9D4%95%20%95%20%8C%B3%8C%D2%84%92%7CQ%7B%F0t%20k%EEs%F0%5BPc%8C%94%CF%9DT%9D%20%9D4%9D5%9D4%9D5%9D5%9D5%9D4%9D4%9D4%9D4%9D4%9D4%9D5%9D%20%9D%20%9D4%954%954%95%20%95%20%9C%F4%95%20%95%20%95%20%95%20%9D%20%94%F4%94%F3%94%F3%8C%F3%8C%F3%8C%D3%8C%D2%8C%B3%8C%D2%8C%B3%8C%92%84%92%84%92%8C%92%8C%92%8C%20%20%E4%20%E5%20%20%20%20%20%20A%E79%C81%A61%C7%29%C7%2A%201%E8%29%89%20%C4%20%E3%20%E3%20%C4%20%E3%20D1%E7%21%A7%29f%29F%21%25%21%24%21%24%21%24%21%25%21%25%21%20%21%25%21D%29%25%29E%29E%29E%29E%29E%29f1%E9%3A%2A%3A,0,0.00,NA,0,0,0,0,0,0,NA,89
pico_reply,21:31:46,%3A%2A2%2A%3AiBk2%20%3A,0,0.00,NA,0,0,0,0,0,0,NA,89
pico_reply,21:31:46,2%29%3A%2A2%292%2A%3A%202,0,0.00,NA,0,0,0,0,0,0,NA,89
pico_reply,21:31:46,%3A,0,0.00,NA,0,0,0,0,0,0,NA,89
pico_reply,21:31:46,%3A,0,0.00,NA,0,0,0,0,0,0,NA,89
camera,21:31:47,Camera%2Fcontrol%20line%20discarded%3A%20too%20long,0,0.00,NA,0,0,0,0,0,0,NA,89
pico_reply,21:31:47,%29%A81%A81%E9%21%A7%5BKc%B0%7CR%8C%D3%94%F5%9D5%9D5%A5U%A5U%9Dt%9Du%A55%9D%20%8C%B3%8C%B2%94%D2%84%92%84%20%7C%20k%CEt%20coS.tn%94%F2%9D6%9D5%9D5%9D4%9D5%9D5%9D4%9D%20%9D%20%9D4%9DT%9D4%9D4%9D5%95%20%9D4%954%954%954%954%94%F4%9C%F4%95%20%95%20%95%20%94%F4%95%20%94%F3%94%F3%94%F3%8C%F3%8C%F3%8C%D3%94%B3%94%B3%8C%B3%8C%B2%8C%93%84%92%8C%B2%8C%92%8C%92%8C%20%20%20%20%E5%20%E5%20%25%21%249%C89%C81%A7%29%C7%29%E7%29%E81%C9%20%20%20%E3%20%E3%20%E3%20%C4%20%20%21d1%C8%21%86%29E%21E%21%24%20D%21%24%21%24%21%24%21%24%21%25%21%24%21D%29%24%29D%29e%29E%29E%29E1%86%3A%20%3A,0,0.00,NA,0,0,0,0,0,0,NA,89
pico_reply,21:31:47,%3A,0,0.00,NA,0,0,0,0,0,0,NA,89
pico_reply,21:31:47,%3A%2A%3A%292%202%202%2A%3A,0,0.00,NA,0,0,0,0,0,0,NA,89
pico_reply,21:31:47,2%2A%3A%2A2%2A2,0,0.00,NA,0,0,0,0,0,0,NA,89
pico_reply,21:31:47,%3A%2A2,0,0.00,NA,0,0,0,0,0,0,NA,89
pico_reply,21:31:47,%3A,0,0.00,NA,0,0,0,0,0,0,NA,89
pico_reply,21:31:47,B,0,0.00,NA,0,0,0,0,0,0,NA,89
camera,21:31:47,Camera%2Fcontrol%20line%20discarded%3A%20too%20long,0,0.00,NA,0,0,0,0,0,0,NA,89
pico_reply,21:31:47,%29%A6%29%A79%C8%21%A9B%89R%ECt0%7Co%9C%F3%A5T%ADu%A5U%A5U%A5U%9Du%9D5%95%20%95%20%8C%B4%94%B3%84R%841%84Q%7C0s%EFcNcN%5Bl%84o%A5T%9DT%9DU%9D4%9D4%9D5%9D4%9DT%A5u%A5u%A5U%9D4%9D5%9D4%9D4%954%9D4%954%954%95%20%9D%20%94%F4%94%F4%95%20%95%20%94%F4%9D%20%94%F3%94%F3%94%F3%94%F3%94%D3%8C%D3%94%D3%94%B3%94%B3%8C%B3%8C%B3%8C%B3%8C%B2%8C%92%8C%92%8C%E4%20%20%20%20%20%20%20%20%29%C4%3A,0,0.00,NA,0,0,0,0,0,0,NA,89
pico_reply,21:31:47,%3A%201%C7%29%C7%29%E7%2A%201%E9%20%E6%20%20%20%E3%20%C3%20%C4%20%C3%21%851%C8%21f%29F%20%20%21%24%20%24%20%24%21%24%21%24%21%24%21%25%21%24%21D%29%24%21%25%21D%29D1%25%29e%29%85BJ%3A%2A%3A%2A%3A%2A%3AJ2%2A2J2,0,0.00,NA,0,0,0,0,0,0,NA,89
pico_reply,21:31:47,2%2A%3A,0,0.00,NA,0,0,0,0,0,0,NA,89
pico_reply,21:31:47,%3A,0,0.00,NA,0,0,0,0,0,0,NA,89
pico_reply,21:31:47,2%2A2%2A%3A%2A%3A,0,0.00,NA,0,0,0,0,0,0,NA,89
camera,21:31:47,Camera%2Fcontrol%20line%20discarded%3A%20too%20long,0,0.00,NA,0,0,0,0,0,0,NA,89
pico_reply,21:31:47,1%8A%20%251%E7B%209%E92%202%28l-t1%84t%94%D4%9DT%9D%20%9DU%A5u%A5U%A55%9C%F4%9D%20%94%F4%94%D3%8Cs%84R%84Q%840%7C%20s%CFk%AF%5BOc%CE%8C%D1%A5T%9D5%9D4%9D4%9D5%9D5%9DU%A5u%A5u%A5U%9D4%9D4%9D4%9D4%9D4%954%954%954%954%95%20%95%20%95%20%95%20%95%20%94%F4%94%F4%94%D3%8C%D4%94%F3%94%D3%94%D3%94%D3%94%D3%94%B3%94%B3%8C%D3%94%B3%94%B3%8C%92%8C%92%8C%92%8C%20%20%20%20%20%20%20%20%25%29%C51%E99%E81%C7%29%C7%29%E8%29%E81%E9%20%20%20%20%20%E4%20%C4%20%C4%20%23%29%A61%C7%29e%21%26%21%24%21%24%20D%21%24%21%24%21%24%21%25%21%20%21%24%21D%29%24%29%25%21D%29D9%25%21f1%A6BJ%3A%2A%3A%2A%3A%2A%3A%2A2J2J%3A,0,0.00,NA,0,0,0,0,0,0,NA,89
pico_reply,21:31:47,2,0,0.00,NA,0,0,0,0,0,0,NA,89
pico_reply,21:31:47,%3A,0,0.00,NA,0,0,0,0,0,0,NA,89
pico_reply,21:31:47,%3A,0,0.00,NA,0,0,0,0,0,0,NA,89
pico_reply,21:31:47,2,0,0.00,NA,0,0,0,0,0,0,NA,89
pico_reply,21:31:47,2%2A%3A%2A%3A%2AB,0,0.00,NA,0,0,0,0,0,0,NA,89
pico_reply,21:31:47,Y%CBR%20%5B%20%FF%FC%FF%FF%FF%FF%FF%FF%FF%FF%FF%FF%FF%FF%FF%FF%CF%9E%B6w%9Dz20%3AkBK%3Ak%3AK%3AKBKi%ECb,0,0.00,NA,0,0,0,0,0,0,NA,89
pico_reply,21:31:47,Z%E8%FF%FC%FF%FF%8C%97%FF%FF%FF%FF%29o%EF%F8%F7%FF%3A4j%8ABJk%EB%FF%FE%8C%20R%E9%7Cpt%20J%AFJ%ECB%CCJ%CDB%CEK%20J%EDJ%EDJ%EDKJ%CCJ%ECJ%CDJ%CCJ%EDR%EDR%EDJ%ECS-R%EDS%20SJ%CEJ%ECR%CDR%CDR%EC%5B%20R%CBJ%8AJ%89JIJIB%29B%20B%209%C89%C89%C79%C79%A79%A7A%A79g1f1f1E%29E%29E%29E%29E%29E%29%25%21%25%21%24%21%24%21%20%21%20%21%20%20%20%20%20%20%20%20%20%20%20%20%E4%20%E4%20%20%20%E4%20%E4%20%E3%20%E4%20%E4%20%E3%20%E3%20%E4%20%E3%20%E4%20%E4%20%E4%20%E4%20%E4%20%E4%20%E4%20%E4%20%20%20%20%20%20%20%20%21%20%20%E4%20%E4%20%20%20%20%20%20%20%E4%20%E4%20%E4%20%E4%20%E4%20%20%21%23%21%24%20%E3%20%E4%20%E4%20%E3%20%E4%20%E4%20%E4%20%E4%20,0,0.00,NA,0,0,0,0,0,0,NA,89
pico_reply,21:31:47,2%202%8At%20%8C%20k11%89%20%231%A5%29%A71%A72,0,0.00,NA,0,0,0,0,0,0,NA,89
pico_reply,21:31:47,S%20l%20%7C1%8C%92%94%F3%9D%20%A5t%A5u%A5u%A5%96%9D5%9D5%95%20%9D%20%8C%D3%8C%B3%8C%93%84q%840%7B%D0k%8Fc%AFSo%7C.%AD%B4%9DT%9DT%9D4%9D4%9D5%9D5%9D%20%9D%20%9D4%9D%20%9D%20%954%9D4%9D4%95T%954%954%954%95%20%94%F4%94%F4%95%20%95%20%94%F3%954%94%F4%8C%D3%94%F3%94%D4%94%B4%94%D3%94%D3%94%D3%94%B3%8C%B3%8C%B3%94%B3%8C%B2%8C%92%8C%92%8C%20%20%20%20%20%20%20%20%202%202%201%C81%C71%C8%2A%202%20%29%A8%20%20%20%20%20%E4%20%C4%20%A3%20%24%3A%20%29%A7%29e%21%26%21%25%21%24%21%24%21%24%21%24%21%24%21%25%20%25%21%24%21%24%21%24%21%25%21%25%29%25%28%E4%21e2%20%3AK%3A%2A%3AK%3AJ%3A%2A2J2%2A%3A,0,0.00,NA,0,0,0,0,0,0,NA,89
pico_reply,21:31:47,2,0,0.00,NA,0,0,0,0,0,0,NA,89
pico_reply,21:31:47,2,0,0.00,NA,0,0,0,0,0,0,NA,89
pico_reply,21:31:47,%3A,0,0.00,NA,0,0,0,0,0,0,NA,89
pico_reply,21:31:47,%3A%2A%3A%2A%3A%2A%3A%29%3A%2Aa%AB%3A%26%C6%2A%FF%FF%FF%FF%FF%FF%FF%FF%FF%FF%FF%FF%FF%FF%F7%FF%EF%FF%E7%FF%CE%FF%3A3%3AjBL%3Ak%3AK%3AKBKq%AC1%E6%C6H%FF%FF%D5%DFs%A9%FF%FF%DF%20s%C8%F7%FF%DF%7F9%EEq%ABBH%AE%CD%FF%FF%9D%3D%8DK%BE%B8%9C%F8JoJ%A9SJ%CDJ%CCR%ECJ%ADB%ACKK%20J%CCJ%ECJ%ECJ%ECKR%EDR%EDJ%CCSJ%ECS%2C%5B%20J%CEJ%ECR%ECR%ADR%ACR%ECJ%EBR%EBR%EBR%AAJhJiJhJ%28A%E8A%C79%C79%C79%C79%A79%A79%861f1f1F%29e%29E%29E%29E%29%25%29%25%21%25%21%24%21%24%21%24%21%20%21%20%21%20%21%20%21%20%21%20%20%E4%20%20%20%20%20%20%20%E4%20%E4%20%E4%20%E4%20%C4%20%C3%20%E3%20%E4%20%E3%20%E4%20%E4%20%E4%20%E4%20%E4%20%20%20%20%20,0,0.00,NA,0,0,0,0,0,0,NA,89
pico_reply,21:31:47,%3A%20J%A9%7C,0,0.00,NA,0,0,0,0,0,0,NA,89
pico_reply,21:31:47,%9C%8FZ%AE%21%20%21E1%C6%3A%20B%2A%29%C9K%2Al%20%8C%F3%8C%D5%8C%D4%A5u%A5V%A5v%A5u%A5V%A55%955%94%F4%8C%D4%8C%B3%8C%B2%94%D1%8C%91%8C1s%F1k%D0%5B%D0%5B%8E%A5R%94%F4%9D5%9D4%9D4%9D4%9D5%9DU%9D5%9D5%9D%20%9D%20%9D4%9D4%9D4%954%954%9D4%954%95%20%95%20%94%F4%95%20%95%20%95%20%95%20%94%F4%8C%F4%94%F3%94%F3%94%F4%94%D4%8C%B4%8C%D3%8C%D3%8C%B3%8C%B3%8C%B3%8C%B2%8C%92%8C%92%8C%20%20%20%20%20%20%E5%20%202%202%20%29%A81%A71%A8%2A%20%3A%28%21h%20%20%20%E3%20%E4%20%C4%20%A3%20c1%E6%29%87%29e%21%26%21%25%21%24%20D%21%24%21%25%21%25%21%25%21%25%21%24%21%24%21%24%21%25%21%25%29%20%29%20%21f2%20%3A%20%3AK%3AK%3A%2A%3A%2A2%2A2%2A%3A,0,0.00,NA,0,0,0,0,0,0,NA,89
pico_reply,21:31:47,2,0,0.00,NA,0,0,0,0,0,0,NA,89
pico_reply,21:31:47,2,0,0.00,NA,0,0,0,0,0,0,NA,89
pico_reply,21:31:47,%3A,0,0.00,NA,0,0,0,0,0,0,NA,89
pico_reply,21:31:47,%3A%2A%3A%2A%3AI%3AJJ%20i%CBJ%86%C6J%FF%FF%FF%FE%FF%DF%FF%FF%FF%FF%FF%FF%FF%FF%FF%FF%FF%FF%E7%FF%F7%FF%29%D1%3A%2ABK%3AKBKBLR%20a%EB%3A%20%FF%EE%FF%FFz%D9%94%AC%FF%FF%BD%9F%9C%CC%F7%FF%A5%9FY%ACj%20Z%E9%FF%FB%FF%FFlW%E7%FA%C6%FD%A4%DBJN%7C,0,0.00,NA,0,0,0,0,0,0,NA,89
camera,21:31:47,Camera%2Fcontrol%20line%20discarded%3A%20too%20long,0,0.00,NA,0,0,0,0,0,0,NA,89
pico_reply,21:31:47,%9D4%9D4%9D4%954%954%9D%20%94%F3%95%20%95%20%94%F4%95%20%95%20%95%20%95%20%94%F4%94%F4%95%20%94%F3%94%F4%94%F4%8C%B4%84%D3%8C%D3%94%F3%8C%B4%8C%B3%8C%B2%8C%B2%8C%B2%8C%20%20%20%20%E5%20%20%21%852h2%20%29%881%A7%29%C82H%3A%29%21G%20%E3%20%E4%20%E4%20%E4%20%83%21%A42%20%21g%29%86%21%25%21%25%21%24%21%24%21%24%21%25%21%25%21%25%21%25%21%24%21%24%21%25%21%25%21%25%21%25%29%25%20F2%28%3A%2B%3A%2B%3AJ%3AJ%3AJ%3AJ%3AK%3A%20%3A,0,0.00,NA,0,0,0,0,0,0,NA,89
pico_reply,21:31:47,2,0,0.00,NA,0,0,0,0,0,0,NA,89
camera,21:31:47,Camera%2Fcontrol%20line%20discarded%3A%20too%20long,0,0.00,NA,0,0,0,0,0,0,NA,89
pico_reply,21:31:47,BjJj%3AKB%29c%AB%94%CC%83%B0B%20%E51%A61%A71%E91%C8%3AiSll%20%8C%93%8C%F4%953%A5U%A5u%A5u%A5t%A5u%9D5%95%20%9D3%9C%F4%94%B4%841%7C%20%7C%20%7B%F0%7B%D0k%8FK.%94%D0%94%D5%9D4%9D4%9D4%9D4%9DU%9D4%9D4%9D4%9D%20%9D4%9D4%9D4%954%9D%20%9D%20%95%20%95%20%95%20%95%20%94%F4%95%20%95%20%95%20%95%20%95%20%95%20%95%20%94%F4%8C%F3%8D%20%8C%F3%8C%D3%94%B3%94%D3%94%B3%94%B2%94%B2%94%B2%94%20%20%20%20%20%20%20%20d2%201%E7%29%881%C7%29%E72%27%3A%29%21%26%20%E2%20%E4%20%E4%20%E4%20%E3%29%C52%20%29f%21F%21E%21%25%21%24%21D%21E%21%24%21%24%21%25%21%25%21%24%21%24%21%25%21%25%21%25%21%25%21%25%21F2%20%3A%20%3A%2B%3AJ%3AJ%3AJ%3AJ%3A%2B%3A%20%3A,0,0.00,NA,0,0,0,0,0,0,NA,89
pico_reply,21:31:47,2,0,0.00,NA,0,0,0,0,0,0,NA,89
pico_reply,21:31:47,%3A%2A%3A%2A%3A%2A%3A,0,0.00,NA,0,0,0,0,0,0,NA,89
pico_reply,21:31:47,%3A%2AB,0,0.00,NA,0,0,0,0,0,0,NA,89
pico_reply,21:31:47,i%CBJg%B5%AC%F7%FF%FF%FFz8%7B%20%B5q%E76%F7%BF%FF%FF%FF%FF%EF%FF%C6%BF2%202%2A%3AK%3AK%3A%2CJLY%CBZ%29cH%FF%FE%FF%FF9%D1%FF%F3%FF%FFB%3A%EF%F4%FF%FFQ%9CbiB%28%FF%F9%FF%FF%7B%F9%FF%FA%F7%FF%FF%FF%84%20%95O%D7%99%C6%7C%8C%3BZ%8C%3A%8A%84%CE%9D6%3A%8FJ%ECB%CCJ%ECJ%EDKKK%20KJ%EDKJ%EC%5BN%5BnJ%EDR%EDR%ECR%EDSR%EDJ%ECK%20R%CCR%CDR%ABS%20S%20R%ABJ%AAR%AAA%E9B%28%3A%209%E79%E71%871%A61%861f1e1f%29f%29%861F%29F%29E%29%25%29%25%29%25%21%25%21%25%21%25%21%24%21%20%21%20%20%20%21%20%20%20%20%20%20%E4%20%20%20%20%20%E4%20%C4%20%C4%20%C4%20%E4%20%E4%20%E4%20%E4%20%E4%20%E4%20%E3%20%E4%20%E4%20%20%20%E3%20%E4%20%20%20%E4%20%E4,0,0.00,NA,0,0,0,0,0,0,NA,89
pico_reply,21:31:47,J%CAB%89B%2AJiBjJiBj1%EA%3A%C8k%CA%83%B0k11%89%29e%29%A69%E89%C9%21%A8Bhc%AF%84p%953%9DS%A5u%A5v%A5U%A5u%A5u%A5u%9DT%954%9D%20%94%F4%94%B3%8Cr%84%91%84P%842s%90c%D0s%EC%94%D2%A5t%9D4%9D5%9D4%9DU%9D4%9D5%9D4%9D%20%9D%20%9D4%9D4%95%20%9D%20%9C%F4%95%20%94%F4%95%20%95%20%954%9D4%95%20%95%20%95%20%94%F4%95%20%95%20%95%20%8D%20%94%F3%8C%F3%8C%D4%94%D3%94%D3%94%D3%94%B3%94%B2%94%B2%94%E5%20%20%20%E5%20%20%21%A51%E81%C7%29%A8%29%C7%2F%202%201%EA%20%C5%20%E3%20%E4%20%E3%20%E4%20%E31%E6%29%A7%29%85%21f%21%25%21%24%21%24%21D%21%25%21%25%21%24%21%24%21%25%21%24%21%24%21%25%21%25%21%25%29%25%21E%21%A5%3AJ%3A%20%3A%2A%3A%2A%3AJ%3AKBJ%3A%2B%3A,0,0.00,NA,0,0,0,0,0,0,NA,89
pico_reply,21:31:47,%3A,0,0.00,NA,0,0,0,0,0,0,NA,89
pico_reply,21:31:47,%3A,0,0.00,NA,0,0,0,0,0,0,NA,89
pico_reply,21:31:47,1%EA%3A%2B%3A%2B%3A,0,0.00,NA,0,0,0,0,0,0,NA,89
pico_reply,21:31:48,%3A,0,0.00,NA,0,0,0,0,0,0,NA,89
pico_reply,21:31:48,B,0,0.00,NA,0,0,0,0,0,0,NA,89
pico_reply,21:31:48,q%AABG%B5%8A%FF%FF%EE_Q%CC%ACl%BCv%933%84%20%F7%F8%FF%FF%EF%FF%D7%3F%3AO%3AK%3AK%3AKBKB%2Ca%ABB%27%A5%29%FF%FF%EE%3Fc%28%FF%F9%F6%7F%8CO%FF%FF%E7%20X%EF%3A%20%CEh%FF%FF%CE_%D6%8D%FF%FF%FF%FF%FF%FF%AD%97%DF%D7%EF%FF%FF%9F%94%20R,0,0.00,NA,0,0,0,0,0,0,NA,89
pico_reply,21:31:48,c%A9%BD%95%8C%20Z%CAS-R%CAR%ECJ%CDJ%CCR%ECK%20KR%EDKK%20S.SS%20SR%EDR%ECS-%5B%2CR%EDR%ECZ%CCR%ADR%ACR%ECR%CCR%CBR%CBZ%CBB%20B%27J%28B%20B%209%A79%A69%A69%869e1f1f1f1E1E%29E%29E%29E%29%25%29%25%21%25%21%25%21%24%21%24%21%20%21%20%20%20%21%25%20%20%20%20%20%E4%20%20%20%E4%20%C4%20%C4%20%C4%20%C4%20%C4%20%E4%20%E3%20%E4%20%E4%20%E4%20%E4%20%E4%20%E4%20%E4%20%E4%20%E4%20%E4%20%E4%20%E4%20%E4%20%E4%20%E4%20%E4%20%E4%20%E4%20%E4%20%E4%20%E4%20%20%20%20%20%20%20%20%20%E4%20%E4%20%E4%21%20%29F%20%20%20%20%20%E4%20%E4%20%E4%20%E4%20%E4%20%E4%20%E4%20%E4%20%E4%20%20%20D1%A59%E8J%87cmcLcLkMcmclcmcmkmkmk,0,0.00,NA,0,0,0,0,0,0,NA,89
pico_reply,21:31:48,%3AH%5Bi%94%AEj%CE9%EB%20%C51%E7%3A%28%29%C91%A8Ck%ED%95%20%8C%F5%94%F4%9DV%A5U%A5u%A5u%A5U%A5U%A55%9D%20%94%F4%94%B3%8C%92%84%B0%8CP%84Rk%AFk%D0%5Bo%7Cp%9Dt%9D%20%9D%20%9D5%9D5%9D4%9D5%9D4%9D%20%9D4%9D4%9D%20%9D%20%9D%20%9D%20%9D%20%9D4%9D%20%95%20%954%9D%20%9D%20%95%20%95%20%94%F4%95%20%95%20%94%F4%94%F3%94%F3%94%F4%8C%D3%94%D3%94%D3%94%D3%94%B3%94%B2%94%B2%94%E4%20%20%20%20%20D1%E71%E8%29%C71%C72%20%2A%20%3A%29%29%89%20%E3%20%E3%20%E4%20%C3%20%20%20%231%E6%29%A7%29e%21F%21%25%21%25%21%24%21E%21%25%21%25%21%25%21%24%21%25%21%24%21%25%21%25%21%25%21%25%21E%20%252%20%3A%20%3A%20%3A,0,0.00,NA,0,0,0,0,0,0,NA,89
pico_reply,21:31:48,%3A%2A%3AJ%3AK%3A%2A%3Ak%3A%2B%3A,0,0.00,NA,0,0,0,0,0,0,NA,89
pico_reply,21:31:48,%3A%29%3A%2A2,0,0.00,NA,0,0,0,0,0,0,NA,89
camera,21:31:48,Camera%2Fcontrol%20line%20discarded%3A%20too%20long,0,0.00,NA,0,0,0,0,0,0,NA,89
pico_reply,21:31:48,iJJBIB%20%3AK2%A7c%EB%94q%83%F3%21J%29D%29%C61%C79%AA%21%8AJ%A8%94%B1%8C%92%95%20%9DT%A5u%A5%96%A5v%A5u%A5U%A5U%9D4%9D%20%94%F3%94%F2%94%D2%8C%92%7C%20%7B%F0s%AFc%B0c%AE%8C%F1%A5T%A55%9D5%9D5%9D5%9D5%9D5%9D%20%9D4%9D4%9D4%9D%20%9D%20%9D%20%9D4%9D4%954%954%95%20%9D%20%95%20%95%20%94%F4%95%20%95%20%95%20%95%20%95%20%94%F4%94%F4%8C%D3%94%D3%8C%F3%94%D3%94%B3%94%B3%94%B3%94%E5%20%20%20%20%20%252%202%20%29%C7%29%A71%E8%2A%27Bi%29h%20%C4%20%E4%20%E4%20%C4%20%C4%20%241%C6%29%87%21f%21F%21%25%21%25%21E%21%25%21%25%21%25%21%24%21%24%21E%21%24%21%24%21%25%21%25%29%20%21%25%20%261%E7%3A,0,0.00,NA,0,0,0,0,0,0,NA,89
pico_reply,21:31:48,2%2A%3A%2A%3A%2A2J2J%3A%2A%3AJ%3A%2B2,0,0.00,NA,0,0,0,0,0,0,NA,89
camera,21:31:48,Camera%2Fcontrol%20line%20discarded%3A%20too%20long,0,0.00,NA,0,0,0,0,0,0,NA,89
pico_reply,21:31:48,%AAZ%CAJkBIB%29B%8A2HC%20%94%AD%A4%D2JM%20%28%29%A51%E8B%20%29%AA%29%C7c%8Dl%20%8C%D3%8D%20%9D6%955%A5u%A5u%A5u%A5U%A55%9D5%94%F4%94%F3%94%D2%8C%B2%84%20%7C1s%F0s%D0%5BPd%20%95%20%9D%20%9D4%9D4%A55%A5%20%9D4%9DU%9D4%9D%20%9D%20%9D4%9D4%9D%20%9D4%9DT%9D4%9D4%954%9D%20%95%20%95%20%9C%F4%95%20%95%20%95%20%94%F3%94%F3%9C%F3%95%20%8C%F3%94%F3%94%D3%94%D3%94%B3%94%B3%94%B3%94%E4%20%20%20%25%20%251%C81%E8%29%C8%29%A71%E82%20%3A%29%20%26%20%E3%20%E4%20%E4%20%C4%20%E4%21%84%3A%20%29e%29%A6%21E%21%25%21%24%29E%29E%21%25%21%20%21%25%21%24%21D%21D%21D%21%25%21%25%29%25%21E%20f2%282%2B%3A%2A%3A%2A%3A,0,0.00,NA,0,0,0,0,0,0,NA,89
pico_reply,21:31:48,2J2J%3A%2A%3A%20%3A,0,0.00,NA,0,0,0,0,0,0,NA,89
pico_reply,21:31:48,2,0,0.00,NA,0,0,0,0,0,0,NA,89
pico_reply,21:31:48,%3A,0,0.00,NA,0,0,0,0,0,0,NA,89
pico_reply,21:31:48,%3A%2A2%2A%3A%2A%3A%2BJ%20b,0,0.00,NA,0,0,0,0,0,0,NA,89
camera,21:31:48,Camera%2Fcontrol%20line%20discarded%3A%20too%20long,0,0.00,NA,0,0,0,0,0,0,NA,89
pico_reply,21:31:48,%8F%5Bj%7B%CE%7B%D2J%2C1%C6%29f1%A79%C9%21i2H%5Bl%94%D1%8C%D2%9D%20%9DU%A5%95%A5u%A5u%A5U%A5U%9DT%954%94%F4%94%D3%8C%B2%84s%84%92%7C0%84%20%7B%D1So%84%8E%A5u%9D4%A55%A5%20%9D5%9D5%9D5%9DU%9D4%9D4%9D4%9D4%9D5%9D4%9DT%9DT%954%954%9D%20%95%20%95%20%9C%F4%94%F4%94%F4%94%F4%95%20%9C%F3%94%F4%95%20%954%94%F4%94%D4%94%D4%94%B3%94%B2%94%B2%94%20%20%20%20%E5%29%A5%3AI%3A%20%29%C7%29%C72%202%28B%2A%20%C6%20%E3%20%E4%20%E4%20%C4%20%E31%C5%29%A8%29e%29%A6%21D%21E%21%25%21%25%21%25%29%25%21%25%21%25%21%24%21%24%21D%21D%21E%21D%29%25%20%25%20G%3Ai2,0,0.00,NA,0,0,0,0,0,0,NA,89
pico_reply,21:31:48,2%2A2%2A%3A%2B2%2A%3AJ%3A%2A%3AJ2%2A2,0,0.00,NA,0,0,0,0,0,0,NA,89
camera,21:31:48,Camera%2Fcontrol%20line%20discarded%3A%20too%20long,0,0.00,NA,0,0,0,0,0,0,NA,89
pico_reply,21:31:48,S%20cKJ%CAR%8BJ%8BJiJk%3A%ABR%CA%5B%20BJJ%EA%8C%8C%7B%8FJ%2C%20%E5%29%869%C81%C9%29%E7%3A%C9k%CF%7C%91%84%B4%95%20%A5v%A5v%A5u%A5U%A5U%A5T%9DT%9D5%9D%20%94%D3%8C%93%8C%B2%84%91%841s%F1k%D0%5B%90%8D%20%95%20%9D6%9D%20%A5%20%9D4%9DU%9DU%9D5%9D4%9D4%9D4%9D5%9D5%9DT%9D4%9D4%954%9D%20%9D4%95%20%9C%F4%94%F4%9D%20%94%F4%94%F3%94%F3%94%F3%95%20%953%94%F4%94%D4%94%D3%94%B3%94%93%94%93%94%E5%20%20%20%25%29%C6%3A%201%E91%C71%C71%E82%201%E9%20%E5%20%E3%20%E4%20%E4%20%E3%20%241%C5%29%87%29d%29%86%21D%21%25%21%24%21%24%21%25%29%25%21%25%21%25%21%25%21%24%21E%21%25%20D%21E%29%25%20f%20%872%2A%3A%2A2%2A2J%3A%2B%3A%2A2%2A%3AJ2,0,0.00,NA,0,0,0,0,0,0,NA,89
pico_reply,21:31:48,%3A%2B2%2A2,0,0.00,NA,0,0,0,0,0,0,NA,89
pico_reply,21:31:48,2%2A2%2A%3A%2AB%20Z%2BRj%9C%CA%FF%FC%FF%FF%FF%BF%D6%BC%FF%FE%EF%FF%FF%FFk~%F7%F2%FF%FFk%9E2%2A%3A%89B%AB%3Ak%3Aj%3AJ%3AJR,0,0.00,NA,0,0,0,0,0,0,NA,89
camera,21:31:48,Camera%2Fcontrol%20line%20discarded%3A%20too%20long,0,0.00,NA,0,0,0,0,0,0,NA,89
pico_reply,21:31:48,%A5u%A5u%A5u%9DU%9D4%95%20%9D%20%8C%B4%8C%B2%84R%7C1%7C%20%7B%D0c%90t-%9DS%A5V%9DT%9D4%9D5%9DU%954%9DT%9D4%9D4%9D4%9DU%9DU%9D4%9D4%9D%20%954%9D%20%9D5%9D%20%9C%F4%95%20%94%D3%94%F4%94%F4%94%F4%94%F4%94%F3%8C%F3%94%D3%94%B3%94%D3%94%B4%94%92%94%92%94%E5%21%20%20%202%201%E81%E91%C71%C72%202%291%A8%20%C5%20%E3%20%E4%20%C4%20%E3%21D9%E6%29g%29e%21f%21E%21%20%21%24%21%24%21%25%21%25%21%25%21%25%21%25%21%24%21%24%21D%21D%21E%21%25%20F%29%C8%3AJ2,0,0.00,NA,0,0,0,0,0,0,NA,89
pico_reply,21:31:48,2%2A2%2A2%202%292%2A2J%2AJ2J2%2A%29%EA2%2A%3A%2A%3AKI%ECakJg%E7%20%FF%FF%FF%FF%EF%7F%EFy%FF%FF%FF%FF%FE%3F%7B%F1%EF%F2%F7%FFS9%2A,0,0.00,NA,0,0,0,0,0,0,NA,89
camera,21:31:48,Camera%2Fcontrol%20line%20discarded%3A%20too%20long,0,0.00,NA,0,0,0,0,0,0,NA,89
pico_reply,21:31:48,1%C8Sll%20%7Cs%955%9DU%9DU%A5u%A5U%A5u%A5U%9D%20%9C%F4%95%20%94%F4%94%B3%8Cr%7C1%7C%20%7B%F0k%B0%5Bo%84%90%A5%94%9D5%9D4%9DT%A5u%A5%95%9DU%9DU%9D4%9D4%9DU%9DU%9D4%9D4%9D%20%95%20%954%95%20%95%20%9C%F4%9C%F4%9D%20%95%20%94%F4%94%F4%94%F4%94%F3%94%F3%94%D3%94%B4%94%B3%94%B3%94%92%94%92%94%E5%20%20%20E2%272%201%E8%29%C71%E7%3A%28%3A%29%29h%20%E4%20%E3%20%E4%20%E4%20%E4%21d1%A7%29g%29e%21E%21E%21%24%21%24%21%24%21D%21%25%21%25%21%25%21%25%21%24%21%24%21D%21D%21E%21E%20F2%202%2A2%2A2%20%3A%2A2%2A2%2A2J%2AI2J2J2%29%29%EA1%EA%3A,0,0.00,NA,0,0,0,0,0,0,NA,89
pico_reply,21:31:48,%3A,0,0.00,NA,0,0,0,0,0,0,NA,89
camera,21:31:48,Camera%2Fcontrol%20line%20discarded%3A%20too%20long,0,0.00,NA,0,0,0,0,0,0,NA,89
pico_reply,21:31:48,R%CCR%ABBKBiJjJkB%2A2,0,0.00,NA,0,0,0,0,0,0,NA,89
pico_reply,21:31:48,B%C9s%EC%84%20Z%CF%29g%29%A5%3A%20%3A%291%CA2iSl%7CP%9D2%9D3%A5t%A5u%A5u%A5%95%9D%94%A5t%A5U%954%954%94%D3%8C%B3%84q%7C1%7C0s%F1k%F1k%EE%94%F1%A5%94%A5t%9DT%9Dt%A5%95%9DU%9DU%9D4%9DT%9DT%9DU%9D4%9D4%9D4%954%95%20%95%20%95%20%9D%20%9D%20%9D%20%95%20%95%20%94%F4%94%F4%94%D3%94%F3%94%F3%94%D3%94%D3%94%B3%94%92%94%92%94%E5%20%E5%20E%3A%272%201%C81%E72%202%28B%29%21%27%20%A3%20%E4%20%E3%20%C4%20%C3%20d%29%A6%21g%29%85%21E%21E%21%24%21%24%21%24%21%24%21%25%21%25%21%25%21%25%21%24%21%24%21D%21D%21E%21E%20%25%3AI2%2A2J2J2,0,0.00,NA,0,0,0,0,0,0,NA,89
pico_reply,21:31:48,2%2A2%2A2%2A2%2A%2AJ2%2A2%29%29%EA1%EA%3A%202,0,0.00,NA,0,0,0,0,0,0,NA,89
camera,21:31:48,Camera%2Fcontrol%20line%20discarded%3A%20too%20long,0,0.00,NA,0,0,0,0,0,0,NA,89
pico_reply,21:31:48,KJiJjJjJJB%8ABiS%20%8C%CC%94%90Z%8E%20%20%21E1%E7%3A%20%29%E9%2AI%5B%CC%84%D2%84%B4%95%20%A5v%A5v%A5u%A5%95%A5u%A5u%9DT%954%9D%20%94%F4%94%D2%8C%93%8CP%7C0t%20c%D0%7C%90%954%9D5%9D4%9DU%954%9D4%9DU%9D4%A5U%9DT%9DU%9D4%9DT%954%9D4%954%9D5%9C%F4%9D%20%9D4%9D%20%95%20%95%20%9C%F4%94%F4%94%F3%94%F3%94%F3%94%D3%94%B3%94%D3%8C%B2%8C%B2%8C%E5%20%E5%21e2%201%E81%E8%29%A82%282%28B%2A%21G%20%E3%20%E4%20%E4%20%E3%20C%29%C5%3A%20%29f%29e%21D%21E%21%20%21%24%21%24%21%25%21%25%21%25%21%24%21%25%21%24%21%24%21D%21D%21E%20e%20%85%3Aj2%2B2J%3AK2%202%2A2%2A2%2A2%2A2%2A2,0,0.00,NA,0,0,0,0,0,0,NA,89
pico_reply,21:31:48,2%2A%2A,0,0.00,NA,0,0,0,0,0,0,NA,89
camera,21:31:48,Camera%2Fcontrol%20line%20discarded%3A%20too%20long,0,0.00,NA,0,0,0,0,0,0,NA,89
pico_reply,21:31:48,%20%3A%25J%A9cLR%CCJ%ABJ%8AJjJKJJJj2%2A%5B%A9t%7B%F1R.%20F1%E4B%28B%20%21%CAB%A8tN%8C%D2%A5S%A5%94%A5%96%A5%96%A5u%A5u%A5u%9DU%955%9D%20%8C%D4%8C%D3%84r%841s%F0s%D0s%F0c%8E%84%B1%A5s%9DT%9DU%9DU%9DU%9DT%A5U%9DT%9DT%9DT%9DU%9DT%9D4%95T%954%9D4%95%20%9D%20%9D4%9D%20%95%20%95%20%9C%F4%94%F3%95%20%94%F3%94%D3%94%D4%94%D3%8C%B3%94%B3%94%B3%94%20%20%C51%E6BH1%E81%E8%29%C72%292%201%EA%20%E5%20%E3%20%E4%20%E4%20%E3%20C1%E5%29%C7%29e%29e%21%24%21D%21%24%21%24%21%24%21%25%20%24%21%25%21D%21%25%21%24%21%24%21D%21D%21%25%20E%29%C72%2B2,0,0.00,NA,0,0,0,0,0,0,NA,89
camera,21:31:48,Camera%2Fcontrol%20line%20discarded%3A%20too%20long,0,0.00,NA,0,0,0,0,0,0,NA,89
pico_reply,21:31:48,k%AEk%AEk%AEs%AEk%AEs%AEs%AEs%8Es%AEs%CD%7C%20so%21J1%E7c,0,0.00,NA,0,0,0,0,0,0,NA,89
pico_reply,21:31:48,R%ABR%CBR%8AJ%8AJ%8AJk%3AjBJ2Id%20%95%20%7B%929%EB%20%201%C69%E8%3A,0,0.00,NA,0,0,0,0,0,0,NA,89
pico_reply,21:31:48,%29%C9KJk%CF%8C%D2%955%95%20%A5V%A5v%A5u%A5u%9D5%9DT%9D4%94%F4%94%F3%8C%D2%94%93%8CR%7C%20%7C%20k%90c%EF%A5q%9D6%9DU%9DU%9DT%A54%9D5%A54%9DU%9DT%9D5%9D4%9D4%9DT%9DT%9D5%9D%20%9D%20%9D4%9D%20%95%20%95%20%95%20%94%F4%94%F3%95%20%94%F3%94%D4%94%D3%94%B3%94%B3%94%B3%94%20%20%20%3A%202%201%E81%E81%C82H%3A%291%AA%20%20%20%E3%20%E4%20%E4%20%20%20B1%E6%21%87%29e%21E%21%24%21%25%21%20%21%24%21%24%21%25%20%25%21%25%21E%21D%21%24%21D%21%24%21%20%21F%20f%29%C72%2B2%2A2%2A2%2A2%2A2%2A2%2A2,0,0.00,NA,0,0,0,0,0,0,NA,89
camera,21:31:48,Camera%2Fcontrol%20line%20discarded%3A%20too%20long,0,0.00,NA,0,0,0,0,0,0,NA,89
pico_reply,21:31:48,s%8Es%AEs%CEs%AEt%20%8Cb%D0%3A%20BFR%CBR%ABR%ABJ%8AJ%89J%8BB%8BJj%3AkSis%ED%83%B1sq1%89%29d9%E6B%201%EB%2A%28S%20%94%F0%9D3%95%20%AD%95%A5%96%A5%96%A5%96%A5v%A5U%9DS%A5U%954%94%F3%94%D4%94%B3%84R%7C%20%7B%D0c%D0%8C%AD%A5u%9DU%9DU%9DT%9DT%9D5%A55%9DU%954%A5U%9D4%9D4%9DT%9DT%9D5%9D%20%9D%20%9D%20%9D%20%95%20%94%F4%95%20%94%F4%95%20%95%20%94%F3%94%D3%94%D3%94%D3%94%93%94%93%94%20%20%E5%3AG1%E81%E81%E82%202%28Bi%29i%20%C3%20%E4%20%E4%20%C4%20%20%21%841%C7%21g%29e%21%25%21%24%21%24%21%25%21D%21%24%21%25%21%25%21%25%21D%21E%21%20%21%24%21E%20%E49%E6%29%C8%3A%202,0,0.00,NA,0,0,0,0,0,0,NA,89
pico_reply,21:31:48,2%2A2%2A2%2A2,0,0.00,NA,0,0,0,0,0,0,NA,89
pico_reply,21:31:48,2%2B2%2A2%2A2%292%2A2%2A2%20%29%EA1%E9%3A,0,0.00,NA,0,0,0,0,0,0,NA,89
pico_reply,21:31:48,I%8AIJ%7B%E7%FF%FB%FF%FF%FF%FF%C5%7C%BC%F3%B4Y%9B%D5%A5%20%EFy%F7%FF%C7_J%CF%3AM%3Ak%3AKBK%3AK%3Ak%3Ak%3AK%3AJBk%3A%8B%3A%8BB%8BB%8BB%8B%3A%8ABkJL9%EB2,0,0.00,NA,0,0,0,0,0,0,NA,89
pico_reply,21:31:48,I%EAi%CAR%C8%C60%FF%FF%FF%DF%8C%92%FF%D2%FF%FF%FF%BE%FF%FF%FF%FF%FE%7Fi%CFz%86%A5S%FF%FB%FF%FF%F7%BF%FF%FB%FF%DF%9C%F8%E6%C9%FF%FFks%FE%B1%E5%9Fs%AA%D6%B3%FF%FF%D7%7F%3A%ACJ%EDR%EDSSS-SSSS%20S-KR%EDS%5B%5BS%2CS%20S%5BR%EDZ%ECZ%ECR%CCR%CBR%CCZ%ACR%ACJ%8BRkZKRJJjJiBIB%29B%28B%209%A7A%871f1%85%29E%29E%29E%29%25%21%25%21%24%21%25%21%20%21%20%20%20%21%20%21%20%21%23%21%24%20%20%20%20%20%20%20%20%20%20%20%20%20%20%20%E4%20%20%20%E4%20%E4%20%E4%20%E4%20%E4%20%20%20%20%20%E4%20%E4%20%E4%20%E4%20%E3%20%E4%20%E4%20%E4%20%20%21%25%21F%21%20%20%E4%20%E4%20%E4%20%E4%20%E4%20%20%20%E5%29E%29E%20%E4%20%E4%20%E4%20%20%20%C5%21%20%29f%3A%20J%A8,0,0.00,NA,0,0,0,0,0,0,NA,89
pico_reply,21:31:49,R%8AR%AAR%AAJ%8AJ%CAJjJkB%2A%3A%20k%AA%8C%B0b%EE1j%21f%3A%20%3A%29%3A%292Jt.%84%93%84%D4%A5u%A5w%A5v%A5%95%AD%95%AD%B6%A54%A54%9D%20%94%D3%94%B3%8C%92%94%B2%84q%7B%F0s%F1c%AF%8C%D1%A5%95%9DV%9DU%9D5%9DT%A5U%9D5%9D5%9D5%9D4%9D4%9D4%9D4%9DT%954%9D%20%9D%20%9D%20%9D%20%9D%20%9C%F4%95%20%95%20%94%F3%94%F3%94%D3%8C%D3%8C%D3%94%D3%94%D3%94%20%20%202%281%E81%E81%E82%202%28%3A,0,0.00,NA,0,0,0,0,0,0,NA,89
pico_reply,21:31:49,%20%20%20%20%20%E4%20%E4%20%E4%20%20%29%A41%E8%21f%29%86%21E%21%24%21%24%21E%20%24%21E%21%24%21%25%21%24%21%25%21E%21%24%21%24%21D%21%85%3A%28%29%A92,0,0.00,NA,0,0,0,0,0,0,NA,89
pico_reply,21:31:49,2%2A2%2A2%2A2%2A%3A%2A2%2A2%2A2%2A2%2A2%2A2%2A2,0,0.00,NA,0,0,0,0,0,0,NA,89
pico_reply,21:31:49,2,0,0.00,NA,0,0,0,0,0,0,NA,89
camera,21:31:49,Camera%2Fcontrol%20line%20discarded%3A%20too%20long,0,0.00,NA,0,0,0,0,0,0,NA,89
pico_reply,21:31:49,n%83%CEZ%90%3A%28BFZ%EEZ%ECR%EBR%CBR%EBJ%8ABjJJ%3A%2BK%20k%CC%83%F0Z%8F%20%289%E59%E8A%E9%21%AAB%A7s%EE%8C%D2%A5s%9D4%A5%96%A5%96%A5%96%A5%95%A5u%A5u%9DT%9D4%94%F4%94%D3%94%D3%84R%7B%F1%7B%D0s%F1s%EE%94%F1%A5t%9D4%9D5%9DU%A5U%9DU%9D4%9D5%9D4%9DT%9D4%9DT%9D4%9D5%9D%20%9D4%9D%20%9D%20%9D%20%95%20%95%20%9C%F4%94%F3%8C%F4%94%F3%8C%F3%8C%D3%94%F3%94%F3%94%20%21dB%A82%201%E81%E8%2A%202%28BJ%20%E7%20%20%20%E4%20%C4%20%E4%20%E31%C51%C7%21%85%29%86%21E%21%24%21%24%21%25%21%24%21%24%21%24%21%24%21%24%21%25%21E%21%24%29%20%20%202%20%3Aj%29%E9%3A%202,0,0.00,NA,0,0,0,0,0,0,NA,89
pico_reply,21:31:49,2%2A2,0,0.00,NA,0,0,0,0,0,0,NA,89
pico_reply,21:31:49,2,0,0.00,NA,0,0,0,0,0,0,NA,89
pico_reply,21:31:49,2%292,0,0.00,NA,0,0,0,0,0,0,NA,89
pico_reply,21:31:49,2,0,0.00,NA,0,0,0,0,0,0,NA,89
pico_reply,21:31:49,2,0,0.00,NA,0,0,0,0,0,0,NA,89
pico_reply,21:31:49,2%2A2%2A2%2A2,0,0.00,NA,0,0,0,0,0,0,NA,89
pico_reply,21:31:49,2%201%E99%E9QIJ%86%F7%CE%FF%FF%FF%FF%F7%7F%94%F5%F7%98%DE%DF%E7%2F%FF%FF%F7%FF%D7%20K%201%ECBj%3A%8B%3Ak%3AK%3AKBKBLBK%3A,0,0.00,NA,0,0,0,0,0,0,NA,89
camera,21:31:49,Camera%2Fcontrol%20line%20discarded%3A%20too%20long,0,0.00,NA,0,0,0,0,0,0,NA,89
pico_reply,21:31:49,7%A5w%A5%96%A5%95%A5u%A5u%9DT%9DT%9D%20%94%F3%94%F3%84Q%84Q%7C%20t%20k%CF%7C%90%9DS%95%20%A55%A55%A5U%A5U%A55%A55%9D4%9DT%A54%9D4%9DT%9DT%9D4%9D4%9D4%9D%20%9D%20%9D%20%94%F4%9C%F4%94%F3%94%F4%94%F4%94%D3%8C%D3%9C%F4%9C%F4%9CE%29%E5%3AI1%E91%C8%3A%202H%3AI1%EA%20%E6%20%20%20%20%20%E4%20%E4%20%231%C61%C7%21%86%29f%21e%21%24%21%25%21%24%21%24%21%24%21%24%21%24%21%24%21%24%21E%21%20%21%25%20%20B%87%3Ak%29%E92,0,0.00,NA,0,0,0,0,0,0,NA,89
pico_reply,21:31:49,2%2A2%2A2%2B2,0,0.00,NA,0,0,0,0,0,0,NA,89
pico_reply,21:31:49,2%2A2%2A2,0,0.00,NA,0,0,0,0,0,0,NA,89
pico_reply,21:31:49,2%202,0,0.00,NA,0,0,0,0,0,0,NA,89
pico_reply,21:31:49,2,0,0.00,NA,0,0,0,0,0,0,NA,89
pico_reply,21:31:49,2%2A2%292%201%E9I%C8QiR%88%FF%F5%FF%FF%FF%FF%FF%FF%EF%9D%FF%FD%FF%FF%FF%FF%E7%FF%F7%FFt%3DBmBkB%8AB%8B%3Ak%3AK%3AK%3AkBLJ%20%3A%2AK,0,0.00,NA,0,0,0,0,0,0,NA,89
camera,21:31:49,Camera%2Fcontrol%20line%20discarded%3A%20too%20long,0,0.00,NA,0,0,0,0,0,0,NA,89
pico_reply,21:31:49,3%A5U%A5u%A5%95%A5%95%A5u%A5u%9DT%9DT%9D4%95%20%953%94%D2%84%93%840%7C%20%7C%20c%CF%8C%B1%A5t%A5U%A55%9DU%A5U%A55%A55%A5U%A5U%9D5%9DT%9DT%9D4%9D%20%9D4%954%9D%20%9D%20%9C%F4%94%F4%94%F4%94%F4%94%F4%94%F4%94%F3%94%D3%94%B3%94%B3%94%24%3AF%3A%201%C81%E8%3A%202HBi%29%8A%20%C4%20%20%20%E4%20%E4%20%E3%20D%3A%20%29%87%29%86%29g%29e%21%24%21%25%21%25%21%24%21%24%21%24%21%25%21%24%21%24%21%24%21%24%21D%21%84J%CA%3Ak%2A%202%29%3A%2A2%2B%3A%202J2%2A2%2A2%2A2%202,0,0.00,NA,0,0,0,0,0,0,NA,89
pico_reply,21:31:49,2,0,0.00,NA,0,0,0,0,0,0,NA,89
pico_reply,21:31:49,2,0,0.00,NA,0,0,0,0,0,0,NA,89
camera,21:31:49,Camera%2Fcontrol%20line%20discarded%3A%20too%20long,0,0.00,NA,0,0,0,0,0,0,NA,89
pico_reply,21:31:49,%EE%7B%EE%7B%CE%7B%AE%84%2F%5B.%2A%20%5B-Z%EDJ%EBR%EAR%ABJjR%8BJkB%2B%3A%2Aci%8C%8D%83%B0%29%8B%29%85%3A%20B%29%3A%2A2%20K%2CtO%95%20%9D6%9DV%A5u%A5%B6%A5v%A5u%A5T%A5T%9D5%94%F4%94%B2%8C%93%94q%8Cr%7C1k%B1k%EF%95%20%A5V%A55%9DT%A5U%A5U%A5U%A5U%A5U%A5U%9DT%9DU%9D5%9D4%9D4%9D4%954%9D%20%94%F4%94%F4%95%20%95%20%95%20%94%F4%94%F3%9C%F4%94%D4%94%D4%94E%3A%26%3A%201%E81%E81%E82%28%3A%2A%21I%20%20%20%20%20%E4%20%E4%20%20%21d1%C7%29%871%86%21%27%21%25%21%25%21%25%21%25%21%24%21%24%21%24%21%25%21%24%21%24%21%24%21%24%20D%29%85%3A%2B%21%A92%292%2A%3A%2A%3A%2B2%2A2%2A2%2A2%2A2%2A2%2A2%2A2,0,0.00,NA,0,0,0,0,0,0,NA,89
pico_reply,21:31:49,2%2A2%292%20%2A%20%3A%29I%AAr%20r%EC%9C%20%C4%20k%92%FF%F2%FF%FF%EF%FF%EF%FF%E7%3FJ%97%5B%8EJ%CC2,0,0.00,NA,0,0,0,0,0,0,NA,89
camera,21:31:49,Camera%2Fcontrol%20line%20discarded%3A%20too%20long,0,0.00,NA,0,0,0,0,0,0,NA,89
camera,21:31:49,Camera%2Fcontrol%20line%20discarded%3A%20too%20long,0,0.00,NA,0,0,0,0,0,0,NA,89
pico_reply,21:31:49,R%CBZ%ACJlR%AAR%8BR%8BRkR%8BRjRJRJRkRKJ%2BBIJiBJBIBIJ%28J%299%C79%C7%29%A61%861e%29D%29D%29%24%21%24%21%25%21%25%21%24%21%24%21%24%21%20%21%20%20%E4%21%20%21%20%20%20%20%20%20%20%20%20%20%20%20%20%20%E4%20%20%20%20%20%20%20%20%20%20%20%20%20%20%20%20%20%E4%20%E4%20%E4%20%E4%20%E4%20%E4%20%E4%20%E4%20%E4%20%E4%20%E4%20%20%20%20%20%20%21%24%20%C4%20%E4%21%241f%3A%20Jgs%CCc%8Dcmcmkmkmsmk%8Dk%8Dk%AEk%8Ek%8Ek%8Ek%8Dk%ADk%AEk%AEk%CEs%AEs%AEs%CEs%CEs%CFs%EEs%CEs%CFs%CFs%CFs%CEs%CFt%20%7C%20%7B%EF%84%2F%3A%2CBHclc%2CR%CBR%CAR%CAR%AAJ%AAJ%ABBkJ%E9%7Ck%9C%F0j%EF%21%2A1%A5%3A,0,0.00,NA,0,0,0,0,0,0,NA,89
pico_reply,21:31:49,%29%AAK%2A%7Cn%8C%D4%95%20%A5u%AD%96%AD%B6%ADu%A5u%A5u%955%9DT%9D%20%94%B3%94%93%8Cr%84P%84P%7C%20k%D1%84%D2%9DT%9DV%A5U%A5U%A5U%A5U%A5T%A5U%9DU%9DU%9D4%9DT%9DT%9D4%9D4%9D%20%954%95%20%95%20%95%20%95%20%94%F3%95%20%94%D2%94%D3%94%D3%94%85B%2A%3A%202%201%E82%202%29%3A%2A%21F%20%E4%20%20%20%E4%20%E4%20%201%C4%21%A7%29%841%C6%20%25%29%24%21%25%20%20%21%24%21%25%21%25%21%24%21%25%21%20%21%24%21%24%21%24%29%25%21%20%20%24%21%C52%2A2%2A%3A%2A%3A%2A%3A%2A2%2A2%2A2%2A2%2A2%2A2%2A2,0,0.00,NA,0,0,0,0,0,0,NA,89
camera,21:31:49,Camera%2Fcontrol%20line%20discarded%3A%20too%20long,0,0.00,NA,0,0,0,0,0,0,NA,89
pico_reply,21:31:49,%EFs%EFs%CFs%CFs%CFs%EFs%EE%7C%20s%EF%8Cms%B0%5BMS%20R%CBS%2CS%20R%ABJ%8BJ%AAJ%8AJK1%E9KIc%CC%8B%F2R%B1%29%A79%C69%C9%29%AA2Ik%8B%8C%90%9D%20%A5s%A5%94%A5%95%AD%B6%AD%B6%A5%96%956%9DT%9D4%94%F3%94%F2%95%20%8C%B2%8C%B3%841s%F2t%2F%95%20%A5%94%A5u%A5U%A5U%A5u%A5u%A5u%9Du%A5u%A5U%9DU%9DU%9D5%9D4%9D4%954%95%20%95%20%95%20%95%20%95%20%95%20%94%D2%94%D3%94%D3%94%C6%3A%2A%3A%201%E81%C82%282I2%20%20%20%20%E5%20%E4%20%E4%20%E4%20%24B%20%29%A7%29%A41%A7%21%20%21%24%21%24%21e%21%25%21%25%21%24%21%24%21%24%21E%21%25%21%24%21%24%21%25%29%25%20%20%29%E62K2%2B%3A,0,0.00,NA,0,0,0,0,0,0,NA,89
pico_reply,21:31:49,%3A%2A2I2J2,0,0.00,NA,0,0,0,0,0,0,NA,89
pico_reply,21:31:49,2,0,0.00,NA,0,0,0,0,0,0,NA,89
pico_reply,21:31:49,2,0,0.00,NA,0,0,0,0,0,0,NA,89
pico_reply,21:31:49,2%2A2%292%2A2%2A2%2A2%2A2%2A%29%EA2%20%3AJ%3A%2B%3A,0,0.00,NA,0,0,0,0,0,0,NA,89
pico_reply,21:31:49,%3A,0,0.00,NA,0,0,0,0,0,0,NA,89
camera,21:31:49,Camera%2Fcontrol%20line%20discarded%3A%20too%20long,0,0.00,NA,0,0,0,0,0,0,NA,89
pico_reply,21:31:49,%7B%EEs%EE%84%20%83%F0BlJi%5B%2CR%EAR%CBJ%8BJ%AAR%8AR%8AJ%8B%3A%2BB%C9%8C%CD%9C%B2JO%21g%3A%20%3A%29B%AAK%20lN%84%F4%955%9D%96%A5%96%AD%B6%A5%B6%AD%96%A5v%9DT%95%20%94%F4%95%20%95%20%9C%B3%94%93%841%7C%20k%D1%84%D0%9D3%9DV%9D4%A5U%A5u%A55%A5u%9DT%A5U%A5U%9DT%9D5%9D5%9D4%9D4%9D%20%95%20%95%20%9C%F4%94%F3%95%20%95%20%94%D3%94%D3%94%D3%94%20%3A%2A%3A%281%E81%E8%3Ai%3A%2A%29%C9%21e%20%20%20%E5%20%E4%20%24%20C%3A%20%20F2%20%29f%29%20%21%24%29c%29%85%21%26%21%25%21%25%21%25%21%25%21%25%21%25%21%24%21%24%21%24%21E%20E2H2%2B2%2A%3A%20%3A%2A%3A%2A2J2%2A2,0,0.00,NA,0,0,0,0,0,0,NA,89
pico_reply,21:31:49,2,0,0.00,NA,0,0,0,0,0,0,NA,89
pico_reply,21:31:49,2%2A2%2A2,0,0.00,NA,0,0,0,0,0,0,NA,89
pico_reply,21:31:49,2,0,0.00,NA,0,0,0,0,0,0,NA,89
pico_reply,21:31:49,2%2B2,0,0.00,NA,0,0,0,0,0,0,NA,89
pico_reply,21:31:49,2,0,0.00,NA,0,0,0,0,0,0,NA,89
pico_reply,21:31:49,1%E92%202,0,0.00,NA,0,0,0,0,0,0,NA,89
pico_reply,21:31:49,%3A,0,0.00,NA,0,0,0,0,0,0,NA,89
pico_reply,21:31:49,%3A,0,0.00,NA,0,0,0,0,0,0,NA,89
pico_reply,21:31:50,%3A,0,0.00,NA,0,0,0,0,0,0,NA,89
camera,21:31:50,Camera%2Fcontrol%20line%20discarded%3A%20too%20long,0,0.00,NA,0,0,0,0,0,0,NA,89
pico_reply,21:31:50,s%EFt%20t%20%7C-spR%EDJ%C8%5BLZ%ECR%CDJ%AAR%CAJjJ%AAJ%8BJ%CBl%20%84%20%7B%B3Jl%21e%3A%282%20B%ACSJt%2F%8D%20%9Ds%AD%D5%AD%B6%A5%B6%AD%96%A5%95%9DU%9D5%9DT%9D5%95%20%9C%D4%8C%93%8Cq%84%20s%F1s%F0%8C%B1%A5%95%A5t%A5%96%A5u%A5%95%AD%B6%9Du%A5U%A5U%9DU%9D5%9D4%9D4%9D%20%9D%20%95%20%95%20%95%20%9D%20%94%F3%94%F4%94%D3%94%D3%94%D3%94F%3A%209%E81%E81%E8%3AiBj%29%88%20%C5%20%C5%20%E5%20%C4%20%201%A39%E8%20f%3A%20%21%26%29%25%21%24%29%A5%3A%20%29%A8%21%25%21%25%21%25%21D%21%25%21%25%21%24%21%24%21%24%20d%20%86%3Ai2%2A2%2A2%292I2J2%2A2%2A2%202%202%2A2%2A2,0,0.00,NA,0,0,0,0,0,0,NA,89
pico_reply,21:31:50,2%2B2,0,0.00,NA,0,0,0,0,0,0,NA,89
pico_reply,21:31:50,2,0,0.00,NA,0,0,0,0,0,0,NA,89
pico_reply,21:31:50,%3A,0,0.00,NA,0,0,0,0,0,0,NA,89
pico_reply,21:31:50,%29%E92%202,0,0.00,NA,0,0,0,0,0,0,NA,89
pico_reply,21:31:50,2%2A%3A%2A%3A%2B%3AK%3AJBkBkBk%3A%ACBl2L%3AJ%3AJ%3AJ%3AJ%3A%8ABkBKa%AB1%C7%9C%E8%F7%FF%FF%7FIM%84%27%FF%FD%FF%FF%F7%FF%E7%FF%AD%D9%ED%FF%20N%9DJ%B5%3F9%88S%28%A5%90%95%20%7C%B2SQB%8CB%CBB%ABB%ACB%ABB%ACB%CCJ%ACJ%ACB%ECS%20%5BbmblbKQ%AEb,0,0.00,NA,0,0,0,0,0,0,NA,89
camera,21:31:50,Camera%2Fcontrol%20line%20discarded%3A%20too%20long,0,0.00,NA,0,0,0,0,0,0,NA,89
pico_reply,21:31:50,U%9DT%9D4%9D4%9D4%9D%20%9D%20%9D%20%954%9C%F4%9C%F3%94%F3%94%F3%9C%D3%9C%D3%9CG2%2A1%E81%E82%29%3AI9%EB%21G%20%20%20%E4%20%E4%20%E4%20%231%A4%3A%28%20%859%E7%21%26%29%24%21D%3A%25BH%21I%21%20%21%25%21%25%21E%21E%21%25%21%24%21%24%21D%20e%20%862I2J2%2A2%292%292J2%2A2%2A2%202%202%2A2%2A2%2A2,0,0.00,NA,0,0,0,0,0,0,NA,89
pico_reply,21:31:50,2,0,0.00,NA,0,0,0,0,0,0,NA,89
pico_reply,21:31:50,2,0,0.00,NA,0,0,0,0,0,0,NA,89
pico_reply,21:31:50,%3A,0,0.00,NA,0,0,0,0,0,0,NA,89
pico_reply,21:31:50,1%E92%20%3A%2A2%2A%3A%2A%3AJ%3AKBK%3AJBJBJ%3AkBl%3Ak%3AJ%3AJ%3AJ%3AJ%3AjBKJ%2BZ,0,0.00,NA,0,0,0,0,0,0,NA,89
pico_reply,21:31:50,Bf%BEL%FF%FF%B4%20%29i%A5%29%FF%FF%FF%FF%EF%FD%FF%FE%F7~%FF%DF1%B2%FF%FC%CD%9F%3A%20k%E9%BE%B5%A6V%B6x%84%BA%3AkB%ACB%ABB%ACB%8CJ%ACB%ACJ%CBJ%ABJ%CCR%8CJ%ACR%CCZ%8DZ%8BB%2BjJB%2B%85-%B69%5ByJ%EEK%2BKSKK-SR%AD%5BK%20S%2CSS-%5B-SSS%20SS%2CS-%5B%20R%CDJ%8BJ%ACZ%ABZ%8CR%CBZ%AAJ%8CR%ABR%8BR%8BR%ABZ%8BR%8BR%ABZ%ABZ%ABRkR%8BRjJ%8BRjJJBJBIBIB%29%3AIB%29%3A%29%3A,0,0.00,NA,0,0,0,0,0,0,NA,89
pico_reply,21:31:50,%3A%29%3A%292%20%3AH%3A%201%E71%A71%86%29f%29F%21E%29E%29e%29E%21%25%21D%21%24%21%20%21%20%20%20%20%20%21%20%20%20%20%20%21%20%21%20%20%20%21%20%20%20%20%20%21%20%21%20%20%20%20%20%20%E4%20%20%20%20%20%20%20%20%20%E4%20%E4%20%20%21%20%20%E4%20%E4%20%20%20%20%21%241%E62%20BIk%8Bk%ADc%8Dk%8Dknknk%8Dk%8Ek%AEk%AEk%AEk%AEk%AEs%AEk%AEk%8Es%AFs%AEs%8Es%AEk%8Es%AEs%EEs%EE%7B%EEs%EF%7B%EF%7B%EF%7B%EF%7C%20%7C%20%7B%EFs%EF%7B%EFt%20t%20t%20t%20%8COj%EFJ%8CR%C8%5B%20cLR%CBJ%ABR%AABkJ%AABL%3A%ACc%CB%8Cpk%929%AA1%E6%3A%28BJ%3A%AB%5BK%7CP%9D%20%ADu%AD%D5%A5%D6%AD%D6%AD%D6%A5v%9DU%9DU%9D%20%9D%20%95%20%8C%D3%8C%B3%841%7B,0,0.00,NA,0,0,0,0,0,0,NA,89
pico_reply,21:31:50,%20%E6%20%E4%20%E4%20%E4%20%C4%20%239%A52%20%21%C51%C8%21%20%29%25%20%20B%86B%89%21%27%21%25%21%20%21E%21E%21E%21%25%21%24%21D%21E%20%25%21%C62%292J2J2I2J2J2J2%2A2,0,0.00,NA,0,0,0,0,0,0,NA,89
pico_reply,21:31:50,2,0,0.00,NA,0,0,0,0,0,0,NA,89
pico_reply,21:31:50,2,0,0.00,NA,0,0,0,0,0,0,NA,89
pico_reply,21:31:50,%3A%2A2%202%2A2%2A2,0,0.00,NA,0,0,0,0,0,0,NA,89
pico_reply,21:31:50,2,0,0.00,NA,0,0,0,0,0,0,NA,89
pico_reply,21:31:50,2,0,0.00,NA,0,0,0,0,0,0,NA,89
pico_reply,21:31:50,%29%E92%202%20%3AJ%3AK%3AK%3Ak%3AJBk%3AK2kBl%3AL%3AK%3AK%3A%2A%3AJBJB%2BJ%2BaK%3A%20%BE%ED%FF%FF%92%DF1%E3%EFk%FF%FF%E6%BF%A4s%9D%F6%ED%B6%BD%FC%94%C8%FF%FF%D5%7F%3A%27%A5m%DF%5D%B79%EF%FDc%DF%3A%89B%ACB%ABB%ACB%ACB%ACB%ACJ%ABJ%ACJ%ACJ%CCB%ECR%EDJ%EDSK%5B-b%CDb%8CZm1%ED%2A%20B%ACK%20KSKSSZKk%20R%CBk%ADS%20%5B%20%5B%20%5BSS%20KSR%CDJ%8CR%ABJ%ABR%ACZ%8CZ%ACR%CBZ%ABR%8CR%8BR%ABR%8BR%8BZ%8BZ%8BR%ABR%ABR%8BZ%8BR%8BJkJkJjJJB%2AB%29BIB%29B%29B%29B%29B,0,0.00,NA,0,0,0,0,0,0,NA,89
pico_reply,21:31:50,%3A%20B%209%E9%3A%28B%28BI1%E89%E79%E71%C61%86%29%85%29e%29E%21%24%21%24%21D%21%20%21%20%21%20%21%20%20%24%21%20%21%20%21%20%21%20%21%20%21%20%20%20%20%20%21%20%20%E4%21%20%20%20%20%20%20%20%20%20%20%20%20%20%20%E4%20%E4%21%20%21%20%20%E4%20%E4%20%E4%21%20%21e%3A%20%3A%20JIs%8Bk%8Dk%ADk%8Dk%8Eknk%8Dk%ADk%AEk%AEk%AEk%AEk%AEs%AEk%AEk%AEs%AEs%CE%7B%AFs%AEk%AEs%CEs%EEs%EE%7B%EE%7B%EFs%CF%7C%20%7B%EF%7B%EF%7C%20%7C%20%7C%20%7C%20%7C%20t%20%7C%20%7B%EF%7CO%84n%84%20J%20%5B%20kKR%CCR%EBR%CAJ%ABJ%CBJ%ABJ%ACJ%CA%7CM%94%F1b%EF1%AA9%E8%3AIB%89B%8AS%8D%84%B0%95%20%9Dw%A5%96%AD%D7%AD%D6%A5%96%AD%96%AD%96%A55%9C%F4%9D%20%8C%D3%94%F2%8C%91%84,0,0.00,NA,0,0,0,0,0,0,NA,89
pico_reply,21:31:50,2%202%202HBJ1%EA%20%E5%20%20%20%E4%20%E4%20%E4%20%239%C71%C8%21%85%29%86%29%24%21%24%2F%20%5BIS%21G%21%25%21%25%21E%21%24%21E%21%24%21%25%21E%21%25%21e%29%C7%2A,0,0.00,NA,0,0,0,0,0,0,NA,89
pico_reply,21:31:50,%3AJ2J2J2J2%2A2%2A2%2A2,0,0.00,NA,0,0,0,0,0,0,NA,89
pico_reply,21:31:50,2,0,0.00,NA,0,0,0,0,0,0,NA,89
pico_reply,21:31:50,%3A,0,0.00,NA,0,0,0,0,0,0,NA,89
pico_reply,21:31:50,2%2A2%2A2%2A2%2A2%2B2,0,0.00,NA,0,0,0,0,0,0,NA,89
pico_reply,21:31:50,1%EA1%E9%3A%292%29%3A%2A%3A%2B%3AK%3AJ%3Ak%3AJ%3AK%3Ak%3A%2B2,0,0.00,NA,0,0,0,0,0,0,NA,89
camera,21:31:50,Camera%2Fcontrol%20line%20discarded%3A%20too%20long,0,0.00,NA,0,0,0,0,0,0,NA,89
pico_reply,21:31:50,%84%AE%A4%F2j%D1R%EDJhcN%5B-%5B%20J%CBJ%ABR%AAZ%8CBLB%A9k%AD%8C%20Z%CF1%A7%29%E8BhB%AB%3A%8Ck%AC%94%F2%9Dt%A5%95%AD%B6%AD%D6%A5%B6%A5%95%A5u%A55%9C%F4%9D4%94%D3%9D%20%8C%B1%8C%91%841t1%7CN%953%A5u%A5U%9DU%9DU%9DU%9DU%A5U%A55%9DU%9D4%9D4%9D4%9D%20%9D%20%9D%20%9D%20%95%20%95%20%94%F4%9C%F4%9C%F4%9C,0,0.00,NA,0,0,0,0,0,0,NA,89
pico_reply,21:31:50,1%E99%E82%20%3AHBj%29%89%20%C4%20%20%20%E4%20%E4%20%20%21%851%C81%C7%29f%21E%21%20%20%24%2F%20J%AA%3AJ%21%25%21%25%21%25%21E%21E%21D%21D%21%25%21E%21%25%20%262%282%2A%3A%202%29%2A%2A2%2A2%2A%2A%202,0,0.00,NA,0,0,0,0,0,0,NA,89
pico_reply,21:31:50,2,0,0.00,NA,0,0,0,0,0,0,NA,89
pico_reply,21:31:50,2%2A2,0,0.00,NA,0,0,0,0,0,0,NA,89
pico_reply,21:31:50,2,0,0.00,NA,0,0,0,0,0,0,NA,89
pico_reply,21:31:50,2%2A2%292,0,0.00,NA,0,0,0,0,0,0,NA,89
pico_reply,21:31:50,2%2A2%2A2,0,0.00,NA,0,0,0,0,0,0,NA,89
camera,21:31:50,Camera%2Fcontrol%20line%20discarded%3A%20too%20long,0,0.00,NA,0,0,0,0,0,0,NA,89
pico_reply,21:31:50,%7C%20%7C%20%7C%20%7B%EF%7C%20%83%EF%83%EF%7C%2F%7C%20%7C%20s%F0k%EE%84N%84p%83%CF%7B%D0Rkk%8Dk%8C%5B%20R%CBJ%AAR%CBR%ABJ%CCBj%5B%20%8C%8D%8C%20J-%29h%3A%20Bi%3AJ%3Aic%CE%84%F1%9Dv%ADw%AD%B7%AD%B5%AD%B6%A5u%A55%9C%F5%95%20%9D%20%9D3%8C%B2%8Cq%84q%84%91k%D1%7C%B0%9DS%A5W%A5U%9D5%A55%9D5%A5U%A55%9D5%9D5%9DT%9D4%9D%20%9D%20%9D%20%9D%20%954%9D%20%9C%F4%9C%F4%9C%F4%9C%2A%3A%20%3A%20%3A%28%3AIB%2A%29%88%20%E3%20%20%20%E4%20%E4%20%20%21%841%C8%29%86%29e%29E%21D%21D%21F%21%26%21%24%21d%21%24%21%25%21d%21E%21E%21E%21E%21E%21F%20%86%3A%282%2B2%202%2A%2A%2A2%2B2%2A2%2A2%2A2%2A2%2A%3A%2A2%2A2%2A%3A,0,0.00,NA,0,0,0,0,0,0,NA,89
pico_reply,21:31:50,%3A,0,0.00,NA,0,0,0,0,0,0,NA,89
pico_reply,21:31:50,2%2A2%2A2,0,0.00,NA,0,0,0,0,0,0,NA,89
pico_reply,21:31:50,%29%EA%3A%2A%3A,0,0.00,NA,0,0,0,0,0,0,NA,89
pico_reply,21:31:50,%3AJ%3A%2A%3AJ%3AK%3AK%3AK%3AJ%3AJ%3A%2B%3A%202%2A%3A%2A%3A%2A%3A%2A%3A%2AJ,0,0.00,NA,0,0,0,0,0,0,NA,89
pico_reply,21:31:50,Y%CABE%9D,0,0.00,NA,0,0,0,0,0,0,NA,89
camera,21:31:50,Camera%2Fcontrol%20line%20discarded%3A%20too%20long,0,0.00,NA,0,0,0,0,0,0,NA,89
pico_reply,21:31:50,%8CR%CAR%CBR%CBJ%8C%3A%2C%5BJ%84%2F%7B%B2JM1%A6%3A%27B%29%3A%20J%EBt%9DS%A5T%AD%B5%AD%D6%AD%B6%A5v%A5u%9D5%9D%20%95%20%953%94%F2%94%D3%8C%B2%84qs%F1t1%8C%B1%A5u%A5t%9D6%A55%9DU%A5U%9D5%9D5%9DU%9D4%9D5%9D%20%9D4%9D%20%9D4%953%9D%20%9C%F4%94%F4%94%F4%94%202%202%202HBiB%2C%20%27%20%20%20%20%20%E4%20%E4%20%E3%29%A41%C8%29%86%29f%21E%21E%21E%21%25%20%20%20%24%21%25%21%24%21D%21D%21E%21%25%21%25%21E%21E%20E%21%E6B%EABk%3A%202%2A2%2A2%2B2%2A2%2A2%2A2%2A2%2A2%2A2%2A2%2A2%2A2%2B2%2A2%2A2,0,0.00,NA,0,0,0,0,0,0,NA,89
pico_reply,21:31:50,%2A,0,0.00,NA,0,0,0,0,0,0,NA,89
pico_reply,21:31:51,%3A%29%3A%2A2%2B2%2A%3AK%3AK%3AK%3AK%3A%2B2J%3A%2A2%2A2%2A%3A%2B%3A%2A%3A,0,0.00,NA,0,0,0,0,0,0,NA,89
pico_reply,21:31:51,%3AKB%2Bq%8B%3A%20%E7%2B%EF%FF%FF%9FBp%CEJ%FF%FF%E7%FF%FF%FFtx%C4%EB%84V%94%CC%F7%FF%EE%DFajQ%E7%94%AD%D6%D7%F7%FF%CF%202.%3A%8B%3AkB%8BB%8BB%8BB%ACB%CCB%ACJ%ACJ%ACJ%CCJ%CCJ%CCJ%CCJ%CDJ%CDJ%CCJ%ECKR%EDJ%EDJ%ECSS%20R%ECR%ECjmR%AC%A5,0,0.00,NA,0,0,0,0,0,0,NA,89
camera,21:31:51,Camera%2Fcontrol%20line%20discarded%3A%20too%20long,0,0.00,NA,0,0,0,0,0,0,NA,89
pico_reply,21:31:51,%9D4%9D%20%9C%F4%9C%F4%9C%F4%9C%282%202%202%88BiB%2C%20%20%20%20%20%E4%20%E4%20%20%20B1%E6%29%A8%29%86%29f%21E%21%25%21%25%21%24%21%24%21E%21%24%21%24%21D%21D%21E%21%25%21%25%21D%29e%20f%2A%20%3A%8B%3AL%3A%202%2A2%2A2%2B2%2A2%2A2%2A2%2A2%2A2%2A2,0,0.00,NA,0,0,0,0,0,0,NA,89
pico_reply,21:31:51,2%2B2%2A%3A%2B2%2A%2A%2A2,0,0.00,NA,0,0,0,0,0,0,NA,89
pico_reply,21:31:51,%29%EA2%282%2A2%2A2%2A%3AK%3AK%3AJ%3AJ%3A%2A2J%3A%2A2%202,0,0.00,NA,0,0,0,0,0,0,NA,89
camera,21:31:51,Camera%2Fcontrol%20line%20discarded%3A%20too%20long,0,0.00,NA,0,0,0,0,0,0,NA,89
pico_reply,21:31:51,%7C%20%7C%2F%94%2Fc%20R%EBc%20cOR%ECJ%ABR%EBR%CCR%ACJ%8CC,0,0.00,NA,0,0,0,0,0,0,NA,89
pico_reply,21:31:51,tK%94%92ss1%C9%3A%20BJBkJ%AA%5B%8C%8C%D0%A5u%A5%B5%A5%95%A5%96%A5V%A55%9D5%9D5%9D%20%94%F3%94%D3%94%D2%8C%D2%84rs%D1k%B0%8C%8F%9DS%A5t%A5U%9DU%A5U%9D5%9DU%9D4%9D4%9D4%9D4%9D4%9D%20%9D4%9D%20%9D%20%9C%F4%9C%F4%9C%F4%9C%202%202%282hBj9%EA%20%C4%20%20%20%E4%20%E4%20%20%21%A3B%28%29i%29e%21E%21%25%21%25%21E%21%24%21%24%21E%21%24%21D%21E%21E%21%24%21%25%21%25%21D%29%85%20%262H%3Ak%3AK2%2B2%2A2%2A%3A%2A2%2A%3A,0,0.00,NA,0,0,0,0,0,0,NA,89
pico_reply,21:31:51,2,0,0.00,NA,0,0,0,0,0,0,NA,89
pico_reply,21:31:51,2%2A2%2A2%2A2,0,0.00,NA,0,0,0,0,0,0,NA,89
pico_reply,21:31:51,2%2B2%2A2%2B2%2B%2A%2A2,0,0.00,NA,0,0,0,0,0,0,NA,89
pico_reply,21:31:51,%29%EA2%202%2A2%2A2%2A%3AK%3AJ%3A%2B%3A%2A%3A%2A%3A%2A2%2A%3Aj2%2B%3A%2A%3A%2A%3AJ%3A%2AY%CBQjc%20%FF%FC%F7%FF%FE%7FJ%8E%F7o%FF%FF%AB%FE%2FN%84g%F5%DF%20%EB%AEH%FF%FFy%FC%29%A3%DE%E9%FF%FF%F7%FF%CE%BF%3A%8E2,0,0.00,NA,0,0,0,0,0,0,NA,89
pico_reply,21:31:51,%3AlB%8CB%ABB%8CB%8BB%ABJ%ABJ%ABJ%ABJ%ACJ%CCJ%ACJ%ACJ%CCJ%CDB%CCJ%ECR%EDJ%CDJ%ACJ%CCJ%ECS%20K-J%ECZ%ADr%2CJ%A7%FF%D1%F7%9F%FF%FD%F7%DF%DE%20%7B%CF%FF%F2%EF%FF%FF_%3A%93%84%24%B5%7Cb-I%EA%7B%C8%BD%91%CD%F5%A4%B3%8B%90j%ADj%AAZkc%20Z%CAR%ACR%8BZ%8Bb%8BZ%8BZ%8BR%8BZ%8BZ%ABR%8BR%8BRjJ%8BJ%8AJjBJJJB%2AB%29B%29B%29%3A%20%3A%20%3A%20%3A%29%3A%29%3A%29B%29%3A%20%3A%29%3A%29%3A%28%3A%28%3A%28B%28%3A%28B%28%3A%20B%201%C81%861f%29%25%29%25%29E%21%24%21%24%21%20%21%20%20%25%21%20%21%20%21%24%21%20%21%20%20%20%21%20%20%20%20%20%21%20%21%20%21%241%84%21G%20%E5%21%20%21%24%29%A51%A7BIBhs%ACk%8Ec%8Dk%8Dk,0,0.00,NA,0,0,0,0,0,0,NA,89
pico_reply,21:31:51,%84M%94%B1Z%AE%21IB%28BiJ%89%3A%8A%5B%CD%8C%F3%9D%95%9D6%ADv%ADU%A55%A5U%A54%95%20%954%9D4%94%F3%8C%D2%8C%92%84%92%7C1tQ%94%F2%9D5%9D%20%9D5%9D5%9D5%9D5%9D4%9D4%9D4%9D5%9D5%9D4%9D4%9D%20%9D%20%9D%20%9C%F4%9C%F4%9C%202%202%202HB%2A1%C9%20%E3%20%E4%20%E4%20%E4%20%23%21%C31%E8%21H%29%86%21E%21%25%21%24%21%25%21%24%21%24%21%25%21%24%21%24%21E%21%25%21%25%21%25%21E%21%20%29f%20F%3A%89%3Am2%2B2%2A2%2A2%2A2J2%2A%3A,0,0.00,NA,0,0,0,0,0,0,NA,89
pico_reply,21:31:51,2%2A2%2A2%2A2%2A2%2A2%2A2J2%2B2%20%2A%2A2,0,0.00,NA,0,0,0,0,0,0,NA,89
pico_reply,21:31:51,%29%EA%2A%202%2A2%2A%3A%2A%3A%2B%3AK%3A%2A%3AJ%3A%2A%3A%2B2%29%3Ai2%20%3A%2B%3A%2A%3A%2A%3A%2Aa%CA9%E8%7C%20%FF%FF%FF%FF%FF%BF%A5Z%F7%FD%FF%FF%B5%20kq%DE%F0%FF%FFZ%F5%EF%F9%FF%FFb%D8%7B%CD%E7%F7%F7%FF%D6%DF2UB%ABB%AA%3A%8CB%8BB%ABB%ACB%8BB%ABJ%ACJ%8CJ%8CJ%ACJ%CCJ%CCR%ACJ%CCJ%CDB%CCJ%ECR%EDJ%EDJ%CCK%20B%ECS%2CKR%ECb%8CjlR%AB%FF%F5%DE%FF%F7%FD%FF%FF%8CZ%941%FF%FE%F7%9D%FF%FF1%D0%EF%20%EE%7FQ%AABF%BEo%F7%FA%FF%DC%D6y%C5%96%9Ct%83%90b%CFZ%CCZ%CBZ%CBZ%ABZ%8BbkZ%8CZ%8BR%ABR%8BZ%8CR%8BR%8BRkJjJ%8AJ%8AJJJJBJB%29B%29B%29%3A%20B%29%3A%28%3A%29%3A%29%3A%29B%29%3A,0,0.00,NA,0,0,0,0,0,0,NA,89
pico_reply,21:31:51,%3A%29%3A%29%3A%29%3A%20B%20B%29%3A%28B%282%20%3A%201%C71%C61%A7%29%87%29g%29%26%21E%21%24%21%25%21%24%21%24%21%20%21%20%21%24%21%24%21%20%20%20%20%20%20%20%20%20%21%20%21%20%20%241%84%21G%20%20%20%E4%21E%21%85%29%A6%3A%29R%88s%8Dk%8Dk%ADk%8Dk%ADk%AEk%AEk%CDs%CEk%CEk%AEs%AEs%AEs%CEs%AEs%CEs%CEs%CEs%EFs%EFt%20%7C%20%7B%EF%7B%EF%7C%20%7C0s%EF%7C0%7C%2F%7C%20%7B%F0%7C%20%7C%20%84%20%84%20%84%20%84%20%84%20%84%20%84%20%7C0%840%7C0%7C%20%7C%20%84%20%8C%8F%84.s%D1%5BL%5BKc%AE%5B%2C%5BR%8CZ%8BJ%8C%3Aj%5B%8B%7C-%8C%20Z%F01%86%3A%29B%29%3AlK%20%7C%2F%9D1%A5t%A5%95%AD%B6%ADv%ADV%9D5%955%9DT%954%9D%20%95%20%94%D2%8C%92%7C%20k%D1%84o%9D2,0,0.00,NA,0,0,0,0,0,0,NA,89
pico_reply,21:31:51,2%2A2,0,0.00,NA,0,0,0,0,0,0,NA,89
pico_reply,21:31:51,2,0,0.00,NA,0,0,0,0,0,0,NA,89
pico_reply,21:31:51,2%2A2%2A2%2A2%2A2%2B2%202,0,0.00,NA,0,0,0,0,0,0,NA,89
pico_reply,21:31:51,2,0,0.00,NA,0,0,0,0,0,0,NA,89
camera,21:31:51,Camera%2Fcontrol%20line%20discarded%3A%20too%20long,0,0.00,NA,0,0,0,0,0,0,NA,89
pico_reply,21:31:51,0%7C%20%7C%20%840%84%20%7C0%84%20%84%20%84%20%7C%2F%84P%840%8C0%84%20%84%20%840%84%20%7C0%7C%2F%7C%2F%7C%2F%8CqkOBkk%CDcLc-b%ECZ%CCR%ABB%8CJ%8A%5Bk%94%AD%9C%B39%CD1%C9B%20BJ%3AI%5BLt%2F%95%20%9D6%A5%96%AD%D5%B5%D6%AD%95%A5%95%9DU%9D4%95%20%94%F3%94%D3%94%D3%84Rs%D1c%90%7C%8F%9D4%9D6%9D4%9DT%9D5%9D4%9D4%9DT%9D4%9D4%9D4%9D%20%9D4%9D4%9D%20%9C%F3%9C%F3%9C%20%3A%202IBj%3A%20%21%27%20%E4%20%E4%20%E4%20%E4%20%E3%29%A32%20%29f%29f%21D%21%25%21%24%21%24%21%24%21D%21%25%21%24%21D%21E%21%25%21E%21%25%21%25%29%25%20F%20%86%3A%8AB%8C%3A%2C2,0,0.00,NA,0,0,0,0,0,0,NA,89
pico_reply,21:31:51,2%2A2I2%29%3A%2A2,0,0.00,NA,0,0,0,0,0,0,NA,89
pico_reply,21:31:51,2%2A2,0,0.00,NA,0,0,0,0,0,0,NA,89
pico_reply,21:31:51,2,0,0.00,NA,0,0,0,0,0,0,NA,89
pico_reply,21:31:51,2%2A2%2A2%2A2%2A2%2B2,0,0.00,NA,0,0,0,0,0,0,NA,89
pico_reply,21:31:51,2,0,0.00,NA,0,0,0,0,0,0,NA,89
pico_reply,21:31:51,2,0,0.00,NA,0,0,0,0,0,0,NA,89
pico_reply,21:31:51,2,0,0.00,NA,0,0,0,0,0,0,NA,89
pico_reply,21:31:51,2%202%2A2%2A%3A%2A%3AK%3A%2B%3A%2A%3AJ2J2J2J2J2%2A%3A%2B%3A%2A%3A,0,0.00,NA,0,0,0,0,0,0,NA,89
pico_reply,21:31:51,%3A,0,0.00,NA,0,0,0,0,0,0,NA,89
pico_reply,21:31:51,Z,0,0.00,NA,0,0,0,0,0,0,NA,89
pico_reply,21:31:51,I%E7%BE-%CD%BD%8288%8Bk%86%FF%FD%EF%FF%FF%9Fb%F6%9BM9N%94%A9%EF%FF%FF%DF%5B%20%EF%8F%FF%FFR%9AR%EF%3AJB%8AB%8BBkB%ABB%ABB%ACB%8CB%ACBlJ%CCB%ACJ%ACJ%ACJ%ADJ%ADJ%ACJ%CCJ%CCJ%CCJ%CCJ%CCJ%CCJ%ECK%20J%CCJ%CCR%CCZ%CDzLR%CB%C6K%F7%FF%FF%FF%E6%20k%D2%E7%AD%FE%DF%82%D8A%87%A5%FF%FFY%F99%E4%E73%FF%FF%F7%DF%FF%FF%FF%FF%FF%FF%FF%FD%EF%FD%D6%3A%84%20JKZ%ABb%ACZ%8BZ%ACb%ACZ%8BR%ABZ%8BZ%CCZ%ABZ%8BRKRkJKJJJJJJBJBIB%2AB%29B%29B%2AB%29B%29B,0,0.00,NA,0,0,0,0,0,0,NA,89
pico_reply,21:31:51,B%29B%29BI%3AI%3A%29%3A%20%3A%20B%20B%29%3A%29%3A%29%3A%20%3A%29%3A%29%3A%28B%281%C8B%27%29%88%29%A6%29f%21F%21%25%21%20%21%20%21%20%21%24%21%20%21%20%21%20%21%24%21%20%20%20%21%20%21%20%20%20%21%25%20%20%20%E5%20%20%29%841%C6B%20%3AIR%C9k%8Dkmk%8Ek%8Ek%AEk%AEk%AEk%ADs%CEs%CEs%CEs%CEs%CFs%CEs%CEs%CEs%EEs%CFs%EEs%EE%7C%20%7B%EF%7B%F0s%CF%84O%84p%7C%20%840%7C%20%7C0%84%2F%7C%20%7C0%7C%20%840%84P%84P%84P%840%840%840%840%840%84%2F%7CP%7C%2F%7CP%7CO%84%8F%94qk%90%5B%29%5B%2Bc%8EkMR%EDZ%EBR%CCJl%3A%AAk%EB%8Cps%93JL1%A7B,0,0.00,NA,0,0,0,0,0,0,NA,89
pico_reply,21:31:51,9%EABKS%2B%8C%8F%A5%B4%AD%D5%AD%F6%A5%96%AD%D6%A5v%9D%20%94%F5%94%F3%95%20%95%20%9D%20%8C%92%842%7C%20k%EE%8C%D1%A5u%A5U%9D4%A55%9D4%9D4%9DT%9D4%9D4%9D4%9D4%9D4%9D4%9D%20%9C%F4%9C%F4%9C%202%20%3AIBj%3A%2A%20%E6%20%C5%20%E4%20%E4%20%20%20CB%26%29%A8%29%85%29F%21E%21%24%21%24%21%20%21%24%21%24%21%25%21%24%21%24%21D%21E%21E%21%25%21%25%21e%21F%2A%20K%20Bl%3A%2B2,0,0.00,NA,0,0,0,0,0,0,NA,89
pico_reply,21:31:51,%3A,0,0.00,NA,0,0,0,0,0,0,NA,89
pico_reply,21:31:51,2%2A2%29%3A%2A2%2A2%2A2,0,0.00,NA,0,0,0,0,0,0,NA,89
pico_reply,21:31:51,%3A,0,0.00,NA,0,0,0,0,0,0,NA,89
pico_reply,21:31:51,2%2A2%2A2%2A2%2A2%2A2%2A2,0,0.00,NA,0,0,0,0,0,0,NA,89
pico_reply,21:31:51,2,0,0.00,NA,0,0,0,0,0,0,NA,89
pico_reply,21:31:51,%29%EA2,0,0.00,NA,0,0,0,0,0,0,NA,89
pico_reply,21:31:51,2%2A2%2A2J2K%3A%2B%3A%2A%3AJ2%2B2%2A%3A%2A2%2A2%2A%3A%2B%3A%2A1%EAB,0,0.00,NA,0,0,0,0,0,0,NA,89
pico_reply,21:31:51,Z%29a%E9bmJ%40%89I%A6%7C%20%FF%FE%DF%FF%FF%FF%7B%3C%60%CC1%E2%DE%EA%E7%FF%FF%BFBr%EF.%E7%BFtT%5Bt%3A%2BB%ACB%ABB%ABB%ABB%8CB%8BB%8BB%ABB%8BJ%CCB%ACB%ACJ%ACJ%8CJ%ADJ%ACJ%CCJ%CCJ%CCJ%CCJ%ECJ%ECJ%CCJ%ECJ%CDJ%CCJ%CCR%CCz%2BZL%94%A9%FF%FC%FF%FF%FF%FF%7C%2F%D7%CD%FF%DF%93%3AJh%E6%B6%E5%9FQ%EE%8Ce%FF%FF%D6%3F%BD%CF%FF%FE%FF%FF%FF%FF%F7%FF%F7%FF%FF%FF%94%BFR%ABZ%CBZ%CCZ%8BZ%8CZ%CCZ%8AZ%8BZ%8BZ%CCZ%8BRkR%8ARKRKJJRJJJJIBIBJB%29B%2AB%2AB%29B%29B%20B%20BIBIB%29%3A%29B%29%3A%29B%20B%20%3A%29B%20%3A%20B%20%3A%29B%29BIB%289%C8%29f1%A51%A61%A6%29e%29E%21E%21E,0,0.00,NA,0,0,0,0,0,0,NA,89
pico_reply,21:31:51,cmk%8Dk%8Es%AEk%AEk%AEk%AEk%AEs%AEs%CEs%CEk%CEs%CEs%CE%7B%CEs%EEs%EEs%EFs%EE%7B%EF%7B%EF%7B%EFs%EFs%CF%84O%84P%7C%2F%7C0%7C%20%7C0%84%2F%84%20%7C%20%840%840%840%84P%84O%840%840%84%20%840%7C%20%840%840%7C%20%840%84P%84p%8CP%94%91c.Bjk%8Dk-R%CCR%EAR%CBR%CCR%ECJ%8B%5B%8B%8C%CE%83%B19%EC1%A8JIBK%3Ajc%CC%95r%A5w%AD%B7%A5%96%AD%B6%AD%96%A5U%A5U%9D4%953%9C%F3%9C%F4%84r%84r%841k%D1k%EF%A5R%A5V%9D5%9D4%9D4%9D4%9DT%9D4%9D4%9D4%9D4%9D4%9D%20%9D%20%94%F4%94%F4%94%201%E9%3AiBI9%CA%20%20%20%E3%20%E4%20%E4%20%23%21c%3A%27%29%A7%29%86%21f%21e%21E%21%24%21%24%21%24%21%24%21%25%21%25%21%24%21,0,0.00,NA,0,0,0,0,0,0,NA,89
pico_reply,21:31:51,2%292%292%2A2%2A2%2A2%2A%3A%2A2%2A2%2A2%2A2%2A2%2A2,0,0.00,NA,0,0,0,0,0,0,NA,89
pico_reply,21:31:52,2,0,0.00,NA,0,0,0,0,0,0,NA,89
pico_reply,21:31:52,2,0,0.00,NA,0,0,0,0,0,0,NA,89
pico_reply,21:31:52,2%202%2A2%2A2%2A2J%3A%2A2%2A%3AJ2%2A%3A%2A%3A%2A%3A,0,0.00,NA,0,0,0,0,0,0,NA,89
pico_reply,21:31:52,2%2A%3A%2B%3A%2B%3A,0,0.00,NA,0,0,0,0,0,0,NA,89
camera,21:31:52,Camera%2Fcontrol%20line%20discarded%3A%20too%20long,0,0.00,NA,0,0,0,0,0,0,NA,89
pico_reply,21:31:52,%841%84q%84Q%840%840%84O%8C%8F%94Qcpcjc-%5B.R%CC%5B%20%5B%20Z%ACR%ADK%20l%2C%8COs%B31%CAB%27B%20%3A%2B%3A%AA%7CN%94%F2%AD%B5%AD%B7%A5%B6%AD%F6%AD%B6%A5w%9DU%9D4%9C%F4%95%20%94%B3%8C%92%841%83%F1k%D0%84%8E%94%F3%A55%9D5%9D4%9D4%A54%9DT%9D4%9D4%9D4%9D%20%9D%20%9D%20%9C%F4%9C%F4%9C%202,0,0.00,NA,0,0,0,0,0,0,NA,89
pico_reply,21:31:52,2jBJ1%AB%20%C4%20%E4%20%C4%20%C3%20%20%20C2%20%29f1%A6%29%84%29%86%21D%21D%21D%21%24%21%25%21D%21D%29%25%21%24%21d%21E%21%25%21%25%20E%20EJ%CBB%ADB%ADB%8BB%8BBk%3AK%3AK2J%3AJ2J2,0,0.00,NA,0,0,0,0,0,0,NA,89
pico_reply,21:31:52,2%2A2J%3A%2A2%2A2J2%2A2,0,0.00,NA,0,0,0,0,0,0,NA,89
pico_reply,21:31:52,2%2A2%2A2%2A%2A,0,0.00,NA,0,0,0,0,0,0,NA,89
pico_reply,21:31:52,%2A%2A2%2A2%2A%3A%2B2%20%3A%2A2,0,0.00,NA,0,0,0,0,0,0,NA,89
pico_reply,21:31:52,%3A%2A%3A,0,0.00,NA,0,0,0,0,0,0,NA,89
pico_reply,21:31:52,2%2A2%2A%3A%2A%3A%2A%3A%2A%3AJ%3A%8B%3AK%3A%2A%3AK%3A%2AR,0,0.00,NA,0,0,0,0,0,0,NA,89
pico_reply,21:31:52,r,0,0.00,NA,0,0,0,0,0,0,NA,89
pico_reply,21:31:52,i%C9b%8CcoS%20Q%CBb,0,0.00,NA,0,0,0,0,0,0,NA,89
pico_reply,21:31:52,ki%F7%F9%FF%FF%CD%DF%C6%20%F7%FF%DF%FF%AD%FCK%20%3AJB%8CB%8BB%8CB%8BJ%ABB%ACB%ACB%ABB%CCB%CCB%CBB%CBB%CCJ%ACB%ACB%ACJ%ACJ%CBJ%ACJ%CCB%ABJ%EBB%CCJ%CCJ%ADB%ACJ%CCj%2CR%2A%8C%87%FF%DB%FF%FF%D6%9E%F7%D5%D6%BB%FF%FD%FF%20%84Q%AD%EB%FF%FFz%20R%C4%FF%F6%FF%FFs%B3%F7%94%FF%FF%FF%FF%FF%FF%FF%FF%FF%FF%FF%FF%A4%FFJIZ%ABZ%ABZ%8Bb%8CZ%ABb%2AY%EBR%2BZ%CBZ%8AR%8BRkR%8AR%8BRKQ%EBJ,0,0.00,NA,0,0,0,0,0,0,NA,89
camera,21:31:52,Camera%2Fcontrol%20line%20discarded%3A%20too%20long,0,0.00,NA,0,0,0,0,0,0,NA,89
pico_reply,21:31:52,B%AC%3A%8C%3A%8B%3A%8BB%AB%3A%8B%3Ak%3AJ%3A%2B2J2,0,0.00,NA,0,0,0,0,0,0,NA,89
pico_reply,21:31:52,2%2A2%2A2%2A2,0,0.00,NA,0,0,0,0,0,0,NA,89
pico_reply,21:31:52,2%2A2,0,0.00,NA,0,0,0,0,0,0,NA,89
pico_reply,21:31:52,2%2A%2A%20%2A%292%2A2J%3A%2A2,0,0.00,NA,0,0,0,0,0,0,NA,89
pico_reply,21:31:52,%3A%2A2%2A%3A%2A%3AJ%3Ak%3AK%3A%2A%3A%2A%3A%2B2K%3Ak%3AK%3Ak%3AJBkB%2BR,0,0.00,NA,0,0,0,0,0,0,NA,89
pico_reply,21:31:52,Q%8A9%2A1%A9%3A,0,0.00,NA,0,0,0,0,0,0,NA,89
pico_reply,21:31:52,R%20b,0,0.00,NA,0,0,0,0,0,0,NA,89
pico_reply,21:31:52,sk%C5%B7%93%20H%D0kH%FF%FB%E7%FF%F7%FFS5BiB%8CB%8BB%8CB%ABB%8BB%8BB%8BB%ABB%CBB%CBB%AB%3A%CBB%CBB%ACB%8CJ%ACJ%ABJ%CBJ%CCJ%CCB%ACB%CCJ%CCJ%ACR%ACJ%ACZ%ACblBI%C5%EE%FF%FD%F7%5D%B5%BF%FF%FB%E6%DD%FF_b%B21%EA%FF%F8%CC%FE8%ECk%88%FF%FD%FF%FFR%AF%FF%FB%FF%FF%FF%FF%FF%FF%FF%FF%FF%FF%FF%FF%7B%BFR%A9Z%ABZ%ABb%ABZjZKbjR%2A%83%CF%83%F1RKRjR%8ARkR%8AbkZ,0,0.00,NA,0,0,0,0,0,0,NA,89
camera,21:31:52,Camera%2Fcontrol%20line%20discarded%3A%20too%20long,0,0.00,NA,0,0,0,0,0,0,NA,89
pico_reply,21:31:52,B%8C%3A%8BB%8B%3A%8BB%8B%3A%8B%3AkB%8BBK%3AK%3A%2A%3A%2A%3AJ%3A%2A2,0,0.00,NA,0,0,0,0,0,0,NA,89
pico_reply,21:31:52,2,0,0.00,NA,0,0,0,0,0,0,NA,89
pico_reply,21:31:52,2,0,0.00,NA,0,0,0,0,0,0,NA,89
pico_reply,21:31:52,2%2A1%EA2%292,0,0.00,NA,0,0,0,0,0,0,NA,89
pico_reply,21:31:52,2%2A2J2%2A%3A,0,0.00,NA,0,0,0,0,0,0,NA,89
pico_reply,21:31:52,%3A,0,0.00,NA,0,0,0,0,0,0,NA,89
pico_reply,21:31:52,%3A%2A%3AK%3AK2J2%2A%3A%2A%3AK2k%3AKBk%3Ak%3A%2BBkB%2BBJBJ%3A%2B%3A%2B%3A%2BR%2BbKb%8CZ%B1I%2CY%E8s%89%FF%FC%EF%FF%EF%FFS5BkB%ABB%8AB%8BB%8BB%8B%3A%8BB%ABB%ABB%CBB%CBB%ABB%CBB%CBB%ACJ%ACJ%ADR%CCJ%CBJ%CCJ%EDB%CCJ%CCJ%CCJ%CCJ%CCJ%ADR%8DZlcH%FFT%AD~%EFP%F6%7F%DE%FE%E7T%FE%FFJ%8C%B6%20%FF%DF%A3%3A%29%A3%CEH%FF%FF%B5%FD%C6%23%FF%FF%FF%FF%FF%FF%FF%FF%FF%FF%FF%FF%FF%FFs%9FJjZ%8Bb%8BRj%7B%2AZ%20bJb%EA%C5%B4%9C%98R%ABR%8AR%8BRjZKI%89b%88%8B%CB%93%EFRB%29R%A7JjBJJ%29J%29BJB%29BIBIBIBIBIJ%89B,0,0.00,NA,0,0,0,0,0,0,NA,89
pico_reply,21:31:52,B,0,0.00,NA,0,0,0,0,0,0,NA,89
pico_reply,21:31:52,B%29B%20B,0,0.00,NA,0,0,0,0,0,0,NA,89
pico_reply,21:31:52,B%20%3A%29B%202%2AB%88R%ECBJ%3A%29%3A%28%3A%20%3A%28%3A%209%C71%A6%29%A51%85%29E%29E%29D%29E%21%25%21%25%20%20%21%24%21%24%21%24%20%E5%21%259%E5B%28BIc%2Ak%8Dk%8Dk%8Es%8Es%8Es%CEs%CEs%AEs%CEs%CEs%CEs%CEs%CEs%AFs%AF%7B%CFs%D0s%CEs%CEs%EF%7B%EF%7B%EF%7C%20%7C%20%84%20%7C%20%7C0%7C%20%7C%20%84%20%84%20%7C%20%7C0%84%20%840%84P%840%84P%84P%84P%84P%840%84p%84P%84p%84q%84q%84q%8CP%8Cp%84P%84P%84p%84o%8Cq%841cMJ%CBk%ADJ%CE%5B%2B%5B%2B%5BJ%8D%5B%2Bkl%84%8COR%8D1%C9B%29BiB%8A%5Bl%84%D2%9D%95%AD%B7%A5v%AD%B7%AD%B6%A5V%A54%9D4%9D4%94%F3%9C%D4%94%92%8C%92%84Rc%B1%7C%91%9DT%9D5%9DU%9D5%9D4%9D,0,0.00,NA,0,0,0,0,0,0,NA,89
pico_reply,21:31:52,2,0,0.00,NA,0,0,0,0,0,0,NA,89
pico_reply,21:31:52,2%2A2,0,0.00,NA,0,0,0,0,0,0,NA,89
pico_reply,21:31:52,2%2B%29%E92%29%3A,0,0.00,NA,0,0,0,0,0,0,NA,89
pico_reply,21:31:52,%3A%2B2%2A%3A,0,0.00,NA,0,0,0,0,0,0,NA,89
pico_reply,21:31:52,9%EA%3A,0,0.00,NA,0,0,0,0,0,0,NA,89
pico_reply,21:31:52,2%2A2K2%2A2J%3AJ%3A%2A2K%3Aj%3Aj%3AJ%3AJ%3A%8B%3AJ%3AK%3AjBjBKB%8BB%8C%3A%8CR%8BZ%AEJ%8CB,0,0.00,NA,0,0,0,0,0,0,NA,89
camera,21:31:52,Camera%2Fcontrol%20line%20discarded%3A%20too%20long,0,0.00,NA,0,0,0,0,0,0,NA,89
pico_reply,21:31:52,%5B,0,0.00,NA,0,0,0,0,0,0,NA,89
pico_reply,21:31:52,R%EBJ%CCkmc.%5B%2B%84.%84%20JM%29f%3A%28%3AkJ%ACk%AE%95%20%AD%D4%B5%F6%AD%B7%AD%D6%AD%B6%A5v%9DU%A5T%9D%20%9D4%94%D2%8Ct%8C%20s%F1c%CF%8C%B1%A5t%9DT%9DT%9DT%9DT%9DU%9DT%9DT%9D4%9D%20%9D%20%9D%20%9D%2A%2AI2I%3A%20%20%C5%20%E4%20%E4%20%E4%20%E4%21C1%C81%861%87%29%861%C61%A6%29f%21%25%29%25%29%25%21%24%21%24%29%85%29e%29E%29%24%21%25%29E%29%25%21%20BG%3AH%3A%8AB%ABK%20SMJ%EDB%ECK%20S.J%CDBlBkBkB%8B%3A%8B%3A%8B%3AkBK%3AK%3AJ%3A%2A%3AK2,0,0.00,NA,0,0,0,0,0,0,NA,89
pico_reply,21:31:52,%3A%20%3A%2A%3A%2A2%2A%3A,0,0.00,NA,0,0,0,0,0,0,NA,89
pico_reply,21:31:52,%3A,0,0.00,NA,0,0,0,0,0,0,NA,89
pico_reply,21:31:52,2,0,0.00,NA,0,0,0,0,0,0,NA,89
camera,21:31:53,Camera%2Fcontrol%20line%20discarded%3A%20too%20long,0,0.00,NA,0,0,0,0,0,0,NA,89
pico_reply,21:31:53,%84P%84P%84p%84P%8Cp%84P%84p%8Cp%84q%84q%8Cq%84Q%8CP%8Cq%84%91%84p%8CQ%8C0%94%91%8C%90%8CQR%CE%5Bs%CCZ%EBZ%EBR%CCc%20R%ACR%AA%7C-%8C%F0%7B%D0%3A%29%C8JjBKJ%CBt%20%9D%20%9DV%B5%D7%AD%B7%AD%B6%B5%B6%A5v%A55%9D4%A5T%9D%20%9C%B4%8CR%841c%D1t%8F%A5R%9DV%9DT%9DU%A5T%A5t%9DU%9DT%9DT%9D4%9D%20%9D%20%9DI2%88J%8A%29%AA%20%C3%20%E4%20%E4%20%E4%20%24%29%841%C91%869%87%29F1%C5%29%A61%86%21%25%21%25%21%25%29E%21%25%21e%29e%29e%29%25%21%25%29E%29%26%21%20A%C71%87%29fB%2A%3A,0,0.00,NA,0,0,0,0,0,0,NA,89
pico_reply,21:31:53,BJB%CAK%20SL%5BnK%20J%EDJ%ACB%AC%3A%8C%3AkBl%3AkB%8C%3Al%3Ak%3Ak%3Ak2,0,0.00,NA,0,0,0,0,0,0,NA,89
camera,21:31:53,Camera%2Fcontrol%20line%20discarded%3A%20too%20long,0,0.00,NA,0,0,0,0,0,0,NA,89
pico_reply,21:31:53,%840%7CP%7C0%840%840%840%84P%84P%84P%84P%84Q%84Q%84p%84p%84p%84q%84%91%84q%8Cq%8Cq%8Cq%84%91%8C%91%8Cq%84Q%8Cq%94%D1%94%D0%7B%B2S%20J%87cMk%2Cc%20Z%CBZ%ACR%AC%5BKl%20%840sQ%3A%209%E6%3A%20Bk%5Bl%8CP%A5%94%B5%F5%AD%D7%AD%B6%AD%B6%A5V%9D5%9D4%954%9DT%9D%20%94%D3%94%92%7C2c%EF%8C%8F%AD%B5%9Dt%9DU%A5T%A5u%9DU%9DT%A55%9D4%9D4%9D4%9Di2%89J%AA%29i%20%C3%20%E4%20%E4%20%E4%20%E4%29d9%E8%29e1G%21E%21%85%29%86%29%86%21%25%21%25%21D%21d%29e%29%86%29f%29E%29%25%29%25%29%25%29F%21F9%A81%A71g9%881g9%A79%E7BHJ%89B%ACB%CBSR%CEJ%CDJ%EDJ%CCB%ACJ%ADBL%3AK%3AkB%8BBk%3A%2A,0,0.00,NA,0,0,0,0,0,0,NA,89
pico_reply,21:31:53,Bj%3AkJ%ECB%8D%3A%2B%3AJ%3AJ%3AJ%3AK%3A%2A%3A%2A%3AJ%3Aj%3A%8A%3A%8B%3Ak%3Ak%3AjBk%3Ak%3AkBKBlBlBkB%AB%3Al%3A%8BB%8BB%8BBkB%ABB%ACB%ACB%CCB%8CB%8CB%8CB%8CB%ACB%8BB%ABB%ABJ%CBB%ABB%ABJ%ACB%ACJ%ABJ%ABJ%CCJ%CCJ%ACJ%ACJ%8BJ%ACB%8BBk%3AJBK%3A%20B,0,0.00,NA,0,0,0,0,0,0,NA,89
camera,21:31:53,Camera%2Fcontrol%20line%20discarded%3A%20too%20long,0,0.00,NA,0,0,0,0,0,0,NA,89
pico_reply,21:31:53,%A5u%A5U%A5U%A55%A54%A5%20%A5%20%A5i%3AiB%2B%20%20%20%20%20%E4%20%E4%20%20%20%C31%859%C8%29e1e%29e%21%85%29%A6%29%86%21e%21E%21E%29e%29%85%29%86%21F%21E%29%25%29%25%29%25%29F%29%861%A89%A71%879%C89%C79%881g1F1%A71%C9%3A%20%3AJJ%8AJ%ECS%2CS-KKB%ADB%CDB%ACB%AB%3Ak%3AK1%EA%3AIB%2BB%2AB%89J%EBR%EDJ%EDB%8D%3AK%3A%2A%3AJ%3AJ%3A%2A%3A%2A%3A%2A%3Ak%3A%8A%3A%8B%3A%8BB%8BB%8BBKBK%3Ak%3AkBKBlBkB%8BB%8BB%8BB%8BB%8AB%8BB%8BB%ABB%8BB%8AB%8CB%8CB%8BBkB%8BB%ABB%8BB%ABJ%8BJ%ABB%8BB%CBJ%ABB%ACB%8BJ%ABB%ACJ%ABJ%ACJ%ABR%ABJ%ABB%8BBkBjBJB%2BB,0,0.00,NA,0,0,0,0,0,0,NA,89
pico_reply,21:31:53,B,0,0.00,NA,0,0,0,0,0,0,NA,89
pico_reply,21:31:53,B%2AB%20Y%CB%40%E9%40%E98%E7Si%8EO%FF%3Dr%3F%3A%27%FF%EF%FF%BF%CEX%FF%FE%FF%FF%FF%FF%FF%FF%FF%FF%FF%FF%FF%FF%29%B5b%E8b%8CrLZ%2A%7B%C9%FF%FE%EF%FFsX%FF%FC%CF%20%FF%FF%5B%3DJhjKJ%8BR%A7%FF%FD%84%20%CEs%FF%FF%FF%FF%FF%FFB3B%89R%ABJ%8BJkJJJjRkRkJjJ%8ABkBJBkBJJJBJJiBIB%29B%29B%20B%20%3A%29%3A%20%3A%20%3A%20%3A%20%3A%282%282%28%3A%20%3AI2%209%E92%20%3A%20%3A%201%E81%C71%C61%86%29%85%29e9%E71%A7BjR%EAcMc%8Ec%8Dk%8Es%8Esnkns%AEs%AEs%AEs%CFs%CFs%CFs%EFs%EFs%EFs%EFs%EFs%EF%7B%EF%7B%EF%7C%20%7C%20%7C%20%7C%20%7C%2F%7C%20%7C%20%7C%20%7C%20%7C%20%840%840%84P%84P%84,0,0.00,NA,0,0,0,0,0,0,NA,89
pico_reply,21:31:53,k%CA%8C0kQ1%891%C92%2BS%20k%CE%94%F0%B65%B5%F6%AD%B7%AD%B6%A5%96%AD%95%9D5%9DT%9D4%A54%8C%D3%8Cr%7B%D3k%90%84%8E%9DR%AD%96%A5U%A5U%A5U%A5U%A54%A54%A5%20%A5%20%A5I%3A%8AB%2A%20%A6%20%20%20%E4%20%E4%20%20%20%20%3A%20%3A%20%29f%21%26%20D%21d%29%A6%29%86%29e%29e%21E%29e%29%85%21F%21%25%21%25%29%25%29%25%29%25%29E1%861%A71%A71%C71%C71%C71%C89%A79%A81%881g1%871%879%A6%3A%20BHB%8BJ%CCJ%CDR%EDJ%EEJ%CDS-B%CDJ%AD%3A%2BBiBk2%20B%ABS%2CS%20B%ACB%8BBkBJ%3AJ%3Aj%3A%2B%3AJ%3A%2ABL%3AkBkB%8C%3Ak%3AJ%3AkBK%3AK%3AKBKBlBkBkB%8BB%8B%3A%8B%3A%ABBkJ%8B%3A%8BK%20J%CCB,0,0.00,NA,0,0,0,0,0,0,NA,89
pico_reply,21:31:53,%3A%29%3A%2AB,0,0.00,NA,0,0,0,0,0,0,NA,89
camera,21:31:53,Camera%2Fcontrol%20line%20discarded%3A%20too%20long,0,0.00,NA,0,0,0,0,0,0,NA,89
pico_reply,21:31:53,5%A54%A54%A5%20%A5%20%A5I%3Aj%3A,0,0.00,NA,0,0,0,0,0,0,NA,89
pico_reply,21:31:53,%20%C5%20%20%20%E4%20%E4%20%24%21%23%3A%201%A61%86%21%20%21E%20E%21%85%21f%29%A6%29F%29e%29%85%21e%21E%21%25%21%25%29%25%29%25%29%25%21%261%A71%C81%C71%E61%C71%C71%C71%A79%A71%C71%A71%A71%A71f1g1f9%889%C9B,0,0.00,NA,0,0,0,0,0,0,NA,89
camera,21:31:53,Camera%2Fcontrol%20line%20discarded%3A%20too%20long,0,0.00,NA,0,0,0,0,0,0,NA,89
camera,21:31:53,Camera%2Fcontrol%20line%20discarded%3A%20too%20long,0,0.00,NA,0,0,0,0,0,0,NA,89
camera,21:31:53,Camera%2Fcontrol%20line%20discarded%3A%20too%20long,0,0.00,NA,0,0,0,0,0,0,NA,89
camera,21:31:53,Camera%2Fcontrol%20line%20discarded%3A%20too%20long,0,0.00,NA,0,0,0,0,0,0,NA,89
pico_reply,21:31:53,%FF%FE%DE%BFR%91BJJjJjJJBJB%29BiJjBJB%29%3A%29%3A%20%3A%20%3A%292%28%3A%201%E89%E8BI%3A,0,0.00,NA,0,0,0,0,0,0,NA,89
pico_reply,21:31:53,2%20%3A%289%E89%E8%3A%20%3A%28%3A%29%3A%20%3AIJ%C9%5B,0,0.00,NA,0,0,0,0,0,0,NA,89
camera,21:31:53,Camera%2Fcontrol%20line%20discarded%3A%20too%20long,0,0.00,NA,0,0,0,0,0,0,NA,89
pico_reply,21:31:53,B%8BB%8BBkB%8BBkBKBKB%ABC%2BSmJ%EFB%8BB%8BB%8BBkJ%8CB%8BB%8BB%CBJ%ABB%ABJ%ACB%ACJ%ABJ%ABJ%ABB%8CB%ACB%ACB%8BBkBKBJB%2AB%20B,0,0.00,NA,0,0,0,0,0,0,NA,89
pico_reply,21:31:53,%3A,0,0.00,NA,0,0,0,0,0,0,NA,89
pico_reply,21:31:53,%3A%29B%29%3A%20%3A%209%E9%3A%209%E99%E9%3A%20%3A%20B%20B%20A%E9A%EAA%E9I%89QIH%E7%40%E7bj%B4%D2%A4%B8%3Ak%3A%20JKR%20R%2BZ%27%A4%92z%D2%EE%AC%C5%B9%BE%BD%AE%96%FF%DF%7B%DFA%A7j%20A%CAs%89%FF%FA%E7%3F%C5%93%C6%3F%FF%FA%FF%FF%E7%201%E8JkR%8AR%8AZ%AAZ%8Bbkkj%D6%B1%FF%FF%FF%FF%FF%FFc7Z%C9RjJjJjJJJjJjJjJjBIB%29B%20%3A%20%3A%20%3A%20%3A%209%E8%3A%20Bi2%2A2%201%E8%3A%20%3A%202%201%E89%E8%3A%28%3AjJ%AA%5B%20cMk%AC%7B%ED%84%20%840%84p%84P%7C%20%7B%EFs%AEs%AEs%ADs%CEs%EEt%20s%CEs%EFs%CFs%EFs%EF%7B%EF%7B%EEs%EF%7B%EF%7C%20%7C%2F%84%2F%7C%2F%7C%2F%840%84%20%84%2F%84O%84P%840%840%84,0,0.00,NA,0,0,0,0,0,0,NA,89
pico_reply,21:31:53,k%CB%8C%AF%7B%B1%29%8B%3A%20B%2AB%AAc%AC%8C%F2%A5V%AD%96%A5%96%AD%96%ADv%A5u%A5U%9D%20%94%D4%94%D3%94%F2%84%92k%D1tO%9DR%A55%A5U%9D4%9D4%9D4%9D4%9DjB%2C%20%E5%20%20%20%20%20%E4%20%20%20%20%3A%28%29%C6%29%86%20%26%29E%21D%21D%29E%29f%21%25%21E%21%24%21D%21D%21%25%21E%21E%21E%21F%21%201%86%29%A61%C71%C71%C71%E79%C81%A71%C69%C71%A71%C71%C71%C71%C71%C71%C71%C79%A71%A71%C79%C79%A71%C61%C71%A7%29f%29E%29%261g%29%86B%28J%2AJ%ABJ%CBR%ECS%2CS%20K%20KJ%ECB%AC%3A%8CB%ACJ%CCB%8C%3A%8BB%8B%3AkBkJkB%8BB%8ABkB%8BB%8B%3A%8BBk%3AkBKBK%3AKB%8AB%CC%3A%8CB%8BBkJ%ABB%ACB%8B,0,0.00,NA,0,0,0,0,0,0,NA,89
camera,21:31:53,Camera%2Fcontrol%20line%20discarded%3A%20too%20long,0,0.00,NA,0,0,0,0,0,0,NA,89
pico_reply,21:31:53,%20D2%20%29%C6%29%A7%21%20%21%25%21%25%29E%29E%21E%20%25%21%25%21E%21D%21%24%21%25%29%25%21E%21E%29e%29F1%A71%861%C79%C7%29g9%C6B%201%A61%C71%C61%A71%A71%C71%C71%C71%C71%C71%C79%A71%A71%C71%C71%C71%A71%C71%C7%29%A71%861f9f1%86A%C69%A79%E7%3A%20BjJ%CAS%2B%5BmSNS.S.J%EDJ%CCB%ACB%ABJ%ACJ%8CB%8BB%8CJ%8BJ%AC%3AkBkBk%3Ak%3A%8BB%8BBk%3AkBKBkBl2KBjB%8CBkB%8BB%ACB%ABJ%8BB%8BB%CAB%8BB%8BJ%CCJ%ACJ%CCB%CBJ%8BBkB%8BBkB%2A%3A%29BJBJB%29BIB%2A%3A%20%3A%20%3A%209%E99%E99%E92%209%E99%E9%3A%20%3A%20%3A%20%3A%20%3A%20%3A%29%3A%29B,0,0.00,NA,0,0,0,0,0,0,NA,89
pico_reply,21:31:53,A%ABII1%20%7B%E5%FF%FC%EF%FF%FF%FF%BD%DF%21ER,0,0.00,NA,0,0,0,0,0,0,NA,89
camera,21:31:53,Camera%2Fcontrol%20line%20discarded%3A%20too%20long,0,0.00,NA,0,0,0,0,0,0,NA,89
pico_reply,21:31:53,1%871%C71%E7%29%E7R%A9J%8B1%A61%C71%C71%A71%A71%C71%C71%C71%C71%A71%C79%C71%A71%C71%C71%C71%C71%C71%C71%A61%851%869%879%A69%C79g1%86%29%871%879%E89%E9B%2AJ%ABJ%CBS%2CS.K-B%EBK-J%CEJ%CDJ%EDB%CCJ%8DB%8CB%8CB%8BB%8B%3Ak%3A%8B%3Ak%3AK%3AKBkBkB%8BB%8CBkB%8BB%8BB%8BB%ACB%8BB%8BB%8BB%ABB%8BB%8BJ%ABJ%ABJ%ACB%CCJ%8BBkB%8AJkBJB%2AB%29BI%3A%29BI%3A%29%3A%29B%2AB%299%E99%E99%E9%3A%209%E99%E9%3A%20%3A%20%3A%20%3A%20%3A%20%3A%29%3A%29B%29BJJjJJJJJJBJBIBJB%2A%3A%29B%29B%20Y%AAA%A8%84H%FF%FF%A5%20b%AF%21-JGa%EBR,0,0.00,NA,0,0,0,0,0,0,NA,89
camera,21:31:53,Camera%2Fcontrol%20line%20discarded%3A%20too%20long,0,0.00,NA,0,0,0,0,0,0,NA,89
pico_reply,21:31:53,%A79%E79%C79%C71%871g9%A7A%E8BHBjB%CBSk%5Bo%5B%20J%CEJ%CDJ%ECR%CEJ%ABJ%CCB%ABJ%CCJ%ECB%EBJ%CCB%8C%3AKBJ%3AJBjBlB%8BB%8BB%8BB%ACB%8CB%8B%3A%ABB%8BB%8BB%8BB%8BB%AAB%ABB%ACB%ABB%8BBkBKBJB%2A%3AJB%2A%3AIB%29B%29%3A%20%3A%29%3A%20%3A%209%E99%E99%E91%E89%E9%3A%20%3A%20%3A%20%3A%20%3A%20%3A%29%3A%20BJBJB%2A%3A%29%3A%29BJBJBJB%2AB%29B,0,0.00,NA,0,0,0,0,0,0,NA,89
pico_reply,21:31:53,%3A%29B%29B,0,0.00,NA,0,0,0,0,0,0,NA,89
pico_reply,21:31:53,Y%AA1%E5%B5%26%D5%FFJ5%20%E5%21gJIa%CBB%28%94h%F7%FF%FF%BE%FF%FF%E6%BC%FF%FF%EE%BD%D6%BF1%E7R%8BR%8BR%8BZlb%2CJi%BD%EC%FF%FF%FF%FF%FF%FF%FF%FF%FF%FFZ%B7R%EBR%ABJ%8BR%8BZKR%2ABh%95,0,0.00,NA,0,0,0,0,0,0,NA,89
pico_reply,21:31:53,%C5%F4J3R%88BIBhB%29B%20%3A%202HBjB%2A%3A%202%209%E8%3A%20%3A%20%3A%20%3A%202%20%3AHBiR%EA%5BLcls%CEs%CF%84%90%84%B0%8C%91%8C%91%8C%91%8C%91%8C%91%8C%91%8C%90%84p%84P%7B%EF%7C%20%7C%2F%7B%EF%7B%EF%7B%EF%7C%20%7B%EF%7B%EFt%20t%20%7C%2F%84%20%7C%20%7C0%7C%20%84%20%84%20%840%840%84P%84P%84P%84P%84p%84p%84Q%8Cq%84Q%8Cq%8Cq%8Cq%8Cq%84q%8C%91%8Cq%8Cq%8C%91%8C%B1%8C%B1%8C%91%8C%91%94%92%94%92%9C%B1%94%D1%94%D2%94%D2%94%D2%94%D2%94%D2%9C%D2%94%B1%9C%B2c%201%CA1%E8%3A%209%E9%3A%20%3A%201%E9%3A%28%5BJ%5B-%5B%5BLJ%CDcLk%AD%8CN%84%20R%8CB,0,0.00,NA,0,0,0,0,0,0,NA,89
pico_reply,21:31:53,J%89%3A%8Ac%ED%AD%D3%A5%98%AD%B7%ADw%A5u%A5U%9D5%9D4%9D%20%94%F3%94%B3%8Cs%84%20%5B%B0%8C%AF%A5V%9D5%9D4%9D4%9Dl%20%27%20%20%20%20%20%E4%20%24%20%201%C61%C7%29%86%29%86%21E%21E%29E%29e%21D%21D%21E%21%25%21%25%21%25%21E%21%25%21E%21E1f%21E1%E51%C81%A79%A79%C7%29%E6k-9%EE1%A51%A71%C71%C79%C79%A79%E79%C89%A71f%3A%20%3A%20%29%871%C71%C71%C71%C71%A61%C61%A6%29F1f1%879%E71%C79%C79%A79%E79%E79%E79%E6B%209%C81%871%871%A89%C8%3A%20BjZ%EBR%ECS%2C%5B%2C%5BNJ%CDK%20B%ECJ%EDB%ECB%CCB%CCJ%CBJ%CCB%ACB%CCJ%ACB%8C%3AkB%8BB%8BB%ACB%ACB%AB%3A%ABB%8BB%8BB%8BB%8BB%ABB%8AJ,0,0.00,NA,0,0,0,0,0,0,NA,89
pico_reply,21:31:53,%29%E7%8C%20Z%91%21,0,0.00,NA,0,0,0,0,0,0,NA,89
camera,21:31:53,Camera%2Fcontrol%20line%20discarded%3A%20too%20long,0,0.00,NA,0,0,0,0,0,0,NA,89
pico_reply,21:31:53,E%29F%29D9%E61%E79%C79%A7%2F%20%5B%E7%9C%D4Jr1%C71%C71%C71%C6A%C71g1gI%A71%86R%A6%5Bl%7B%AC%3A%201%C51%C71%C71%C71%A61%A61%A6%29F%29f1%869%E61%C79%C79%C71%C79%E79%E72%20%3A%209%E89%E89%E89%C89%C8A%A71%88A%C7JIB%AAJ%EA%5B-%5BNSNSS%20S%20J%EDB%ABB%ABB%CBJ%CCB%CBJ%CBB%ACB%8CJ%ACB%8BB%ABB%ABB%CBB%8BB%ABJ%8BB%8BB%8BB%8BBkB%8BBK%3A%2A%3A%2A%3A%2A%3A%2A%3A%2AB%2A%3A%2A%3A%29%3A%29%3A,0,0.00,NA,0,0,0,0,0,0,NA,89
pico_reply,21:31:53,%3A%20%3A%20B%20%3A%209%E89%E89%E81%E89%E81%E89%E9%3A%20%3A%209%E99%E9%3A%20%3A%20%3A%20%3A%2A%3A%2A%3A%29%3A%29%3A%2A%3A,0,0.00,NA,0,0,0,0,0,0,NA,89
pico_reply,21:31:53,1%E9B%20%3A%20%3A%20%3A%20%3A%20B%20B%2A1%89%21%201gB%29BJB%20Y%8A%3A%26%CD%8A%FF_%EE%9B%BD%F7%FF%FB%FF%FF%F7%9FR%94JiR%8BR%8AR%8BZl%3Anki%FF%F8%FF%FF%FF%FF%FF%FF%FF%FF%E7%20JMRKR%8BR%8BZkY%EB2i%B6%20%FF%DE%B6%3C%A5-%E6%F91%D2%3A%27%3A%29BhBi%3A%29BJ9%E9%3A%20%3A%20%3A%20Bi%3A%29%3A%29%3A%202%28%3AHB%89R%EB%5BMkms%EE%7C%2F%8C%B1%8C%91%8C%91%8C%91%8C%91%8C%B2%8C%B1%8C%91%8C%B1%8C%D1%94%F1%94%D2%8C%91%84P%84%20%84%2F%7B%EE%7B%EFs%EE%7C%20%7C%20%7C%20%7C%20%7C%20%7C%20%7C0%840%84%20%7C0%84P%7C0%84P%84p%84P%84P%84P%84P%8CQ%8Cp%84p%8Cq%8C%91%8Cq%8Cq%8C%91%8C%91%8C%91%8C%91%8C%91%8C%91%8C%91%94%91%94%91%94%91%94%92%94,0,0.00,NA,0,0,0,0,0,0,NA,89
pico_reply,21:31:53,%3A%20%3A%20B%29B%201%C8%3A%28%5B%2BR%EB%5B%20%5BZ%EDZ%ACk%AD%8Cn%8C%201%CD%3A%28B%8BR%EBtP%9D%94%AD%96%AD%97%A5U%9DU%A55%A55%9D4%9D%20%94%D4%8Cr%7C2k%90%7CO%A5%94%9D%20%9D%20%9D%20%20%E5%20%20%20%20%20%20%20%20%29%85%29%A7%29%861%C6%29e%21E%21%25%21%25%21D%21D%21%24%21%24%21%25%21%25%29E%21E%21E%29%25%29E%29%25%21E1%C61%E81%E71%C7%2F%20t%89%7B%F21%AE1%C81%C71%C71%A7A%C71%A5RIb%2AJHc%A9k%EFs%F0%21%8D%21%861%C71%A71%C71%A6%29%C69%C7%29g1g1%861%E71%A71%C79%E69%E79%E79%E71%C71%E79%C89%E89%E79%E89%C8A%C79%E8B%27B%299%A99%C8%3A%20BjR%EBR%EC%5BMc%8DS-S-KJ%ECJ%CCB%8C%3A%ABJ,0,0.00,NA,0,0,0,0,0,0,NA,89
camera,21:31:53,Camera%2Fcontrol%20line%20discarded%3A%20too%20long,0,0.00,NA,0,0,0,0,0,0,NA,89
pico_reply,21:31:53,M%A5%93%B5%D6%A5v%A5%95%A5U%A55%9DT%A5%20%94%F3%8C%D1%94s%84%20k%CF%8C%AF%AD%94%AD%94%AD%EB%20%A4%20%E4%20%E4%20%E4%20%C4%29%A51%C7%21e%29%A6%21D%21E%21E%21E%21D%21D%21%24%21D%21%25%21%25%21%25%21E%20E%29%25%29E%29E1e%3A%20%3A%201%E81%C71%C5Jj1%89%29E1%881%C71%A89g1%86B%A6s%8F%83NkM%8C%CE%8C%D2%9C%D2%3A-%3A%20%3A%209%C79%C61%C61%C61%A71g1g1%871%A61%A71%C79%E79%E79%E79%E79%C79%E79%C89%E8%3A%209%E89%E8%3A%20B%27J%89JiA%C99%A89%A79%C8A%E7B%20JiJ%EAS%20Sn%5BnS%20S%20SS%20R%ECJ%ECJ%ABB%ACJ%ACB%CCJ%CBB%CBB%ABJ%8BB%8BB%8B%3A%8BB%8BBkBK%3A%2B%3A%2A%3A%2A%3A,0,0.00,NA,0,0,0,0,0,0,NA,89
pico_reply,21:31:53,B%2A%3A%2AB%2A%3A%20B%20%3A%29%3A%20%3A%20B%209%E99%E81%E82%201%E82%20%3A%20%3A,0,0.00,NA,0,0,0,0,0,0,NA,89
camera,21:31:53,Camera%2Fcontrol%20line%20discarded%3A%20too%20long,0,0.00,NA,0,0,0,0,0,0,NA,89
camera,21:31:53,Camera%2Fcontrol%20line%20discarded%3A%20too%20long,0,0.00,NA,0,0,0,0,0,0,NA,89
pico_reply,21:31:53,RGk%20R,0,0.00,NA,0,0,0,0,0,0,NA,89
pico_reply,21:31:54,9%E9%29%A71%E9B%20B%20%3A%29%3A%29%3AH%3A%29%3A%29BIB%AAcLcMs%CEs%CF%84P%8CR%8Cr%8C%91%8C%B1%8C%B1%8C%B1%8C%D2%8C%D2%8C%F2%8C%D2%94%D3%94%D3%8C%F2%94%F2%94%D2%94%F1%94%D1%94%D1%84%92%84Q%7C%20s%F0%7C%2F%8CP%84%20%840%840%840%84P%84P%84P%84P%7Cp%7Cp%84P%8Cq%84Q%8Cq%84p%8C%91%8C%91%8C%91%8C%91%8C%91%8C%91%8C%91%84%B1%94%B2%94%B2%8C%91%94%B2%8C%B2%8C%B2%94%B1%94%B2%94%D2%94%D2%94%D2%94%D2%94%D2%9C%F2%ADR%AD3%A5%20%94%B2%A4%F2s%D3%29%CC2%20%3AJ2%20%3A%29BJBkBJ%3A%29B,0,0.00,NA,0,0,0,0,0,0,NA,89
camera,21:31:54,Camera%2Fcontrol%20line%20discarded%3A%20too%20long,0,0.00,NA,0,0,0,0,0,0,NA,89
pico_reply,21:31:54,s%F71%A6B%2CJjJ%8AJjJKB%B02%20%A4%F3%EFu%EF%FF%D7%FF%AC%BA%7B%D79%EBJ%20J%2ARJRKZM%3A%20%FFP%B5%9E%FE%D6%C6%3F%D5%F2%A5_9%A8R%8B1%E9k%20%94O%93%CFb%ADJH%3A%29B%29B%20%3A%20%3A%28BIB%29%3A%28J%28J%ABckc%8Ds%CEs%CF%8Cp%8Cq%8Cr%8C%91%8C%91%8C%B1%8C%D2%8C%D2%8C%D2%8C%F2%94%D2%94%D2%94%F2%94%D2%94%F2%94%F2%94%F1%9D%20%94%F2%94%F2%94%B2%8Cr%7C0%84O%84P%840%7C0%84P%840%84P%84P%84P%84P%84P%84p%84P%8Cq%8CQ%8Cq%84p%8C%91%8C%91%8Cq%8C%91%8C%91%8C%91%8C%91%84q%94%B2%94%D2%8C%B1%94r%94%91%94%B2%94%D1%94%D2%94%D2%94%D2%94%D2%94%D2%9C%F2%9C%F3%ADs%BD%95%BD%96%AD3%A4%F2%8Cs%3A.%3AH%3A%2A2%2A%3A%29%3AJBK%3AJ%3AI%3A,0,0.00,NA,0,0,0,0,0,0,NA,89
camera,21:31:54,Camera%2Fcontrol%20line%20discarded%3A%20too%20long,0,0.00,NA,0,0,0,0,0,0,NA,89
pico_reply,21:31:54,R%A7JkJkR%8BJ%8BRl%3A%B02s%B5%D2%F7%FA%DF%FF%BE%BF%BD%3Bc4B%20RjRJRJZKB%CCJ%20%FF%F9%A5%9D%EF%D6%AD%DF%FF%FAB%20J%29RI%2A%20%7Ch%DF%20%D6%B8%A4u%7B%F2%21i%3A%29%3A%20%3A%202%28JhBK%3A%20BHR%EBc%8Ck%8Cs%AFs%CE%8Co%84q%8C%92%8C%92%8C%91%8C%B2%8C%D2%8C%D2%8C%D2%8C%F2%94%D2%94%D2%94%F2%94%F2%94%F2%8C%F2%94%F2%94%F2%94%F3%94%F2%94%D2%94%D2%94%B2%8Cr%7C1%84%20%7B%F0%84%20%841%84P%7CP%84P%84P%84P%84p%84p%84p%8Cq%8Cq%84q%8C%91%8Cq%84q%8C%90%8Cq%8Cq%8C%91%8C%B1%8C%B2%8C%91%8C%D2%94%D2%94%B2%94%B2%94%D2%94%D2%94%D2%94%D2%94%D2%9C%F3%95%20%9D%20%B5%F6%BD%D6%CE%20%C5%F6%ADT%9D%20%5B%20%29%C8%3A,0,0.00,NA,0,0,0,0,0,0,NA,89
pico_reply,21:31:54,%3A,0,0.00,NA,0,0,0,0,0,0,NA,89
pico_reply,21:31:54,%3A,0,0.00,NA,0,0,0,0,0,0,NA,89
pico_reply,21:31:54,BJBJBJ%3AIBI%3AJ9%C9%2A%20R%C6k%8EZ%EDS%20J%EBk%ECk%EEt0%83%F0Z%CFBi%3AkJ%EAs%EE%9D3%B5%F5%A5v%A5U%A5U%9D4%9D%20%94%F4%94%D2%8C%B3s%B2s%CFs%CFs%20%20%20%20%20%20%E4%20%E4%21e%3A%29%21E1%A6%21E%21E%21%24%21%25%21E%21E%21E%21E%21E%21%25%21%25%21%25%21E%21E%21E%29%25%29%A5%2AFS%20Bl1%E61%A61%C71%C61%C79%C69%E7%3A%20I%87A%87cf%E78%B6%20%C66%D6%2F%AD%D9%AD%B7%AD%B8%85S%9D%94%7B%F61%A71%A71%A81%A71%C71%A7%29f%29%A61%A61%A71%C71%87A%C89%C71%C69%E7%3A%209%E89%E8%3A%27B%20B%20%3A%28%3A%209%E8%3A%20A%E89%E9%3A%20A%E8A%E8%3A%20%3A%20%3A%20%3A%28%3A%20%3A%20%3A%28B%29B%29A%E99%A89,0,0.00,NA,0,0,0,0,0,0,NA,89
pico_reply,21:31:54,BIB%20B%2AB%29%3A%29%3A%20%3A%209%E99%E99%E81%E91%C81%C81%C8%29%E81%E81%E81%E81%E91%E91%E81%E81%E81%E82%282%20%3A%209%E99%E91%E89%E99%E89%E8%3A%20%3A%20%3A%20%3A%20%3A%20%3A%20%3A%20%3A%28BHI%EAa%EAAH%83%CA%CDy%94w1%862%20JkJkRKJ%2ABJJK%3A%CF%3A%B4%A5%94%DF%FA%CF%FF%BE%FF%A4%DAR%B1J%28RkR%2BRJZ%2BB%CCRh%FF%FC%AD%B9%F7%F5%FF%20%AD%9F1%ABRjJ%209%E9%BD%ED%FF%FF%EF%FE%FF%BE%C5%FE%29%8EBG%3A%2A%3A,0,0.00,NA,0,0,0,0,0,0,NA,89
camera,21:31:54,Camera%2Fcontrol%20line%20discarded%3A%20too%20long,0,0.00,NA,0,0,0,0,0,0,NA,89
pico_reply,21:31:54,B%209%E8A%E89%E89%E8A%E79%E8%3A%20B%20%3A%20%3A%28%3A%20%3A%20%3A%20B%28B%28B%29B%20A%E8%3A%20B%20B%209%E9%3A%20JiJ%ABJ%CA%5B%20%5BR%CCR%ABJ%8BBkBKBJB%2AB,0,0.00,NA,0,0,0,0,0,0,NA,89
pico_reply,21:31:54,JJJKJ%2BB,0,0.00,NA,0,0,0,0,0,0,NA,89
pico_reply,21:31:54,%3A,0,0.00,NA,0,0,0,0,0,0,NA,89
pico_reply,21:31:54,B,0,0.00,NA,0,0,0,0,0,0,NA,89
pico_reply,21:31:54,%3A%29%3A%29%3A%20%3A,0,0.00,NA,0,0,0,0,0,0,NA,89
pico_reply,21:31:54,9%E99%E91%E81%E81%C81%C81%C81%C81%A81%A81%C81%E91%C81%E89%E89%E91%C81%E7%3A%209%E99%C99%E89%E89%E8%3A%20%3A%20%3A%20%3A%20%3A%20%3A%20%3A%20%3A%20%3A%28BHB%2AQ%EAIJA%270%E9%29gJeJ%89JjJJJ,0,0.00,NA,0,0,0,0,0,0,NA,89
pico_reply,21:31:54,J%2AJ,0,0.00,NA,0,0,0,0,0,0,NA,89
pico_reply,21:31:54,A%EA2%AE%2A%F1%A5%93%CF%FD%CF%FF%B5%DF%94VB%2CR%89RJRJR%2Ab%2A%3A%EC2h%F7%FF%D6%BE%F7%FB%FF%FFR%B6%3A%20Ri%3A%AC2%A8%F7%F6%F7%D9%FF%FF%FF%FF%FF%FF%3A%20%3AiBJBk%29%89cLS%20%3AhR%AB%5Bclk%ADs%AEs%EE%84%90%84%B1%8C%F2%8C%D2%8C%B2%8C%B2%8C%D2%8C%D2%94%D2%8C%F2%94%F2%94%F2%94%F2%94%F2%94%D2%94%F3%94%F3%95%20%95%20%95%20%9D2%9D%20%9C%F2%9D2%94%F1%8C%B1%84%91%84P%841%84P%84P%84P%840%84P%84P%84p%84p%8Cq%84q%84%91%84%91%8C%91%84q%8C%90%8CQ%94%92%94q%8Cr%8C%91%94%B2%8C%D2%94%B2%94%B2%94%D2%94%D2%94%D2%9C%F2%94%F3%94%F3%9C%D3%9D4%AD%D4%BE8%B5%97%BD%D6%BEU%D6%97%B5%D9%7CTJ%AD9%EB%3A%2ABJB%2A%3A%2A%3A%2A%3AJ%3AI2I%3AI1%E9%29%A9%2A%20R%A7,0,0.00,NA,0,0,0,0,0,0,NA,89
pico_reply,21:31:54,%5BL%7CN%83%EEk%20Bk%3A%28%3A%2BSK%84n%B5%F6%AD%95%A5U%A5U%A5U%95%20%94%D3%9C%F4%94R%7B%D0%7B%D0%7B%E4%20%20%20%20%21%20%20%249%E51%C71%85%29%86%21%24%21%25%21%25%21%25%21E%21E%21E%21E%21E%21E%29%25%21%25%21%25%21E%29E%21%251%A6%29%E7J%C9BK1%C81%A79%C81%A61%E71%E7%3A%20A%C8Qh9%86%84%26%DD%D8j3rj%7B%20%8B%CE%940%84%B0%A6%D1%D7%3B%7B%D99%A81%A81%A71%A71%C69%E7%29%86%29%861%861%A7A%88%29G%5B%20%5BM%5B%2CR%8C9%A81f9%E7B%289%A7B%20%3A%20%3A%20%3A%209%E8B%209%E7B%20B%20B%20%3A%20%3A%20%3A%20%3A%28%3A%20%3A%20%3A%20%3A%20%3A%20B%20B%20B%20%3A%20B%20A%E8A%C8A%C89%889%A79%C7B%28B%29J%8AJ%CBS%20Z%CDR,0,0.00,NA,0,0,0,0,0,0,NA,89
pico_reply,21:31:54,B%20B%291%A92%20%3A,0,0.00,NA,0,0,0,0,0,0,NA,89
pico_reply,21:31:54,B%2ABIJJB,0,0.00,NA,0,0,0,0,0,0,NA,89
pico_reply,21:31:54,JIJ%2AJ%2AJ%20%2AnJ%2A%AF%D3%BF%FF%CF%FF%A5%3Dc%20%3A%20JkJJJJRJa%CB2%20%29g%FF%FA%FF%FF%FF%FE%AD_%3A,0,0.00,NA,0,0,0,0,0,0,NA,89
pico_reply,21:31:54,B%29ZK%29%E8%95%20%C6%FF%E7%96%DF%7F%CD%FF%FF%FF9%EEB%28BJ%2AjCG%C6sJ%FA%3AgJ%ABc-clk%8Ds%CDt%20%84p%84%B1%8C%D2%8C%D2%8C%D1%8C%B2%8C%D2%8C%D2%8C%D2%8C%F2%8C%F2%94%F2%94%F2%94%F2%95%20%8C%F3%94%F3%95%20%95%20%95%20%9D%20%9D%20%9D%20%95%20%95%20%952%9D%20%94%B2%841%8CP%84%2F%840%84p%84P%84P%84p%84p%8Cq%84q%84%91%8C%91%8C%91%94q%84Q%8Cq%94%92%94q%94q%8C%91%94%B2%94%B2%94%B2%94%D2%94%D2%94%D2%94%F2%94%F2%9C%F3%9C%F3%9C%B3%A53%C6%20%B5%F8%BE%20%BD%D7%BD%F6%BD%F6%B5%96%A55%5B%20J%8ABi%3A%2B%3A%2A%3A,0,0.00,NA,0,0,0,0,0,0,NA,89
camera,21:31:54,Camera%2Fcontrol%20line%20discarded%3A%20too%20long,0,0.00,NA,0,0,0,0,0,0,NA,89
pico_reply,21:31:54,BkBJJ%29%3A%28BIB,0,0.00,NA,0,0,0,0,0,0,NA,89
pico_reply,21:31:54,J%29J%29J%29J,0,0.00,NA,0,0,0,0,0,0,NA,89
pico_reply,21:31:54,%2Fn%2B%2B%BF%DA%AF_%CE%DF%83%F69%CCRhJjRjJjZ%29Zja%A9Z%EF%BE%C8%FF%FF%E5%FF9%F4B%89RiJ%8B9%C7%DE%D1%84%20%D7T%E7_%AC%DD%BD%D79%CBBHBJ%2A,0,0.00,NA,0,0,0,0,0,0,NA,89
pico_reply,21:31:54,%5B%A9%BE%20%29%D5BhBIc%20%5B%20kms%CD%7C%20%84p%8Cq%8C%92%8C%B1%8C%D2%8C%B2%8C%D2%8C%D2%94%D2%8C%F2%8C%F2%8C%F2%8C%F3%94%D3%95%20%95%20%94%F3%95%20%95%20%95%20%95%20%9D%20%9D%20%9DS%9Ds%9D3%9D3%A52%9C%F2%94%D2%8Cq%8C%91%8Cr%84P%8Cp%84p%84q%8Cq%84q%8C%91%8C%91%8C%91%8Cq%8CQ%8C%90%8Cq%94%92%94%92%8Cr%94%B2%94%D2%94%D2%94%D2%94%D2%94%D2%94%F2%9C%F2%9C%F3%9C%F3%9D%20%ADt%BD%D6%B5%F8%BE7%B5%D6%BD%F6%BD%F6%B5%96%AD%94k%D3%5B%2FB%2B%3A%20%3A%2A%3A%2A%3A%2ABJ%3AI%3A%29%3A%292%20%29%C81%A7%29%88%3A%20R%EAs%AD%5BJKR%ABR%EA%5BKs%AFb%F2BK2%28B%CCl%A5r%AD%B6%9DU%9DU%9DT%A54%94%F4%94%D2%94%D2%94%D2%94%24%21%20%20%E4%20%20%29%A41%E7%21%87%29f%21%26%21E%21,0,0.00,NA,0,0,0,0,0,0,NA,89
pico_reply,21:31:54,9%A69%A81%871%C7%3A%20%3A%28BH9%E9A%88QH%21%85%84%88%8CuA%ACA%88Ah%40%C88%A79%E7%9C%D0s%B7%20%E9%29E1%C71%C71%C71%E61%E7%29%871f1%869%871%A7B%86%94%B0%7C%B3%94%93j%F41%E7%5B%29c%AD%7B%AD%3AkR%E89%AB1%C7B%20J%28RhJ%209%E89%E8B%20%3A%20%3A%28%3A%20%3A%20%3A%20%3A%20%3A%20%3A%20B%20%3A%20%3A%20%3A%20%3A%20%3A%209%E7B%209%C79%C89%A79%A71f9f9g1G9h1%86A%E6B%29JjR%EB%5B%2Bc%5BR%CBR%ABJKB,0,0.00,NA,0,0,0,0,0,0,NA,89
pico_reply,21:31:54,J%29B%29B%20%3A%299%E99%E81%E81%E89%C81%C81%E81%C81%C81%E81%C81%C8%29%E81%E81%A89%C81%E81%E81%E81%E81%E81%E89%C89%C89%E89%E89%E91%E8%3A%20%3A%20%3A%20%3A%209%E9%3A%20%3A%20%3A%29B,0,0.00,NA,0,0,0,0,0,0,NA,89
pico_reply,21:31:54,BJ%3A%20B%29B%29B%29B%2AB%2AB%29B%29B%292M,0,0.00,NA,0,0,0,0,0,0,NA,89
pico_reply,21:31:54,%2C%AF%93%C6%DF%94%9FJM%29hB,0,0.00,NA,0,0,0,0,0,0,NA,89
camera,21:31:54,Camera%2Fcontrol%20line%20discarded%3A%20too%20long,0,0.00,NA,0,0,0,0,0,0,NA,89
pico_reply,21:31:54,%29G9%A61%C71%C71%C61%C61%E7%29%87%29f9%A6Ag9fcG%AD%D2%A5%D6%C5%F8s%95R%CAclc.k%CE%2A,0,0.00,NA,0,0,0,0,0,0,NA,89
pico_reply,21:31:54,%7B%AC%29jA%E6R%EB9%C7R%8AB%201%C7B%289%C8%3A%281%E79%E8%3A%20%3A%20%3A%20%3A%20%3A%20B%20%3A%20%3A%20A%E7%3A%20%3A%20%3A%20A%E7A%C79%A79%A79%A79%A79%A79%A69%87I%C89%869%869g9%889%A8JiJ%AAZ%EBc%2C%5B%20R%ECR%ACJ%8CB,0,0.00,NA,0,0,0,0,0,0,NA,89
pico_reply,21:31:54,%3A%20%3A,0,0.00,NA,0,0,0,0,0,0,NA,89
pico_reply,21:31:54,%3A%20%3A%2A%3A%209%E99%E91%E91%C9%29%E81%E81%E91%C81%C81%E81%C81%C81%C81%E81%E81%A89%E81%E81%E89%C89%C89%E89%E8%3A%209%E82%209%E89%E8B%209%E9%3A%20%3A%20%3A%299%E9B%29B%29B%20%3A%20B%29A%E9B%20B%20B%29BIJ%20Ok%CBk%201%B0B%27BHJJJJJJJJZ,0,0.00,NA,0,0,0,0,0,0,NA,89
camera,21:31:54,Camera%2Fcontrol%20line%20discarded%3A%20too%20long,0,0.00,NA,0,0,0,0,0,0,NA,89
pico_reply,21:31:54,1%C71%C71%C71%A71%869%A6Ag9Ej%E6%94%D0%95R%C68%84s%7C%CE%8DS%9C%F5t4SL%8B%F1%21%A8j%C7B%8FZ%86Zn1%C5R%C7Z%CC9%E8BhBi%3A%20%3A%20%3A%20%3A%20%3A%20%3A%20%3A%20%3A%20B%28A%E89%E79%E79%E79%C79%C79%A79%A71%A71%A79%A79%A79%A7A%E89%C7A%C7A%C7A%C8I%889G1fA%A6R%28JJJjR%CBR%ACJ%8BJ%8BBkBJBJA%E99%E81%C8%3A%202%201%E8%3A%201%E81%C81%C81%C81%C81%E81%C81%E81%E8%3A%201%E89%E89%E89%C89%C89%E8%3A%20%3A%209%E8%3A%209%E82%20%3A%20%3A%20%3A%20%3A%29%3A%29%3A%20B%29B%20%3A%20B%20%3A%20B%20B%20B%29BIBIJ,0,0.00,NA,0,0,0,0,0,0,NA,89
pico_reply,21:31:54,A%CC1%89%20%E8%29%88B,0,0.00,NA,0,0,0,0,0,0,NA,89
pico_reply,21:31:54,B%29BIJIJ%2AJJZ%20B%2A%ADj%FF%FF%EF%FF%FF%FF%7C%20BKJ%8ARk%2F,0,0.00,NA,0,0,0,0,0,0,NA,89
camera,21:31:54,Camera%2Fcontrol%20line%20discarded%3A%20too%20long,0,0.00,NA,0,0,0,0,0,0,NA,89
pico_reply,21:31:54,%AD%9D%20S%A5%B1%9D%D6%9DT%8Dvt0%94t2k%7B%C9KR%83%ABR0%21%C4k%8Aj%D01%C7BF%5B%2C%29%A8%3A%20%3A%20B%20%3A%20%3A%209%E8%3A%20A%C89%C79%C79%A79%C79%C79%C79%A79%A71%C61%A69%A69%879%A71g9%C79%C7A%C7A%A7A%C7A%E7B%20A%A7A%889g1%87B%20JiR%A9R%CBR%CBR%8B%3AJJ%89J%CBBiR%CB2IBI%3A%2A1%E81%E81%E81%C81%C81%E81%E81%E81%E89%E91%E81%E89%E89%C89%C81%E8%3A%20%3A%20%3A%209%E8%3A%20%3A%20%3A%20%3A%20%3A%20%3A%29%3A%20%3A%20B%29%3A%20%3A%20B%299%E9B%29B%20B%20%3AIBhB%29J%29B,0,0.00,NA,0,0,0,0,0,0,NA,89
pico_reply,21:31:54,A%E9B%29JJBIJiJJJ%2AJJR%209%ABtJ%9D%20%EF%FE%FF%FF%94%DFJ%8BR%8AC%202%20%E7%F5%B6W%CE%20%8C%B4%A4%EF%9C%D7RmR%2A%2A%8A%20%C7%B7%20TP%84%D3k%B62%20R%A9%5B%8BcKt%20s%AE%7C%20%84p%8C%B3%8C%D2%8C%D2%8C%D2%8C%D2%8C%F2%94%D2%8C%F2%8C%F2%8C%F2%8C%F3%95%20%94%F3%94%F3%95%20%95%20%953%9D%20%9D3%9D3%9D%20%9D%20%9D%20%9D3%9D3%9D3%A54%A54%9D4%9DS%A5%93%A5%94%A5s%9D%20%94%D1%94%D2%84P%840%8CQ%8C%91%94%91%94%B1%94%B2%8Cq%94%91%8C%B1%94%D1%8C%B2%94%B1%94%B2%94%D2%9C%D2%9C%D3%9C%F3%9C%F3%9D%20%9D%20%9C%F4%9D3%ADs%94%D5%94%D4%A52%C6U%C6w%CEw%C6%20%AD%95%9D%20J%D0K%20SJ%ADJ%CC%3A%2AB%8ABk%3A%2BBJB%2B1%E92%201%E81%A71%A7%29h%20%27,0,0.00,NA,0,0,0,0,0,0,NA,89
camera,21:31:55,Camera%2Fcontrol%20line%20discarded%3A%20too%20long,0,0.00,NA,0,0,0,0,0,0,NA,89
pico_reply,21:31:55,%A4%B55%94ucR%3A%20RK%3A%CBJ%86%E7%99%95%D6%CFu%DF%B9%CE%BA%84%BCZ%CDR%8D%2F%CAc%20lw3%EA%C6%D3s%DE%3A%20J%A8SK%7B%AB%84Ss%8Ds%F0%8Co%8C%92%94%D2%8C%D2%8C%D2%8C%F3%8C%D2%8C%F2%8C%F2%8C%F2%95%20%95%20%94%F3%95%20%95%20%94%F3%94%F3%953%9D3%9D3%9D%20%9D%20%A5%20%9D%20%9D%20%A53%A54%A54%A54%A54%A5S%A53%9D3%9D3%9Dr%A5%93%A5t%94%D2%94%B1%94%91%8C%90%94%B1%94%91%8C%B1%94%92%8Cr%8C%B1%94%D1%94%D2%94%F2%94%D2%9C%D2%9C%F2%94%F3%94%F2%94%F3%9C%F3%9D%20%9D%20%9D3%9D%20%94%D3%9D%20%A5%20%AD%B4%B6%20%C6x%B5%F7%ADV%A4%F5%5BRB%8AS%20R%CCS%20J%8BBk%3AJBKBJJJ%3A,0,0.00,NA,0,0,0,0,0,0,NA,89
camera,21:31:55,Camera%2Fcontrol%20line%20discarded%3A%20too%20long,0,0.00,NA,0,0,0,0,0,0,NA,89
pico_reply,21:31:55,%20B%28B%20B%20B%29J%2AJ%29B%20J%2AJ%2AJ%2AJ%2AJ%2AJIJIZ%2AB%20s%27%83QA%CB%29gJfR%2A%3A%8BBg%E79%9D%20%7D%B1%AD%8F%F7%DFBRR%CB%3A,0,0.00,NA,0,0,0,0,0,0,NA,89
pico_reply,21:31:55,%2F%20k%EFS%B4K%EA%CF3%7C%7F2%20Z%CA%5B%2B%7B%AA%84%B4%7C%8C%B3%8Cq%8C%91%8C%D2%94%D2%8C%F3%8C%D3%8C%D2%8C%F2%8C%F3%8D%20%95%20%95%20%94%F3%95%20%95%20%95%20%94%F3%95%20%9D%20%9D%20%9D%20%9D3%9D%20%9D%20%A53%A54%A54%A54%A54%A54%A54%9DT%9DT%9D3%9D3%9DS%9D3%A5S%9D%20%94%B3%8C%91%8Cq%8C%91%8C%B1%94%B2%94%B2%94%D2%94%B1%94%D2%94%D2%94%D2%94%92%94%B2%94%F2%94%F2%9C%F3%9C%F3%9C%F3%9D%20%9D%20%9D%20%9D%20%952%A53%ADv%9D%20%ADs%B5%D5%A5%95%ADS%8C%F7B%ADK-J%CCB%8CJ%ABBl%3A%2BBKBJBJ%3A,0,0.00,NA,0,0,0,0,0,0,NA,89
camera,21:31:55,Camera%2Fcontrol%20line%20discarded%3A%20too%20long,0,0.00,NA,0,0,0,0,0,0,NA,89
pico_reply,21:31:55,B%29B%20B%20B%20B,0,0.00,NA,0,0,0,0,0,0,NA,89
camera,21:31:55,Camera%2Fcontrol%20line%20discarded%3A%20too%20long,0,0.00,NA,0,0,0,0,0,0,NA,89
pico_reply,21:31:55,I%A8%21%C3%AD%CB%9C%F7%29%AD9%E41%C71%C71%C71%C71%E71%E71%C79%E79g9F%29d%84%AA%AD%94%83T%28%AC%21%A3%8D%20%95%20%8B%93B%20s%87%BD%201n%94%2A%8Ct%9B%CD%A47%29%CB%AD%CE%D5%FA1%B1dg%C6%B7s%F89%C89%E79%C89%C79%C79%C79%C71%879%C6A%C7J%20J%A8Z%ABI%CC9%A69%E6B%209%87A%A81g1%869%869%A69%A79%A7A%A8A%C7A%E8B%20B%20A%E8I%E8A%E8A%C79%C7A%C89%C79%A79%A79%871%879%861F1E1E1G1G%29G9%E8BiJ%8AB%89J%8ABjB%20%3A,0,0.00,NA,0,0,0,0,0,0,NA,89
pico_reply,21:31:55,%3A%29%3A%209%C81%E81%C81%C89%C99%E99%E89%E9%3A%20%3A%28%3A%291%AA9%E99%E91%E82%209%E8%3A%20%3A%20%3A%20%3A%20%3A%20%3A%20B%20B%29A%E8B%20B%20B%20B%20B%20B%20J%29B%29J%2AJ%2AJ%29JJJJJJR%89JJR%2AJJBhJjBiBjJLJ%EC%CEO%E7%20%F7%FF%FF%FFBYB%27BK%2F%AC%2F%EA%8E5d%95%EF%B7Js%20jJ%86b%ACc%2B%BEk%95%3F%F7%F7%95%20%8C%D1%8C%D2%8C%B2%8C%D2%84%F2%8C%F3%8C%F2%8C%F2%94%F3%94%D3%8C%F2%94%F3%94%F3%94%F3%94%F3%9D%20%9D%20%9D%20%9D%20%9D3%9D%20%9D%20%9D3%A5%20%A53%A53%A54%A54%A54%9DT%A54%A54%9DT%A5T%A54%9DT%A5t%A5t%A5t%A5%94%A5t%9Dt%9D%20%8C%B3%8C%91%94%D2%94%D3%94%B2%94%B2%94%D2%94%D2%9C%F2%9C%D3%94%F2%9C,0,0.00,NA,0,0,0,0,0,0,NA,89
pico_reply,21:31:55,9%E81%E9%29%C71%C7%29%A7%29%871G%21%27%20E2%27S,0,0.00,NA,0,0,0,0,0,0,NA,89
camera,21:31:55,Camera%2Fcontrol%20line%20discarded%3A%20too%20long,0,0.00,NA,0,0,0,0,0,0,NA,89
pico_reply,21:31:55,%2AR%2AJKR%8AJkJ%8AJ%8BB%8AJjJIJiRjIkI%A9Z%8A%A4Q%94%B5%3A,0,0.00,NA,0,0,0,0,0,0,NA,89
camera,21:31:55,Camera%2Fcontrol%20line%20discarded%3A%20too%20long,0,0.00,NA,0,0,0,0,0,0,NA,89
camera,21:31:55,Camera%2Fcontrol%20line%20discarded%3A%20too%20long,0,0.00,NA,0,0,0,0,0,0,NA,89
pico_reply,21:31:55,%94%B3%94%B3%9C%D2%9C%F3%94%D2%94%F2%9C%F2%9C%F2%9D%20%9D%20%9D%20%9D%20%A5%20%A5%20%A54%A5%20%9DU%A5t%B5%F7%AD%97%BEV%C67%A5v%7C%20%5B%20BL2,0,0.00,NA,0,0,0,0,0,0,NA,89
pico_reply,21:31:55,1%E9%3A%2ABkBkBkBkBj%3A%29%3AJ2%201%E9%29%89%29%87%21%A6%29%A81%A7%29%87%29F%21%27%29%C6J%88J%ADB%AC%3A%2BS%2Bc%2Bb%CFA%EC%29%89%29%A7%5Bj%951%951%95%20%20%20%21F1%C8%21E1%C7%21F%21e%21E%21E%29E%21%25%21E%29e%29f%21%25%29E%21e%29%85%29%85%29E%29E%29%851%C71%C71%C71%C71%C71%C71%A71%C71%C71%C7QhA%26sE%FF%FA%FF~%E7%FF%EF%DF%C5%BFR%20Q%A7B%A6%95m%8C%97%3A%201%A69%E79%E79%C71%C71%C71%C71%C71%C79%A7I%28%21ds%E3%A59J%B1j%2A%21%C7s%C2%BDYrRQk%20%A2%B4%ECt%96%83%EC%958%83%CD%AC%D7c%2C%9C%B0%9Ct%9C%F3%7B%8Ft%95%A531%B09%C79%C79%A79%A79%A79%879%86A%87Qf1%84kI%7C,0,0.00,NA,0,0,0,0,0,0,NA,96
pico_reply,21:31:55,A%E9%3A%20%3A%20%3A%20%3A%20%3A%20%3A%20%3A%20%3A%20%3A%20%3A%209%E9%3A%20%3A%209%E9A%E9B%20B%20B%20B%20B%29J%29J%29J%2AJ%29J%2AJ%2AJjJjJjBkJJJjJjJiJ%8AJjJ%8AJ%8AB%2B%3A,0,0.00,NA,0,0,0,0,0,0,NA,96
pico_reply,21:31:55,9%E9%3A,0,0.00,NA,0,0,0,0,0,0,NA,96
pico_reply,21:31:55,Jj%20%2AM%20%EF%7C%84%7F1%E8%29fB,0,0.00,NA,0,0,0,0,0,0,NA,96
pico_reply,21:31:55,B%29J%89Z%EDZ%CE%C5n%B5%FCk%CE%84p%8C%D2%84%D2%8C%D2%8C%D2%8C%D1%94%F2%94%D2%94%F2%8C%F2%94%F3%94%F3%94%F3%94%F2%95%20%95%20%95%20%9D%20%9D%20%9D3%9D3%9D%20%9D%20%9D3%9D3%9D4%A5%20%A54%A54%9D4%9D4%9D3%9DT%9DT%9DT%A5T%A5t%A5t%A5T%A5T%A5t%A5u%A5t%ADt%A5t%A5t%A5t%A5%20%94%F3%94%B2%94%D2%9C%F2%9C%F3%9C%F3%9C%F2%94%F2%9C%F3%9C%F3%9D%20%9D%20%9D%20%A5%20%9D%20%A53%9D4%A54%A5T%A5t%BE%20%C67%B6%20%AD%93%9D%20%5B1BK%3A,0,0.00,NA,0,0,0,0,0,0,NA,96
camera,21:31:55,Camera%2Fcontrol%20line%20discarded%3A%20too%20long,0,0.00,NA,0,0,0,0,0,0,NA,96
camera,21:31:55,Camera%2Fcontrol%20line%20discarded%3A%20too%20long,0,0.00,NA,0,0,0,0,0,0,NA,96
pico_reply,21:31:55,%C79%A7QGIF%83%A7%E6%B8%E7%3D%DF%DD%E7%20%94%B9s%5B%8D%7C%CC%9DxZ%D3%29F1%C69%E79%C71%C71%C71%C79%A71%C71%A79%A7Ag%20e%7C%20%7Cus%B2j%D0%21g%84%89%84rZ%8EI%89B%86%95%95%92%BC%D5c%D4%93%89lt%A4K%84x%7C,0,0.00,NA,0,0,0,0,0,0,NA,96
pico_reply,21:31:55,%BD8%7C4cm%B5%98%21,0,0.00,NA,0,0,0,0,0,0,NA,96
camera,21:31:55,Camera%2Fcontrol%20line%20discarded%3A%20too%20long,0,0.00,NA,0,0,0,0,0,0,NA,96
pico_reply,21:31:55,4%A54%A54%A54%9D4%9D%20%9Ds%B5%93%B5xcr%3A%2A%3AJBJBjB%8B%3AkB%8CBKJ%8BS%2B%5BMBm%3A%28%3A%2A%3A%20%3A%20%29%87%29%A7%29%86%21F%21F%21E%29%26%21%209%C6JjBJB%299%E8Bhc,0,0.00,NA,0,0,0,0,0,0,NA,96
pico_reply,21:31:55,Z%AC%21%CA%21G%21G%21%24%21%231%E7%21g1%A71%E7%21%25%21E%21%25%21E%21E%21E%21%25%21E%21E%21E%21e%21%851%C7%29%86%29E%21E1%E51%A71%C71%E71%E71%A81%C71%C71%C71%C79%A7IgIF%8B%C9%CD%D8%DE%BB%E7%20%BD%DDZ%B1k.k%ED%BE2%84U%21%2B9%E59%C69%C79%C71%C71%E71%C71%A71%C71%C7A%C7I%87%29%85%7C%27%8D5%9C%D5%83%B2%3Aj%8D%20%7C%B4kPI%8B9%C7b%E9j%EEj%EF1k%AC%EE9%EC%DD%F2Bp%8C%AC%BD%20k%D2R%EA%B5%98%29I9%A61%A71%A69%879%869%869%87If9%E5k%20%8C%20%7B%CE%BD3R%EE%A4%8D%BD%96%29%2C%E5%D11LB%20%AC%B69%2C9%85Z%C7%8D%2F%9C%F2%8C4ckl%20%94rc%20A%C8I%C8A%C79%C79%A89%E8J%281%891%871,0,0.00,NA,0,0,0,0,0,0,NA,96
camera,21:31:55,Camera%2Fcontrol%20line%20discarded%3A%20too%20long,0,0.00,NA,0,0,0,0,0,0,NA,96
pico_reply,21:31:55,9%A7QgQf%7B%27%CD%F3%D6%99%D5%DB%84Wk%EC%85%20%AD%94%9C%DBJ%8F%20%209%E71%E69%E79%E79%E81%C71%C71%A71%C71%C79%C7I%879%A5R%E6%7C%8F%8C%20j%D0B%C8%95%AE%85u%83%F4I%ADI%A8Ag%40%E7%21FQ%E5SO%8B%88%AB%FA%29%C8%8D,0,0.00,NA,0,0,0,0,0,0,NA,96
pico_reply,21:31:55,%DDY%2A%D0%84%20%84%5D%20%201%A71%A71%A61%871%869%869%87I%27%21%C5%8C%A8%9D%B9%C5%95%8Cy%7Bk%82%F4%84%8Fr%A9%B49%20%C5Rd%AC%968%AA%20%A4%9CIk%F5%AC%EEt%95%9Dm%8DT%BD%D6s%B5A%A7I%C7B%26Z%8AA%CB2%20Z%C8B,0,0.00,NA,0,0,0,0,0,0,NA,96
pico_reply,21:31:55,JH9%C89%A79%A79%C79%C79%E79%E79%C7A%C79f9E9E1%851%851e1%851%A61%A61%A61%A61%861%861f1f1f9%A7A%C7J%209%C79%E7%3A%28J%8AB%8AJ%CAJ%ABR%8BB%2BBIJJBIB%20%3A%28%3A%20%3A%20%3A%20B%20B%20B%20B%20B%20B%29B%29BIBiJjJJJJJJJIJIJjJJJ%29B%2ABIJIJIBIBIJjBiJiJjBJBjJJB%29BIJ,0,0.00,NA,0,0,0,0,0,0,NA,96
camera,21:31:55,Camera%2Fcontrol%20line%20discarded%3A%20too%20long,0,0.00,NA,0,0,0,0,0,0,NA,96
pico_reply,21:31:55,%BCl%83u%21%A6%C6%20%B4%B9%20I%AC%EAb%F9%29%2F1%861%A61%861%861%869%86AgI%279%E5%ADm%8C%94%A53s3%A4%91Zn%9C%CF%A4%20r%92%20%20sG%A44%29%281%A3%ED%D29%CD%7B%87k%B2%C5%B1d1%8Cq%8C8AhA%C6R%C6smJ%2F9%E6b%881%A9B%20%29h9%A69%A79%C79%C79%E79%E79%C79%A7A%C69%859%A61%A71%A8%29g1%861%861%851%A61%A61%861%851%851%861%87A%E7RHA%C89g1g1f9%C7%3A%20BhJiJ%8AJ%8BJjBjBjBIB%29%3A%20B%20%3A%20%3A%29B%20B,0,0.00,NA,0,0,0,0,0,0,NA,96
pico_reply,21:31:55,B%29B%20B%29B%29BIJJJ%2AB%29JIJJJJJ%29J,0,0.00,NA,0,0,0,0,0,0,NA,96
pico_reply,21:31:55,J%29JIBIJJJIJIJJBIBIBiJIJJBJBJJJBIBIJ%2AJ%29B,0,0.00,NA,0,0,0,0,0,0,NA,96
pico_reply,21:31:55,J%8AS,0,0.00,NA,0,0,0,0,0,0,NA,96
camera,21:31:55,Camera%2Fcontrol%20line%20discarded%3A%20too%20long,0,0.00,NA,0,0,0,0,0,0,NA,96
camera,21:31:55,Camera%2Fcontrol%20line%20discarded%3A%20too%20long,0,0.00,NA,0,0,0,0,0,0,NA,96
camera,21:31:55,Camera%2Fcontrol%20line%20discarded%3A%20too%20long,0,0.00,NA,0,0,0,0,0,0,NA,96
camera,21:31:55,Camera%2Fcontrol%20line%20discarded%3A%20too%20long,0,0.00,NA,0,0,0,0,0,0,NA,96
camera,21:31:55,Camera%2Fcontrol%20line%20discarded%3A%20too%20long,0,0.00,NA,0,0,0,0,0,0,NA,96
camera,21:31:55,Camera%2Fcontrol%20line%20discarded%3A%20too%20long,0,0.00,NA,0,0,0,0,0,0,NA,96
pico_reply,21:31:55,9%C7A%C9%29%209e1%861%861%851%851%869%861fA%268%E69F%21%201%25I%C69%C4k%86%83%B0r%F2%29e%84%20%7B%B20%CA1%85%7B%AA%8B%D3%9C1c%CC%94%8B%AC%94%3A%20%C5N919%A4%A5Lt%20%A4%93JLJ%24%A5%8Bs%CF%84%209%A79%A79%A79%879%87AgA%859%A4%8C%AD%B5%94%B5%F5%9D%B3%AD%B6%8CV9%AC1%851%861%861%861%861%86%29e1%85%29%861%A59%C61%861%869%C89%C79%C69%C79%A79%A79%879%A7A%A7A%879%C6JG9%889%A79%A71%879%A7B%20BHR%A9R%AAR%A9J%A9J%8AJjJ%8AJ%8AJjBjJjJ%2ABIJIJJJ%2AJ%29JiJIJJJIBiJJBIJiJiJ%29BIBIBiJhJ,0,0.00,NA,0,0,0,0,0,0,NA,96
camera,21:31:55,Camera%2Fcontrol%20line%20discarded%3A%20too%20long,0,0.00,NA,0,0,0,0,0,0,NA,96
camera,21:31:55,Camera%2Fcontrol%20line%20discarded%3A%20too%20long,0,0.00,NA,0,0,0,0,0,0,NA,96
camera,21:31:55,Camera%2Fcontrol%20line%20discarded%3A%20too%20long,0,0.00,NA,0,0,0,0,0,0,NA,96
camera,21:31:55,Camera%2Fcontrol%20line%20discarded%3A%20too%20long,0,0.00,NA,0,0,0,0,0,0,NA,96
camera,21:31:56,Camera%2Fcontrol%20line%20discarded%3A%20too%20long,0,0.00,NA,0,0,0,0,0,0,NA,96
camera,21:31:56,Camera%2Fcontrol%20line%20discarded%3A%20too%20long,0,0.00,NA,0,0,0,0,0,0,NA,96
camera,21:31:56,Camera%2Fcontrol%20line%20discarded%3A%20too%20long,0,0.00,NA,0,0,0,0,0,0,NA,96
camera,21:31:56,Camera%2Fcontrol%20line%20discarded%3A%20too%20long,0,0.00,NA,0,0,0,0,0,0,NA,96
camera,21:31:56,Camera%2Fcontrol%20line%20discarded%3A%20too%20long,0,0.00,NA,0,0,0,0,0,0,NA,96
pico_reply,21:31:56,%21E%21E%21E%21E%21E%29E%29%25%29E%29E1%A69%A71%C71%C71%C71%C71%C71%C79%C71%E71%C71%C81%C79%E71%E71%E71%E71%C71%C71%C71%C89%C79%A71%C8%29%A79%C89%C89%C71%E79%C79%E71%C71%C79%E79%E81%E79%E71%E71%E71%E81%C71%C71%A71%C71%E71%E79%E89%E79%E71%C79%A69%C61%C61%A71%A71%A79%C71%A71%A61%861%861%861%861%861%861%861%A61%C61%C79%C79%C69%C79%C79%A79%A79%A79%A69%871%879%86A%A7A%C61%A79%A79%A79%C7A%A7I%A71%A7s%C9%7B%B0J.I%8AR%27I%E6%A5%90%83%B1rS9%84%3Ac%A5%2F%AC%D49%AEB%209%C79%A7A%A71%A6r%88b%AB%5B%20%BD%D6%8B%95b%CBj%EBc%20%C5%92kS%21,0,0.00,NA,0,0,0,0,0,0,NA,96
pico_reply,21:31:56,%3A%28Z%E9c.kNs%CE%7C%2F%7B%F0%8C%B1%8C%B1%8C%D2%8C%D2%8C%D2%8C%D2%8C%D2%94%F2%94%F2%95%20%8D%20%95%20%94%F3%95%20%95%20%95%20%953%9D%20%9D3%9D3%9D3%9D%20%9D4%9D3%9D4%9D3%A5T%A5T%A5T%A5T%A5t%9Dt%A5t%A5u%A5u%9D%95%9Dt%A5t%A5T%A5T%A5t%A5%94%A5%95%A5%95%AD%95%AD%B5%B5%B6%AD%B5%B5%B5%B5%B6%B5%B6%B5%96%B5%B6%B5%D6%BD%D6%BD%D6%B5%F6%B5%F6%B6%20%B5%F6%B5%F6%B5%F6%B5%F6%B5%F6%B6%20%B6%20%BEW%BE6%B66%B6%20%B6%20%B6%20%BE7%C6W%BE%20%B5%F7%ADU%ADt%8D%20%5B%93J%CDB%ACB%CCJ%CDB%ACJ%ACJ%ACB%ECKJ%CDJ%8CB%2B%3A,0,0.00,NA,0,0,0,0,0,0,NA,96
pico_reply,21:31:56,%3A%2A%3A,0,0.00,NA,0,0,0,0,0,0,NA,96
camera,21:31:56,Camera%2Fcontrol%20line%20discarded%3A%20too%20long,0,0.00,NA,0,0,0,0,0,0,NA,96
camera,21:31:56,Camera%2Fcontrol%20line%20discarded%3A%20too%20long,0,0.00,NA,0,0,0,0,0,0,NA,96
pico_reply,21:31:56,%E71%E71%E79%C71%E71%E71%E71%C81%C71%E71%E79%E79%C89%A71%871%879%C89%E79%E79%E79%E79%E71%A79%A71%C71%C79%A71%C69%E79%E89%C89%A71%861%861%861%871%A61%A61%A71%C79%C71%C71%C89%C79%E79%E71%C79%C79%A79%A69%C71%A79%A69%A79%879%A71%C79%C79%C7A%C7I%E7J%20J%20BGR%C9b%8Br%8BI%E8%8B%EER%2CIHB%20c%26%7B%91b%AF9%87A%E79%C79%C79%A7I%879G%29%20%A4%CA%8D4%A4%F3%A5%DA%A5%93%E6%DBb%F4%20%E81%A41%A61%C69%A6A%A6I%A7IgA%A7Z%C91II%A7A%20j%EBI%E9A%A7JGkJ1%891%C61%A79%A79%879gI%E7A%E5s,0,0.00,NA,0,0,0,0,0,0,NA,96
camera,21:31:56,Camera%2Fcontrol%20line%20discarded%3A%20too%20long,0,0.00,NA,0,0,0,0,0,0,NA,96
camera,21:31:56,Camera%2Fcontrol%20line%20discarded%3A%20too%20long,0,0.00,NA,0,0,0,0,0,0,NA,96
pico_reply,21:31:56,%9D%20%9D%20%9D%20%A54%A54%9D4%A5t%A5T%A5U%A5T%A5t%A5t%A5t%A5%94%A5u%A5u%A5t%A5t%A5T%9DT%A5u%A5%95%ADu%AD%95%AD%B5%B5%B5%AD%B6%B5%B5%B5%B5%B5%B5%AD%96%B5%B5%B5%B5%B5%D6%B5%D6%B5%F6%BD%F6%BD%F6%BD%F6%BD%F6%BD%F6%B5%F6%B5%F6%B5%F6%BE%20%B66%BE6%BEV%BE7%B67%B6V%BEW%BEW%B6W%BEW%BEW%BE7%BE6%BD%F8%A58cRR%CBJ%CDJ%ACR%ABR%ACR%ECJ%CDR%CCR%ECR%CBJ%AD2,0,0.00,NA,0,0,0,0,0,0,NA,96
camera,21:31:56,Camera%2Fcontrol%20line%20discarded%3A%20too%20long,0,0.00,NA,0,0,0,0,0,0,NA,96
camera,21:31:56,Camera%2Fcontrol%20line%20discarded%3A%20too%20long,0,0.00,NA,0,0,0,0,0,0,NA,96
camera,21:31:56,Camera%2Fcontrol%20line%20discarded%3A%20too%20long,0,0.00,NA,0,0,0,0,0,0,NA,96
camera,21:31:56,Camera%2Fcontrol%20line%20discarded%3A%20too%20long,0,0.00,NA,0,0,0,0,0,0,NA,96
pico_reply,21:31:56,%29J%29J%29J%29J%20J%29RIJ%20J%20I%E8J%20J%28A%E79%E8A%E79%E79%E79%C7Qg2%20b%E5%A5%98%7B%EF%C5%F6Bn%CD%EF%21%209%E49%A71%A79%A69%A6%29%A5S%20%9C%D3%9C%D5c%2C%29HQ%E8AiZ%AA9%89A%C6Jfkj9%AA9%A79%A71%C6A%879%C8B%20%A40A%EEb%87Zl%84%20%A4O%21%2AZ%84c%20A%E59%C7A%C79%C82%20%8CMs%90%3A%209%E6c,0,0.00,NA,0,0,0,0,0,0,NA,96
pico_reply,21:31:56,J%209%C8JHB%2A%3A%20B%20B%28B%20B%20B%20B%20B%28B%28B%28J%20J%20J%28J%20J%28R%A8c,0,0.00,NA,0,0,0,0,0,0,NA,96
camera,21:31:56,Camera%2Fcontrol%20line%20discarded%3A%20too%20long,0,0.00,NA,0,0,0,0,0,0,NA,96
camera,21:31:56,Camera%2Fcontrol%20line%20discarded%3A%20too%20long,0,0.00,NA,0,0,0,0,0,0,NA,96
camera,21:31:56,Camera%2Fcontrol%20line%20discarded%3A%20too%20long,0,0.00,NA,0,0,0,0,0,0,NA,96
pico_reply,21:31:56,1%A71%A61%C6B%20RLI%EB1%871%859%86%21%C5Z%C5%7B%8F%29%889%85%7B%AD9%C99%A69%A79%A79%C7A%A79%C69%C5%94%AE%21%29%9C%2B%7B%B0%83%8C9%B01%A3%94h1nB%25A%E79%E81%A6%8C%2Bkb%CCB%20B%89Ji%9CmB%8C%84sQA%E6B%20B%20J%28JFB%20R%8AA%E89%88B%28A%E8B%20JHRHZ%89R%AAc%2Bs%8C%7B%CD%84P%7C0%84%B1%8C%91%8C%D1%8C%B1%8C%91%8C%91%8C%D1%94%F1%95%20%94%F3%953%953%9DS%9D4%953%9D3%9D3%9D%20%9D%20%9D4%9D3%A53%9D3%9DS%9DT%A54%A5T%A5T%A5t%9Du%A5t%A5t%A5u%A5u%A5%94%A5%95%A5%95%A5%95%A5%95%9Dt%A5t%A5%95%AD%95%AD%95%B5%95%AD%95%AD%95%B5%B5%B5%B5%B5%95%B5%B6%B5%B6%B5%B6%B5%B6%BD%B6%BD%D6%B5%D6%BD%F6%BD%F6%BD%F6%BD%F6%B5,0,0.00,NA,0,0,0,0,0,0,NA,96
camera,21:31:56,Camera%2Fcontrol%20line%20discarded%3A%20too%20long,0,0.00,NA,0,0,0,0,0,0,NA,96
pico_reply,21:31:56,%20c%8D%7C%20j%D0kNJ%86smsPA%E6B%20I%E8B%20k%88Z%CDk%ABs%8ARnR%CAB%20RIJ,0,0.00,NA,0,0,0,0,0,0,NA,96
camera,21:31:56,Camera%2Fcontrol%20line%20discarded%3A%20too%20long,0,0.00,NA,0,0,0,0,0,0,NA,96
camera,21:31:56,Camera%2Fcontrol%20line%20discarded%3A%20too%20long,0,0.00,NA,0,0,0,0,0,0,NA,96
pico_reply,21:31:56,%F6%BD%F6%BD%F6%BD%F6%BD%D6%B5%B5%AD%B5%AD%D5%B6%20%BEV%B6W%B6V%B6W%B6W%B6W%BE7%BE7%BE7%BE7%C67%BE7%BE7%C67%C67%C6W%CEW%C6x%9DW%5BQc%AFc%CFk%AFc%EFk%EFk%F0c%EFt0k%D0%5BOJ%CCJ%CB%3A%2B2,0,0.00,NA,0,0,0,0,0,0,NA,96
camera,21:31:56,Camera%2Fcontrol%20line%20discarded%3A%20too%20long,0,0.00,NA,0,0,0,0,0,0,NA,96
camera,21:31:56,Camera%2Fcontrol%20line%20discarded%3A%20too%20long,0,0.00,NA,0,0,0,0,0,0,NA,96
camera,21:31:56,Camera%2Fcontrol%20line%20discarded%3A%20too%20long,0,0.00,NA,0,0,0,0,0,0,NA,96
camera,21:31:56,Camera%2Fcontrol%20line%20discarded%3A%20too%20long,0,0.00,NA,0,0,0,0,0,0,NA,96
pico_reply,21:31:56,J%20J%20A%E8B%20B%20A%E8I%E8B%20J%20A%E8A%E8B%20B%209%C79%C7B%20A%E7B%20A%E79%E89%C89%C79%A69%A69%A61%C79%C71%C61%C61%C61%C71%C61%C61%A61%86%29F1E1%A69%A6%29f9%A69%869%869%A69%A69%E79%A71%879%87A%86A%26A%26%29%24A%E8%21%209%C69%C7A%C71%E8%21%C5%AC%CAj%F11%C7k%20J%EDsKs%20Kg%5B%26Z%F29%C7B%20I%C9B%20k,0,0.00,NA,0,0,0,0,0,0,NA,96
pico_reply,21:31:56,R%CEB%88J,0,0.00,NA,0,0,0,0,0,0,NA,96
pico_reply,21:31:56,s%AFb%A9kLA%C9s%AA%5B%A8tL%94%93%7C0%7C%8Cp%8Cq%9D2%9DS%AD%93%8C%B5%9D1%94%D3%8C%B1%94%D1%94%F1%94%D2%94%D2%94%D1%94%F1%94%F2%94%F2%94%F2%9D%20%94%F2%9C%F2%9D%20%9D%20%9D%20%9D%20%A5%20%A53%A53%A5T%A5T%A5t%A5u%A5u%A5%94%A5%95%A5%94%A5t%A5%94%A5%B4%A5%B5%A5%B5%A5%95%AD%B5%AD%B5%AD%B5%AD%B5%AD%B5%AD%95%AD%B5%B5%B5%B5%B6%B5%B6%B5%B6%B5%96%B5%B6%BD%D6%BD%D6%BD%F6%BD%D6%BD%D6%BD%F6%BD%F6%BD%F6%BD%F6%B5%D6%AD%B5%AD%95%B6%20%B6%20%BEV%B6w%B6W%BEW%BEW%B6W%B67%BEX%BEX%BE7%BE7%BEW%C6X%C67%C67%CE7%B6%20%BD%D6%ADxs%F3c%8E%5Bnc%CEc%AEk%CEk%F0l%20l%20t0k%CFc%8F%5Bn%5BSLJ%8B%3A,0,0.00,NA,0,0,0,0,0,0,NA,96
camera,21:31:56,Camera%2Fcontrol%20line%20discarded%3A%20too%20long,0,0.00,NA,0,0,0,0,0,0,NA,96
pico_reply,21:31:56,%D0k1c%27%8C,0,0.00,NA,0,0,0,0,0,0,NA,96
camera,21:31:56,Camera%2Fcontrol%20line%20discarded%3A%20too%20long,0,0.00,NA,0,0,0,0,0,0,NA,96
camera,21:31:56,Camera%2Fcontrol%20line%20discarded%3A%20too%20long,0,0.00,NA,0,0,0,0,0,0,NA,96
pico_reply,21:31:56,%AD%B5%AD%B5%B5%B5%B5%B6%B5%B5%B5%B6%B5%96%B5%B6%B5%D6%BD%D6%BD%F6%BD%F6%BD%F6%BD%D6%BD%D6%BD%F6%BD%F6%B5%F6%B5%B6%AD%D5%AD%D5%BE%20%B67%B6W%B6W%BE7%BE7%BEW%BEw%BEw%BEX%BE8%BE8%C68%BE7%BEW%C68%C67%CEw%BE7%BD%F7%AD%98%7CVd.t%B0%8C%F3%7C3k%8Fk%AEk%CFc%8Ek%EEd%20d%20lQ%7C%20%5B%20R%CBJ%8BBkB,0,0.00,NA,0,0,0,0,0,0,NA,96
camera,21:31:56,Camera%2Fcontrol%20line%20discarded%3A%20too%20long,0,0.00,NA,0,0,0,0,0,0,NA,96
camera,21:31:57,Camera%2Fcontrol%20line%20discarded%3A%20too%20long,0,0.00,NA,0,0,0,0,0,0,NA,96
camera,21:31:57,Camera%2Fcontrol%20line%20discarded%3A%20too%20long,0,0.00,NA,0,0,0,0,0,0,NA,96
camera,21:31:57,Camera%2Fcontrol%20line%20discarded%3A%20too%20long,0,0.00,NA,0,0,0,0,0,0,NA,96
camera,21:31:57,Camera%2Fcontrol%20line%20discarded%3A%20too%20long,0,0.00,NA,0,0,0,0,0,0,NA,96
pico_reply,21:31:57,%3A%28%3A%20%29%A7%21F%21E%21F%21%26%29%86%29%A71%E89%C89%C89e%29e%29f%21%86%29%85%29f%21f%29f%29f%21e%21e%29F%29E%29e%29e%29%C51%C71%E89%E89%E89%E72%202%202%209%E89%E89%E89%E89%E89%E79%C79%E79%E89%C89%E79%E79%E79%C89%E89%C89%E81%E89%E89%E8A%E8B%20B%20B%209%E89%C81%C81%A7%29%A6%29%A61%A71%A71%A71%A71%A71%A71%871%A71%A79%E81%A71%87%29%861%861%861%A69%A79%A71%C71%C79%C71%A71%861%861%A69%A79%A79%C79%C79%C79%E89%E8%3A%20%3A%20%3A%20%3A%20%3A%27B%28B%29%3A%28B%28B%29B%28B%28B%29B%28B%209%E89%E89%C79%A69%E79%E7A%C6A%C6A%C7A%C7A%C7B%20I%E8I%E8B,0,0.00,NA,0,0,0,0,0,0,NA,96
camera,21:31:57,Camera%2Fcontrol%20line%20discarded%3A%20too%20long,0,0.00,NA,0,0,0,0,0,0,NA,96
camera,21:31:57,Camera%2Fcontrol%20line%20discarded%3A%20too%20long,0,0.00,NA,0,0,0,0,0,0,NA,96
pico_reply,21:31:57,s%AD%94%A5%94%AD%95%AD%B5%AD%95%AD%B5%AD%95%AD%95%B5%B5%B5%B5%BD%D5%B5%95%B5%B5%B5%D6%B5%F6%BD%F6%BE%20%BD%F6%B6%20%B6%20%B67%BE%20%B6%20%B67%B66%B6%20%B6%20%B6%20%B67%BE7%B6W%B6W%B6W%BE7%BE7%BEW%BEW%BEW%C68%C68%C6%20%C67%C6%20%C68%C68%CE8%C68%C6X%C6%97%BE%B7%B6%F5%C7%20%96%3Bm5%9D%F5m%20t%F1%7Dud%B2%85T%7C%B5%7C%92tQc%AFcNR%CE%5BMJ%CCBJ%3Ai%3A%28BIBI1%E81%C71%88%29%27%21%87%29%E7%3A%2A%3A,0,0.00,NA,0,0,0,0,0,0,NA,96
pico_reply,21:31:57,%3A,0,0.00,NA,0,0,0,0,0,0,NA,96
camera,21:31:57,Camera%2Fcontrol%20line%20discarded%3A%20too%20long,0,0.00,NA,0,0,0,0,0,0,NA,96
pico_reply,21:31:57,slsms%CD%7CN%840%8CP%8CP%8C%91%8C%B0%94%D1%95%20%94%F2%A5s%A5%93%94%B4%8C%D2%A5%91%AD%95%A55%94%F3%A5%93%A5t%94%F2%9D%20%9C%F3%AD%94%ADu%AD%95%AD%94%AD%B4%B5%D4%B5%F6%AD%B5%AD%B5%AD%B6%AD%B5%B5%F5%AD%D5%AD%D5%B6%20%AD%F5%AD%D5%AD%D6%AD%B5%AD%95%A5%B4%A5%94%AD%94%AD%B5%AD%B5%AD%B5%AD%95%AD%95%B5%95%B5%B5%B5%B5%B5%B5%B5%B6%B5%B6%B5%B6%B5%D6%BD%F6%BD%F6%BE%20%BD%F7%BD%F7%BE%20%BE%20%BE%20%BE7%BE6%BE%20%B6%20%B66%BE6%BEW%BEW%B6W%B67%BE7%BE7%BEW%BEW%BEW%BE7%BE7%C67%C6W%C6W%CEX%CEX%CE8%C68%C6W%C6w%C6%D6%C6%F6%BE%F9u%B8%85%D2%85x%2F%B4t%D2uUm%20%85%20tT%7Cst%20s%F0%7B%8FcP%5BnS%2CR%ECK,0,0.00,NA,0,0,0,0,0,0,NA,96
camera,21:31:57,Camera%2Fcontrol%20line%20discarded%3A%20too%20long,0,0.00,NA,0,0,0,0,0,0,NA,96
camera,21:31:57,Camera%2Fcontrol%20line%20discarded%3A%20too%20long,0,0.00,NA,0,0,0,0,0,0,NA,96
camera,21:31:57,Camera%2Fcontrol%20line%20discarded%3A%20too%20long,0,0.00,NA,0,0,0,0,0,0,NA,96
pico_reply,21:31:57,%AD%95%B5%95%B5%B5%B5%B5%B5%B5%B5%B5%B5%B6%B5%B5%BD%D6%BD%D6%BD%D6%BD%D6%BD%F6%BD%F6%BD%F7%BD%F7%BE%20%BE7%B67%BEW%B6W%B67%BEW%BEW%B6W%BEW%BEW%BEW%BEW%BEW%BEW%BE7%C67%C6W%C6X%C6X%C6X%CEX%CEX%CEX%CEX%C6x%C6w%C6w%BEW%9E%99%86%20%AE%B9uz%7DRu%20l%F2t%B3%7C%D4%7Cr%7C2%8C%20%84%20t%20l%20k%F1%5B%90%5BOS%20J%CA%3Al2,0,0.00,NA,0,0,0,0,0,0,NA,96
camera,21:31:57,Camera%2Fcontrol%20line%20discarded%3A%20too%20long,0,0.00,NA,0,0,0,0,0,0,NA,96
camera,21:31:57,Camera%2Fcontrol%20line%20discarded%3A%20too%20long,0,0.00,NA,0,0,0,0,0,0,NA,96
camera,21:31:57,Camera%2Fcontrol%20line%20discarded%3A%20too%20long,0,0.00,NA,0,0,0,0,0,0,NA,96
camera,21:31:57,Camera%2Fcontrol%20line%20discarded%3A%20too%20long,0,0.00,NA,0,0,0,0,0,0,NA,96
pico_reply,21:31:57,%20J%20B%20ZiJ,0,0.00,NA,0,0,0,0,0,0,NA,96
camera,21:31:57,Camera%2Fcontrol%20line%20discarded%3A%20too%20long,0,0.00,NA,0,0,0,0,0,0,NA,96
pico_reply,21:31:57,B%ECS%20S%20Sf%29f%29f%29f%29e%21e%21e%21E%21e%21e%29e%29f%21E%29%A61%C8%29%E72%289%E89%E71%E8%3A%20B%209%E7B%20BIJIJi%3A%28BI1%E89%E79%C89%E71%E7%3A%209%E89%E72%20%3A%209%E8A%C79%C7B%20J%20J%20A%E8A%E8A%C8A%C79%C79%A71%871%861%871%871%861%A61%A71%A71%A71%C71%C61%871%861%861%869f1%869%E6JhB%29B%29Bi%3A%29B%29B%20%3A%20%3A%209%E89%E89%E89%E89%E7%3A%20%3A%20%3A%20%3A%20B%20B%20B%20B%20B%209%E89%E79%C79%A71%A69%A61%861%A69%861%859%A61%869%869%869%879%C69%C69%C7A%C7A%E7A%E7I%E8J%20RGRHJ%20J%20J%20J%20B%20B%20R%8AB,0,0.00,NA,0,0,0,0,0,0,NA,96
camera,21:31:57,Camera%2Fcontrol%20line%20discarded%3A%20too%20long,0,0.00,NA,0,0,0,0,0,0,NA,96
camera,21:31:57,Camera%2Fcontrol%20line%20discarded%3A%20too%20long,0,0.00,NA,0,0,0,0,0,0,NA,96
camera,21:31:57,Camera%2Fcontrol%20line%20discarded%3A%20too%20long,0,0.00,NA,0,0,0,0,0,0,NA,96
camera,21:31:57,Camera%2Fcontrol%20line%20discarded%3A%20too%20long,0,0.00,NA,0,0,0,0,0,0,NA,96
pico_reply,21:31:57,%BD%F6%BD%F6%BD%B6%B5%B5%B5%F5%BE6%BE6%BE6%BE6%BEV%BE6%B66%B66%BE7%B6W%BEW%BEW%BEW%BEW%BEW%BEW%BE7%C67%C68%C6%20%C6%20%CE8%CEX%CEX%C6w%CEw%CEx%CE%98%CE%98%CE%98%C6x%BD%D7%94%F8s%EFt%20c%CFk%CFs%EFt%20t%20t%20s%D0t%20tQlRtr%7CSt%20k%F1lrdq%5B%91R%EE9%E9%21%881%88%21%20%20%C6%20%E6%20%20%20%E5%20%E5%20%86%29%86%29%86%29f%29%86%29%86%21e%21E%21E%29e%29f%29f%29f1%C71%E7%3A%20%3A%289%C81%E72%20%5B,0,0.00,NA,0,0,0,0,0,0,NA,96
camera,21:31:57,Camera%2Fcontrol%20line%20discarded%3A%20too%20long,0,0.00,NA,0,0,0,0,0,0,NA,96
camera,21:31:57,Camera%2Fcontrol%20line%20discarded%3A%20too%20long,0,0.00,NA,0,0,0,0,0,0,NA,96
camera,21:31:57,Camera%2Fcontrol%20line%20discarded%3A%20too%20long,0,0.00,NA,0,0,0,0,0,0,NA,96
camera,21:31:57,Camera%2Fcontrol%20line%20discarded%3A%20too%20long,0,0.00,NA,0,0,0,0,0,0,NA,96
camera,21:31:57,Camera%2Fcontrol%20line%20discarded%3A%20too%20long,0,0.00,NA,0,0,0,0,0,0,NA,96
camera,21:31:57,Camera%2Fcontrol%20line%20discarded%3A%20too%20long,0,0.00,NA,0,0,0,0,0,0,NA,96
camera,21:31:57,Camera%2Fcontrol%20line%20discarded%3A%20too%20long,0,0.00,NA,0,0,0,0,0,0,NA,96
camera,21:31:57,Camera%2Fcontrol%20line%20discarded%3A%20too%20long,0,0.00,NA,0,0,0,0,0,0,NA,96
camera,21:31:57,Camera%2Fcontrol%20line%20discarded%3A%20too%20long,0,0.00,NA,0,0,0,0,0,0,NA,96
camera,21:31:57,Camera%2Fcontrol%20line%20discarded%3A%20too%20long,0,0.00,NA,0,0,0,0,0,0,NA,96
camera,21:31:57,Camera%2Fcontrol%20line%20discarded%3A%20too%20long,0,0.00,NA,0,0,0,0,0,0,NA,96
pico_reply,21:31:57,%9D%20%9D%20%9D3%9D3%A5S%A54%9DT%A53%A5S%A5t%A5t%A5t%A5t%A5t%A5t%A5%94%A5t%A5t%A5t%A5%94%A5%B4%AD%95%AD%95%AD%B5%AD%B5%B5%B5%AD%B5%B5%B5%B5%95%B5%95%B5%95%BD%B5%BD%B6%BD%D6%BD%F5%BD%F6%BD%F6%BD%F6%BD%F6%BD%F6%BD%F6%BD%F6%BE%20%B66%B66%BE7%BE6%BEV%BE7%BEW%BEW%B67%BEV%BE7%BE6%BE7%BE7%C6X%C6X%C6X%CEX%C67%C68%CE8%C68%CEx%CEx%CEx%CEx%CEx%CEx%CE%98%D6x%CEx%CEW%C6w%C66%A5wk%D1c%90k%AFs%AFs%EF%7C0t1t%20t%20t%20k%AFc%8Fc%CE%5B%8Ec%8DcJM%3A,0,0.00,NA,0,0,0,0,0,0,NA,96
camera,21:31:57,Camera%2Fcontrol%20line%20discarded%3A%20too%20long,0,0.00,NA,0,0,0,0,0,0,NA,96
camera,21:31:57,Camera%2Fcontrol%20line%20discarded%3A%20too%20long,0,0.00,NA,0,0,0,0,0,0,NA,96
camera,21:31:57,Camera%2Fcontrol%20line%20discarded%3A%20too%20long,0,0.00,NA,0,0,0,0,0,0,NA,96
camera,21:31:57,Camera%2Fcontrol%20line%20discarded%3A%20too%20long,0,0.00,NA,0,0,0,0,0,0,NA,96
pico_reply,21:31:57,%8ARIRHRIJ%28B%20B%27B%27B%20A%E7A%E7B%20A%E7A%E7A%C7A%C7A%E7A%E79%C79%C79%C7A%E79%E7A%E6A%E7A%C7A%E7B%20B%20B%20B%20B%20B%20A%E7A%E79%C7A%C7A%C79%A79%A79%C79%A69%A69%C6A%C79%A79%C79%C79%C79%C79%E79%C7A%E7A%E7A%E7A%E7A%E8A%E89%A7RHRiR%8Ac%2Bkls%AC%7B%ED%7B%EF%84%2F%84O%84O%84P%84P%84P%8Cp%8Cp%84%B0%8C%B1%84%B1%84%B1%8C%B1%94%B1%8C%B1%8C%B1%94%D2%94%D2%94%D2%8C%F2%94%F2%94%D2%9C%F2%9C%F2%9C%F2%9D%20%9D%20%9D%20%9D3%A5%20%A53%9DS%9DS%A5S%A5S%A5S%A5S%A5S%A5T%A5t%A5T%A5t%A5t%A5t%A5%94%A5t%A5t%AD%94%AD%94%AD%95%AD%95%AD%94%AD%94%AD%B5%B5%B5%B5%B5%B5%B5%B5%D5%B5%D5%B5%D5%BD%B6,0,0.00,NA,0,0,0,0,0,0,NA,96
camera,21:31:58,Camera%2Fcontrol%20line%20discarded%3A%20too%20long,0,0.00,NA,0,0,0,0,0,0,NA,96
pico_reply,21:31:58,%7B%EFt%20%84O%840%84P%84O%84P%84P%84P%8Cp%8Cp%84%B0%8C%B0%8C%B1%8C%B1%8C%B1%94%B1%8C%B1%8C%B1%94%D1%94%D2%94%D2%94%F2%94%F2%94%F2%94%F2%9C%F2%9C%F2%9D%20%9D%20%9D3%9D%20%A5%20%A53%A5S%9DT%A54%A5T%A5t%A5S%A5S%A5S%A5s%A5T%A5t%A5t%A5t%A5t%A5t%A5%94%AD%94%AD%94%AD%94%AD%94%AD%94%AD%B5%AD%B5%B5%95%B5%B6%B5%B5%B5%D5%B5%D6%B5%D6%BD%B6%BD%D6%BD%D6%BD%F5%BD%F6%BD%F6%BD%F6%BE%20%B6%20%BE%20%B6%20%BE6%B6V%B6V%BEW%BE7%BE7%BEW%BE6%BE7%BE7%BE7%BE7%BE7%BE7%C6W%C6W%CE7%C68%C68%C68%C68%C68%D6%99%CEY%C6X%CE%B8%D6%B9%CE%98%CE%B8%CE%B9%D6%99%D6%B8%CE%98%CE%98%CE%98%C6y%95%20k%B1k%CFk%D0k%EFt%20t0t%20t%20t%20t%20l%20s%EFs%D0c%2FBM%3A,0,0.00,NA,0,0,0,0,0,0,NA,96
pico_reply,21:31:58,%3A%2BBkB%8CJ%AC%3AlBk%3A%2A2%291%E91%E81%E81f1f%29f%29%851%A6%29%85%29e%29e%29e%29f%29%859%E71%C8%3A%209%E91%E8%3A%209%E89%E8%3A%20%3A%28%3A%20%3A%20%3A%20%3A%20%3A%20B%20JIR%CB1%EA%3A%20%3A%209%E8%3A%209%E89%E89%E8%3A%20%3A%209%E89%E8%3A%20B%20B%20J%20R%20R%20I%E9J%20I%E8A%E8B%20A%E89%C8A%E7A%E7A%E8B%20B%28B%20%3A%20B%20B%20%3A%20%3A%20B%20%3A%20JI%3A%89J%A8JlA%E9A%E8A%E9B%20B%20B%209%E79%E79%E79%A79%C71%A71%861%A61%86%29%A6%29%861%861%861%861%861%A61%861%A61%A69%A61%A69%A69%A61%A69%869%869%86A%A6A%C7A%C7B%27J%28BHJhJIJiJ%8AJjR%89R,0,0.00,NA,0,0,0,0,0,0,NA,96
camera,21:31:58,Camera%2Fcontrol%20line%20discarded%3A%20too%20long,0,0.00,NA,0,0,0,0,0,0,NA,96
camera,21:31:58,Camera%2Fcontrol%20line%20discarded%3A%20too%20long,0,0.00,NA,0,0,0,0,0,0,NA,96
camera,21:31:58,Camera%2Fcontrol%20line%20discarded%3A%20too%20long,0,0.00,NA,0,0,0,0,0,0,NA,96
camera,21:31:58,Camera%2Fcontrol%20line%20discarded%3A%20too%20long,0,0.00,NA,0,0,0,0,0,0,NA,96
camera,21:31:58,Camera%2Fcontrol%20line%20discarded%3A%20too%20long,0,0.00,NA,0,0,0,0,0,0,NA,96
camera,21:31:58,Camera%2Fcontrol%20line%20discarded%3A%20too%20long,0,0.00,NA,0,0,0,0,0,0,NA,96
camera,21:31:58,Camera%2Fcontrol%20line%20discarded%3A%20too%20long,0,0.00,NA,0,0,0,0,0,0,NA,96
camera,21:31:58,Camera%2Fcontrol%20line%20discarded%3A%20too%20long,0,0.00,NA,0,0,0,0,0,0,NA,96
camera,21:31:58,Camera%2Fcontrol%20line%20discarded%3A%20too%20long,0,0.00,NA,0,0,0,0,0,0,NA,96
camera,21:31:58,Camera%2Fcontrol%20line%20discarded%3A%20too%20long,0,0.00,NA,0,0,0,0,0,0,NA,96
camera,21:31:58,Camera%2Fcontrol%20line%20discarded%3A%20too%20long,0,0.00,NA,0,0,0,0,0,0,NA,96
camera,21:31:58,Camera%2Fcontrol%20line%20discarded%3A%20too%20long,0,0.00,NA,0,0,0,0,0,0,NA,96
camera,21:31:58,Camera%2Fcontrol%20line%20discarded%3A%20too%20long,0,0.00,NA,0,0,0,0,0,0,NA,96
camera,21:31:58,Camera%2Fcontrol%20line%20discarded%3A%20too%20long,0,0.00,NA,0,0,0,0,0,0,NA,96
camera,21:31:58,Camera%2Fcontrol%20line%20discarded%3A%20too%20long,0,0.00,NA,0,0,0,0,0,0,NA,96
camera,21:31:58,Camera%2Fcontrol%20line%20discarded%3A%20too%20long,0,0.00,NA,0,0,0,0,0,0,NA,96
camera,21:31:58,Camera%2Fcontrol%20line%20discarded%3A%20too%20long,0,0.00,NA,0,0,0,0,0,0,NA,96
camera,21:31:58,Camera%2Fcontrol%20line%20discarded%3A%20too%20long,0,0.00,NA,0,0,0,0,0,0,NA,96
camera,21:31:58,Camera%2Fcontrol%20line%20discarded%3A%20too%20long,0,0.00,NA,0,0,0,0,0,0,NA,96
camera,21:31:58,Camera%2Fcontrol%20line%20discarded%3A%20too%20long,0,0.00,NA,0,0,0,0,0,0,NA,96
camera,21:31:58,Camera%2Fcontrol%20line%20discarded%3A%20too%20long,0,0.00,NA,0,0,0,0,0,0,NA,96
camera,21:31:58,Camera%2Fcontrol%20line%20discarded%3A%20too%20long,0,0.00,NA,0,0,0,0,0,0,NA,96
camera,21:31:58,Camera%2Fcontrol%20line%20discarded%3A%20too%20long,0,0.00,NA,0,0,0,0,0,0,NA,96
camera,21:31:58,Camera%2Fcontrol%20line%20discarded%3A%20too%20long,0,0.00,NA,0,0,0,0,0,0,NA,96
pico_reply,21:31:58,%84%94%84%94%84%94%84%D4%7C%B4ts%7Cs%7Cs%7Cs%84s%84s%84f%29f%29f%29f%29%851%A5%3A%201%889%E8%3A%20%3AHB%29BI%3A%20B%29BjBjJjJjJJB%8AJ%CAR%ED%3A,0,0.00,NA,0,0,0,0,0,0,NA,96
pico_reply,21:31:58,%3A%20%3A%209%E8%3A%20%3A%20%3A%20%3A%20%3A%20B%20%3A%20%3A%20%3A%20%3A%20%3A%209%E8B%28%3A%20%3A%20%3A%20%3A%20%3A%20%3A%20B%28%3A%20%3A%20%3A%209%E7%3A%20%3A%20%3A%20%3A%20%3A%20%3A%20%3A%20%3A%20%3A%20%3A%20%3A%28B%28B%20B%20B%209%E89%C79%C79%C71%A61%871%871%871%87%29g%29%861f1%861%861f%29e%29e%29e1f1f1f1f1%861%879%A6A%C6A%C7A%E8J%20JIJ%28J%29BIBIBHJHBhBiJIJIJIJiJiJiBiJiJ%89R%8AZ%AAJ%29BHB%20A%E89%E89%E79%C79%C79%C79%C79%C79%C79%C7A%C79%C7A%E7B%20J%28J%28RhZiZiZjbjZ%8AZ%8AZ%8AZ%89ZIRIZiZ,0,0.00,NA,0,0,0,0,0,0,NA,96
camera,21:31:58,Camera%2Fcontrol%20line%20discarded%3A%20too%20long,0,0.00,NA,0,0,0,0,0,0,NA,96
pico_reply,21:31:58,B%8AB%8ABjJk9%E9B%20B%209%E8%3A%20%3A%20%3A%20%3A%28%3A%20%3A%20%3A%209%E8%3A%20%3A%20%3A%209%E89%C7%3A%20%3A%20%3A%20%3A%20%3A%20%3A%20%3A%20B%289%E8%3A%20%3A%20%3A%20%3A%20%3A%20%3A%20%3A%209%E8%3A%20B%20%3A%20%3A%28B%28B%29B%20B%20B%209%E79%A71%A71%A61%861%861%871%871%87%29g1%861%861%A61%861f1%86%29%86%29f1f1f1f1f1%861f9%A6A%C6A%E7B%20B%28J%29J%28B%29BIJ%29BHJhBiBIJIJIJIJIJiB%89BiJiJjJJRJB%20B%28B%209%E89%A79%A69%C69%C79%A79%A79%A79%C79%C79%A79%C7A%C7I%E8J%28R%28ZIZiZ%89b%8Ab%8Ab%CAb%CAb%8ARHZiZiRIZ,0,0.00,NA,0,0,0,0,0,0,NA,96
camera,21:31:58,Camera%2Fcontrol%20line%20discarded%3A%20too%20long,0,0.00,NA,0,0,0,0,0,0,NA,96
camera,21:31:58,Camera%2Fcontrol%20line%20discarded%3A%20too%20long,0,0.00,NA,0,0,0,0,0,0,NA,96
camera,21:31:58,Camera%2Fcontrol%20line%20discarded%3A%20too%20long,0,0.00,NA,0,0,0,0,0,0,NA,96
camera,21:31:58,Camera%2Fcontrol%20line%20discarded%3A%20too%20long,0,0.00,NA,0,0,0,0,0,0,NA,96
pico_reply,21:31:58,%9D%EF%9D%EF%BD%EF%FD%EF%FE%EF%FE%F7%DD%F7%FD%F7%FD%EF%DD%EF%9C%DF%20%DF%20%D6%FA%DF%20%DF%20%DE%FA%D7%20%DE%F9%CEy%C6x%8C%B7s%EFs%EFs%F0cp%3A%CDl.%954%84%D5%7C%D4%84%D4%84%D4%8C%F4%84%D4%84%D5%7CS%7Cs%7C%93%84%B4%84%94%7C%94%7Cs%84S%84S%84%86%29e%29f%29f%29%86%29%861%C69%C8%3A%20%3A%289%E9%3A%209%E8J%89BkB%8AJ%8AJjJjBjBiBiBH%3A%20B%20%3A%20%3A%20%3A%20%3A%20%3A%20%3A%28%3A%28%3A%28%3A%20%3A%20%3A%20%3A%20%3A%20%3A%20%3A%20B%20%3A%20%3A%209%E8B%27%3A%20%3A%20B%20%3A%20%3A%20%3A%28%3A%28B%20%3A%20%3A%20%3A%209%E89%E89%E8%3A%20B%28B%29%3A%20%3A%279%C79%A79%A71%871%861%861%861%A61%A69%C7%29%861%861f%29%86%29%861f1f%29f%29f,0,0.00,NA,0,0,0,0,0,0,NA,96
pico_reply,21:31:58,c%20kKs%2C%7B%20%7B%2CZ%AA%A5%9C%D3ZKb,0,0.00,NA,0,0,0,0,0,0,NA,96
camera,21:31:58,Camera%2Fcontrol%20line%20discarded%3A%20too%20long,0,0.00,NA,0,0,0,0,0,0,NA,96
pico_reply,21:31:58,JjJ%8AJIB%29%3A%20%3A%28B%29B%20%3A%20A%E8%3A%20%3A%20%3A%28%3A%28%3A%20%3A%20%3A%20%3A%20%3A%20%3A%209%E8%3A%20B%20B%20%3A%20%3A%20B%20%3A%20B%20B%28%3A%28B%20%3A%20%3A%28%3A%20%3A%20%3A%20A%E8%3A%20B%20%3A%20%3A%20B%29B%299%E89%E79%C71%871%861%A61%86%29%86%29%861%861%871%871%861%861f1%861%861%861f1f%29%861f1e1f1F9%86A%A69%C69%C6A%E7B%20B%28B%28B%28B%28BHJ%29J%29BHJiJIB%29J%89JIJIBIJIJiJiJiJiB%2AB%20B%289%C79%C79%C79%A79%A79%A79%A79%A79%A7A%879%A79%C79%C7A%C7I%E7I%E8RHJ%29Z%88b%EAs%2Bk%20k%20r%ECb%AD%7CJ%FF%95%BD%BEZLj,0,0.00,NA,0,0,0,0,0,0,NA,96
camera,21:31:58,Camera%2Fcontrol%20line%20discarded%3A%20too%20long,0,0.00,NA,0,0,0,0,0,0,NA,96
camera,21:31:58,Camera%2Fcontrol%20line%20discarded%3A%20too%20long,0,0.00,NA,0,0,0,0,0,0,NA,96
camera,21:31:58,Camera%2Fcontrol%20line%20discarded%3A%20too%20long,0,0.00,NA,0,0,0,0,0,0,NA,96
camera,21:31:58,Camera%2Fcontrol%20line%20discarded%3A%20too%20long,0,0.00,NA,0,0,0,0,0,0,NA,96
camera,21:31:58,Camera%2Fcontrol%20line%20discarded%3A%20too%20long,0,0.00,NA,0,0,0,0,0,0,NA,96
camera,21:31:58,Camera%2Fcontrol%20line%20discarded%3A%20too%20long,0,0.00,NA,0,0,0,0,0,0,NA,96
camera,21:31:59,Camera%2Fcontrol%20line%20discarded%3A%20too%20long,0,0.00,NA,0,0,0,0,0,0,NA,96
pico_reply,21:31:59,%A5S%A5T%A5T%A5t%A5t%A5t%A5t%A5%94%A5t%A5t%AD%94%AD%D5%AD%B5%AD%95%AD%B5%B5%B5%B5%D5%B5%D5%B5%D6%B5%D6%B5%F6%BD%F6%BD%D6%BD%F6%BD%F6%BD%F6%C6%20%C6%20%C6%20%C6W%C6w%CEw%BEW%C6W%C6w%BEw%C6w%C6%97%C6x%BEX%BEX%BE%97%CF%20%CF%3A%D7%5B%D7%20%D7%3B%CE%FC%CE%FB%DF%3B%DF%2F%DF%2F%E7%5D%E7%7D%E7%7D%E7%7D%E7%9D%EF%9D%EF%9D%EF%BE%EF%BD%EF%BD%EF%DE%F7%FE%F7%FF%F7%FF%F7%FF%F7%FE%F7%FF%F7%FF%F7%FF%FF%FF%FF%FE%FF%FE%F7%DE%E7%3B%E79%DF9%DE%FA%D6%FA%D6%FA%DE%F9%DF9%E7y%CE%5B%8C%D9S%20%5Bo%7C%90%95U%8D%20%84%F5%84%F5%84%F5%84%D5%84%B4%84%B4%84%D4%7C%D5%7C%D4%84%D4%84%D4%84%B4%7C%B4%84%93%8C%D4%8C%B3%8C%B3%8C%86%29%86%29f%29f%29%861%C69%E9%3A%20B%29%3A,0,0.00,NA,0,0,0,0,0,0,NA,96
camera,21:31:59,Camera%2Fcontrol%20line%20discarded%3A%20too%20long,0,0.00,NA,0,0,0,0,0,0,NA,96
pico_reply,21:31:59,%20%A5%20%A5%20%9D%20%9D%20%9D%20%9D3%9D3%A5S%A5S%A5T%9DT%A5T%A5t%A5t%A5t%A5%94%A5%B4%AD%D5%AD%B5%AD%B5%AD%B5%AD%B5%AD%95%B5%B5%B5%B5%B5%D5%B5%D6%B5%D6%B5%F6%B5%F6%B5%F6%BD%F7%BD%F7%BE%20%C6%20%BE%20%BE7%C67%C6W%C6W%C6X%BEW%C6W%C6x%C6x%C6x%C6x%BEx%C6%98%C6%D9%C6%D9%C6%FA%CF%20%CF%3B%D7%3B%D7%20%D7%20%D7%3C%DF%7C%E7%7D%E7%7D%E7%2F%E7%7D%E7%7D%EF%7D%EF%7D%EF%9D%EF%9E%EF%BE%EF%DE%EF%DE%F7%DE%F7%FE%F7%FF%F7%FF%F7%FF%FF%FF%F7%FE%F7%FF%F7%FF%FF%FF%FF%FF%F7%FE%F7%FE%E7%5D%DF%3A%DF%20%DF%20%DF%20%DF%3A%DF%20%DF%20%E7Z%D6%BB%95%20Kqc%CE%95T%8D%20%8D%20%8C%F5%8C%F5%84%F5%8C%F5%8C%D5%84%B5%84%B4%7C%B5%7C%D4%84%D4%84%D5%84%B4%84%D4%84%B4%8C%B4%8C%94%8C%94%8C%86%29%86%29%85%29%85%29f1%C79%E8%3A%20B%29B,0,0.00,NA,0,0,0,0,0,0,NA,96
pico_reply,21:31:59,%3A%20%3A%20BIJ%AA%3A%29J%8AJjJkJ%8BJjB%29B%29%3AH%3AH%3A%29%3A%28%3A%20%3A%28%3A%28%3A%20%3A%20%3A%20B%20B%20%3A%28B%A8J%AAB%2BB%20B%20B%209%E8B%20%3A%28%3A%28%3A%28%3A%20%3A%20%3A%20%3A%20B%20A%E8B%20A%E8B%29B%29%3A%20B%20A%C89%C71%C79%C81%871%A71%871%86%29%86%29%861%861f1%861f1%861%861f%29f1f1f1f1f1%85A%C79%C89%A7A%E7B%27B%27B%28B%20J%20B%28B%28B%28B%28BHBHBHBIJ%29BHBIBIBhBiBIJHJIJIJIBiJ%29B%20A%E89%E89%C79%C79%C79%A71%A71%A79%E79%C89%C79%A79%A69%A79fA%C69%C79%A7B%28R%88%5B%2A%5B,0,0.00,NA,0,0,0,0,0,0,NA,96
camera,21:31:59,Camera%2Fcontrol%20line%20discarded%3A%20too%20long,0,0.00,NA,0,0,0,0,0,0,NA,96
camera,21:31:59,Camera%2Fcontrol%20line%20discarded%3A%20too%20long,0,0.00,NA,0,0,0,0,0,0,NA,96
camera,21:31:59,Camera%2Fcontrol%20line%20discarded%3A%20too%20long,0,0.00,NA,0,0,0,0,0,0,NA,96
camera,21:31:59,Camera%2Fcontrol%20line%20discarded%3A%20too%20long,0,0.00,NA,0,0,0,0,0,0,NA,96
camera,21:31:59,Camera%2Fcontrol%20line%20discarded%3A%20too%20long,0,0.00,NA,0,0,0,0,0,0,NA,96
camera,21:31:59,Camera%2Fcontrol%20line%20discarded%3A%20too%20long,0,0.00,NA,0,0,0,0,0,0,NA,96
camera,21:31:59,Camera%2Fcontrol%20line%20discarded%3A%20too%20long,0,0.00,NA,0,0,0,0,0,0,NA,96
camera,21:31:59,Camera%2Fcontrol%20line%20discarded%3A%20too%20long,0,0.00,NA,0,0,0,0,0,0,NA,96
pico_reply,21:31:59,c%3D726,0,0.00,NA,0,0,0,0,0,0,NA,96
pico_reply,21:31:59,FRAME_STREAM%2C320%2C240%2CRGB565%2C153600%2C82e9a442,0,0.00,NA,0,0,0,0,0,0,NA,96
camera,21:31:59,Camera%2Fcontrol%20line%20discarded%3A%20too%20long,0,0.00,NA,0,0,0,0,0,0,NA,96
pico_reply,21:31:59,%8BJkJ%8AJ%ABR%8AR%8AJjBjJ%8BJ%8BBiJ%8AJ%8AJjJJJ%8AJ%AAJ%8AJ%29JkJkJkJkJJB%2AB%2AB%29BIBIJ%8AJJJ%8BB%29BJJ%2AB,0,0.00,NA,0,0,0,0,0,0,NA,96
pico_reply,21:31:59,B,0,0.00,NA,0,0,0,0,0,0,NA,96
pico_reply,21:31:59,B,0,0.00,NA,0,0,0,0,0,0,NA,96
pico_reply,21:31:59,B%20B%29JiJjB%2AJ%8BBJJ%2AB%2AB%29B%29BI%3A%29B%2AJJJJ%3AJ%3A%20%3A%20%3AIBjB%29B%29%3A%20B%20B,0,0.00,NA,0,0,0,0,0,0,NA,96
camera,21:31:59,Camera%2Fcontrol%20line%20discarded%3A%20too%20long,0,0.00,NA,0,0,0,0,0,0,NA,96
camera,21:31:59,Camera%2Fcontrol%20line%20discarded%3A%20too%20long,0,0.00,NA,0,0,0,0,0,0,NA,96
camera,21:31:59,Camera%2Fcontrol%20line%20discarded%3A%20too%20long,0,0.00,NA,0,0,0,0,0,0,NA,96
camera,21:31:59,Camera%2Fcontrol%20line%20discarded%3A%20too%20long,0,0.00,NA,0,0,0,0,0,0,NA,96
camera,21:31:59,Camera%2Fcontrol%20line%20discarded%3A%20too%20long,0,0.00,NA,0,0,0,0,0,0,NA,96
camera,21:31:59,Camera%2Fcontrol%20line%20discarded%3A%20too%20long,0,0.00,NA,0,0,0,0,0,0,NA,96
camera,21:31:59,Camera%2Fcontrol%20line%20discarded%3A%20too%20long,0,0.00,NA,0,0,0,0,0,0,NA,96
camera,21:31:59,Camera%2Fcontrol%20line%20discarded%3A%20too%20long,0,0.00,NA,0,0,0,0,0,0,NA,96
camera,21:31:59,Camera%2Fcontrol%20line%20discarded%3A%20too%20long,0,0.00,NA,0,0,0,0,0,0,NA,96
camera,21:31:59,Camera%2Fcontrol%20line%20discarded%3A%20too%20long,0,0.00,NA,0,0,0,0,0,0,NA,96
camera,21:31:59,Camera%2Fcontrol%20line%20discarded%3A%20too%20long,0,0.00,NA,0,0,0,0,0,0,NA,96
camera,21:31:59,Camera%2Fcontrol%20line%20discarded%3A%20too%20long,0,0.00,NA,0,0,0,0,0,0,NA,96
camera,21:31:59,Camera%2Fcontrol%20line%20discarded%3A%20too%20long,0,0.00,NA,0,0,0,0,0,0,NA,96
camera,21:31:59,Camera%2Fcontrol%20line%20discarded%3A%20too%20long,0,0.00,NA,0,0,0,0,0,0,NA,96
camera,21:31:59,Camera%2Fcontrol%20line%20discarded%3A%20too%20long,0,0.00,NA,0,0,0,0,0,0,NA,96
camera,21:31:59,Camera%2Fcontrol%20line%20discarded%3A%20too%20long,0,0.00,NA,0,0,0,0,0,0,NA,96
camera,21:31:59,Camera%2Fcontrol%20line%20discarded%3A%20too%20long,0,0.00,NA,0,0,0,0,0,0,NA,96
camera,21:31:59,Camera%2Fcontrol%20line%20discarded%3A%20too%20long,0,0.00,NA,0,0,0,0,0,0,NA,96
camera,21:31:59,Camera%2Fcontrol%20line%20discarded%3A%20too%20long,0,0.00,NA,0,0,0,0,0,0,NA,96
camera,21:31:59,Camera%2Fcontrol%20line%20discarded%3A%20too%20long,0,0.00,NA,0,0,0,0,0,0,NA,96
camera,21:31:59,Camera%2Fcontrol%20line%20discarded%3A%20too%20long,0,0.00,NA,0,0,0,0,0,0,NA,96
camera,21:31:59,Camera%2Fcontrol%20line%20discarded%3A%20too%20long,0,0.00,NA,0,0,0,0,0,0,NA,96
camera,21:31:59,Camera%2Fcontrol%20line%20discarded%3A%20too%20long,0,0.00,NA,0,0,0,0,0,0,NA,96
camera,21:31:59,Camera%2Fcontrol%20line%20discarded%3A%20too%20long,0,0.00,NA,0,0,0,0,0,0,NA,96
camera,21:31:59,Camera%2Fcontrol%20line%20discarded%3A%20too%20long,0,0.00,NA,0,0,0,0,0,0,NA,96
pico_reply,21:31:59,%FF%FF%FF%FF%FF%FF%FF%FF%FF%FF%FF%FF%FF%FF%FF%FF%FE%F7%FD%EF%BD%CE%9B%C6%20%9D%20%841kPR%CDR%2C1L9%8A9%ABB,0,0.00,NA,0,0,0,0,0,0,NA,96
camera,21:31:59,Camera%2Fcontrol%20line%20discarded%3A%20too%20long,0,0.00,NA,0,0,0,0,0,0,NA,96
camera,21:32:00,Camera%2Fcontrol%20line%20discarded%3A%20too%20long,0,0.00,NA,0,0,0,0,0,0,NA,96
camera,21:32:00,Camera%2Fcontrol%20line%20discarded%3A%20too%20long,0,0.00,NA,0,0,0,0,0,0,NA,96
camera,21:32:00,Camera%2Fcontrol%20line%20discarded%3A%20too%20long,0,0.00,NA,0,0,0,0,0,0,NA,96
camera,21:32:00,Camera%2Fcontrol%20line%20discarded%3A%20too%20long,0,0.00,NA,0,0,0,0,0,0,NA,96
camera,21:32:00,Camera%2Fcontrol%20line%20discarded%3A%20too%20long,0,0.00,NA,0,0,0,0,0,0,NA,96
pico_reply,21:32:00,%8AJ%89J%89J%89R%8AJjRiJ%89J%89J%8AJ%89J%89J%89RjJjB%A9J%C9R%AAR%AAJiJiJ%89J%A9J%89R%A9JiR%89R%A9R%89R%8AJ%AAR%89R%89R%89R%88R%8ARiZiZJZJZ%29ZJR%20Z%20Q%C9Z%20R%28Y%E8r%2Aj%20a%E8jHji%7B%29%8B%CB%A4%CE%AD%B0%C6%92%EFy%FF%FE%FF%FF%FF%FF%FF%FF%FF%FF%FF%FF%FF%FF%FF%FF%FF%FF%FF%FF%FF%FF%FF%FF%FF%FF%FF%FF%FF%FF%FF%FF%FF%FF%FF%FF%FF%FF%FF%FF%FF%FF%FF%FF%F7%FE%E7%9E%D7%20%CE%99%BD%D8%9C%F3%8CR%83%F1k%20b%8EJI%EBA%8CA%AAA%AAA%CAI%CAI%CBR,0,0.00,NA,0,0,0,0,0,0,NA,96
camera,21:32:00,Camera%2Fcontrol%20line%20discarded%3A%20too%20long,0,0.00,NA,0,0,0,0,0,0,NA,96
camera,21:32:00,Camera%2Fcontrol%20line%20discarded%3A%20too%20long,0,0.00,NA,0,0,0,0,0,0,NA,96
camera,21:32:00,Camera%2Fcontrol%20line%20discarded%3A%20too%20long,0,0.00,NA,0,0,0,0,0,0,NA,96
pico_reply,21:32:00,Y%87Y%C8a%E7ji%8B%8A%8CL%A5%8D%F7%D6%F7%DB%F7%DE%FF%FF%FF%FF%FF%FF%FF%FF%FF%FF%FF%FF%FF%FF%FF%FF%FF%FF%FF%FF%FF%FF%FF%FF%FF%FF%FF%FF%FF%FF%FF%3F%FF%9E%EF%BD%F7%BC%CE%3D%AD%20%B54%9Cr%8B%B1%83pz%EEbmY%EBI%ABQ%ABQ%ABIkI%89Q%E9Z,0,0.00,NA,0,0,0,0,0,0,NA,96
camera,21:32:00,Camera%2Fcontrol%20line%20discarded%3A%20too%20long,0,0.00,NA,0,0,0,0,0,0,NA,96
camera,21:32:00,Camera%2Fcontrol%20line%20discarded%3A%20too%20long,0,0.00,NA,0,0,0,0,0,0,NA,96
camera,21:32:00,Camera%2Fcontrol%20line%20discarded%3A%20too%20long,0,0.00,NA,0,0,0,0,0,0,NA,96
camera,21:32:00,Camera%2Fcontrol%20line%20discarded%3A%20too%20long,0,0.00,NA,0,0,0,0,0,0,NA,96
camera,21:32:00,Camera%2Fcontrol%20line%20discarded%3A%20too%20long,0,0.00,NA,0,0,0,0,0,0,NA,96
camera,21:32:00,Camera%2Fcontrol%20line%20discarded%3A%20too%20long,0,0.00,NA,0,0,0,0,0,0,NA,96
camera,21:32:00,Camera%2Fcontrol%20line%20discarded%3A%20too%20long,0,0.00,NA,0,0,0,0,0,0,NA,96
pico_reply,21:32:00,%A9%3A%2AJ,0,0.00,NA,0,0,0,0,0,0,NA,96
camera,21:32:00,Camera%2Fcontrol%20line%20discarded%3A%20too%20long,0,0.00,NA,0,0,0,0,0,0,NA,96
camera,21:32:00,Camera%2Fcontrol%20line%20discarded%3A%20too%20long,0,0.00,NA,0,0,0,0,0,0,NA,96
pico_reply,21:32:00,%20%20%21%20%21%20%21%20%21%20%21%20%21%20%21%24%21%24%29%24%21%25%21D%29D%21E%21E%21D%21D%21D%21D%21E%29E%21E%21E%29D%29E%29e%29e%29e%29e%29e%29f%29e%29%851%861%861%86%29%A61%A61%A61%A61%A61%A61%C61%C61%C69%E69%E79%E79%E79%C79%E79%E79%E79%E79%E7%3A%209%E79%E7%3A%20%3A%20B%20%3A%20%3A%20A%E8B%28%3A%27B%28B%28B%28B%20B%28B%28B%28BIBHJIJHJHBHBHJHJiJIJiJiJiJiJiJiJ%89RiJiJiR%89JhR%89R%CAZ%EAZ%EBZ%EB%5B%20c%20b%ECZ%CBZ%CAZ%8AZjR%2AQ%E9ZJZIZ,0,0.00,NA,0,0,0,0,0,0,NA,96
camera,21:32:00,Camera%2Fcontrol%20line%20discarded%3A%20too%20long,0,0.00,NA,0,0,0,0,0,0,NA,96
pico_reply,21:32:00,%20%E3%20%C3%20%E3%20%E3%20%E3%20%E3%20%E4%20%20%20%20%20%E4%20%20%20%20%20%E4%20%20%20%20%20%20%20%20%21%20%21%20%20%20%21%20%21%20%21%20%21%24%21%25%21%25%21%24%21D%21%25%21E%21D%21D%21D%21D%21E%21E%21E%21E%21d%29E%29E%29e%29e%29e%29e%29e%29e%29%85%29%851%861%86%29%86%29%A51%C61%A61%A61%A61%A61%C61%C61%E61%C69%C71%C71%A79%C79%C79%E79%E71%E79%E79%E79%E89%E7%3A%20%3A%20B%20%3A%20%3A%20B%20B%20BHB%28B%28B%28B%28B%28B%28B%28BHBHJHJHBHBHBIJIJiJhJiJiJiJiJ%89JiJiR%89JjJ%89J%89Z%EBR%AAR%CAR%EBR%EBZ%ECJ%CCR%CBZ%CCZjZJZ%20Z%28Y%E8bIr%A9%7B,0,0.00,NA,0,0,0,0,0,0,NA,96
pico_reply,21:32:00,%7B%2B%94m%AD%AF%C6R%CF5%D7W%E7%FA%EF%FC%EF%DD%E7%9D%F7%FF%F7%BF%D6%BD%D6%BC%D6%7C%BE%20%BD%D9%C5%F8%B5%98%B5%96%BD%D6%C66%C6%20%B5%96%B5%95%C6%20%BD%D7%BD%D5%C6%20%CE7%BD%F7%C66%CEw%CEx%C6x%C6w%CEX%CEX%CEW%CEx%CEx%CE%98%DE%3C%BE%5D%84%97%8C%D8%94%D9%94%98%84W%8Cv%7C6%7B%F4%7B%B3ssk2kQk%20k%20Z%EEb%CFZ%CFZ%ADZmRnRLR%2CI%CCI%EBI%EAR%2AI%EBQ%E9I%C9I%A9I%A9I%C9B%20R%29RJJ%20R,0,0.00,NA,0,0,0,0,0,0,NA,96
pico_reply,21:32:00,R,0,0.00,NA,0,0,0,0,0,0,NA,96
pico_reply,21:32:00,R%29RIZjJ%29A%E9B%20R%88RIZIB%20B%20Z%8AJ,0,0.00,NA,0,0,0,0,0,0,NA,96
pico_reply,21:32:00,B%28J%20J%20J%28RHRIRiRjRJRjRiZ%8AR%89Z%A9Z%8AZ%ABZ%CBZ%AAb%ABb%ABj%E9sK%BD%20%B4%B4%AC%B2%B4%B1%B4%B1%B4%D0%C5%D1%F7%20%FF%5B%9C%20s-%B4%F0%C4%B3%C4%93%CD%20%D5q%D5%F2%D6%F4%F7%F7%FF%FD%CD%DDZ%2FB,0,0.00,NA,0,0,0,0,0,0,NA,96
camera,21:32:00,Camera%2Fcontrol%20line%20discarded%3A%20too%20long,0,0.00,NA,0,0,0,0,0,0,NA,96
pico_reply,21:32:00,%BD%B7%B5x%B5%96%C5%F6%BD%D8%BD%B6%BD%D6%C6%20%BD%F7%C67%C6X%C68%C6%20%BE%20%C67%C6%20%BD%F7%C6%20%C67%BE%20%CEW%D6%98%C6x%C6W%CEx%CEy%C68%CEx%D6X%CEX%CEW%DEzJUR%ABJ%8DR%8DBMR%ACJnJLJLJLR%8CJ%8CJ%8CR%ACR%8BJkB,0,0.00,NA,0,0,0,0,0,0,NA,96
pico_reply,21:32:00,B%2AJ%2BB%20B%2BJ%2BA%EBJ%2AJ%2AB%2AJ%29RKJ,0,0.00,NA,0,0,0,0,0,0,NA,96
pico_reply,21:32:00,A%EAB,0,0.00,NA,0,0,0,0,0,0,NA,96
camera,21:32:00,Camera%2Fcontrol%20line%20discarded%3A%20too%20long,0,0.00,NA,0,0,0,0,0,0,NA,96
camera,21:32:00,Camera%2Fcontrol%20line%20discarded%3A%20too%20long,0,0.00,NA,0,0,0,0,0,0,NA,96
camera,21:32:00,Camera%2Fcontrol%20line%20discarded%3A%20too%20long,0,0.00,NA,0,0,0,0,0,0,NA,96
pico_reply,21:32:00,%C6W%C68%CE8%C6%20%C6%20%C67%C67%C67%C67%C6%20%C6%20%BE%20%C6%20%C67%C6%20%C5%F7%C6%20%CEW%C5%F6%BD%F7%C6W%C67%BE%20%CEx%CEx%CEx%CEX%D6x%CEx%CE8%D6%B8%D6x%D6%20%7C%20klc.%5B%2CcMZ%ED%5B%20%5BL%5BL%5B-Z%EB%5B%20%5B%20Z%ECZ%CCR%CBR%ECR%ECZ%CCR%8CR%CAZ%ABRkJ%8ABjJ%8AR%8AR%8AJ%8AJ%8AR%8AR%8AR%AAR%ABR%AAR%A9Z%ABR%CBR%EBR%EBR%CBR%ABR%8AR%8AR%8AJ%8AR%8AJjJ%89JiJiJiJiB%89JiJJR%89RjR%8AJjR%AAZjR%8AJ%89R%AAZjZjZ%8Ab%8BJ,0,0.00,NA,0,0,0,0,0,0,NA,96
pico_reply,21:32:00,%9B%C7%C4%D0%DDS%CC%F3%D4%D3%CC%F3%C5%92%D6%F3%F6%98%EE%20%C4%D4%BCM%D4%D2%CC%B2%B4%D0%CE0%E76%F7%DA%FF%FA%F7%3D%A4%B9%5B%209%E89%C9J%29R%89JiJiJJJ%29J%29I%89Y%E9R%20Z%29Y%EAY%E9Y%E8Y%E8Y%C9Y%A9Q%88QgQ%A8Q%A8Qb%20b%20%82%20a%20%82%20%82%20%82%20%82%20%82%20%82%20%82%20%82%20%82%20%82%20%82%20%A2%20%82%20%82%20%A2%20%A2%20%A2%20%A2%20%A2%20%A2%20%A2%20%A2%20%C2%20%C3%20%C3%20%A3%20%A3%20%C3%20%A3%20%C3%20%A3%20%C3%20%E3%20%E3%20%C4%20%C4%20%E3%20%E3%20%E3%20%E3%20%20%20%20%20%20%21%20%20%E4%21%20%21%20%21%20%20%E4%21%20%21%20%21%24%21%24%21%24%21%24%21%24%21%24%21%24%21%24%21%24%21%24%21%20%21%24%21%24%21%24%21%24%21%24%21E%21e%21d%29E%29E%21E%29e%29E%29E%29E%29E%29,0,0.00,NA,0,0,0,0,0,0,NA,96
camera,21:32:00,Camera%2Fcontrol%20line%20discarded%3A%20too%20long,0,0.00,NA,0,0,0,0,0,0,NA,96
camera,21:32:00,Camera%2Fcontrol%20line%20discarded%3A%20too%20long,0,0.00,NA,0,0,0,0,0,0,NA,96
camera,21:32:00,Camera%2Fcontrol%20line%20discarded%3A%20too%20long,0,0.00,NA,0,0,0,0,0,0,NA,96
camera,21:32:00,Camera%2Fcontrol%20line%20discarded%3A%20too%20long,0,0.00,NA,0,0,0,0,0,0,NA,96
pico_reply,21:32:00,ZjbJbJjJ%83%20%E5%CD%ED%F5%EE4%EE%B5%EF5%FF%97%FFZ%D5%20%B4%B1%CD%B0%E6%B4%EFW%FF%F9%F7%BA%FF%FA%F7%9C%83%B6b%2CI%EAB%20Z%C8J%A9J%89JjJjRJRjRJR%2AR%2A2%89s%A9%FF%F9%FF%FF%FF%FF%FF%FF%FF%FF%FF%FF%FF%FF%FF%FF%FF%FF%FF%FF%FF%FF%FF%FF%FF%FF%FFa%20b%20b%20b%20b%20%82%20%82%20%82%20%82%20b%20%82%20%82%20%82%20%82%20%82%20%82%20%82%20%82%20%A2%20%A2%20%82%20%A2%20%82%20%A2%20%A2%20%A3%20%C3%20%A3%20%A2%20%C2%20%C3%20%C3%20%A3%20%C3%20%C3%20%C3%20%C3%20%C3%20%C3%20%E3%20%C3%20%E3%20%E3%20%C3%20%C3%20%E4%20%E4%20%20%20%20%20%20%20%E4%20%E4%20%20%21%20%20%20%20%24%21%20%21%20%21%24%21%24%21%24%21%25%21%24%21%24%21%20%21%20%20%20%21%25%21%24%21%24%21%25%21%25%29%25%29E%29E%29E%21E%29,0,0.00,NA,0,0,0,0,0,0,NA,96
camera,21:32:00,Camera%2Fcontrol%20line%20discarded%3A%20too%20long,0,0.00,NA,0,0,0,0,0,0,NA,96
camera,21:32:00,Camera%2Fcontrol%20line%20discarded%3A%20too%20long,0,0.00,NA,0,0,0,0,0,0,NA,96
camera,21:32:00,Camera%2Fcontrol%20line%20discarded%3A%20too%20long,0,0.00,NA,0,0,0,0,0,0,NA,96
camera,21:32:00,Camera%2Fcontrol%20line%20discarded%3A%20too%20long,0,0.00,NA,0,0,0,0,0,0,NA,96
pico_reply,21:32:00,JiJ%89JiRIRIRiJiRJRjJiR%8AZ%ABZ%8AZ%8AbKj%ABr%2A%8A%8B%83%20%8C%8C%FF%F4%FF%FC%FF%FE%FF%FE%FF%FB%FF%5D%B5%B6%D6%AF%F7%BA%FF%FC%FF%FA%FF%FB%F6%BD%8C%20b%CCR%8CB%29R%AAJ%AAZ%8AZ%8BR%89R%8AR%8ARJRiRiR%89R%89R%89Z%AA2%8Cc%C8%B6%95%CE%DD%D7_%DF%9E%E7%DF%F7%FF%FF%FF%FF%FF%FF%DF%FF%FF%FF%FF%FF%FF%FF%FF%FFa%20a%20a%20a%20a%20a%20b%20a%20a%20b%20b%20b%20%81%20%82%20%82%20%82%20%82%20%82%20%82%20%A2%20%82%20%82%20%82%20%82%20%A2%20%A2%20%A2%20%A3%20%A3%20%A3%20%A3%20%C3%20%A3%20%A3%20%A3%20%A3%20%C3%20%C3%20%C3%20%E3%20%C4%20%E3%20%E3%20%C3%20%C3%20%E3%20%E4%20%E4%20%C3%20%E3%20%E4%20%E4%21%20%21%20%21%20%20%20%20%20%21%20%21%20%20%E4%21%20%21,0,0.00,NA,0,0,0,0,0,0,NA,96
pico_reply,21:32:00,%7B%8B%84%A4%F0%9D%20%AD%B1%B5%F4%AD%F5%BEW%BE%20%BE8%BE8%BE8%BE%20%BD%F6%BD%F6%BD%B6%B5%D6%BD%D6%BD%D6%BD%F6%BD%F6%BE%20%BE7%C67%BE%20%BE%20%BE%20%C6%20%BE%20%BD%F7%BD%F7%BD%F7%BE%20%BE%20%BE%20%BE%20%C6%20%BD%D7%BE%20%C66%C6%20%C6%20%C6%20%C6%20%C67%C6%20%CE8%C67%CE7%CE8%C6X%C6W%C67%C67%CE7%CE8%C67%C6W%CEx%C68%C67%C6%20%C6%20%C67%C6%20%C5%F7%CE%20%CE%20%CE7%C67%C67%C67%C67%C6%20%C6%20%C67%C6%20%C6%20%C6%20%C6%20%C6X%C67%CE7%CE7%CEx%D6X%D6X%C66%CEw%D6%B7%D6%98%7B%F5%5B%20c%2C%5B%2CcLc%20%5B%20%5B%2Bb%EBZ%EBc%20R%EBZ%CBR%CBR%CBZ%AAR%AAR%AAR%AAR%AAR%8AJ%8AJjB%8AJ%89J%89J%8AJjR%8AR%8AR%8AR%8AZ%AAR%8BR%CBR%CAR%CA,0,0.00,NA,0,0,0,0,0,0,NA,96
camera,21:32:01,Camera%2Fcontrol%20line%20discarded%3A%20too%20long,0,0.00,NA,0,0,0,0,0,0,NA,96
camera,21:32:01,Camera%2Fcontrol%20line%20discarded%3A%20too%20long,0,0.00,NA,0,0,0,0,0,0,NA,96
camera,21:32:01,Camera%2Fcontrol%20line%20discarded%3A%20too%20long,0,0.00,NA,0,0,0,0,0,0,NA,96
pico_reply,21:32:01,R%CCc%2Cc%20%5B%20Z%EBc%20%5B%2B%5B,0,0.00,NA,0,0,0,0,0,0,NA,96
pico_reply,21:32:01,%5B%20Z%ECZ%CBR%CBR%CBR%CAZ%CBR%AAZ%AAR%AAR%AAR%8ARkJjJ%8ARiR%89RjR%8AR%8AR%8AZ%8AR%AAb%CAZ%ECR%CAR%ABZ%AAZ%CBR%ABR%8AR%8AR%8AR%8ARJRjR%89R%89JiJjJIJiJiJiRJRIRiRjRJZjb%89b%AAz%AB%92%CB%93K%7C%2B%DE%F7%FF%FF%FF%FF%FF%FE%FD%B9%CC%B6%8C%90%E76%FF%FF%FF%FF%FF%FE%DD%9A%9B%D3%83%2Cc%20c,0,0.00,NA,0,0,0,0,0,0,NA,96
camera,21:32:01,Camera%2Fcontrol%20line%20discarded%3A%20too%20long,0,0.00,NA,0,0,0,0,0,0,NA,96
pico_reply,21:32:01,%20%C6%20%C6%20%C67%C68%C6%20%C6%20%C6%20%C6%20%C6%20%C6%20%C6%20%C67%C6W%C68%C67%BE7%C6%20%BD%F7%BD%F7%C6X%C6%20%CE8%CE7%CE7%C67%C67%C67%C6%20%BE%20%C5%F7%BD%F7%BD%F6%C6%20%C6%20%BD%F8%C5%F6%C67%CEX%C68%CE7%D6x%D67%CEW%D6%97%CEX%D66%D6%99%5B%20%5B,0,0.00,NA,0,0,0,0,0,0,NA,96
camera,21:32:01,Camera%2Fcontrol%20line%20discarded%3A%20too%20long,0,0.00,NA,0,0,0,0,0,0,NA,96
pico_reply,21:32:01,%29e%21e%29E%29E%29E1F1%251D1d9e9EAeAeI%C4I%C5j%E8j%C9k,0,0.00,NA,0,0,0,0,0,0,NA,96
pico_reply,21:32:01,%83%ED%84%20%84N%9DP%AD%93%A5U%A54%A5u%A5t%A54%A55%A53%A54%A5%20%A5%20%AD4%A54%ADT%ADT%AD4%ADu%ADT%B5U%B5%94%B5%95%B5%B5%B5%B5%B5%B5%B5%D5%B5%F6%B5%D6%B5%D6%B5%B6%B5%B5%B5%B6%B5%B5%B5%F6%BD%F6%C6%20%BD%F7%BD%F6%BE%20%BE%20%BE%20%BE%20%BE%20%BE%20%C6V%C6%20%C5%F7%BD%D6%BE%20%BE%20%C67%BE%20%BE%20%BE%20%C6%20%C6%20%C6%20%C6%20%C6%20%C6%20%C67%C67%C6%20%C6%20%C6%20%C6%20%C6%20%C6%20%C6%20%C67%BE7%C6%20%C6%20%BE7%C6%20%BE%20%BD%F6%CEX%C6%20%C67%C6%20%C68%C68%C67%C67%C67%BD%F6%C6%20%BD%F7%C5%F6%C6V%CEw%C6%20%C6%20%C66%CEw%CE%20%C67%CE7%D68%CEW%D6W%CEX%CEv%D6w%7B%D6R%CBc%2Cc%2C%5B%20c%20Z%EC%5B%20c%20Z%CCZ%ABZ%CBZ%CBZ%EBR%AAR%CAR%CAR%A9R%AAJ,0,0.00,NA,0,0,0,0,0,0,NA,96
camera,21:32:01,Camera%2Fcontrol%20line%20discarded%3A%20too%20long,0,0.00,NA,0,0,0,0,0,0,NA,96
camera,21:32:01,Camera%2Fcontrol%20line%20discarded%3A%20too%20long,0,0.00,NA,0,0,0,0,0,0,NA,96
pico_reply,21:32:01,%20b%20b%20B%20b%20%82%20%82%20%82%20%82%20%82%20b%20%82%20%81%20%82%20%82%20%82%20%82%20%82%20%82%20%82%20%82%20%82%20%83%20%A3%20%A3%20%A2%20%A2%20%A3%20%A3%20%C2%20%C3%20%C3%20%C3%20%C3%20%C3%20%C3%20%C3%20%C3%20%E3%20%C3%20%C3%20%E3%20%E3%20%E4%20%E3%20%E3%20%20%20%20%21%20%20%20%21%20%21%20%21%20%21%20%21%20%21%24%21%24%21%24%21%24%21%25%21%24%21%24%29E%21%25%21%25%29%20%29E%29E%29%25%29%25%29%25%29%201E%29%251D9f1%209dA%85R%20Zhk,0,0.00,NA,0,0,0,0,0,0,NA,96
camera,21:32:01,Camera%2Fcontrol%20line%20discarded%3A%20too%20long,0,0.00,NA,0,0,0,0,0,0,NA,96
camera,21:32:01,Camera%2Fcontrol%20line%20discarded%3A%20too%20long,0,0.00,NA,0,0,0,0,0,0,NA,96
camera,21:32:01,Camera%2Fcontrol%20line%20discarded%3A%20too%20long,0,0.00,NA,0,0,0,0,0,0,NA,96
camera,21:32:01,Camera%2Fcontrol%20line%20discarded%3A%20too%20long,0,0.00,NA,0,0,0,0,0,0,NA,96
pico_reply,21:32:01,%CBR%ABR%AAZ%CBZ%AAZ%8AR%AAR%AAJ%8AJ%AAJ%AAJjRjRjR%8AR%AAR%AAZ%ABZ%ACR%CBZ%ABZ%CBZ%CBZ%CBZ%CBZ%ABR%AAR%AAR%AAR%89R%8AR%8ARJRIRjJjJiJiJIRiJjRjRjZ%2AJ,0,0.00,NA,0,0,0,0,0,0,NA,96
pico_reply,21:32:01,JG%94N%A4%B0%B4%D0%D5%95%AB%F1%A3%CE%9B%8D%AC%91%9B%B0%83Pr%EC%7B%8C%AD%91%8B%F0Z%CFc,0,0.00,NA,0,0,0,0,0,0,NA,96
camera,21:32:01,Camera%2Fcontrol%20line%20discarded%3A%20too%20long,0,0.00,NA,0,0,0,0,0,0,NA,96
camera,21:32:01,Camera%2Fcontrol%20line%20discarded%3A%20too%20long,0,0.00,NA,0,0,0,0,0,0,NA,96
camera,21:32:01,Camera%2Fcontrol%20line%20discarded%3A%20too%20long,0,0.00,NA,0,0,0,0,0,0,NA,96
camera,21:32:01,Camera%2Fcontrol%20line%20discarded%3A%20too%20long,0,0.00,NA,0,0,0,0,0,0,NA,96
camera,21:32:01,Camera%2Fcontrol%20line%20discarded%3A%20too%20long,0,0.00,NA,0,0,0,0,0,0,NA,96
pico_reply,21:32:01,R%ABZ%CAZ%CBR%CBR%EAZ%CBZ%ABZ%8AZ%CAR%AAZ%AAZ%ABR%AAZ%AAR%AAR%AAZ%CAR%ABR%AAR%CBR%ABZ%ACR%8BR%ABR%8CZ%ABZKJ,0,0.00,NA,0,0,0,0,0,0,NA,96
camera,21:32:01,Camera%2Fcontrol%20line%20discarded%3A%20too%20long,0,0.00,NA,0,0,0,0,0,0,NA,96
pico_reply,21:32:01,%C6%20%BD%F7%C6%20%C6%20%C6%20%BE%20%C66%C67%C6%20%C5%F7%C6%20%C67%C67%CD%F7%C5%F7%BD%F6%C6%20%C6%20%C6%20%BD%F7%CE%20%CE%20%C67%C65%CE6%DE%D9k%95Z%ECc%2C%5B%20c%20c%20Z%EBb%ECZ%ABZ%CBZ%CBR%ABZ%ABR%ABR%AAR%8AR%AAR%8BJ%AAR%AAR%8BJjZ%CAR%8AZ%8AR%CAR%CAR%EB%5B%20Z%CBZ%CBZ%CBZ%EBS,0,0.00,NA,0,0,0,0,0,0,NA,96
camera,21:32:01,Camera%2Fcontrol%20line%20discarded%3A%20too%20long,0,0.00,NA,0,0,0,0,0,0,NA,96
pico_reply,21:32:01,%A4%F3%9D%20%A54%A5T%A54%A54%ADU%A55%A5T%A5T%ADU%ADT%ADt%ADu%AD%95%AD%95%B5%B6%B5%96%B5%96%B5%95%B5%D5%B5%B6%B5%B7%B5%96%B5%D5%B5%D6%B5%D6%B5%B5%BE%20%BD%F7%B5%D7%BD%F7%B5%B7%BD%B6%BD%D6%BD%F6%C6%20%C6%20%C5%F6%BE%20%BE%20%C67%C68%C6%20%C6%20%C6%20%C67%C5%F7%BD%F6%BD%F6%BD%D6%C6%20%C5%F7%C5%F7%BE%20%BE%20%BD%D7%C5%F6%B5%D6%BD%F6%C67%B5%D6%C67%BE%20%BD%F6%C6%20%BE%20%BE%20%C6%20%C68%BD%F7%C6%20%C6%20%CEW%BD%F7%C67%C67%C6%20%C67%CE7%C67%CE7%D6w%C6%20%C5%F7%C6%20%C67%C6%20%BD%B7%C67%C67%BD%F7%C5%F5%EE%B7k%B6kJc%2Cc%2Cc%2C%5B%20%5B%20%5B%20Z%EBZ%CBZ%CBZ%CAZ%ABZ%CBZ%AAZ%8AR%8AR%AAR%AAJ%AAZ%EBR%CBZ%CAR%8AZ%AAZ%ABZ%AAZ%EB%5B%20Z%EBb%CBb%EBZ%EBZ,0,0.00,NA,0,0,0,0,0,0,NA,96
pico_reply,21:32:01,Z%ABZ%CAZ%CAZ%CBZ%CBb%ABZ%ABZ%ABZ%AAR%AAZ%ABR%ABR%AAZ%CBR%CAR%CBR%CAZ%CAZ%ABZ%AAR%ABZ%CAR%AAR%AAR%AAR%AAR%AAJ%A9Z%EBR%ACZ%CBZ%CBb%EBj%CCR%ABb%ABJKJ%8AR%AAR%8BRkZ%AAZ%AAZA%20A%20A%20A%20A%20A%20A%20A%20a%20A%20A%20a%20A%20A%20a%20a%20a%20A%20A%20b%20a%20a%20a%20a%20a%20a%20a%20%82%20%82%20%82%20%82%20%82%20%82%20%82%20%82%20%82%20%82%20%83%20%82%20%A2%20%A3%20%A2%20%A2%20%A2%20%A2%20%C3%20%C3%20%C3%20%A3%20%A2%20%C2%20%C3%20%C3%29%20%28%E4%29%24%29c9%A69%C6J%20RhJib%C9R%EA%5B,0,0.00,NA,0,0,0,0,0,0,NA,96
pico_reply,21:32:01,k%20Z%CBZ%CAc%2Ak%2Bk%2Ck%2BkKkKslslslsls%8Cs%8D%7B%8Ds%8Ds%8Ds%AEs%CD%83%CE%83%EF%8C%20%84%20%84%2F%84%20%84%2F%84%20%84%20%83%EF%83%EF%7B%CF%840%94o%94Q%94P%94p%94%B2%9C%D1%9C%B2%94%B1%9C%D2%9C%D2%9C%D3%9C%D3%9C%D2%9C%D2%A4%F2%9C%F2%9C%F3%9C%F3%A4%F3%A4%F3%9C%F3%A5%20%AD5%A5%20%A5%20%A54%AD4%A54%AD4%ADt%ADu%ADU%ADT%ADt%AD%95%B5%95%B5%B5%B5%95%B5%B5%BD%B6%BD%B6%B5%B6%B5%B5%B5%B6%BD%B6%BD%D6%B5%B5%B5%F6%BE%20%BD%F7%BD%D7%BD%B6%BD%D6%BD%F6%BE%20%BD%F7%C5%F7%C5%F7%BD%F6%B5%D6%BD%F6%C67%C5%F7%C5%F7%BE%20%C6%20%BE%20%C5%F6%C6%20%C5%D6%C5%F7%BD%D7%BE%20%C67%BD%F7%C5%F6%BE%20%BD%F5%C6%20%BE%20%C66%C6%20%BD%F7%BE%20%C6%20%BE7%CE6%C68%BD%D7%BD%F6%BE7%C6%20%C6%20%C6%20%C6,0,0.00,NA,0,0,0,0,0,0,NA,96
camera,21:32:01,Camera%2Fcontrol%20line%20discarded%3A%20too%20long,0,0.00,NA,0,0,0,0,0,0,NA,96
pico_reply,21:32:01,%94%91%94%92%94%D1%9D%20%94%D2%9C%D2%9C%D3%9C%D2%9C%D2%9C%D3%9C%F2%9C%D3%9C%F3%9C%F3%9C%F3%9D%20%9D%20%A5%20%A54%A54%A54%A54%A5%20%AD%20%A54%A5T%ADU%ADT%ADt%ADt%AD%95%AD%B5%B5%B6%B5%96%B5%96%B5%B6%B5%B6%B5%B6%B5%B6%BD%B6%B5%D6%B5%D6%AD%D6%B5%F6%BD%F7%BD%D7%B5%D6%BD%D6%BD%F6%BD%F7%BD%F6%C6%20%C5%F7%C5%D6%BD%D6%B5%B5%C5%F6%C5%F7%C5%F7%C5%F7%C6%20%BE%20%BE%20%C5%F7%BD%D7%C5%D7%BD%F7%BE%20%C6%20%BD%D7%BE%20%BE6%BD%B6%BE%20%C66%BD%F7%BD%F7%BD%F7%BD%F7%C67%C6%20%B5%D7%BD%D6%BD%D7%BD%F6%C6%20%BE%20%C6W%C67%BE7%BE%20%C6%20%C5%F6%CE7%C67%CE8%CEW%C6%20%BD%F7%C6%20%CEV%D6X%BD%F8%BD%F6%CE6%C6W%C5%B5%D6yS%20%5B,0,0.00,NA,0,0,0,0,0,0,NA,96
pico_reply,21:32:01,c%2Cc%20c%20%5B%20%5B%20b%EBb%EB%5B%20R%ABZ%CCR%AAZ%CAZ%8AJ%8AJ%89Z%ABJJb%EAJ%CAR%CARlZ%8BZ%EBcj%7B%AEZ%EFc%20b%EBb%EBZ%EBZ%EBZ%EBZ%EAZ%CAZ%CAZ%AAR%AAR%89R%AARjR%89RjRjRjRIZIRIJ,0,0.00,NA,0,0,0,0,0,0,NA,96
pico_reply,21:32:01,%3A,0,0.00,NA,0,0,0,0,0,0,NA,96
camera,21:32:01,Camera%2Fcontrol%20line%20discarded%3A%20too%20long,0,0.00,NA,0,0,0,0,0,0,NA,96
camera,21:32:01,Camera%2Fcontrol%20line%20discarded%3A%20too%20long,0,0.00,NA,0,0,0,0,0,0,NA,96
pico_reply,21:32:01,%20A%20A%20B%20B%20A%20A,0,0.00,NA,0,0,0,0,0,0,NA,96
camera,21:32:01,Camera%2Fcontrol%20line%20discarded%3A%20too%20long,0,0.00,NA,0,0,0,0,0,0,NA,96
pico_reply,21:32:01,%E74%FF%FE%CD%FF%7B%D39%C9Z%A9Z%AAZ%ABZ%ABZ%ABZ%ABZ%ABZ%AAb%CBZ%8BZ%ABZ%ABR%AAZ%AAZ%AAZ%8BZ%8BR%ABR%ABZ%ABR%AAZ%CAZ%AAZ%AAR%CBR%CBZ%CBb%8Bb%ABb%8AZ%ABZ%ABb%ABZ%ABb%CBZ%CBR%CAb%CAR%ABZ%EAZ%AAZ%8AZ%ABZ%8AZ%8BZ%8ARiZ%C9Z%C9ZA%20B%20A%20a%20A%20A%20A%20A%20A%20A%20B%20A,0,0.00,NA,0,0,0,0,0,0,NA,95
pico_reply,21:32:01,slc%20k%2Bk%2Bs%2CsMs%2CslsMs%8Ds%8D%7B%AF%7B%8Es%AD%7B%8E%7B%AF%83%CE%83%EE%8B%F0%83%EF%84%20%84%2F%8CP%8C0%8C%20%83%CF%84%20%8CP%94P%8C1%8C1%8Cq%8C%91%94%92%9C%B2%9C%B2%9C%B2%9C%B2%94%B1%94%92%9C%B3%9C%B2%9C%D3%9C%D3%9C%F3%A4%D2%9C%F3%9C%F3%9D%20%A5%20%A53%ADT%A53%A54%A54%A5T%ADT%ADT%ADT%ADu%ADu%AD%95%AD%95%B5%95%B5%D6%B5%B6%B5%B6%B5%B6%B5%B6%B5%B6%B5%B5%B5%96%B5%96%AD%96%AD%B6%BD%F6%BD%F7%BD%F6%BE%20%BE%20%BD%F7%C5%F6%C5%F6%BD%F6%C5%F7%C5%F6%C5%F6%C5%F7%C6%20%C6%20%C5%F7%C5%F7%BD%F7%C5%F7%C6%20%BD%B6%B5%B6%C6%20%C6%20%C6%20%BD%F6%BD%F7%BD%F6%BD%D6%BD%D6%BD%D6%C5%F7%BD%D7%BE%20%C5%F6%BD%B8%ADu%B5%D5%BE%20%BE7%BE%20%B5%D7%BD%D5%BD%F8%B5%96%B5%D6%C67%BE%20%C6W%C6%20%C6%20%CE%20%CD,0,0.00,NA,0,0,0,0,0,0,NA,95
pico_reply,21:32:01,Z%CBR%8AZ%ABZ%AAZ%ABR%CA%5B,0,0.00,NA,0,0,0,0,0,0,NA,95
camera,21:32:01,Camera%2Fcontrol%20line%20discarded%3A%20too%20long,0,0.00,NA,0,0,0,0,0,0,NA,95
pico_reply,21:32:01,%83%F0%840%8CP%8CQ%8CQ%8Cq%8C%91%94%B2%94%92%94%B2%94%92%94%92%94%B1%94%D2%9C%D2%94%B2%9C%B2%9C%D3%A5%20%A5%20%9C%F3%9C%F3%9D%20%9D%20%A54%A5T%A53%A54%A54%A5U%ADT%ADT%ADT%ADu%ADu%ADu%AD%95%ADu%AD%95%B5%B5%B5%B6%B5%B6%B5%B6%B5%D5%B5%B6%B5%96%B5%96%B5%B6%B5%B6%AD%B5%BE%20%BE%20%BE6%BE%20%BE%20%C5%F6%C5%F6%C5%F6%C5%F7%BD%F6%C5%F6%C5%F7%C5%F7%C6%20%C6%20%C5%F7%C5%F7%C6%20%CE%20%BD%F6%BD%D6%BD%F6%C6%20%C6%20%BD%F6%BD%F7%BD%F6%BD%D6%BD%D6%BD%D6%C5%F7%BD%F6%BD%F7%B5%B6%CE%20%ADv%AD%95%BD%F6%BE%20%BD%F7%BD%F7%B5%B6%C67%B5%D7%B5%D6%BE7%C6%20%BD%B7%C6%20%CE7%CE%20%C6%20%C68%C5%D7%C67%CEV%CEX%CE7%B6%20%CD%D4%CE%9AR%D1c%2Bc%20%5B%20c%20%5B%20c%20b%CCR%EBZ%EAb%EBR%AAZ%CAZ%ABZ%ABR%CAZ,0,0.00,NA,0,0,0,0,0,0,NA,95
camera,21:32:01,Camera%2Fcontrol%20line%20discarded%3A%20too%20long,0,0.00,NA,0,0,0,0,0,0,NA,95
camera,21:32:01,Camera%2Fcontrol%20line%20discarded%3A%20too%20long,0,0.00,NA,0,0,0,0,0,0,NA,95
camera,21:32:01,Camera%2Fcontrol%20line%20discarded%3A%20too%20long,0,0.00,NA,0,0,0,0,0,0,NA,95
pico_reply,21:32:01,%BD%D6%C5%F6%C5%F7%BD%B8%BD%B6%CE7%C67%C6%20%C6%20%C5%F7%C5%F6%C5%F6%C6%20%C67%BD%D4%DE6suc%2Ac%20c%2Bc%2BZ%ECk%20Z%CCb%CBZ%CBZ%CBZ%CBR%CBZ%CBZ%ABR%ABR%CAR%AAZ%ABZ%CAZ%CA%5B%20Z%ECb%ECb%ECc%20b%EBb%ECb%EBk%20c%20b%ECb%CBZ%EAZ%EAb%EBZ%8AZ%ABZ%AAZ%AAZ%8AZ%8AR%8AZ%8ARKK,0,0.00,NA,0,0,0,0,0,0,NA,95
camera,21:32:01,Camera%2Fcontrol%20line%20discarded%3A%20too%20long,0,0.00,NA,0,0,0,0,0,0,NA,95
pico_reply,21:32:02,4%AD4%AD4%ADT%AD4%ADt%AD%94%ADt%ADu%ADu%B5u%ADu%B5%B5%AD%B5%B5%B5%B5%B5%B5%B5%B5%B6%B5%B5%B5%B5%B5%B6%B5%B6%B5%D6%BD%B6%B5%B6%B5%F5%C6%20%BD%F7%BD%F6%BD%F6%C5%F7%C5%F7%C5%F6%C6%20%C6%20%C6%20%BE%20%C5%F7%C5%F7%BD%F7%C6%20%BE7%C6%20%C5%D7%B5%B5%BD%F5%C6%20%BD%F7%BD%D6%BD%B6%BD%D6%BD%F6%BE7%BE%20%C6%20%BD%F7%BD%D7%BD%B6%B5%B6%B5%F7%BD%F6%BD%F7%BD%D7%BD%D7%C6%20%C6%20%BD%D7%C6%20%C5%F7%C5%F7%BD%F7%C6%20%C67%C6%20%C6%20%C5%F7%C6%20%C6%20%C67%CEW%C66%D65%8CXcc%5B%20%5B%2C%5B%20c%2BZ%CCb%ECZ%ECZ%CBZ%CBZ%CBZ%CAZ%ABZ%CBZ%CAZ%EBZ%CBZ%EBR%CAZ%ECZ%EBb%EDb%CCb%EBc%20b%EBb%ECc%20c%20b%ECb%ECZ%EBZ%CAZ%CBZ%ABZ%8BZ%AAZ%8AZ%8AR%8AZ%8AR%8BBIs%CD%A4%F4,0,0.00,NA,0,0,0,0,0,0,NA,95
pico_reply,21:32:02,c%20Z%EBR%AAZ%CBb%CBZ%8BZ%8BR%AAZ%CBZ%8BR%ABZ%AAZ%CCR%ABR%AAb%CBb%EBb%CBZ%ABR%AAZ%8AZJR%8AR%C9Z%A9Z%CAZ%CAZ%AAZ%AAR%8AR%8AR%ABR%8AR%ABZ%8BRjJIJhJhJA%20A%20B%20A%20A%20A%20A%20%21%20A%20a%20a%20%81%20%A2%20%A2%20%C2%20%E3%21%20%29C%29D%29D%29D%29D%29%24%21%20%21%20%29%24%29%20%21%20%21%23%29D%29%24%21%20%21%24%29%24%21%24%29%20%29%20%29%24%29%24%29%20%29%24%29%24%29%24%29%25%29E%29E%29E%29E%29E%29E%29D1e1f1e1%859%A59%869%A61%A69%C69%C7A%C7A%C79%E6B%20J%20J%20J%27RHJhJHJHJHRiJ%89BhZ%A9Z%E9b%EBb%EAb%CA%5B,0,0.00,NA,0,0,0,0,0,0,NA,95
camera,21:32:02,Camera%2Fcontrol%20line%20discarded%3A%20too%20long,0,0.00,NA,0,0,0,0,0,0,NA,95
camera,21:32:02,Camera%2Fcontrol%20line%20discarded%3A%20too%20long,0,0.00,NA,0,0,0,0,0,0,NA,95
pico_reply,21:32:02,%95%B5%B6%B5%B6%B5%B6%BD%B6%B5%D6%BD%D6%BD%D6%BD%D6%BD%F6%B5%D6%BD%D5%BD%F7%C5%D7%BD%D6%C5%F6%C5%F7%C5%F7%C6%20%C6%20%C6%20%BE%20%BE%20%C5%D6%BE%20%BE%20%B5%F7%BD%F6%C6%20%BD%F7%B5%B6%BD%D6%BD%F7%BD%D6%B5%96%B5%B6%BD%F6%BE%20%C6%20%BD%F7%BD%D7%BD%97%BD%D6%BD%D6%BD%F7%BD%D6%BD%D7%BD%F7%C6%20%C67%C5%D7%C5%F7%C6%20%BD%F7%C5%F7%BD%D7%C67%C67%CE%20%BE%20%C6%20%CE7%C6%20%C6%20%C66%D65%B5%B9b%F1c%20c-%5B%20s%8Dkc%20c%20Z%CBZ%CCZ%ECZ%ECZ%ABR%ABZ%CAZ%CBZ%CBR%EBZ%EA%5B%20Z%EBc%20c%20c%20c%20%5B%2Bc%20b%ACj%ECc%20c%20Z%CBb%ECZ%ABb%CBZ%CBZ%ABZ%AAR%CAZ%AAZ%8BR%AB2%A9%8C%ED%AD%96%8C%20kq%8Cn%FF%FA%FF%FF%8B%B8JKc,0,0.00,NA,0,0,0,0,0,0,NA,95
camera,21:32:02,Camera%2Fcontrol%20line%20discarded%3A%20too%20long,0,0.00,NA,0,0,0,0,0,0,NA,95
pico_reply,21:32:02,%ADu%ADu%ADu%ADu%ADu%AD%95%AD%94%AD%95%ADu%AD%96%AD%95%B5%B6%BD%B6%BD%D6%BD%D6%BD%D6%BD%D6%BD%F6%BD%F6%BD%D6%BD%D6%BD%D7%BD%D7%BD%D7%BD%B6%C6%20%C66%C6%20%C6%20%BE%20%C6%20%C5%F6%C5%F6%C5%F7%BD%F7%B5%B6%BD%F6%BD%F6%BD%B6%B5%B6%C6%20%C5%F6%B5%B6%B5%B5%BD%D6%BD%D6%B5%D6%C6%20%C5%F7%BD%D7%BD%B6%B5%B6%BD%D6%BD%D6%BD%F7%BD%D7%BD%F6%BD%F7%BD%F7%C5%F7%C6%20%C5%F7%C5%D7%C6%20%CE7%C6%20%C67%CE7%BD%D7%BD%F6%C6%20%BD%D7%BE%20%C6%20%DExkU%5B,0,0.00,NA,0,0,0,0,0,0,NA,95
pico_reply,21:32:02,c%2C%5B%20s%8Dc-%5B%2CZ%ECZ%ABZ%CCR%ECR%EBZ%CAZ%EBZ%CCZ%AAZ%EAZ%EBZ%EBZ%ECZ%EBc%20b%ECj%ECc%20c%2Cc%20b%ECk%20b%ECc%20b%EAZ%CCZ%ACZ%ABZ%ABZ%ABZ%AAR%AAZ%AAZ%ABJ%EBS%2C%84r%8C5k0%7B%EC%B5%F0%F6%FF%BD%7CZ%ABJi%5B%20%5BK%5Bkcl%5B%2Ac%2CJ%8AJI9%E89%A61%86%29%A6BgJ%C9R%EBS%20S%20%5B%20Z%EC%5B-ck-%5BZ%EAb%CBZ%CBc%20c%2CZ%EBc,0,0.00,NA,0,0,0,0,0,0,NA,95
camera,21:32:02,Camera%2Fcontrol%20line%20discarded%3A%20too%20long,0,0.00,NA,0,0,0,0,0,0,NA,95
pico_reply,21:32:02,%BE%20%C6%20%C5%F7%C5%F6%C5%F7%BD%F6%BD%F7%B5%D6%BD%D6%BD%D7%BD%D6%BD%F5%BE%20%BD%F6%B5%B6%BD%B5%BD%B6%B5%D6%BE%20%BD%F7%BD%D7%BD%B6%BD%D6%BD%B5%BD%D6%BD%D7%BD%D7%BD%D7%BD%F7%BD%F7%C5%F7%C5%F7%C5%F6%C5%D7%C6%20%C5%F7%CE8%C67%C6%20%C5%F8%C5%F6%CE%20%BD%B7%BD%F6%BE%20%DE%96%94%9AZ%ECcLc%2Cc%2CR%EB%5B%2BZ%ECc%20Z%EBR%CCZ%EBZ%CBZ%EAR%CBb%CBZ%EBZ%EBZ%EBZ%EBc%20c%20c%20j%ECc%20c%2Ck%20j%EBj%ECc%20c%20b%EBZ%ECZ%CBZ%CAZ%CBZ%ABZ%ABZ%AAZ%AAZ%ABKLc%20%A4%F6cqR%EC%AD%90%FFx%A4WR%8E%5B%20cKR%CCJ%8BBjBJ9%E81%27%20%A5%20%83%20%2F%20%20%20%21,0,0.00,NA,0,0,0,0,0,0,NA,95
pico_reply,21:32:02,c%20cM%5BLsmkMkLkLkMZ%ECk%2BZ%ECb%EBZ%ECZ%CBZ%ABZ%CAZ%EBZ%CBZ%CBZ%ABZ%AAZ%ABRkZkZ%8BZ%ABR%AAR%CAR%AAR%A9R%89RJJIJHJHJ%A2%20%C3%20%C3%20%A3%20%C3%20%C3%20%C3%20%C3%20%E3%20%E3%20%E3%20%E3%20%E3%20%E3%20%E4%20%E4%20%E3%21%20%21%20%21%20%21%20%21%20%21%20%21%20%29%20%21%24%21%24%21%24%21%23%21%24%21%24%29%24%21%24%20%24%21%20%29%20%29%24%21%24%29%24%29%24%29%24%29%24%21%24%21%24%21%24%21%24%21%23%21%23%29%20%29%20%29%24%29E%21D%29d%29E1%251%251E1e1%851%851%851%851%859%869%869%A69%E79%C7A%C7A%E79%C7B%27JHB%28J%20J%28JHJhRiRiR%89R%8AZ%AAZ%EAb%EAR%AAc,0,0.00,NA,0,0,0,0,0,0,NA,95
camera,21:32:02,Camera%2Fcontrol%20line%20discarded%3A%20too%20long,0,0.00,NA,0,0,0,0,0,0,NA,95
camera,21:32:02,Camera%2Fcontrol%20line%20discarded%3A%20too%20long,0,0.00,NA,0,0,0,0,0,0,NA,95
camera,21:32:02,Camera%2Fcontrol%20line%20discarded%3A%20too%20long,0,0.00,NA,0,0,0,0,0,0,NA,95
pico_reply,21:32:02,%21%23%21%23%21%20%21%24%29%20%20%E4%20%C3%21%20%20%E4%21%20%20%E3%21%20%21%24%29%24%29%24%29%24%21D%21%24%21%24%21%24%21%24%21%23%29%20%29%24%29%20%21%20%21%24%21D%29%24%29%24%29%25%29E%29D%29d%29d1e1e1e1%851%851%861%A61%A61%859%85A%E79%C7A%E7A%E7B%20B%20J%28J%20J%20J%20J%28JGR%89Z%AAZjRiZ%AAb%CBZ%CBc,0,0.00,NA,0,0,0,0,0,0,NA,95
pico_reply,21:32:02,c%2Bk%20k%2Ck%20c%2CkLk%8Dkms%AFs%8E%7B%AEs%CFs%CF%7B%F0%7B%EF%83%F0%7C%20%840%840%840%8CP%84P%8CQ%8CP%8CQ%94q%8Cq%8C%91%94%91%94%B2%94%B1%8C%92%9C%B2%9C%B3%9C%D3%9C%D3%A4%F3%9C%F3%9C%F3%9D%20%A4%F4%A53%A53%A54%A54%A5T%ADt%ADU%ADt%ADu%ADu%ADu%ADu%ADu%ADT%ADu%ADu%ADu%AD%95%AD%95%B5%95%B5%96%B5%B6%BD%B6%BD%B6%BD%D6%BD%D6%BD%D6%BD%D6%BD%D6%BD%D6%BD%D6%BD%F6%BD%F6%BD%F7%BD%F7%B5%D6%BD%F7%BE%20%BE%20%C6%20%C6%20%BD%F7%BD%F6%BD%F6%BD%D6%BD%D6%B5%95%BD%B6%BD%D6%BD%F6%BD%D6%BD%F6%BD%D6%B5%B6%B5%96%B5%D5%BD%F7%BD%F6%B5%F6%BD%D6%B5%D7%AD%96%B5%D7%BD%F7%B5%B7%BD%F6%C5%F7%BD%F7%BE6%BD%F7%C5%F6%C5%F7%C67%C67%C67%C6%20%C6%20%C67%BE%20%BD%D6%C66%CD%B4%D68c1kjclc,0,0.00,NA,0,0,0,0,0,0,NA,95
camera,21:32:02,Camera%2Fcontrol%20line%20discarded%3A%20too%20long,0,0.00,NA,0,0,0,0,0,0,NA,95
camera,21:32:02,Camera%2Fcontrol%20line%20discarded%3A%20too%20long,0,0.00,NA,0,0,0,0,0,0,NA,95
camera,21:32:02,Camera%2Fcontrol%20line%20discarded%3A%20too%20long,0,0.00,NA,0,0,0,0,0,0,NA,95
camera,21:32:02,Camera%2Fcontrol%20line%20discarded%3A%20too%20long,0,0.00,NA,0,0,0,0,0,0,NA,95
camera,21:32:02,Camera%2Fcontrol%20line%20discarded%3A%20too%20long,0,0.00,NA,0,0,0,0,0,0,NA,95
camera,21:32:02,Camera%2Fcontrol%20line%20discarded%3A%20too%20long,0,0.00,NA,0,0,0,0,0,0,NA,95
camera,21:32:02,Camera%2Fcontrol%20line%20discarded%3A%20too%20long,0,0.00,NA,0,0,0,0,0,0,NA,95
camera,21:32:02,Camera%2Fcontrol%20line%20discarded%3A%20too%20long,0,0.00,NA,0,0,0,0,0,0,NA,95
pico_reply,21:32:02,%B5%F6%BD%D6%BD%F6%BD%F6%C5%D6%C5%F7%C6%20%C6%20%C6%20%C6%20%C6%20%C5%F6%C5%F6%C6%20%C6%20%C6%20%C5%D5%CEU%9C%B4%BD%93%AD3%AD2%AD2%ADR%B5r%B5%92%AD3%ADR%B5%B3%B5s%B5%93%BD%93%B5%94%A5r%BD%F2%BD%B5%B5%93%BD%F4%C65%C6V%C66%BE5%BEV%C6v%C6W%C66%C6W%C6V%C6W%BE7%C6W%C6x%C6x%BD%F6%BD%F6%C65%B6%20%BD%F5%C6W%C6X%BE7%C6w%C6%98%CE%B8%CE%B8%D6%D8%BEw%CE%96%CE%F6%CE%95%CE%95%B5%B4%BD%92%B5%20%9Cp%9C%9B%ED%8B%2B%7B,0,0.00,NA,0,0,0,0,0,0,NA,95
camera,21:32:02,Camera%2Fcontrol%20line%20discarded%3A%20too%20long,0,0.00,NA,0,0,0,0,0,0,NA,95
camera,21:32:02,Camera%2Fcontrol%20line%20discarded%3A%20too%20long,0,0.00,NA,0,0,0,0,0,0,NA,95
camera,21:32:02,Camera%2Fcontrol%20line%20discarded%3A%20too%20long,0,0.00,NA,0,0,0,0,0,0,NA,95
camera,21:32:02,Camera%2Fcontrol%20line%20discarded%3A%20too%20long,0,0.00,NA,0,0,0,0,0,0,NA,95
camera,21:32:02,Camera%2Fcontrol%20line%20discarded%3A%20too%20long,0,0.00,NA,0,0,0,0,0,0,NA,95
camera,21:32:02,Camera%2Fcontrol%20line%20discarded%3A%20too%20long,0,0.00,NA,0,0,0,0,0,0,NA,95
camera,21:32:02,Camera%2Fcontrol%20line%20discarded%3A%20too%20long,0,0.00,NA,0,0,0,0,0,0,NA,95
camera,21:32:02,Camera%2Fcontrol%20line%20discarded%3A%20too%20long,0,0.00,NA,0,0,0,0,0,0,NA,95
camera,21:32:02,Camera%2Fcontrol%20line%20discarded%3A%20too%20long,0,0.00,NA,0,0,0,0,0,0,NA,95
camera,21:32:02,Camera%2Fcontrol%20line%20discarded%3A%20too%20long,0,0.00,NA,0,0,0,0,0,0,NA,95
camera,21:32:02,Camera%2Fcontrol%20line%20discarded%3A%20too%20long,0,0.00,NA,0,0,0,0,0,0,NA,95
camera,21:32:02,Camera%2Fcontrol%20line%20discarded%3A%20too%20long,0,0.00,NA,0,0,0,0,0,0,NA,95
camera,21:32:02,Camera%2Fcontrol%20line%20discarded%3A%20too%20long,0,0.00,NA,0,0,0,0,0,0,NA,95
camera,21:32:02,Camera%2Fcontrol%20line%20discarded%3A%20too%20long,0,0.00,NA,0,0,0,0,0,0,NA,95
camera,21:32:02,Camera%2Fcontrol%20line%20discarded%3A%20too%20long,0,0.00,NA,0,0,0,0,0,0,NA,95
camera,21:32:02,Camera%2Fcontrol%20line%20discarded%3A%20too%20long,0,0.00,NA,0,0,0,0,0,0,NA,95
camera,21:32:02,Camera%2Fcontrol%20line%20discarded%3A%20too%20long,0,0.00,NA,0,0,0,0,0,0,NA,95
camera,21:32:02,Camera%2Fcontrol%20line%20discarded%3A%20too%20long,0,0.00,NA,0,0,0,0,0,0,NA,95
camera,21:32:02,Camera%2Fcontrol%20line%20discarded%3A%20too%20long,0,0.00,NA,0,0,0,0,0,0,NA,95
camera,21:32:02,Camera%2Fcontrol%20line%20discarded%3A%20too%20long,0,0.00,NA,0,0,0,0,0,0,NA,95
camera,21:32:02,Camera%2Fcontrol%20line%20discarded%3A%20too%20long,0,0.00,NA,0,0,0,0,0,0,NA,95
camera,21:32:02,Camera%2Fcontrol%20line%20discarded%3A%20too%20long,0,0.00,NA,0,0,0,0,0,0,NA,95
camera,21:32:02,Camera%2Fcontrol%20line%20discarded%3A%20too%20long,0,0.00,NA,0,0,0,0,0,0,NA,95
camera,21:32:02,Camera%2Fcontrol%20line%20discarded%3A%20too%20long,0,0.00,NA,0,0,0,0,0,0,NA,95
camera,21:32:02,Camera%2Fcontrol%20line%20discarded%3A%20too%20long,0,0.00,NA,0,0,0,0,0,0,NA,95
camera,21:32:03,Camera%2Fcontrol%20line%20discarded%3A%20too%20long,0,0.00,NA,0,0,0,0,0,0,NA,95
camera,21:32:03,Camera%2Fcontrol%20line%20discarded%3A%20too%20long,0,0.00,NA,0,0,0,0,0,0,NA,95
camera,21:32:03,Camera%2Fcontrol%20line%20discarded%3A%20too%20long,0,0.00,NA,0,0,0,0,0,0,NA,95
camera,21:32:03,Camera%2Fcontrol%20line%20discarded%3A%20too%20long,0,0.00,NA,0,0,0,0,0,0,NA,95
camera,21:32:03,Camera%2Fcontrol%20line%20discarded%3A%20too%20long,0,0.00,NA,0,0,0,0,0,0,NA,95
camera,21:32:03,Camera%2Fcontrol%20line%20discarded%3A%20too%20long,0,0.00,NA,0,0,0,0,0,0,NA,95
camera,21:32:03,Camera%2Fcontrol%20line%20discarded%3A%20too%20long,0,0.00,NA,0,0,0,0,0,0,NA,95
camera,21:32:03,Camera%2Fcontrol%20line%20discarded%3A%20too%20long,0,0.00,NA,0,0,0,0,0,0,NA,95
camera,21:32:03,Camera%2Fcontrol%20line%20discarded%3A%20too%20long,0,0.00,NA,0,0,0,0,0,0,NA,95
camera,21:32:03,Camera%2Fcontrol%20line%20discarded%3A%20too%20long,0,0.00,NA,0,0,0,0,0,0,NA,95
camera,21:32:03,Camera%2Fcontrol%20line%20discarded%3A%20too%20long,0,0.00,NA,0,0,0,0,0,0,NA,95
camera,21:32:03,Camera%2Fcontrol%20line%20discarded%3A%20too%20long,0,0.00,NA,0,0,0,0,0,0,NA,95
camera,21:32:03,Camera%2Fcontrol%20line%20discarded%3A%20too%20long,0,0.00,NA,0,0,0,0,0,0,NA,95
camera,21:32:03,Camera%2Fcontrol%20line%20discarded%3A%20too%20long,0,0.00,NA,0,0,0,0,0,0,NA,95
pico_reply,21:32:03,%3A%20A%C7A%E7%3A%209%E79%E79%C79%C7A%E7A%C79%C7A%C7A%C89%E8B%20B%20B%20B%27B%28J%20JIJIZ%CA%5B,0,0.00,NA,0,0,0,0,0,0,NA,95
camera,21:32:03,Camera%2Fcontrol%20line%20discarded%3A%20too%20long,0,0.00,NA,0,0,0,0,0,0,NA,95
camera,21:32:03,Camera%2Fcontrol%20line%20discarded%3A%20too%20long,0,0.00,NA,0,0,0,0,0,0,NA,95
camera,21:32:03,Camera%2Fcontrol%20line%20discarded%3A%20too%20long,0,0.00,NA,0,0,0,0,0,0,NA,95
pico_reply,21:32:03,%21%23%21%24%29%24%29D%29E%29e%29%85%29%851%A51%861%851%A51%C51%A61%859%A59%C61%C69%A69%C79%A71%C69%E69%C71%C79%C6B%20A%E79%C79%C6%3A%209%E7%3A%20%3A%20A%E79%C79%C79%E7A%E7A%E7B%20B%27I%E7B%20B%20B%28B%20J%28B%20B%20B%28B%28JIBIBIJIJIJiR%89J%89J%89JiZ%A9c,0,0.00,NA,0,0,0,0,0,0,NA,95
camera,21:32:03,Camera%2Fcontrol%20line%20discarded%3A%20too%20long,0,0.00,NA,0,0,0,0,0,0,NA,95
pico_reply,21:32:03,%84%20%8CO%8CP%8C0%8C%20%8C%20%7B%CF%83%EE%8C%2F%83%EF%8C%2F%84%20%83%CE%83%8E%7B%AE%7B%8D%7B%CE%7B%CE%7B%21%20%21,0,0.00,NA,0,0,0,0,0,0,NA,95
camera,21:32:03,Camera%2Fcontrol%20line%20discarded%3A%20too%20long,0,0.00,NA,0,0,0,0,0,0,NA,95
camera,21:32:03,Camera%2Fcontrol%20line%20discarded%3A%20too%20long,0,0.00,NA,0,0,0,0,0,0,NA,95
camera,21:32:03,Camera%2Fcontrol%20line%20discarded%3A%20too%20long,0,0.00,NA,0,0,0,0,0,0,NA,95
camera,21:32:03,Camera%2Fcontrol%20line%20discarded%3A%20too%20long,0,0.00,NA,0,0,0,0,0,0,NA,95
camera,21:32:03,Camera%2Fcontrol%20line%20discarded%3A%20too%20long,0,0.00,NA,0,0,0,0,0,0,NA,95
camera,21:32:03,Camera%2Fcontrol%20line%20discarded%3A%20too%20long,0,0.00,NA,0,0,0,0,0,0,NA,95
camera,21:32:03,Camera%2Fcontrol%20line%20discarded%3A%20too%20long,0,0.00,NA,0,0,0,0,0,0,NA,95
camera,21:32:03,Camera%2Fcontrol%20line%20discarded%3A%20too%20long,0,0.00,NA,0,0,0,0,0,0,NA,95
camera,21:32:03,Camera%2Fcontrol%20line%20discarded%3A%20too%20long,0,0.00,NA,0,0,0,0,0,0,NA,95
pico_reply,21:32:03,%20%A5%20%A5%20%A5%20%A4%F2%A4%D3%A4%D2%A4%D1%9C%F2%9C%F1%A5%20%A4%D3%9C%B2%A4%F2%9C%F2%9C%D2%9C%D1%A4%D2%9Cq%94%91%9C%B1%9C%B2%9C%B2%9C%B2%9C%B2%9C%92%9C%B2%9C%D1%94%B2%94q%9C%91%94r%94%91%94%91%9C%91%94%B2%94%91%94%91%94%91%94P%8CQ%8CP%8Cp%94%20%8C%20%8C%20%8C0%8C%20%8C%20%84%2F%84%20%83%EF%84%20%8C%20%83%EF%83%CF%83%EF%7B%CF%83%EF%7B%EE%83%EF%83%EF%7B%CF%7B%EE%7B%CF%7B%CF%84%20%84%20%7C%20%83%EF%83%CF%7B%8D%83%CE%83%CE%7B%CE%7B%CDs%AE%7B%AD%7B%AEs%8Es%8EsA,0,0.00,NA,0,0,0,0,0,0,NA,95
camera,21:32:03,Camera%2Fcontrol%20line%20discarded%3A%20too%20long,0,0.00,NA,0,0,0,0,0,0,NA,95
camera,21:32:03,Camera%2Fcontrol%20line%20discarded%3A%20too%20long,0,0.00,NA,0,0,0,0,0,0,NA,95
camera,21:32:03,Camera%2Fcontrol%20line%20discarded%3A%20too%20long,0,0.00,NA,0,0,0,0,0,0,NA,95
pico_reply,21:32:03,%40%29%A2R%A8J%29A%E79%C69%A61e%29E%29E%29%24%29%24%29%241%251E1%851%86%29e1%861%861%861%A69%A61%861%861%869%A59%A69%A69%A79%879%869%A69%A79%A69%C69%C79%A69%E61%E7%29%C61%A61%A71%851%861%861%A6%29f%29e%29%851%85%29e%29%851%861f1f1%A71%A61%86%29%861%869%C7J%27k%20sls%8D%7B%AD%7B%AEs%8D%7B%8Ds%8DkMk%2Cb%EB%5B,0,0.00,NA,0,0,0,0,0,0,NA,95
camera,21:32:03,Camera%2Fcontrol%20line%20discarded%3A%20too%20long,0,0.00,NA,0,0,0,0,0,0,NA,95
pico_reply,21:32:03,%7B%CEsm%7B%8D%7Bm%7BMsnsnsA%20A,0,0.00,NA,0,0,0,0,0,0,NA,95
camera,21:32:03,Camera%2Fcontrol%20line%20discarded%3A%20too%20long,0,0.00,NA,0,0,0,0,0,0,NA,95
pico_reply,21:32:03,%ED%84%20%7B%AE%83%CE%7B%AD%7B%CE%7B%8E%7B%8D%7B%8Esm%7B%8D%7B%ADsms%8D%7Bm%7BmsmsmsA%20A%20A%20A%20A%20%21%20A%20%21%20A%20A%20A%20A%20A%20%21%20%21,0,0.00,NA,0,0,0,0,0,0,NA,95
camera,21:32:03,Camera%2Fcontrol%20line%20discarded%3A%20too%20long,0,0.00,NA,0,0,0,0,0,0,NA,95
camera,21:32:03,Camera%2Fcontrol%20line%20discarded%3A%20too%20long,0,0.00,NA,0,0,0,0,0,0,NA,95
camera,21:32:03,Camera%2Fcontrol%20line%20discarded%3A%20too%20long,0,0.00,NA,0,0,0,0,0,0,NA,95
camera,21:32:03,Camera%2Fcontrol%20line%20discarded%3A%20too%20long,0,0.00,NA,0,0,0,0,0,0,NA,95
camera,21:32:03,Camera%2Fcontrol%20line%20discarded%3A%20too%20long,0,0.00,NA,0,0,0,0,0,0,NA,95
camera,21:32:03,Camera%2Fcontrol%20line%20discarded%3A%20too%20long,0,0.00,NA,0,0,0,0,0,0,NA,95
pico_reply,21:32:03,%7B%8E%7B%AE%7B%AEs%AD%7B%AFk%8Es%ADs%8E%7Bm%7B%8D%7B%8Dk%2Cs%2Cs%2Cj%EBk,0,0.00,NA,0,0,0,0,0,0,NA,95
pico_reply,21:32:03,c,0,0.00,NA,0,0,0,0,0,0,NA,95
pico_reply,21:32:03,c,0,0.00,NA,0,0,0,0,0,0,NA,95
camera,21:32:04,Camera%2Fcontrol%20line%20discarded%3A%20too%20long,0,0.00,NA,0,0,0,0,0,0,NA,95
camera,21:32:04,Camera%2Fcontrol%20line%20discarded%3A%20too%20long,0,0.00,NA,0,0,0,0,0,0,NA,95
camera,21:32:04,Camera%2Fcontrol%20line%20discarded%3A%20too%20long,0,0.00,NA,0,0,0,0,0,0,NA,95
camera,21:32:04,Camera%2Fcontrol%20line%20discarded%3A%20too%20long,0,0.00,NA,0,0,0,0,0,0,NA,95
camera,21:32:04,Camera%2Fcontrol%20line%20discarded%3A%20too%20long,0,0.00,NA,0,0,0,0,0,0,NA,95
camera,21:32:04,Camera%2Fcontrol%20line%20discarded%3A%20too%20long,0,0.00,NA,0,0,0,0,0,0,NA,95
pico_reply,21:32:04,%A5%20%A54%A54%AD4%AD%20%AD4%AD4%ADT%ADU%ADt%ADu%B5u%ADt%ADT%ADT%9D%20%9D%20%9C%F3%A4%B2%9C%B2%94%B1%9C%B2%9C%D2%9C%B2%94%B2%94%D1%9C%D2%9C%B2%94%B1%94%D0%94%B1%94%B1%94%91%94%B1%8Cq%94q%94%91%94%B1%8Cq%8CP%94q%94q%8Cq%8Cq%8Cq%94%91%94%91%94q%8CP%94p%8Cp%94p%8C0%84%20%84%20%8CP%8CQ%8CP%8C%2F%8CP%84%20%84%20%8C%20%84%20%8C%2F%8C%20%84%2F%84%20%84%20%83%EE%83%CF%83%CF%7B%CF%83%CE%83%CF%7B%CE%83%CE%83%CF%7B%AE%7B%CE%83%CE%84%20%7B%AE%7B%8E%7B%AD%7B%AE%7B%CD%7B%EE%7B%CE%7B%EE%7B%CE%7B%CE%7B%CE%83%CE%83%CE%7B%AE%7B%CE%7B%AE%7B%8Es%AD%7B%8D%7B%8Dsms%8Ds%8D%7B%8DslsLkl%7B%AD%7Bm%7BMsMs%8Ds%8EsMj%ECk%20j%EBk,0,0.00,NA,0,0,0,0,0,0,NA,95
pico_reply,21:32:04,c,0,0.00,NA,0,0,0,0,0,0,NA,95
camera,21:32:04,Camera%2Fcontrol%20line%20discarded%3A%20too%20long,0,0.00,NA,0,0,0,0,0,0,NA,95
camera,21:32:04,Camera%2Fcontrol%20line%20discarded%3A%20too%20long,0,0.00,NA,0,0,0,0,0,0,NA,95
camera,21:32:04,Camera%2Fcontrol%20line%20discarded%3A%20too%20long,0,0.00,NA,0,0,0,0,0,0,NA,95
camera,21:32:04,Camera%2Fcontrol%20line%20discarded%3A%20too%20long,0,0.00,NA,0,0,0,0,0,0,NA,95
camera,21:32:04,Camera%2Fcontrol%20line%20discarded%3A%20too%20long,0,0.00,NA,0,0,0,0,0,0,NA,95
pico_reply,21:32:04,,0,0.00,NA,0,0,0,0,0,0,NA,95
camera,21:32:04,Camera%2Fcontrol%20line%20discarded%3A%20too%20long,0,0.00,NA,0,0,0,0,0,0,NA,95
pico_reply,21:32:04,%A4%F3%A5%20%9D%20%A5%20%A5%20%A53%A53%A54%A5%20%A5%20%9D%20%AD3%AD4%ADT%ADT%ADT%AD4%AD4%ADT%ADt%9C%F4%9C%F2%9C%F2%9C%D2%9C%D2%94%92%9C%91%9C%91%94%91%94p%94%91%94%91%8C%91%8Cq%8Cq%8CP%94p%94q%8CQ%8C0%8CP%8CP%8Cp%8Cp%8Cp%8C0%8Cp%8C0%7C%20%84%2F%840%8C%20%840%84%20%84%20%84%20%84%20%8C0%84%20%84%2F%84%20%8C%2F%83%CF%7B%AF%7B%AE%7B%CE%7B%EE%83%EF%83%CE%84%20%7B%CE%7B%EE%7B%CE%7B%EE%84%20%83%EE%7B%EEs%AEs%AD%7B%CE%7B%AEs%AD%7B%AD%7B%AE%7B%8Ds%8Ekms%CEs%CE%7B%AEs%AE%7B%ADs%8Dsms%8E%7Bm%83%CEs%ADs%ADs%ADs%CD%7B%AEs%8D%7B%AD%7B%AEsms%8Dkmslsms%8CslsmkKsksLk%20Z%CBj%EBc%20k,0,0.00,NA,0,0,0,0,0,0,NA,95
camera,21:32:04,Camera%2Fcontrol%20line%20discarded%3A%20too%20long,0,0.00,NA,0,0,0,0,0,0,NA,95
pico_reply,21:32:04,%94%D2%9C%D3%9C%F3%9D%20%9D4%9D%20%9C%F3%A5%20%A5%20%A53%A54%A54%A54%A54%A53%A5%20%A5%20%A5%20%A54%A53%ADS%ADT%ADT%AD4%ADT%A54%A54%9C%D3%9C%D2%9C%D2%94%91%94%B1%94%B2%94%91%94q%94q%94q%94q%8C%90%94%B0%8C%91%8Cp%8CP%8Cq%8CQ%8CP%8CP%8CP%8Cq%84P%8Cq%8CP%8CP%840%840%84%2F%7B%EF%84%20%84%20%84%2F%84%2F%84%20%84%20%83%EF%7B%EF%84%20%84%20%84%20%83%EE%7B%EE%7B%CE%83%AEs%AF%7B%CE%7B%CE%7B%CE%7B%EF%7B%CE%83%CE%7B%CEs%ADs%AE%7B%CE%7B%EEs%CEs%AD%7B%CE%7B%8Es%8Esm%7B%8Es%8Es%8Dkm%7B%EE%7B%CE%7B%8Esms%8Ds%8Es%8Es%8Ds%8Dsns%8Ds%8Ds%8Dkmkmsms-%7BMk-clk%ACs%8Ek.kLsLc%2Ck%2Bklk%2Ck%20b%CBb%CBZ%EA%5B,0,0.00,NA,0,0,0,0,0,0,NA,95
camera,21:32:04,Camera%2Fcontrol%20line%20discarded%3A%20too%20long,0,0.00,NA,0,0,0,0,0,0,NA,95
pico_reply,21:32:04,%94%B2%9C%93%94%92%94%B2%9C%D2%9C%D2%9D%20%A5%20%A5%20%A53%A54%A54%A54%A54%A54%A5%20%A5%20%A53%A53%A54%A53%ADS%AD4%AD4%A5S%AD4%A5T%9C%F3%9C%B2%94%B2%94%91%94%91%9C%91%9C%B1%94q%94q%94q%94q%8Cq%8Cp%94%90%94p%940%8CP%8CP%94P%8CP%8CP%8C0%8C%20%8CQ%8CP%8C0%840%840%84%20%84%20%84%20%84%20%840%84%20%84%20%7B%EF%83%EF%83%EE%84%20%83%EF%84%20%83%EF%7B%EE%7B%EE%7B%CF%7B%AF%83%CE%7B%AEs%AE%7B%AE%7B%CE%7B%CE%7B%CE%7B%AE%7B%CE%7B%CE%7B%EE%7B%AEs%AD%7B%AD%7B%8Ds%ADs%8D%7B%8Ds%8Es%8Ds%8C%7B%ED%7B%CE%7B%8E%7Bms%8Ds%8DsmkM%7BMs%2CslsmsmsLk%2Cs%2Cj%ECs%2Bs%2Bc%2Cc,0,0.00,NA,0,0,0,0,0,0,NA,95
pico_reply,21:32:04,kLk%2Ck%20b%CBb%C9r%EBZ%8BZ%89j%EAZ%CAb%ABR%AAZ%C9c%20c%20b%CCb%8AZjRiZ%AARiZiR%29J%29J%29JA%20A%20A%20A%20A%20A%20a%20A%20A%20A%20A%20a%20a%20a%20a%20A%20A%20A,0,0.00,NA,0,0,0,0,0,0,NA,95
pico_reply,21:32:04,%5B%20cmk%8Dk%AEs%EFk%EFt%20%7C%20%7C%20%7C0%7C1%84Q%84q%84%91%8C%91%84%B1%8C%91%8C%91%8C%B2%8C%B2%8C%92%8C%92%94%92%94%B2%8C%B2%8C%B2%94%92%94%92%94%93%94%92%9C%B2%94%B3%9C%F3%A53%A54%A5%20%A54%A54%A54%A54%A53%A5%20%A5%20%A5%20%A5%20%A54%A53%A54%A53%A5t%A5T%AD4%A5T%9C%F3%94%B2%94%B2%8C%91%94q%94%91%8Cp%94%91%94q%8Cq%94%91%8Cq%8CP%8CP%94p%8Cq%8C0%8C0%8C0%840%8C0%8C0%8C0%8C0%8C0%8C0%8CP%840%84%20%84%20%83%F0%84%20%84%20%84%20%84%2F%7B%EF%7B%EE%7C%20%83%EF%83%EF%7C%20%7C%20%7B%EE%7B%EE%7B%CFs%AE%7B%CD%7B%CEs%AE%7B%AE%7B%AE%7B%AE%7B%AE%7B%AE%7B%CE%7B%EE%83%EE%7B%AE%7B%8D%7B%8D%7B%8D%7B%CEs%ADs%8D%7B%CE%7B%AEs%8E%7B%CD%7B%AEsnsms%CDs%CDs%8Ek,0,0.00,NA,0,0,0,0,0,0,NA,95
camera,21:32:04,Camera%2Fcontrol%20line%20discarded%3A%20too%20long,0,0.00,NA,0,0,0,0,0,0,NA,95
pico_reply,21:32:04,%84q%8C%91%8C%91%8Cq%8Cr%8Cr%8C%B2%94%B2%94%92%94%92%94%92%94%92%9C%B2%9C%B2%9C%F3%A4%F3%A5%20%A53%A53%A54%A53%A53%A5%20%A5%20%A5%20%A5%20%A54%A53%A53%A53%A54%A53%A5S%ADS%ADT%9D%20%9C%B2%94%92%94%91%94%91%9C%92%94P%8CP%94Q%8CP%8Cp%8Co%8Cp%8C%20%7B%EF%84%20%8C%20%8C%20%84%20%84%2F%8CO%8C0%84%20%84%20%8CO%8C0%84%20%84%20%84%20%84%20%83%EF%84%20%83%EF%84%20%84%20%83%EF%83%EE%83%EE%83%EF%7B%EE%7B%EE%7C%20%7C%20%7B%EF%7B%CEs%AF%7B%CE%7B%CEs%AEs%AD%7B%AE%7B%AE%7B%AE%7B%CD%7B%CE%7B%AE%7B%AEs%8D%7B%8D%7B%8D%7B%CDs%8D%7B%CD%7B%EE%7B%ADsmkMs%8DsLklsLsmkLsLk%20k%20k%20kLkLk%20k%2Bk%2Bs%20s%20b%CBb%CAj%EBj%CBb%CAb%E9k%2Bb%EBZ,0,0.00,NA,0,0,0,0,0,0,NA,95
camera,21:32:04,Camera%2Fcontrol%20line%20discarded%3A%20too%20long,0,0.00,NA,0,0,0,0,0,0,NA,95
camera,21:32:04,Camera%2Fcontrol%20line%20discarded%3A%20too%20long,0,0.00,NA,0,0,0,0,0,0,NA,95
pico_reply,21:32:04,%20A%20A%20A%20a%20b%20b%20b%20a%20%82%20b%20A%20A%20A%20A%20A%20A%20A%20A%20A%20A%20A%20A,0,0.00,NA,0,0,0,0,0,0,NA,95
pico_reply,21:32:04,cLkKk%8DcncMkmk%8Es%AEs%8F%7B%EFs%EF%7C%2F%84P%840%84P%7CO%84%AF%8C%B1%8Cq%8C%91%8C%91%8C%B1%8C%B2%8C%92%94%B1%9C%D2%94%B2%8C%91%94%92%9C%D3%9C%F2%9C%F3%9C%D3%9C%D2%9C%D2%9C%F3%A5%20%A5%20%A5%20%A4%F2%A4%F2%9C%F3%9C%D3%A4%D2%A5%20%9C%F3%9D%20%9D%20%9D%20%A5%20%A4%D2%94%F3%94%D0%9C%B1%94q%8CP%840%8CO%94P%8Cp%8Cp%84%20%8C%2F%84%20%8C%2F%84%2F%84%20%84%20%84%20%84%20%8C%2F%84%20%84%20%84%20%84%2F%84%20%83%EF%84%20%84%20%84%20%7B%EF%7C%20%7C%20%84.%84%20%83%EF%83%EF%83%EF%83%EF%83%CF%83%CF%7B%EE%7B%CE%7B%CEs%CE%84.%84%20%7B%CF%7B%EE%84%20s%8Es%AD%7B%AD%7B%AE%83%AE%7B%8E%7B%ADs%ADs%8D%7BM%7BMsm%7B%AC%7B%8EkMk%8Ck%8CklkLklkmkLs%2Cs-j%EBk%2Bskk,0,0.00,NA,0,0,0,0,0,0,NA,95
camera,21:32:04,Camera%2Fcontrol%20line%20discarded%3A%20too%20long,0,0.00,NA,0,0,0,0,0,0,NA,95
pico_reply,21:32:04,c%ADc%8Es%CEk%CFt%20s%EFt%20t0t0%7Cp%7Cq%84Q%84q%84%91%84q%84%92%84r%8Cq%8C%91%94%B2%8C%B2%8C%91%94%F3%94%D3%94%F3%94%D3%94%D2%9C%D2%9C%D3%94%B2%9C%F3%9C%D3%9C%D3%9C%F3%9C%F3%9C%F2%9C%F2%9D%20%A5%20%9D%20%9D3%9D%20%9C%F3%9C%F3%9C%D3%8CQ%8CP%8Cp%8Cq%84Q%84P%8CP%8CP%84o%8CP%84%20%84%20%84%2F%84%2F%84%20%84%20%84%20%83%EF%83%EF%83%EF%8C%2F%83%EE%83%EF%84%20%84%20%84%20%83%EF%83%EF%7B%EF%83%EF%84%20%7C%20%7B%EF%84%20%83%EF%7B%CF%7B%CE%83%EF%83%CF%83%CE%7B%CE%7B%CFs%EE%7B%ED%7B%CE%7B%EF%7B%EF%83%EF%7B%AEs%AE%7B%AD%7B%AD%7B%AEs%8Fs%AEs%ADsmsMs-sms%ADs%8DsmsLk%8Ck%2Cc%2Ck%2BkLkLkMsMj%EBb%EBk,0,0.00,NA,0,0,0,0,0,0,NA,95
camera,21:32:04,Camera%2Fcontrol%20line%20discarded%3A%20too%20long,0,0.00,NA,0,0,0,0,0,0,NA,95
camera,21:32:04,Camera%2Fcontrol%20line%20discarded%3A%20too%20long,0,0.00,NA,0,0,0,0,0,0,NA,95
camera,21:32:04,Camera%2Fcontrol%20line%20discarded%3A%20too%20long,0,0.00,NA,0,0,0,0,0,0,NA,95
pico_reply,21:32:04,%7B%EF%7B%EF%7C%20%7B%EF%84%20%84%20%7B%EF%83%EF%7B%EF%7B%CF%7C%20%7C%20%84%20%83%EE%7B%EE%84%20%83%EF%83%EF%83%EF%7B%EE%83%EF%7B%EF%7B%CE%7B%CE%7B%EE%7B%EE%7B%EE%7B%CE%7B%AE%7B%8E%7B%AE%7B%CE%7B%AEs%8Ds%8D%7B%CE%7B%CE%7B%AE%7B%8E%7B%8D%7Bm%7Bmsmkmkmk%8DslsmkMkmk%8DknsMs%2Ck%2Bk%2Bk%2Bk%2CkLc%2Ck%2Ck%20b%ECk%20k%20k%2Cc,0,0.00,NA,0,0,0,0,0,0,NA,95
camera,21:32:04,Camera%2Fcontrol%20line%20discarded%3A%20too%20long,0,0.00,NA,0,0,0,0,0,0,NA,95
camera,21:32:04,Camera%2Fcontrol%20line%20discarded%3A%20too%20long,0,0.00,NA,0,0,0,0,0,0,NA,95
pico_reply,21:32:04,%20a%20A%20a%20a%20A,0,0.00,NA,0,0,0,0,0,0,NA,95
camera,21:32:04,Camera%2Fcontrol%20line%20discarded%3A%20too%20long,0,0.00,NA,0,0,0,0,0,0,NA,95
camera,21:32:04,Camera%2Fcontrol%20line%20discarded%3A%20too%20long,0,0.00,NA,0,0,0,0,0,0,NA,95
pico_reply,21:32:04,%7B%EE%7B%EE%7B%EE%7B%CE%7B%EE%7B%CE%7B%CE%7B%AE%7B%AE%7B%AE%7B%AE%7B%8Ds%ADs%8Ds%8Ds%8D%7BmsmsmsLsLslsms%8DsmkMklkMkLklslsmk%2Cc%20kLk%2BkKcKk%20j%ECk,0,0.00,NA,0,0,0,0,0,0,NA,95
pico_reply,21:32:04,b%EBc%20j%EBj%EBb%CAZ%8AZ%EAc,0,0.00,NA,0,0,0,0,0,0,NA,95
camera,21:32:04,Camera%2Fcontrol%20line%20discarded%3A%20too%20long,0,0.00,NA,0,0,0,0,0,0,NA,95
camera,21:32:04,Camera%2Fcontrol%20line%20discarded%3A%20too%20long,0,0.00,NA,0,0,0,0,0,0,NA,95
camera,21:32:04,Camera%2Fcontrol%20line%20discarded%3A%20too%20long,0,0.00,NA,0,0,0,0,0,0,NA,95
camera,21:32:04,Camera%2Fcontrol%20line%20discarded%3A%20too%20long,0,0.00,NA,0,0,0,0,0,0,NA,95
camera,21:32:04,Camera%2Fcontrol%20line%20discarded%3A%20too%20long,0,0.00,NA,0,0,0,0,0,0,NA,95
camera,21:32:05,Camera%2Fcontrol%20line%20discarded%3A%20too%20long,0,0.00,NA,0,0,0,0,0,0,NA,95
pico_reply,21:32:05,%20b%20b%20%82%20%82%20b%20a%20b%20B%20A%20%21%20B%20%82%20%A3%20%E4%21%20%21%25%21%20%21%20%21%25%21E%21F%29f%21f1%C6A%E71%A89%E8B%29BiR%8AR%8AR%CB%5B,0,0.00,NA,0,0,0,0,0,0,NA,95
pico_reply,21:32:05,c%20c%2C%5B%20kLklkms%8Dsms%CE%7C-%7B%EF%7B%CF%7B%CE%7C%20s%CEs%AEs%ADs%CDs%8Ds%ADs%8DsNcMclsls%ADkmkMkMsl%7B%AD%7B%ADs%8D%7B%8D%7B%ADsms%AD%7B%8Es%8Ds%ADs%8Dsnsm%7B%8D%7B%AE%7B%AE%7B%8Dsms%8C%7B%8Ds%8Ds%ADsns%8Cs%8Dsms%8DsmkLk%2CkMs-sMsmkmkLsmkLkLkLsLkMj%ECkj%ECb%EAk%2Ac%20b%ECc%20c%20b%EAk%2Cb%EBb%EBc,0,0.00,NA,0,0,0,0,0,0,NA,95
camera,21:32:05,Camera%2Fcontrol%20line%20discarded%3A%20too%20long,0,0.00,NA,0,0,0,0,0,0,NA,95
pico_reply,21:32:05,%20%40%20%40%20a%20%81%20%A2%20%A2%20%A2%20%A2%20%82%20%82%20%82%20%82%20%82%20b%20b%20a%20b%20b%20b%20B%20A%20b%20%82%20%A3%20%C4%20%E4%20%20%20%20%20%25%20%25%20%25%21E%20%25%21e%29%A69%C7%3A%20%3A%29%3A%20B%20BIR%AAR%8BR%CBR%CBZ%ECc%20cLkmknk%8Ds%CDs%AEs%CFs%AEk%CDs%EEk%8EcMcLsmsmcLkmklkmkMclk%8Ds%8Eknk-kLkls%8DsMcKk%8Csmsmsmsms%ADs%AEs%8Ds%8Es%8D%7B%AE%7B%8Esms%8Dsmsmk%8Ds%8Dkms%8D%7BnkMc-kLkLkLkm%7BnkNk%2Ck%2CkLkLkLck%20sLk%20k%20c%2Bk%20b%EBc,0,0.00,NA,0,0,0,0,0,0,NA,95
pico_reply,21:32:05,b%EBZ%EBc%2A%5B,0,0.00,NA,0,0,0,0,0,0,NA,95
camera,21:32:05,Camera%2Fcontrol%20line%20discarded%3A%20too%20long,0,0.00,NA,0,0,0,0,0,0,NA,95
pico_reply,21:32:05,%28%E3%28%E4%28%E4%20%E4%20%A4%20%84%20%2F%20c%20b,0,0.00,NA,0,0,0,0,0,0,NA,95
camera,21:32:05,Camera%2Fcontrol%20line%20discarded%3A%20too%20long,0,0.00,NA,0,0,0,0,0,0,NA,95
camera,21:32:05,Camera%2Fcontrol%20line%20discarded%3A%20too%20long,0,0.00,NA,0,0,0,0,0,0,NA,95
pico_reply,21:32:05,a%20a%20a%20a%20a%20a%20A%20A%20A%20A%20A%20A%20A%20a%20A%20A%20A%20A%20A%20A%20a%20a%20a%20A%20a%20a%20A%20A%20a%20a%20a%20a%20a%20b%20a%20b%20b%20a%20a%20b%20a%20b%20b%20%81%20a%20a%20a%20a%20A%20A%20a%20a%20A%20A%20A%20A%20a%20a%20A%20a%20A%20A%20A%20a%20A%20A%20a%20A%20A%20A%20A%20A%20A%20A%20A%20A%20A%20A,0,0.00,NA,0,0,0,0,0,0,NA,95
pico_reply,21:32:05,%5B%CEcN%5B%2C%5Bjt%2C%7Cm%7C%B0%85%20%9E%20%9E%20%9E%20%8D%95%85%94%8D%D5%8D%B6%8D%95%8D%95%8D%95%95t%95%95%95%94%9D%95%7C%D5%7CQS%20Z%EAZ%EC%21H%20%83%20%C4%20%83%20%83%20%83%20%82%20a%20%82%20%82%20b%20b%20b%20a%20b%20a%20a%20a%20b%20B%20a%20%82%20%83%20%A3%20%A3%20%C3%20%C3%20%C4%20%C3%20%E4%20%20%21%20%21%20%29D%29f%29%861%E6%3A%20B%20B%20BgJ%A9R%ABR%AAR%CB%5B%20kmkmklkls%8Dk%8Dclk%2Cc%2Bc%2BR%CD%5B%20%5BKkkkLkMkc%2Bk%2Bb%EBZ%EAc%2BkLk%2Cc%20%5BLkLslk%8Cs%8Dkmk%2BslsLk-k%2Ck%2Bc%2BcKkLkks%ACkmk%2Ck%2Ck%2CkLk%8Cs%8DkmkLkLk%2Ck%20b%EB,0,0.00,NA,0,0,0,0,0,0,NA,95
camera,21:32:05,Camera%2Fcontrol%20line%20discarded%3A%20too%20long,0,0.00,NA,0,0,0,0,0,0,NA,95
pico_reply,21:32:05,r%9D%95%95S%95T%8DS%95u%84%F5%7C%B3%7C%D2%853%8D4%955%9C%F5%94%D3%9DT%7C%D3%8C%D1tslN%AD%91Z%B1%21%20%20%E3%20%A2%20%C2%20%A2%20%81%20%81%20a%20a%20%81%20%82%20b%20a%20b%20a%20a%20a%20b%20b%20b%20%82%20%83%20%A3%20%C3%20%C3%20%A3%20%A3%20%C4%20%C3%20%E3%20%E4%20%20%21%24%29%25%21E1e%29%A61%C79%E8BHBhJ%A9Z%8AR%AAJ%ABR%CBR%EB%5B%20c%2Cc-c-c%2CcMcl%5B-R%ACR%EAS,0,0.00,NA,0,0,0,0,0,0,NA,95
pico_reply,21:32:05,%5B,0,0.00,NA,0,0,0,0,0,0,NA,95
pico_reply,21:32:05,c%2B%5B%2Cc-cLcKklkLc%20c%2BcLcMc-c%2Cc%2CclkmcM%5B%20kLklc-c%2CcMcM%5B%20c%20cLcKk%8Cs%8Dc%20b%EBc%2Cc%20c%2C%5B%2CckcLcmkMZ%CC%5B%2Ac%2Bc%2Cc%20R%ABR%8AR%C9S,0,0.00,NA,0,0,0,0,0,0,NA,95
pico_reply,21:32:05,%5B%2Bc%2Bc%20R%ACZ%EAR%ABR%AAZ%AAZ%AAZ%AAR%EA%5B,0,0.00,NA,0,0,0,0,0,0,NA,95
camera,21:32:05,Camera%2Fcontrol%20line%20discarded%3A%20too%20long,0,0.00,NA,0,0,0,0,0,0,NA,95
pico_reply,21:32:05,%E7%FD%EF%FE%D7%9F%8DU%7CtT%20%7C%AD%7C%20R%AF%21%27%21%20%21%25%20%E4%20%C3%20%83%20b%20b%20%82%20b%20b%20b%20a%20b%20b%20b%20a%20a%20b%20b%20b%20%82%20%A2%20%C3%20%C3%20%C3%20%C3%20%C3%20%E3%20%E3%21%20%21%20%21%20%21%20%29%20%21%25%21E1%E69%E72%20B%27JHJiBJJJRiRiZ%CAZ%EBc%20c%2C%5BLcl%5BLZ%ECR%EBR%CBR%AAR%8AJ%AAR%AAZ%CBR%EB%5B,0,0.00,NA,0,0,0,0,0,0,NA,95
camera,21:32:05,Camera%2Fcontrol%20line%20discarded%3A%20too%20long,0,0.00,NA,0,0,0,0,0,0,NA,95
camera,21:32:05,Camera%2Fcontrol%20line%20discarded%3A%20too%20long,0,0.00,NA,0,0,0,0,0,0,NA,95
camera,21:32:05,Camera%2Fcontrol%20line%20discarded%3A%20too%20long,0,0.00,NA,0,0,0,0,0,0,NA,95
camera,21:32:05,Camera%2Fcontrol%20line%20discarded%3A%20too%20long,0,0.00,NA,0,0,0,0,0,0,NA,95
camera,21:32:05,Camera%2Fcontrol%20line%20discarded%3A%20too%20long,0,0.00,NA,0,0,0,0,0,0,NA,95
camera,21:32:05,Camera%2Fcontrol%20line%20discarded%3A%20too%20long,0,0.00,NA,0,0,0,0,0,0,NA,95
camera,21:32:05,Camera%2Fcontrol%20line%20discarded%3A%20too%20long,0,0.00,NA,0,0,0,0,0,0,NA,95
camera,21:32:05,Camera%2Fcontrol%20line%20discarded%3A%20too%20long,0,0.00,NA,0,0,0,0,0,0,NA,95
pico_reply,21:32:05,3KOSkZ%ED9%EA%29e1%C5%3A%26%3A%27BGBhJh9%E8%29%25%20%A3%20%81%20%81%20a%20a%20a%20a%20b%20a%20a%20a%20b%20b,0,0.00,NA,0,0,0,0,0,0,NA,95
pico_reply,21:32:05,%5B,0,0.00,NA,0,0,0,0,0,0,NA,95
camera,21:32:05,Camera%2Fcontrol%20line%20discarded%3A%20too%20long,0,0.00,NA,0,0,0,0,0,0,NA,95
camera,21:32:05,Camera%2Fcontrol%20line%20discarded%3A%20too%20long,0,0.00,NA,0,0,0,0,0,0,NA,95
camera,21:32:05,Camera%2Fcontrol%20line%20discarded%3A%20too%20long,0,0.00,NA,0,0,0,0,0,0,NA,95
camera,21:32:05,Camera%2Fcontrol%20line%20discarded%3A%20too%20long,0,0.00,NA,0,0,0,0,0,0,NA,95
camera,21:32:05,Camera%2Fcontrol%20line%20discarded%3A%20too%20long,0,0.00,NA,0,0,0,0,0,0,NA,95
camera,21:32:05,Camera%2Fcontrol%20line%20discarded%3A%20too%20long,0,0.00,NA,0,0,0,0,0,0,NA,95
camera,21:32:05,Camera%2Fcontrol%20line%20discarded%3A%20too%20long,0,0.00,NA,0,0,0,0,0,0,NA,95
camera,21:32:05,Camera%2Fcontrol%20line%20discarded%3A%20too%20long,0,0.00,NA,0,0,0,0,0,0,NA,95
camera,21:32:05,Camera%2Fcontrol%20line%20discarded%3A%20too%20long,0,0.00,NA,0,0,0,0,0,0,NA,95
camera,21:32:05,Camera%2Fcontrol%20line%20discarded%3A%20too%20long,0,0.00,NA,0,0,0,0,0,0,NA,95
camera,21:32:06,Camera%2Fcontrol%20line%20discarded%3A%20too%20long,0,0.00,NA,0,0,0,0,0,0,NA,95
camera,21:32:06,Camera%2Fcontrol%20line%20discarded%3A%20too%20long,0,0.00,NA,0,0,0,0,0,0,NA,95
camera,21:32:06,Camera%2Fcontrol%20line%20discarded%3A%20too%20long,0,0.00,NA,0,0,0,0,0,0,NA,95
camera,21:32:06,Camera%2Fcontrol%20line%20discarded%3A%20too%20long,0,0.00,NA,0,0,0,0,0,0,NA,95
pico_reply,21:32:06,%20a%20a%20a%20a%20A%20a%20a%20A%20a%20A%20A%20a%20a%20a%20a%20A%20A%20a%20A,0,0.00,NA,0,0,0,0,0,0,NA,95
camera,21:32:06,Camera%2Fcontrol%20line%20discarded%3A%20too%20long,0,0.00,NA,0,0,0,0,0,0,NA,95
pico_reply,21:32:06,%20a%20a%20A%20B%20a%20a%20a%20a%20a%20A%20a%20a%20a%20A%20a%20a%20A%20a%20A%20A%20a%20a%20A%20a%20A%20A%20a%20A,0,0.00,NA,0,0,0,0,0,0,NA,95
camera,21:32:06,Camera%2Fcontrol%20line%20discarded%3A%20too%20long,0,0.00,NA,0,0,0,0,0,0,NA,95
camera,21:32:06,Camera%2Fcontrol%20line%20discarded%3A%20too%20long,0,0.00,NA,0,0,0,0,0,0,NA,95
camera,21:32:06,Camera%2Fcontrol%20line%20discarded%3A%20too%20long,0,0.00,NA,0,0,0,0,0,0,NA,95
camera,21:32:06,Camera%2Fcontrol%20line%20discarded%3A%20too%20long,0,0.00,NA,0,0,0,0,0,0,NA,95
camera,21:32:06,Camera%2Fcontrol%20line%20discarded%3A%20too%20long,0,0.00,NA,0,0,0,0,0,0,NA,95
camera,21:32:06,Camera%2Fcontrol%20line%20discarded%3A%20too%20long,0,0.00,NA,0,0,0,0,0,0,NA,95
pico_reply,21:32:06,%20b%20a%20b%20b%20b%20b%20b%20%82%20b%20b%20a%20b%20b%20b%20b%20b%20b%20b%20a%20a%20A%20A%20a%20a%20a%20a%20a%20a%20A%20a%20a%20a%20a%20a%20a%20A%20A%20a%20a%20a%20a%20a%20a%20a%20a%20a%20a%20b%20b,0,0.00,NA,0,0,0,0,0,0,NA,95
camera,21:32:06,Camera%2Fcontrol%20line%20discarded%3A%20too%20long,0,0.00,NA,0,0,0,0,0,0,NA,95
camera,21:32:06,Camera%2Fcontrol%20line%20discarded%3A%20too%20long,0,0.00,NA,0,0,0,0,0,0,NA,95
camera,21:32:06,Camera%2Fcontrol%20line%20discarded%3A%20too%20long,0,0.00,NA,0,0,0,0,0,0,NA,95
camera,21:32:06,Camera%2Fcontrol%20line%20discarded%3A%20too%20long,0,0.00,NA,0,0,0,0,0,0,NA,95
camera,21:32:06,Camera%2Fcontrol%20line%20discarded%3A%20too%20long,0,0.00,NA,0,0,0,0,0,0,NA,95
camera,21:32:06,Camera%2Fcontrol%20line%20discarded%3A%20too%20long,0,0.00,NA,0,0,0,0,0,0,NA,95
camera,21:32:06,Camera%2Fcontrol%20line%20discarded%3A%20too%20long,0,0.00,NA,0,0,0,0,0,0,NA,95
camera,21:32:06,Camera%2Fcontrol%20line%20discarded%3A%20too%20long,0,0.00,NA,0,0,0,0,0,0,NA,95
camera,21:32:06,Camera%2Fcontrol%20line%20discarded%3A%20too%20long,0,0.00,NA,0,0,0,0,0,0,NA,95
pico_reply,21:32:06,%20%82%20b%20b%20b%20b%20b%20b%20b%20b%20b%20b%20b%20a%20b%20b%20b%20b%20b%20b%20%82%20%82%20b%20%82%20%82%20b%20b%20b%20b%20b%20b%20b%20b%20b%20b%20b%20b%20b%20a%20%82%20b%20b%20b%20b%20b%20%81%20a%20b%20b%20b%20b%20a%20b%20a%20a%20b%20b%20b%20b%20a%20a%20a%20a%20b%20B%20B%20a%20a%20a%20a%20a%20a%20A%20a%20a%20a%20a%20A%20A%20A%20a%20a%20A%20a%20A%20A%20A,0,0.00,NA,0,0,0,0,0,0,NA,95
camera,21:32:06,Camera%2Fcontrol%20line%20discarded%3A%20too%20long,0,0.00,NA,0,0,0,0,0,0,NA,95
camera,21:32:06,Camera%2Fcontrol%20line%20discarded%3A%20too%20long,0,0.00,NA,0,0,0,0,0,0,NA,95
camera,21:32:06,Camera%2Fcontrol%20line%20discarded%3A%20too%20long,0,0.00,NA,0,0,0,0,0,0,NA,95
pico_reply,21:32:06,a%20a%20a%20a%20a%20b%20a%20a%20a%20B%20A%20a%20b%20b%20b%20A%20b%20b%20b%20b%20a%20B%20A%20b%20b%20b%20b%20b%20%82%20b%20b%20b%20b%20b,0,0.00,NA,0,0,0,0,0,0,NA,95
camera,21:32:06,Camera%2Fcontrol%20line%20discarded%3A%20too%20long,0,0.00,NA,0,0,0,0,0,0,NA,95
camera,21:32:06,Camera%2Fcontrol%20line%20discarded%3A%20too%20long,0,0.00,NA,0,0,0,0,0,0,NA,95
camera,21:32:06,Camera%2Fcontrol%20line%20discarded%3A%20too%20long,0,0.00,NA,0,0,0,0,0,0,NA,95
camera,21:32:06,Camera%2Fcontrol%20line%20discarded%3A%20too%20long,0,0.00,NA,0,0,0,0,0,0,NA,95
camera,21:32:06,Camera%2Fcontrol%20line%20discarded%3A%20too%20long,0,0.00,NA,0,0,0,0,0,0,NA,95
camera,21:32:06,Camera%2Fcontrol%20line%20discarded%3A%20too%20long,0,0.00,NA,0,0,0,0,0,0,NA,95
camera,21:32:06,Camera%2Fcontrol%20line%20discarded%3A%20too%20long,0,0.00,NA,0,0,0,0,0,0,NA,95
camera,21:32:06,Camera%2Fcontrol%20line%20discarded%3A%20too%20long,0,0.00,NA,0,0,0,0,0,0,NA,95
camera,21:32:06,Camera%2Fcontrol%20line%20discarded%3A%20too%20long,0,0.00,NA,0,0,0,0,0,0,NA,95
camera,21:32:07,Camera%2Fcontrol%20line%20discarded%3A%20too%20long,0,0.00,NA,0,0,0,0,0,0,NA,95
camera,21:32:07,Camera%2Fcontrol%20line%20discarded%3A%20too%20long,0,0.00,NA,0,0,0,0,0,0,NA,95
camera,21:32:07,Camera%2Fcontrol%20line%20discarded%3A%20too%20long,0,0.00,NA,0,0,0,0,0,0,NA,95
camera,21:32:07,Camera%2Fcontrol%20line%20discarded%3A%20too%20long,0,0.00,NA,0,0,0,0,0,0,NA,95
camera,21:32:07,Camera%2Fcontrol%20line%20discarded%3A%20too%20long,0,0.00,NA,0,0,0,0,0,0,NA,95
pico_reply,21:32:07,%20%82%20b%20a%20%82%20b%20b%20b%20b%20b%20b%20a%20b%20a%20a%20b%20a%20a%20a%20a%20a%20a%20a%20A%20A%20a%20a%20a%20A%20A%20A%20A%20A%20a%20a%20a%20%82%20%82%20b%20b%20a%20b%20%82%20%82%20b%20b%20%82%20b%20%82%20%82%20%81%20b%20%82%20%82%20%82%20b%20b%20b%20%82%20b%20b%20b%20b%20b%20b%20a%20a%20a%20a%20A%20A%20A%20A%20A%20A%20A%20A%20A%20A%20A%20A%20A%20A%20A%20A%20A%20A%20A%20A%20A%20A%20A%20A%20a%20A%20A%20B%20b%20b%20b%20b%20c,0,0.00,NA,0,0,0,0,0,0,NA,95
camera,21:32:07,Camera%2Fcontrol%20line%20discarded%3A%20too%20long,0,0.00,NA,0,0,0,0,0,0,NA,95
pico_reply,21:32:07,%20b%20a%20a%20a%20a%20b%20a%20a%20A%20a%20a%20a%20A%20A%20A%20A%20A%20A%20a%20a%20%82%20%82%20%82%20b%20a%20%81%20%82%20%82%20b%20b%20a%20%82%20%82%20%82%20%82%20%82%20b%20%82%20%82%20b%20b%20b%20b%20b%20b%20b%20b%20b%20b%20b%20a%20A%20A%20A%20A%20A,0,0.00,NA,0,0,0,0,0,0,NA,95
camera,21:32:07,Camera%2Fcontrol%20line%20discarded%3A%20too%20long,0,0.00,NA,0,0,0,0,0,0,NA,95
pico_reply,21:32:07,b%20a%20a%20a%20a%20a%20a%20a%20A%20a%20a%20A%20A%20A%20A%20A%20A%20A%20b%20%81%20%81%20%82%20%82%20b%20a%20b%20%82%20%82%20a%20%82%20b%20b%20%82%20%82%20%82%20%82%20%82%20%82%20%82%20%82%20b%20b%20b%20b%20b%20b%20b%20b%20b%20b%20a%20A%20A%20A%20A%20A,0,0.00,NA,0,0,0,0,0,0,NA,95
camera,21:32:07,Camera%2Fcontrol%20line%20discarded%3A%20too%20long,0,0.00,NA,0,0,0,0,0,0,NA,95
camera,21:32:07,Camera%2Fcontrol%20line%20discarded%3A%20too%20long,0,0.00,NA,0,0,0,0,0,0,NA,95
camera,21:32:07,Camera%2Fcontrol%20line%20discarded%3A%20too%20long,0,0.00,NA,0,0,0,0,0,0,NA,95
pico_reply,21:32:07,%20b%20%82%20b%20%82%20b%20a%20A%20A,0,0.00,NA,0,0,0,0,0,0,NA,95
pico_reply,21:32:07,%20,0,0.00,NA,0,0,0,0,0,0,NA,95
camera,21:32:07,Camera%2Fcontrol%20line%20discarded%3A%20too%20long,0,0.00,NA,0,0,0,0,0,0,NA,95
pico_reply,21:32:07,%20b%20b%20b%20%82%20%82%20b%20%82%20%82%20%82%20b%20b%20a%20a%20a%20a%20a%20a%20a%20a%20a%20a%20a%20a%20b%20B%20a%20a%20A%20A%20a%20a%20A%20A%20A%20a%20a%20%82%20%81%20%82%20%82%20b%20a%20a%20b%20a%20%82%20b%20%82%20%82%20b%20%82%20%82%20%82%20%82%20%82%20%82%20%82%20b%20b%20%82%20%82%20b%20%81%20b%20%82%20%82%20b%20a%20A%20A%20A,0,0.00,NA,0,0,0,0,0,0,NA,95
camera,21:32:07,Camera%2Fcontrol%20line%20discarded%3A%20too%20long,0,0.00,NA,0,0,0,0,0,0,NA,95
camera,21:32:07,Camera%2Fcontrol%20line%20discarded%3A%20too%20long,0,0.00,NA,0,0,0,0,0,0,NA,95
pico_reply,21:32:07,%B1%84Rk%CF%84%8D%7C%F3%7D%20%2FsTs%3B2K%20%21%F0%20,0,0.00,NA,0,0,0,0,0,0,NA,95
camera,21:32:07,Camera%2Fcontrol%20line%20discarded%3A%20too%20long,0,0.00,NA,0,0,0,0,0,0,NA,95
camera,21:32:07,Camera%2Fcontrol%20line%20discarded%3A%20too%20long,0,0.00,NA,0,0,0,0,0,0,NA,95
pico_reply,21:32:07,%20%C3%20%A3%20%83%20%A3%20%A3%20%A3%20%A3%20%A3%20%A2%20%A2%20%82%20%82%20%82%20%82%20%82%20%82%20%82%20%82%20%82%20%82%20%82%20%A2%20%C2%20%A3%20%A3%20%A3%20%A3%20%82%20%82%20%A2%20%82%20%82%20%82%20%82%20%82%20%82%20%82%20%82%20%82%20%82%20%82%20%82%20%82%20%82%20%82%20%82%20%82%20%82%20%82%20%82%20%82%20%82%20%82%20%82%20%82%20%82%20%82%20%82%20%82%20%82%20b%20b%20b%20b%20b%20b%20b%20A%20b%20b%20b%20a%20a%20a%20a%20b%20a%20a%20a%20a%20b%20a%20a%20a%20A%20A%20A%20a%20b%20%81%20b%20%82%20b%20a%20a%20b%20b%20b%20b%20b%20b%20b%20b%20%82%20%82%20b%20b%20%82%20a%20b%20b%20%82%20%82%20%82%20%82%20%82%20b%20a%20a%20a%20A%20A%20a%20A%20A%20A%20A,0,0.00,NA,0,0,0,0,0,0,NA,95
pico_reply,21:32:07,%20%E9%20%20%20%29%20J%20J%20j%20%2A%20J%20j%20%AA%21%CB%20%8B%20J%20J%20J%20J%20%E9%20%E9%20%20%20%29%20%AC%20%AD%20N%20L%20%8C%21%CE%20%AE%20%8D%20m%20l%21%EC%21%ED%21%CE%29%CD1%CBJ%A9J%CE%29%ED%20%E7l%ACd%20c%D1c%D0k%F0k%D0t1t1s%F1k%F0c%F0k%F0k%F1c%D0k%F0k%D0c%8Fk%CFk%B0c%8E%7C%20s%AFs%CEk%8Eknk%AEc%8Ek%CFc-c-Z%EDc%8Ds%B0kqB%CCSK%8C%F0%7C%B2%8C%F3%8C%B3%84%B3%7C%91%84%92%7Cr%7CQ%7CQlQl%20trd%92%2FsD3%3B%91%3B%20%2Fp%2Fm%20%2BK%8Fk%AE%9D%2F%C5%D3%ADx%B5%93%AD%F8%BD%B5%D6%FB%AD%98%ADt%8C%20b%AE%3A,0,0.00,NA,0,0,0,0,0,0,NA,95
camera,21:32:07,Camera%2Fcontrol%20line%20discarded%3A%20too%20long,0,0.00,NA,0,0,0,0,0,0,NA,95
pico_reply,21:32:07,%20A%20A%20A%20A%20A%20A%20A%20A%20A%20A%20A%20A%20A%20B,0,0.00,NA,0,0,0,0,0,0,NA,95
pico_reply,21:32:07,%20%E9%20%20%20%20%20%2A%20%2A%20I%20J%20J%20j%20j%20j%20%8A%20k%20j%20J%20,0,0.00,NA,0,0,0,0,0,0,NA,95
camera,21:32:07,Camera%2Fcontrol%20line%20discarded%3A%20too%20long,0,0.00,NA,0,0,0,0,0,0,NA,95
pico_reply,21:32:07,%20%82%20%82%20%82%20%82%20%82%20%82%20%82%20%82%20%82%20%82%20b%20b%20b%20b%20b%20b%20b%20b%20b%20b%20b%20b%20B%20a%20a%20a%20a%20a%20a%20a%20b%20a%20a%20A%20A%20A%20A%20A%20a%20a%20b%20b%20%82%20b%20a%20b%20b%20%82%20%82%20%82%20%82%20b%20b%20%82%20%82%20%82%20b%20b%20%82%20%82%20b%20%82%20%82%20%82%20%82%20%82%20%82%20a%20a%20a%20A%20A%20a%20a%20a%20A,0,0.00,NA,0,0,0,0,0,0,NA,95
pico_reply,21:32:07,%20I%20i%20J%20J%20j%21%8B%20%8B%20k%20J%20,0,0.00,NA,0,0,0,0,0,0,NA,95
camera,21:32:07,Camera%2Fcontrol%20line%20discarded%3A%20too%20long,0,0.00,NA,0,0,0,0,0,0,NA,95
pico_reply,21:32:07,%20%82%20%82%20%82%20%82%20%82%20%82%20%82%20%82%20%82%20%82%20%82%20b%20b%20b%20b%20b%20b%20b%20a%20b%20a%20b%20b%20b%20a%20a%20a%20b%20A%20A%20a%20a%20b%20a%20a%20a%20A%20A%20A%20a%20a%20b%20b%20%82%20a%20a%20a%20b%20%82%20%82%20b%20b%20b%20%82%20%82%20b%20b%20%82%20%82%20b%20b%20b%20%82%20%82%20%82%20%82%20%82%20b%20b%20A%20A%20A,0,0.00,NA,0,0,0,0,0,0,NA,95
pico_reply,21:32:07,%20%E8%20%20%20%29%20,0,0.00,NA,0,0,0,0,0,0,NA,95
camera,21:32:07,Camera%2Fcontrol%20line%20discarded%3A%20too%20long,0,0.00,NA,0,0,0,0,0,0,NA,95
pico_reply,21:32:07,%A3%20%A3%20%82%20%83%20%A2%20%82%20%83%20%82%20%82%20%A2%20%82%20%82%20%82%20%82%20%82%20%82%20%82%20%82%20%82%20%82%20%82%20b%20b%20b%20b%20b%20b%20b%20a%20b%20a%20a%20b%20b%20a%20a%20a%20a%20a%20A%20A%20a%20a%20a%20a%20A%20A%20A%20A%20a%20a%20b%20b%20b%20b%20b%20b%20a%20%82%20%82%20%82%20%82%20b%20%82%20%81%20b%20%82%20%82%20%82%20b%20b%20%82%20%82%20%82%20%82%20%82%20%81%20b%20a%20A,0,0.00,NA,0,0,0,0,0,0,NA,95
camera,21:32:07,Camera%2Fcontrol%20line%20discarded%3A%20too%20long,0,0.00,NA,0,0,0,0,0,0,NA,95
pico_reply,21:32:07,%20a%20a%20b%20b%20b%20a%20a%20a%20a%20a%20a%20A%20a%20a%20a%20a%20A%20A%20A%20A%20a%20a%20b%20b%20b%20%82%20%82%20b%20b%20b%20b%20b%20%82%20b%20%82%20b%20%82%20%82%20b%20b%20%82%20%82%20%82%20%82%20%82%20%82%20%82%20%82%20b%20A,0,0.00,NA,0,0,0,0,0,0,NA,95
pico_reply,21:32:07,%20%E9%20%E9%20%E9%20,0,0.00,NA,0,0,0,0,0,0,NA,95
camera,21:32:07,Camera%2Fcontrol%20line%20discarded%3A%20too%20long,0,0.00,NA,0,0,0,0,0,0,NA,95
pico_reply,21:32:08,%82%20%82%20%82%20%82%20%82%20%82%20%82%20%82%20%82%20b%20b%20b%20%82%20b%20a%20a%20a%20a%20a%20a%20b%20a%20b%20a%20a%20a%20a%20A%20a%20a%20a%20A%20A%20A%20A%20A%20A%20A%20a%20a%20b%20b%20%82%20%82%20b%20b%20b%20b%20a%20%82%20%82%20b%20b%20b%20b%20b%20%82%20%82%20%82%20%82%20%82%20%82%20%82%20%82%20a%20a%20A,0,0.00,NA,0,0,0,0,0,0,NA,95
pico_reply,21:32:08,%20%29%20%20%20%E9%20%E9%20%EA%20%20%20%8D%21%AF%21%EF%20%AD%2F.%2F%20%3A%93%20%B0%20n%20%AE%21%EF%2F%20%2F%20%21%EE%29%CE1%CDB%89Z%CDBN%20%C6%2F%29dT%2F%20%5B%F0%2F%20c%F1c%F1%2F%20d0d%20c%F1c%B1c%D0c%D0c%B0c%B0k%F0k%D0k%8Fs%8FB%8DBJI%E99%A79%A7B%20I%E9A%EAJfZ%CB%3A,0,0.00,NA,0,0,0,0,0,0,NA,95
camera,21:32:08,Camera%2Fcontrol%20line%20discarded%3A%20too%20long,0,0.00,NA,0,0,0,0,0,0,NA,95
camera,21:32:08,Camera%2Fcontrol%20line%20discarded%3A%20too%20long,0,0.00,NA,0,0,0,0,0,0,NA,95
camera,21:32:08,Camera%2Fcontrol%20line%20discarded%3A%20too%20long,0,0.00,NA,0,0,0,0,0,0,NA,95
pico_reply,21:32:08,%20%E9%20%29%20%29%20%29%20I%20I%20%20%20%E9%20%E9%20%E9%20%2A%20K%20l%21%CF%20%AF%2AO%3A%B12Q%20%20%2FN%2Ap%2Fq%2Aq%2F0%2F.%2F%2F%2F%20%2A%20%3A%2BR%EBS%21%CC%20%A6t%ED%2FT%2F%20%5B%F0%2F%20c%F1%5B%F1%2F%20S%F0%5B%F1%5B%D1%5B%B0%5B%D0c%B1c%91c%AFk%D0d%20%7B%F0kRR%CC%3A,0,0.00,NA,0,0,0,0,0,0,NA,95
camera,21:32:08,Camera%2Fcontrol%20line%20discarded%3A%20too%20long,0,0.00,NA,0,0,0,0,0,0,NA,95
pico_reply,21:32:08,%20b%20b%20b%20b%20%82%20%82%20a%20b%20b%20%82%20b%20b%20b%20b%20%82%20%82%20%A2%20%82%20%82%20b%20b%20A%20A%20A,0,0.00,NA,0,0,0,0,0,0,NA,95
pico_reply,21:32:08,%20%2C%20%CD%2A%2F%21%B1%200%20%CD2%EE%3A%D2%2F%20%20%F0%20%EF%2F0%2F%20%2F.%2F0%21%EF1%EE%3AKS%20%5B-%21%EA%2Ag%7D%20dr%2F%20%2F%20%2F%20c%F1c%F1T%20S%D0S%F1S%90SOSoc%F0%5B%B0%5B%8Fcos%ED%842c1Z%EBB,0,0.00,NA,0,0,0,0,0,0,NA,95
camera,21:32:08,Camera%2Fcontrol%20line%20discarded%3A%20too%20long,0,0.00,NA,0,0,0,0,0,0,NA,95
pico_reply,21:32:08,b%20b%20b%20b%20b%20b%20b%20b%20b%20%82%20%82%20b%20b%20b%20%82%20%82%20%81%20%81%20a%20a%20a%20A%20A%20A,0,0.00,NA,0,0,0,0,0,0,NA,95
pico_reply,21:32:08,%20%C9%20%20%20%E9%20%EA%20%2B%20k%20m%21%CF%2F%2F%29%EF%3At%20%AF%20%2C%2AP2s%2AQ%2F1%20%20%2F%2F%2F%2F%2F%20%2F%202M%3AkR%EDZ%EE%21%A9%2Ffl%91d%93%2F2%2F%20%2F%20c%F1c%F1%2F%20%5B%F1S%F1S%90%5BpS%8F%5B%D0%5B%B1k%90kn%8Cm%9D%20R%B2Z%CBB,0,0.00,NA,0,0,0,0,0,0,NA,95
camera,21:32:08,Camera%2Fcontrol%20line%20discarded%3A%20too%20long,0,0.00,NA,0,0,0,0,0,0,NA,95
pico_reply,21:32:08,%20b%20b%20b%20b%20b%20b%20b%20b%20b%20%82%20%82%20%82%20%82%20b%20%82%20%82%20%81%20%81%20b%20B%20A%20A%20A%20A%20A%20A%20A%20A%20A%20A%20A%20A%20A%20A%20A%20A%20A%20A%20A%20A%20A,0,0.00,NA,0,0,0,0,0,0,NA,95
pico_reply,21:32:08,%20%EA%20%20%20%E9%20,0,0.00,NA,0,0,0,0,0,0,NA,95
pico_reply,21:32:08,%20%EB%20L%20%8D1%CF%21%AF%20%CE%3B1S2%20%B3%20.%20%CF2%902%B1%2Fp%2Ao2p%2F%20%29%EE%3ALJ%CC%5B-Z%AE%20GSe%7C%F5l%92d2%2F1%2F%20c%F1d%20%2F%20%2F1S%F1S%90S%8F%5B%CF%5B%F0%5B%D2c%90%5BO%A5n%CE%B9k%97R%ADB,0,0.00,NA,0,0,0,0,0,0,NA,95
camera,21:32:08,Camera%2Fcontrol%20line%20discarded%3A%20too%20long,0,0.00,NA,0,0,0,0,0,0,NA,95
pico_reply,21:32:08,b%20b%20b%20b%20b%20b%20b%20b%20a%20%81%20%82%20%82%20b%20%81%20%82%20b%20a%20%81%20a%20A%20A%20A%20A%20A%20A%20A%20A%20A%20A%20A%20A%20A%20A%20A%20A%20A%20A%20A%20A%20A%20A%20A,0,0.00,NA,0,0,0,0,0,0,NA,95
pico_reply,21:32:08,%20,0,0.00,NA,0,0,0,0,0,0,NA,95
pico_reply,21:32:08,%20%EA%20,0,0.00,NA,0,0,0,0,0,0,NA,95
pico_reply,21:32:08,%20,0,0.00,NA,0,0,0,0,0,0,NA,95
camera,21:32:08,Camera%2Fcontrol%20line%20discarded%3A%20too%20long,0,0.00,NA,0,0,0,0,0,0,NA,95
camera,21:32:08,Camera%2Fcontrol%20line%20discarded%3A%20too%20long,0,0.00,NA,0,0,0,0,0,0,NA,95
camera,21:32:08,Camera%2Fcontrol%20line%20discarded%3A%20too%20long,0,0.00,NA,0,0,0,0,0,0,NA,95
pico_reply,21:32:08,%20A%20a%20A%20A%20A%20A%20A%20A%20A,0,0.00,NA,0,0,0,0,0,0,NA,95
pico_reply,21:32:08,%20%2A%20%EC%20%EC%20%2B%20%AC%20%ED%2FO%3A%F2%3A%B5%20%D02%EE%5Bu2%97%20%20%2Ao%2FQ%2Fq%2F%91%2F%92%2A%91%2Fq%2A%B0B%AES%2C%5BOZn%2A%20K%26%8D%20t%B3t%93lRlqlS%5B%F2d1%2F1T1S%F2S%90S%B0S%F0%2F%20k%B2S%91%5Bl%DE%B7%DE%2FkQ1%CA1g9%C8%3A%28R%E9%5B-s%CDs%90SL%BE-%AD%3ABs%83%EEsn%5BJ%CEB%CC%84o%7C%93%84%92%7C%92%7C%91%7C%B2trtrtrtRlQlQ%2F%20T%20L1D%203%92%2Bq%23%20%20%D0%2F%EF%2F%EE3%20C%D2%20%EFB%8AJ,0,0.00,NA,0,0,0,0,0,0,NA,95
camera,21:32:08,Camera%2Fcontrol%20line%20discarded%3A%20too%20long,0,0.00,NA,0,0,0,0,0,0,NA,95
pico_reply,21:32:08,%20A%20A%20A,0,0.00,NA,0,0,0,0,0,0,NA,95
camera,21:32:08,Camera%2Fcontrol%20line%20discarded%3A%20too%20long,0,0.00,NA,0,0,0,0,0,0,NA,95
camera,21:32:08,Camera%2Fcontrol%20line%20discarded%3A%20too%20long,0,0.00,NA,0,0,0,0,0,0,NA,95
camera,21:32:08,Camera%2Fcontrol%20line%20discarded%3A%20too%20long,0,0.00,NA,0,0,0,0,0,0,NA,95
camera,21:32:08,Camera%2Fcontrol%20line%20discarded%3A%20too%20long,0,0.00,NA,0,0,0,0,0,0,NA,95
camera,21:32:08,Camera%2Fcontrol%20line%20discarded%3A%20too%20long,0,0.00,NA,0,0,0,0,0,0,NA,95
camera,21:32:08,Camera%2Fcontrol%20line%20discarded%3A%20too%20long,0,0.00,NA,0,0,0,0,0,0,NA,95
camera,21:32:08,Camera%2Fcontrol%20line%20discarded%3A%20too%20long,0,0.00,NA,0,0,0,0,0,0,NA,95
camera,21:32:08,Camera%2Fcontrol%20line%20discarded%3A%20too%20long,0,0.00,NA,0,0,0,0,0,0,NA,95
pico_reply,21:32:08,%9D%20%8C%B4%94%D4%8C%B4spkob%CBc-k%AC%84%92%A5%91%B6%95%E7%9B%A5%DC%E7%B5%FF%DE%C6%9C%9DT%9DV%8D%20%84%93%84%92%84%92trlqtqt%93trtQtqtrl1lQ%2F1C%D1%3B%F03%B0%2Bp%2BP%23O%23%20%23%203%8EC%91%20%B2%20k2%AF1%EB%3AiJIk%CDcKR%CC%5B,0,0.00,NA,0,0,0,0,0,0,NA,95
pico_reply,21:32:08,Z%ECZ%ABJ%8BBIJhR%8AB,0,0.00,NA,0,0,0,0,0,0,NA,95
camera,21:32:08,Camera%2Fcontrol%20line%20discarded%3A%20too%20long,0,0.00,NA,0,0,0,0,0,0,NA,95
pico_reply,21:32:08,%20A%20a%20A%20B%20A%20A%20b%20a%20a%20b%20b%20b%20b%20a%20%82%20b%20%82%20%81,0,0.00,NA,0,0,0,0,0,0,NA,95
camera,21:32:08,Camera%2Fcontrol%20line%20discarded%3A%20too%20long,0,0.00,NA,0,0,0,0,0,0,NA,95
camera,21:32:08,Camera%2Fcontrol%20line%20discarded%3A%20too%20long,0,0.00,NA,0,0,0,0,0,0,NA,95
camera,21:32:08,Camera%2Fcontrol%20line%20discarded%3A%20too%20long,0,0.00,NA,0,0,0,0,0,0,NA,95
pico_reply,21:32:08,s%8D%20%7C%F4%7D%20%854lslslR%85%20%855%85U%85V%85V%85V%7DU%7Dv%85%20%5B%F3%8Cq%8C%D4%8C%93%8C%92%8Cq%84%92k%90cNc%20c%20%84%2B%7C%20%84%20s%F0%8Cp%95%20%A5%B3%AD%D7%9DW%9DT%9D5%8D%20%84%B3%84%92%84%92%84%93lQt%91trlrlQlQlQlR%2F1K%F0C%F0C%D03%90%2B%8F%2Bo3O%2B%2F3nC%91%2A%F3,0,0.00,NA,0,0,0,0,0,0,NA,95
camera,21:32:08,Camera%2Fcontrol%20line%20discarded%3A%20too%20long,0,0.00,NA,0,0,0,0,0,0,NA,95
camera,21:32:08,Camera%2Fcontrol%20line%20discarded%3A%20too%20long,0,0.00,NA,0,0,0,0,0,0,NA,95
camera,21:32:09,Camera%2Fcontrol%20line%20discarded%3A%20too%20long,0,0.00,NA,0,0,0,0,0,0,NA,95
camera,21:32:09,Camera%2Fcontrol%20line%20discarded%3A%20too%20long,0,0.00,NA,0,0,0,0,0,0,NA,95
camera,21:32:09,Camera%2Fcontrol%20line%20discarded%3A%20too%20long,0,0.00,NA,0,0,0,0,0,0,NA,95
camera,21:32:09,Camera%2Fcontrol%20line%20discarded%3A%20too%20long,0,0.00,NA,0,0,0,0,0,0,NA,95
pico_reply,21:32:09,%20A%20B%20A%20A%20A%20A%20A%20A%20a%20a%20A%20A%20A%20a%20a%20a%20a%20a%20a%20B%20b%20b%20b%20b%20b%20b%20%82%20%82%20b%20%82%20b%20b%20%82%20%82%20%82%20%82%20%82%20%83%20%A3%20%C3%20%E3%21%20B%29S%20c%90c%B0c%F2d%20ttl%B6%7C%D6%84%F6%A5%B4%B6%20%ADY%94%20%84R%951%9D4%9DT%95T%955%955%95U%95%95%8D%B6%7DVl%D4d%B4l%B5dt%85U%7DV%7DU%85w%85v%7D7dwSr%5B%90k%AF%9D%20%94%F4%9C%B3%8CT%7C.s%EDs%F1c-c%2Cs%EFk%8EsNs%8E%8Cn%7CQ%7B%F0%8C%B2%9D%20%9D%20%9D%20%95%20%7C%B3%84%F1%8C%F3%7C%B4lQ%7C%92%7C%92lQdr%2F%20d%20d%20d1%2F1S%F1L1%3B%D03%903%8F3%8F3%90%3Bq%2F%D1%20M%2Fn%2F,0,0.00,NA,0,0,0,0,0,0,NA,95
camera,21:32:09,Camera%2Fcontrol%20line%20discarded%3A%20too%20long,0,0.00,NA,0,0,0,0,0,0,NA,95
pico_reply,21:32:09,%20a%20a%20b%20b%20b%20b%20%82%20%82%20%82%20%83%20%82%20%A2%20%E3%20%C4%20%E4%29BR%89%5B%20%5Bmc%CDk%D0k%D2c%D2k%D3s%D3%5Bq%7C%8F%A5%94%A4%F8%83%F4%84q%952%9DU%9DU%9D5%955%95U%95u%95%95%8D%B6%7D6m%20l%D4l%94ltt%B3t%F3u%20%7Du%85%20lUdTS%B1%5Bpk%AE%94%F1%94%D4%94%93%84%20t%2F%7C%20s%B1c%20c%20kokMc%2Cs%CD%94o%8Cr%7B%B0%8Cp%9C%F1%9C%F3%953%954lStp%7C%B0%84%D4l%20%7C%93lrt%B2l%93d2%5B%D0%5B%EF%5B%F1S%F1K%F0L13%B03%903%90%2B%AF3%8F31%2F%D1%20%AD%2A%8E%20%2F%2FKJ%8D%3A,0,0.00,NA,0,0,0,0,0,0,NA,95
camera,21:32:09,Camera%2Fcontrol%20line%20discarded%3A%20too%20long,0,0.00,NA,0,0,0,0,0,0,NA,95
camera,21:32:09,Camera%2Fcontrol%20line%20discarded%3A%20too%20long,0,0.00,NA,0,0,0,0,0,0,NA,95
camera,21:32:09,Camera%2Fcontrol%20line%20discarded%3A%20too%20long,0,0.00,NA,0,0,0,0,0,0,NA,95
pico_reply,21:32:09,l%F3l%F5l%D5d%B5d%94t%D4l%F3%7Du%85w%2F%20%2F3S%B1k%91%7B%B0%9C%91%8Cq%BD%F3%F7%FC%C6z%84%20kob%EBsLk.%5BK%8C%8C%7B%B2%9CP%8B%F1%83%CE%83%EF%9C%F1%94%F3%95%20%95%20%8C%D2%95%20%84%B3l3c%ADl%20t%92t%B2l%93%2F1%2F2K%90S%8FS%8F%2FPTQ%3B%903%903%903p%2B0%20%AF%20%8D%2F%AD%2A%CF%20M2l%3Am%3AHS%2Bkm%8Cp%8Cr%8Cr%94%92%94%92%8C%92%7B%90%84%20t%20k%8E%84Ps%F0s%CFs%CF%84P%7C1%7C%20s%CFk%ADsmZ%EF%3A%2A9%E9%3A,0,0.00,NA,0,0,0,0,0,0,NA,95
camera,21:32:09,Camera%2Fcontrol%20line%20discarded%3A%20too%20long,0,0.00,NA,0,0,0,0,0,0,NA,95
pico_reply,21:32:09,%20b%20b%20%82%20%82%20%A2%20%A2%20%C3%20%C3%28%E4%28%84%20%A2I%E2%7BKbjs,0,0.00,NA,0,0,0,0,0,0,NA,95
camera,21:32:09,Camera%2Fcontrol%20line%20discarded%3A%20too%20long,0,0.00,NA,0,0,0,0,0,0,NA,95
camera,21:32:09,Camera%2Fcontrol%20line%20discarded%3A%20too%20long,0,0.00,NA,0,0,0,0,0,0,NA,95
camera,21:32:09,Camera%2Fcontrol%20line%20discarded%3A%20too%20long,0,0.00,NA,0,0,0,0,0,0,NA,95
camera,21:32:09,Camera%2Fcontrol%20line%20discarded%3A%20too%20long,0,0.00,NA,0,0,0,0,0,0,NA,95
camera,21:32:09,Camera%2Fcontrol%20line%20discarded%3A%20too%20long,0,0.00,NA,0,0,0,0,0,0,NA,95
camera,21:32:09,Camera%2Fcontrol%20line%20discarded%3A%20too%20long,0,0.00,NA,0,0,0,0,0,0,NA,95
camera,21:32:09,Camera%2Fcontrol%20line%20discarded%3A%20too%20long,0,0.00,NA,0,0,0,0,0,0,NA,95
camera,21:32:09,Camera%2Fcontrol%20line%20discarded%3A%20too%20long,0,0.00,NA,0,0,0,0,0,0,NA,95
pico_reply,21:32:09,%20%82%20b%20b%20b%20b%20a%20A%20a%20a%20a%20A%20a%20a%20A%20a%20a%20a%20A%20A%20A%20A%20A%20A%20A%20A%20A%20A%20A%20a%20a%20A%20a%20a%20b%20b%20b%20a%20a%20B%20b%20b%20a%20a%20%82%20%82%20%82%20%82%20%82%20%82%20%A2%20%A2%20%A3%20%A3%28%A4%20%21I%C2%A4%20%9Bl%93I%8Bi%83%AA%7Bmr%CAslkM%83%EF%83%CF%7C%2F%8C%B0%A5U%A5%95%AD%D6%AD%F8%AD%D7%A5%F6%AD%D7%A5v%9D3%9DT%AD%D6%AD%96%A5%96%954%AD%F5%A5%D7%8D%97%85%96u7m%20m%20u%20t%B6lS%85u%857%7D%20%85T%8D7%9C%B5%ADr%FF%FF%DF%20%FF%FB%FF%FF%F7%7F%845%94%D1%7B%B1%7BnSmt,0,0.00,NA,0,0,0,0,0,0,NA,95
camera,21:32:09,Camera%2Fcontrol%20line%20discarded%3A%20too%20long,0,0.00,NA,0,0,0,0,0,0,NA,95
camera,21:32:09,Camera%2Fcontrol%20line%20discarded%3A%20too%20long,0,0.00,NA,0,0,0,0,0,0,NA,95
pico_reply,21:32:09,0%8C%20%20,0,0.00,NA,0,0,0,0,0,0,NA,95
camera,21:32:09,Camera%2Fcontrol%20line%20discarded%3A%20too%20long,0,0.00,NA,0,0,0,0,0,0,NA,95
pico_reply,21:32:09,%20%A3%20%A4%20%A4%20%C0%83%20%AB%EC%93k%93i%9BI%93i%8B%A9%8B%ADj%CBs%8Ck-%83%AF%83%EE%7C%20%8C%D1%9Dt%A5%95%AD%D6%AD%F7%B67%B68%B5%F8%AD%B6%AD%D5%B5%D7%B5%F8%84%D5%94%F4%955%A5%F6%A5%F8%95%B7%85%96%7Dxt%F7u%20t%F3%9E%98%B7%20%95%DA%856%85%B7%9D%F7%85Y%AC%D4%DE%FB%FF%F8%EF%FF%FF%FF%9C%9C%84q%9C%D0%953%8Cq%94rc.C%CB%AE%8F%B6%20%FF%97Z%93c%20R%CCk%CD%7C%91l%B3%84%F3lTd%20%2F4%3B1%2A%28%8C%2F%7CRkM%7C5JoJ%ED%5Bn%7Cq%5B%B2tol%91dPTTL%20%2B0%2B0%20%8E%2B%202%F0%2Fo%20%CD%21%AC%29%A8%5B%89%7B%F0%A5T%A55%94%D4%94%B3%9C%B3%94%D1%94%F2%94%F3%9DQ%94%D3%94%D4%9C%F1%94%B3%84R%841%7Cr%94q%94%B5%7C%20%84p%7Bps%8F9%EAI%8A%83ksm%29,0,0.00,NA,0,0,0,0,0,0,NA,95
pico_reply,21:32:09,%20%85%20%C3%3A%20%3A,0,0.00,NA,0,0,0,0,0,0,NA,95
camera,21:32:09,Camera%2Fcontrol%20line%20discarded%3A%20too%20long,0,0.00,NA,0,0,0,0,0,0,NA,95
camera,21:32:09,Camera%2Fcontrol%20line%20discarded%3A%20too%20long,0,0.00,NA,0,0,0,0,0,0,NA,95
camera,21:32:09,Camera%2Fcontrol%20line%20discarded%3A%20too%20long,0,0.00,NA,0,0,0,0,0,0,NA,95
camera,21:32:09,Camera%2Fcontrol%20line%20discarded%3A%20too%20long,0,0.00,NA,0,0,0,0,0,0,NA,95
camera,21:32:09,Camera%2Fcontrol%20line%20discarded%3A%20too%20long,0,0.00,NA,0,0,0,0,0,0,NA,95
pico_reply,21:32:09,%29%3A%29%3A%29%3A,0,0.00,NA,0,0,0,0,0,0,NA,95
camera,21:32:09,Camera%2Fcontrol%20line%20discarded%3A%20too%20long,0,0.00,NA,0,0,0,0,0,0,NA,95
camera,21:32:09,Camera%2Fcontrol%20line%20discarded%3A%20too%20long,0,0.00,NA,0,0,0,0,0,0,NA,95
camera,21:32:09,Camera%2Fcontrol%20line%20discarded%3A%20too%20long,0,0.00,NA,0,0,0,0,0,0,NA,95
pico_reply,21:32:09,%D2%3Al%84%B1%7CQ%84%B1%8D2t%D4lPl%20%8C%D2l2cQ%5B-%7C%91%84ss%F1c%B0k%AFs%F0cndN%85Rl%20B%B2%29%8BJ%86%7C%20%84%20sr%8C.sQZ%CCk%8C%8C%91c%B0%83%8E%9Cp%8C%20%9C%B3s%F0%84N%84%91%84%91%7Cq%94%F1%8Cq%84P%840s%CFs%8Dk%ADs%2CS%20Z%A89%CD%20%20%20%C4%20%A4%29%C79%C99%E9%3A%29B%2A%3A%29%3A%2A%3A%2A%3A%2A%3A%20%3A%29%3A%20%3A,0,0.00,NA,0,0,0,0,0,0,NA,95
camera,21:32:09,Camera%2Fcontrol%20line%20discarded%3A%20too%20long,0,0.00,NA,0,0,0,0,0,0,NA,95
pico_reply,21:32:09,%94%20%84%20l%2F%9DS%A5%B7%B5%D7%B6%20%B68%BEX%C6x%BD%F8%B5%B8%A5u%B5%D7%C5%D8%D6%B7%EF%7C%FF%FF%FF%FF%FF%FF%FF%FF%FF%FF%DF%FF%CF%FFu%96mVm%20l%D7t%D5%7D5%7C%F6t%B5%94%D3%A4%B2%9Cr%94o%AC1%842%ADp%FF%FF%E6%FD%FF%BF%83r%941%A4p%FF%FD%AC%F7%83%CE%84%2FtP%7C%91%94%F2%9DT%95v%95%96%7Cu%2F%20S%90%7C%93%84r%8CR%7C1%84o%7Cs%84%B2s%F1%951k%F2%5B%20%5Bml1%5Bos%CFc%B1s%CFs%8Fk%8Fk%AElPtrt%B6%5BqcLk%8C%94PkQ%8C%2B%94%92%8Cq%7C%20%8Cn%84r%83%D0%A4p%8C0sns%D1%7C%20%7C%91%8C%91%84%92%7CO%84r%84P%840s%F0s%EC%84%B0%7B%90%5B%20Z%C89%EC%21%20%20%A5,0,0.00,NA,0,0,0,0,0,0,NA,95
camera,21:32:09,Camera%2Fcontrol%20line%20discarded%3A%20too%20long,0,0.00,NA,0,0,0,0,0,0,NA,95
pico_reply,21:32:10,%8C%20%84%20%7CP%8D%20%AD%F7%AD%D7%B6%20%B68%BEX%BEX%B6%20%BE%20%B5%F7%BE%20%D5%B8%BDx%CD%B4%FF%5E%F7%9C%FF%FE%FF%DF%FF%FE%E7%FF%D7%FFuwm6u%20l%F7t%D5%7D5u%20%85V%7C%95%9C%92%A4%91%9Cp%A40%8Cr%8C%91%FF%FF%F7%FF%FF%FF%83W%7B%D1%D61%FF%FF%A4%F7%8B%EE%840%7C%8F%84%D3%94%D2%A5t%95%B5%A5%96%8CUctK%8C%F2t%93%842k%B2%7Cm%8C%D3%84%93%84Q%84Tc%B0R%EEcmtQB%CDk%ED%5B%91tN%7B%D0%7C%20%7B%B1k%D0l%20%2F3%7C%20%7Cs%CE%7C%20s%CF%9D%2F%AD%D6%B6%20%B5%B6%8CR%84Q%84%20%94p%8CPkn%84O%84P%84%91%84Q%84%91%84O%8Cr%84P%840s%F0c%ED%94%F1%7B%90cMJ%8A1%AB%20%20%20%A5%20%C51%E62%202,0,0.00,NA,0,0,0,0,0,0,NA,95
camera,21:32:10,Camera%2Fcontrol%20line%20discarded%3A%20too%20long,0,0.00,NA,0,0,0,0,0,0,NA,95
pico_reply,21:32:10,%93H%93H%9B%89%A3%C9%9B%AA%8B%E9%7B%EB%7B%8Fs%2Ck%2B%83%EE%83%F2l%20%84%D1%AD%F7%AD%B7%B6%20%B68%BEx%BE8%B6%20%B6%20%B6%20%BE8%C6%20%CD%D8%C57%BC%F7%ADW%B5%F7%A5%BA%B6Y%A6%3B%7D%7CuUu6u6l%F6t%D5%7D5%85v%8D%B8%84%95%9Cr%A4p%9CP%9Cp%A42lR%E70%EF%FF%F7%9Fl%20%8Cp%FF%FB%FF%7FsP%8C%20%84P%8C%B0%8C%D3%94%D1%9D%94%9Dv%8D%20k%D1k%D4%5B%8E%8C%F3t%93%7CrtR%95%20%9D5l%20%7Cp%7C3%7CsS.s%8E%7C2B%8Cl%20B%EE%84%8E%7C1%8Cr%84%20l%20c%D0%2F2%5Bm%84m%8C1%7C2%7C%20%B5%B2%9D4%9DS%ADt%843%84Q%7B%B0%94%8F%8C%91c%90%841%841%84%B1%84q%84q%84p%94%B3%8CP%84P%7B%D0c%8F%5B%29k%2Ck%8CZ%EB1%EA%21%20%20%85,0,0.00,NA,0,0,0,0,0,0,NA,95
pico_reply,21:32:10,%3A%29%3A%29J%89Jj%3A,0,0.00,NA,0,0,0,0,0,0,NA,95
pico_reply,21:32:10,%3A%29%3A%29B%29%3A%29%3A%29%3A%20%3A%20%3A%20%3A%20%3A%20%3A%28%3AH%3A%202%201%E89%E91%E91%E8%3A%209%E91%E89%E89%C99%C89%C8%3A%289%E81%C81%A81%C81%E89%E89%C81%C81%C71%C81%C8%29%A71%C71%A7%29%A7%29%A6%29%A6%29%A7%29%86%29%86%29f%29f%29f%29f%29f%29f%29f%29g1%A61%A7%29%87%29%A6%29f%21F%21F%21f%21e%21F%21%26%21%20%21%20%21%25%21%25%21%25%21%20%21%25%21%25%21%25%21%25%21%25%21%25%21%25%21%24%21%25%21%24%29%20%21%20%21%20%21%20%21b%20a%20a%20a%20a%20a%20a%20a%20b%20b%20a%20a%20a%20a%20b%20b%20a%20b%20a%20a%20a%20a%20a%20b%20%82%20b%20b%20b%20%82%20%82%20b%20b%20%A2%20%A2%20%A3%20%A3%20%A3%20%A3%20%A3%20%A3%20%A3%20%A3%20,0,0.00,NA,0,0,0,0,0,0,NA,95
pico_reply,21:32:10,%29i%21%872%27J%CBB%8BB%8AB%8A%3A%8AR%A9Z%E9k,0,0.00,NA,0,0,0,0,0,0,NA,95
pico_reply,21:32:10,%83%2B%82%EB%82%8ArIa%A6a%85ieidiCqdi%A4q%C4z%20r%20zF%82%87z%C6%8BH%7B%A9%7B%AA%94%20r%CDc%20%7B%8D%8C1s%AFtP%AD%D7%AD%D6%B68%BEX%B6%20%BEY%B68%B6%20%AD%D7%C6X%BE%20%BE%20%CD%F7%D5%F9%B5%D9%AE7%A5%99%A5%D7%95%D7%8D%B9u%20%7DUu6l%F6t%B5%7D%20%7D%20%7D6%7C%93%9CR%9CQ%9CO%A4p%A4q%9Cqs%B0%83%D1%ADU%84%EF%ADs%FF%FF%CD%FF%7Bj%8C%20%7C1%84%B1%84%92%952%9D%D5%A5v%85%20ln%95t%8D%20%84%D6%7C%93t2%7CR%9C%F2%84%B5SN%7C%EF%8C%95k%F4%5B%ACs%D1s%F2R%CBc%EFcNZ%F2Bjt%2B%84Ql%20c%D0lqk%AE%94%CF%9C%D3%84%20%8CO%ADs%9C%F3%A4%F2%ADS%84r%7Cp%8CQ%8C3%8COs%90%7CQ%7C%20%84Q%8Cq%84%20s%CF%8Cq%840%84,0,0.00,NA,0,0,0,0,0,0,NA,95
pico_reply,21:32:10,k%AC%5B%201%CA%21%20%20%84%20%83%20%20%21%26%29G%29g%29%A72%20B%8A%3A%2ABJB,0,0.00,NA,0,0,0,0,0,0,NA,95
camera,21:32:10,Camera%2Fcontrol%20line%20discarded%3A%20too%20long,0,0.00,NA,0,0,0,0,0,0,NA,95
camera,21:32:10,Camera%2Fcontrol%20line%20discarded%3A%20too%20long,0,0.00,NA,0,0,0,0,0,0,NA,95
camera,21:32:10,Camera%2Fcontrol%20line%20discarded%3A%20too%20long,0,0.00,NA,0,0,0,0,0,0,NA,95
camera,21:32:10,Camera%2Fcontrol%20line%20discarded%3A%20too%20long,0,0.00,NA,0,0,0,0,0,0,NA,95
camera,21:32:10,Camera%2Fcontrol%20line%20discarded%3A%20too%20long,0,0.00,NA,0,0,0,0,0,0,NA,95
camera,21:32:10,Camera%2Fcontrol%20line%20discarded%3A%20too%20long,0,0.00,NA,0,0,0,0,0,0,NA,95
pico_reply,21:32:10,%87b%E8%7B%8B%7B%AE%8B%AFs%AEc%8C%8D%20%9D%20%ADX%84%94%AD%B2%DF%DB%E7%DF%DE%FF%BE%3E%B6%20%C6W%BEy%CEY%D5%D9%CE8%A5%96%D6%B8%BDv%AD%D9%A6Y%85%DA%85%97%7DXt%F5t%F6t%F5%7C%D6l%D6%7C%D5%94S%9Cq%9C%2F%93%EF%94%20%9C%2F%8Cp%8C%20%8CR%84%20%7Bp%8C%20%8B%EC%8CP%84Q%84S%8C%B0%A5%B4%AD%D6%A5%98%845%94sC1l%8E%7D%20%85%20%84%B4%7CR%84%D3%8C%F4%7C%93%7C%F2%84%94k%D4%5BK%7C%20k%D2S%20s%EFk%20c1B%AABKK-SnK.%84%AF%7B%B2%94%CC%94%92%84R%8C%90%94%F3%9C%F3%9D%20%94%F3%8C%B4%8CR%8CP%83%F1%8C%20%9C%D2%94p%7CRs%CF%9D%20%95%20%8C1%94%B1%7C1%7Cp%8C0%84%20s%8Dknk-c%2CR%8A1%CB%21%20%20%A4%20%83%20%A3%20%C4%20%E4%20%C4%20%C4%20%A4%20%A4%20%A2%3AGBj,0,0.00,NA,0,0,0,0,0,0,NA,95
camera,21:32:10,Camera%2Fcontrol%20line%20discarded%3A%20too%20long,0,0.00,NA,0,0,0,0,0,0,NA,95
camera,21:32:10,Camera%2Fcontrol%20line%20discarded%3A%20too%20long,0,0.00,NA,0,0,0,0,0,0,NA,95
pico_reply,21:32:10,%29f%29f%29F%29F%29E%21e%29e%29F%29F%21F%29f%29F%21E%21E%21a%20a%20a%20a%20b%20b%20b%20a%20a%20a%20a%20a%20b%20b%20a%20a%20%81%20a%20b%20a%20a%20b%20b%20b%20b%20b%20b%20b%20a%20b%20b%20%82%20%A3%20%A2%20%A2%20%A3%20%A3%20%A3%20%A2%20%A3%20%83%20%A2%20%A3%20%A3%20%A3%20%82%20%A2%20%A2%20%A3%20%83%20%82%20%A2%20%A3%20%83%20%A2%20%A2%20%A2%20%A2%20%83%20%A3%20%A3%20%A3%20%A3%20%A3%20%C3%20%C3%20%C3%20%C3%20%E3%20%E4%20%E4%21%20%21%20%21%20%21%24%21%25%29%25%21E%21E%21E%29E%29E%29e%29e%29%851f9fAEa%23%82%20y%E6y%E6q%E6q%C5z%26z%20y%E6z%20z%20%82%26z%20r%20r%20r%25z%26z%26z%20z%20z%20z%26jGR%27Z%88c,0,0.00,NA,0,0,0,0,0,0,NA,95
camera,21:32:10,Camera%2Fcontrol%20line%20discarded%3A%20too%20long,0,0.00,NA,0,0,0,0,0,0,NA,95
pico_reply,21:32:10,F%21%26%21F%29f%29e%29%86%29f%29f%29f%29f%29F%29F%29E%29E%29TELEMETRY%2Cwifi_mode%3DAP%2Cuptime_s%3D286%2Ctemp_c%3D24.22%2Crandom%3D718%2Ccommand_value%3D0%2Cgyro_z_dps%3D0.60%2Cphotodiode_adc%3D768%7C769%7C768%7C764%2Cphotoreflector_adc%3D649,0,0.00,NA,0,0,0,0,0,0,NA,95
pico_reply,21:32:10,FRAME_STREAM%2C320%2C240%2CRGB565%2C153600%2Cd7baecc0,0,0.00,NA,0,0,0,0,0,0,NA,95
pico_reply,21:32:10,%A8%29%87%29%87%29%A71%A7%29%A71%87%29g%29%87%29%E71%E91%C81%C91%E8%29%C8%29%C8%29%C81%E8%3A%201%E81%C81%E81%C8%29%C81%A89%E91%871%A81%E91%E81%E81%E82%209%E91%E81%E92%20%3A%291%E9%3A,0,0.00,NA,0,0,0,0,0,0,NA,95
pico_reply,21:32:10,2%209%E9%3A%20BI%3A%2A2I%3Ai%3Ai%3Aj%3AjBJ%3Ak2j%3Aj%3A,0,0.00,NA,0,0,0,0,0,0,NA,95
camera,21:32:10,Camera%2Fcontrol%20line%20discarded%3A%20too%20long,0,0.00,NA,0,0,0,0,0,0,NA,95
camera,21:32:10,Camera%2Fcontrol%20line%20discarded%3A%20too%20long,0,0.00,NA,0,0,0,0,0,0,NA,95
camera,21:32:10,Camera%2Fcontrol%20line%20discarded%3A%20too%20long,0,0.00,NA,0,0,0,0,0,0,NA,95
camera,21:32:10,Camera%2Fcontrol%20line%20discarded%3A%20too%20long,0,0.00,NA,0,0,0,0,0,0,NA,95
camera,21:32:10,Camera%2Fcontrol%20line%20discarded%3A%20too%20long,0,0.00,NA,0,0,0,0,0,0,NA,95
camera,21:32:10,Camera%2Fcontrol%20line%20discarded%3A%20too%20long,0,0.00,NA,0,0,0,0,0,0,NA,95
pico_reply,21:32:10,E%21E%21e%21e%29E%21%26%29%84R%C71%EA%3AJ%3AI%5B%20B%8BJ%AAS%2CK%20%5B%20cnk%AEs%EFs%F0%7B%F0%7C%20%7C%20t%20s%F0t%20%7B%EE%7B%EFs%AFk%AEk%8Eclc%8Cc%2Cc%20R%EC%5B%20%5B,0,0.00,NA,0,0,0,0,0,0,NA,95
camera,21:32:10,Camera%2Fcontrol%20line%20discarded%3A%20too%20long,0,0.00,NA,0,0,0,0,0,0,NA,95
pico_reply,21:32:10,1%C61%C61%C61%A61%C61%C61%C69%E69%E69%E79%E79%E71%E71%E61%E79%C71%C79%E79%E79%E79%E79%E7%3A%20%3A%20B%27%3A%209%E79%E7%3A%20%3A%20%3A%20%3A%20A%E7A%E7A%E7A%C7A%E7B%20A%C7A%C6A%E6A%C6A%C6A%A69%A69%C69%C61%A61%A61%869%A69%861e9e1E1e1E1D%29%24%29%25%29%20%29%24%29%20%21%20%21%20%20%20%20%E3%20%E4,0,0.00,NA,0,0,0,0,0,0,NA,95
camera,21:32:10,Camera%2Fcontrol%20line%20discarded%3A%20too%20long,0,0.00,NA,0,0,0,0,0,0,NA,95
camera,21:32:10,Camera%2Fcontrol%20line%20discarded%3A%20too%20long,0,0.00,NA,0,0,0,0,0,0,NA,95
camera,21:32:10,Camera%2Fcontrol%20line%20discarded%3A%20too%20long,0,0.00,NA,0,0,0,0,0,0,NA,95
camera,21:32:10,Camera%2Fcontrol%20line%20discarded%3A%20too%20long,0,0.00,NA,0,0,0,0,0,0,NA,95
camera,21:32:10,Camera%2Fcontrol%20line%20discarded%3A%20too%20long,0,0.00,NA,0,0,0,0,0,0,NA,95
camera,21:32:10,Camera%2Fcontrol%20line%20discarded%3A%20too%20long,0,0.00,NA,0,0,0,0,0,0,NA,95
camera,21:32:10,Camera%2Fcontrol%20line%20discarded%3A%20too%20long,0,0.00,NA,0,0,0,0,0,0,NA,95
camera,21:32:10,Camera%2Fcontrol%20line%20discarded%3A%20too%20long,0,0.00,NA,0,0,0,0,0,0,NA,95
camera,21:32:10,Camera%2Fcontrol%20line%20discarded%3A%20too%20long,0,0.00,NA,0,0,0,0,0,0,NA,95
camera,21:32:10,Camera%2Fcontrol%20line%20discarded%3A%20too%20long,0,0.00,NA,0,0,0,0,0,0,NA,95
pico_reply,21:32:10,%BE%20kR%5B,0,0.00,NA,0,0,0,0,0,0,NA,95
camera,21:32:11,Camera%2Fcontrol%20line%20discarded%3A%20too%20long,0,0.00,NA,0,0,0,0,0,0,NA,95
camera,21:32:11,Camera%2Fcontrol%20line%20discarded%3A%20too%20long,0,0.00,NA,0,0,0,0,0,0,NA,95
camera,21:32:11,Camera%2Fcontrol%20line%20discarded%3A%20too%20long,0,0.00,NA,0,0,0,0,0,0,NA,95
pico_reply,21:32:11,9%E8A%E8A%E8B%20B%20%3A%20A%E6A%C6A%C79%C69%C69%C69%A69%A69%869f9%861%861e1E1d1E%29%24%29D%29%24%29%20%21%20%21%24%20%E4%21%20%21%20%20%E4%20%C5%20%C39%C5A%C81%C61%C61%C61%A71%A71%A61%A61%C61%A69%A7%21%E8R%A7cmc,0,0.00,NA,0,0,0,0,0,0,NA,95
camera,21:32:11,Camera%2Fcontrol%20line%20discarded%3A%20too%20long,0,0.00,NA,0,0,0,0,0,0,NA,95
camera,21:32:11,Camera%2Fcontrol%20line%20discarded%3A%20too%20long,0,0.00,NA,0,0,0,0,0,0,NA,95
camera,21:32:11,Camera%2Fcontrol%20line%20discarded%3A%20too%20long,0,0.00,NA,0,0,0,0,0,0,NA,95
camera,21:32:11,Camera%2Fcontrol%20line%20discarded%3A%20too%20long,0,0.00,NA,0,0,0,0,0,0,NA,95
camera,21:32:11,Camera%2Fcontrol%20line%20discarded%3A%20too%20long,0,0.00,NA,0,0,0,0,0,0,NA,95
pico_reply,21:32:11,%7B%ACZ%EC%21H%21%25%29e%29e%29%85%29%85%29f%29g%20%26%3A%202%20B%AABJJ%8BJ%8CJkR%CC%5BK%5Bmc%8Es%D0t%20t%20%842%7CQ%84p%7Cq%7CQ%7C%20s%F0t0l%20s%CFs%AFk%AEkmcncN%5B-%5B%20R%CBZ%CAJ,0,0.00,NA,0,0,0,0,0,0,NA,95
camera,21:32:11,Camera%2Fcontrol%20line%20discarded%3A%20too%20long,0,0.00,NA,0,0,0,0,0,0,NA,95
camera,21:32:11,Camera%2Fcontrol%20line%20discarded%3A%20too%20long,0,0.00,NA,0,0,0,0,0,0,NA,95
camera,21:32:11,Camera%2Fcontrol%20line%20discarded%3A%20too%20long,0,0.00,NA,0,0,0,0,0,0,NA,95
camera,21:32:11,Camera%2Fcontrol%20line%20discarded%3A%20too%20long,0,0.00,NA,0,0,0,0,0,0,NA,95
camera,21:32:11,Camera%2Fcontrol%20line%20discarded%3A%20too%20long,0,0.00,NA,0,0,0,0,0,0,NA,95
camera,21:32:11,Camera%2Fcontrol%20line%20discarded%3A%20too%20long,0,0.00,NA,0,0,0,0,0,0,NA,95
camera,21:32:11,Camera%2Fcontrol%20line%20discarded%3A%20too%20long,0,0.00,NA,0,0,0,0,0,0,NA,95
camera,21:32:11,Camera%2Fcontrol%20line%20discarded%3A%20too%20long,0,0.00,NA,0,0,0,0,0,0,NA,95
pico_reply,21:32:11,%20%29%20%29%20%21%24%21%20%20%20%29%A2RjB,0,0.00,NA,0,0,0,0,0,0,NA,95
pico_reply,21:32:11,1%A79%C79%A81%871%C61%C61%A71%A79%A6J%881%C8cIc%20JJ%20%A4%21e%21e%29e%29e%29e%29%86%29%86%3A%20%3Ai%3A%2AJ%CA%5B,0,0.00,NA,0,0,0,0,0,0,NA,95
camera,21:32:11,Camera%2Fcontrol%20line%20discarded%3A%20too%20long,0,0.00,NA,0,0,0,0,0,0,NA,95
camera,21:32:11,Camera%2Fcontrol%20line%20discarded%3A%20too%20long,0,0.00,NA,0,0,0,0,0,0,NA,95
camera,21:32:11,Camera%2Fcontrol%20line%20discarded%3A%20too%20long,0,0.00,NA,0,0,0,0,0,0,NA,95
camera,21:32:11,Camera%2Fcontrol%20line%20discarded%3A%20too%20long,0,0.00,NA,0,0,0,0,0,0,NA,95
camera,21:32:11,Camera%2Fcontrol%20line%20discarded%3A%20too%20long,0,0.00,NA,0,0,0,0,0,0,NA,95
camera,21:32:11,Camera%2Fcontrol%20line%20discarded%3A%20too%20long,0,0.00,NA,0,0,0,0,0,0,NA,95
camera,21:32:11,Camera%2Fcontrol%20line%20discarded%3A%20too%20long,0,0.00,NA,0,0,0,0,0,0,NA,95
camera,21:32:11,Camera%2Fcontrol%20line%20discarded%3A%20too%20long,0,0.00,NA,0,0,0,0,0,0,NA,95
pico_reply,21:32:11,%28B%28J%20J%20B%20B%20B%20A%E7A%E7A%E7A%E7A%C7A%A69%C6A%A79f9%A59%869f9e9e9E9E9E9E9E9E1E9%259%251E9%84b%A71I1F%21%20%20%A4%21cRgBH9%E79%C79%E79%A61%C79%889%A71%87%2A%20%3AFZ%EBc,0,0.00,NA,0,0,0,0,0,0,NA,95
camera,21:32:11,Camera%2Fcontrol%20line%20discarded%3A%20too%20long,0,0.00,NA,0,0,0,0,0,0,NA,95
camera,21:32:11,Camera%2Fcontrol%20line%20discarded%3A%20too%20long,0,0.00,NA,0,0,0,0,0,0,NA,95
camera,21:32:11,Camera%2Fcontrol%20line%20discarded%3A%20too%20long,0,0.00,NA,0,0,0,0,0,0,NA,95
camera,21:32:11,Camera%2Fcontrol%20line%20discarded%3A%20too%20long,0,0.00,NA,0,0,0,0,0,0,NA,95
pico_reply,21:32:11,%20%E3%20%E4%20%20%20%20%20%25%21%25%21%25%20%24%21%25%21%20%21%20%20%24%21%25%20%20%20%E3%20%C3%20%C3%20%C3%20%C3%20%C3%20%A3%20%E3%29d1%861%E8%29%A6%29%86%29e%29f%29e%29E%29e%29e%29e%29e%29%85%29%85%29e%29f%29f%29%C6%3A%20%3A%29%3AIBJBjBJ%3AJ%3Aj%3AJ%3AJ%3AIBJ%3AI%3AiBJ%3AJBJBJ%3AjBJBJBJ%3AjBjBjBJBj%3AiBi%3AIBI%3A%29B%28B%28%3A%28%3A%20%3A%209%E89%E79%E79%A71%A71%C61%C71%C71%C79%C71%C71%C71%E71%E71%E71%E79%E79%E71%E79%E79%E72%20%3A%209%E89%E7%3A%20%3A%20%3A%20%3A%20%3A%20A%E7%3A%20%3A%20%3A%20A%E89%E7B%27%3A%28B%20%3A%20%3A%28B%28B%28B%28B%28B%28BHBHB%28B,0,0.00,NA,0,0,0,0,0,0,NA,95
pico_reply,21:32:11,%20%201%C3R%AAB%291%A79%C79%C71%C79%A79%A71%871%A8%21hI%E7k%8Cs%2B%3A%20%20%29f1%86%29f%21%86%21F1h%21G%29%86ZlJ%CCBiJ%8CR%CCR%ECkncos%CE%7B%F0%83%F1%84Q%84q%84q%8Cr%8Cr%7C1%7CQ%7C%20s%B0s%EF%7B%CF%7B%AFkMknknkMkMcLc,0,0.00,NA,0,0,0,0,0,0,NA,95
camera,21:32:11,Camera%2Fcontrol%20line%20discarded%3A%20too%20long,0,0.00,NA,0,0,0,0,0,0,NA,95
pico_reply,21:32:11,%3A%20%3A%20%3A%20%3A%20%3A%20B%20A%E89%E7B%27B%20B%20%3A%20%3A%28B%28B%28B%28B%28B%28B%28B%28B%28B%28B%28B%28BHB%28B%28B%29B%29J%28JHJ%28J%28J%28J%28JHJ%28J%28J%20J%20J%28J%20J%20A%E7I%E7A%E7I%C7I%E7A%C7A%C7A%A6A%A69%86A%A6A%86A%85A%85A%869e9%85A%86Af9F9fAfAf1F1E9F%29%27%20%C4Z%C9%20%E8%20%20Z%E7J%299%A79%C69%C79%C79%A71%C71%A79%A71%C9%29%86%7C,0,0.00,NA,0,0,0,0,0,0,NA,95
camera,21:32:11,Camera%2Fcontrol%20line%20discarded%3A%20too%20long,0,0.00,NA,0,0,0,0,0,0,NA,95
camera,21:32:11,Camera%2Fcontrol%20line%20discarded%3A%20too%20long,0,0.00,NA,0,0,0,0,0,0,NA,95
camera,21:32:11,Camera%2Fcontrol%20line%20discarded%3A%20too%20long,0,0.00,NA,0,0,0,0,0,0,NA,95
camera,21:32:11,Camera%2Fcontrol%20line%20discarded%3A%20too%20long,0,0.00,NA,0,0,0,0,0,0,NA,95
camera,21:32:12,Camera%2Fcontrol%20line%20discarded%3A%20too%20long,0,0.00,NA,0,0,0,0,0,0,NA,95
pico_reply,21:32:12,h%5B%20sk%7CN1%CA%29H%29%86%29%86%29f1f%29G%29%A7R%C8J%ADJ%ABJ%CCBl%5B%2Bc.c-k%AE%7B%EF%7C0%7C1%84r%7CR%8Cr%8Cr%84Q%7CQ%7C1%7C%20%7B%F0%7B%F0s%AFs%8Fs%8FkNcn%5BMcb%ACb%CAB,0,0.00,NA,0,0,0,0,0,0,NA,95
camera,21:32:12,Camera%2Fcontrol%20line%20discarded%3A%20too%20long,0,0.00,NA,0,0,0,0,0,0,NA,95
camera,21:32:12,Camera%2Fcontrol%20line%20discarded%3A%20too%20long,0,0.00,NA,0,0,0,0,0,0,NA,95
camera,21:32:12,Camera%2Fcontrol%20line%20discarded%3A%20too%20long,0,0.00,NA,0,0,0,0,0,0,NA,95
pico_reply,21:32:12,%859f9F9E1E1%251%251%20%20%201%82RhB%2C9%A7J%899%E79%C79%A71%A79%A71g%29%A81%E8%7C%2A%94oJ0%20%E51%A6%29g1%861g%29%27%21%872FR%ABR%8DB%8BS,0,0.00,NA,0,0,0,0,0,0,NA,95
camera,21:32:12,Camera%2Fcontrol%20line%20discarded%3A%20too%20long,0,0.00,NA,0,0,0,0,0,0,NA,95
camera,21:32:12,Camera%2Fcontrol%20line%20discarded%3A%20too%20long,0,0.00,NA,0,0,0,0,0,0,NA,95
camera,21:32:12,Camera%2Fcontrol%20line%20discarded%3A%20too%20long,0,0.00,NA,0,0,0,0,0,0,NA,95
pico_reply,21:32:12,%28J%20J%20R%20R%20J%28J%20J%20J%28J%20I%E8I%E8I%E7I%E7I%C7I%C7I%C6I%E7J%20R%20I%E8I%C7I%A7A%A6A%C5I%A6Ag9%869e9f9f9f9F9E1E%29%25%21%20%20%20B%20RKB%209%E69%E71%C71%A79%A79%A79%A81%C9%5B%20%5B%2Bs-B-%20%E4%29%851%A7%29%87%29f%29%C69%E71%E9B%20J%AC%3AiJ%EC%5BM%84.k%B0s%AFk%D0%7C%20%84P%84R%8Cq%8Cr%84%92%84R%7CQ%84q%84Qs%F1s%F0k%D0s%CFk%8Fs%AFk%8EkMkMb%EBc%20JJ%21%28%20%A4%20%A3,0,0.00,NA,0,0,0,0,0,0,NA,95
camera,21:32:12,Camera%2Fcontrol%20line%20discarded%3A%20too%20long,0,0.00,NA,0,0,0,0,0,0,NA,95
pico_reply,21:32:12,%3A%20B%20B%20B%20B%20B%28B%28B%28B%28B%28B%28B%28B%28B%28BHBHB%28JHJHJH%3A%28J%88JhJHJHJHRIRIJ%28J%28J%28J%20J%28J%28R%20R%28R%20R%28J%20J%20I%E8I%E7I%E7I%E7I%E7I%C7Q%E7I%C7I%E7I%E7R%20I%C7A%A7A%C6I%E5Q%E6I%A89%86AeAF9fAfAf9e1E%29E%29%25%20%C61%C5c,0,0.00,NA,0,0,0,0,0,0,NA,95
camera,21:32:12,Camera%2Fcontrol%20line%20discarded%3A%20too%20long,0,0.00,NA,0,0,0,0,0,0,NA,95
camera,21:32:12,Camera%2Fcontrol%20line%20discarded%3A%20too%20long,0,0.00,NA,0,0,0,0,0,0,NA,95
camera,21:32:12,Camera%2Fcontrol%20line%20discarded%3A%20too%20long,0,0.00,NA,0,0,0,0,0,0,NA,95
camera,21:32:12,Camera%2Fcontrol%20line%20discarded%3A%20too%20long,0,0.00,NA,0,0,0,0,0,0,NA,95
camera,21:32:12,Camera%2Fcontrol%20line%20discarded%3A%20too%20long,0,0.00,NA,0,0,0,0,0,0,NA,95
camera,21:32:12,Camera%2Fcontrol%20line%20discarded%3A%20too%20long,0,0.00,NA,0,0,0,0,0,0,NA,95
camera,21:32:12,Camera%2Fcontrol%20line%20discarded%3A%20too%20long,0,0.00,NA,0,0,0,0,0,0,NA,95
camera,21:32:12,Camera%2Fcontrol%20line%20discarded%3A%20too%20long,0,0.00,NA,0,0,0,0,0,0,NA,95
pico_reply,21:32:12,BHBHBHBiB%28B%29B%29J%29B%28BIBHBHBIBHJIJIJIJhJiJ%29JIJ%29JIJ%29R%28JHJHJIR%28R%20R%29Z%29R%29R%20J%28R%28R%20R%20Q%E8R%20I%E8Q%E7R%20J%20J%20I%C7A%C7I%E7R%20A%A7I%A6Q%87I%86I%86A%A6A%86IfA%86AF9f9%861g%20F9%E4Z%ABB,0,0.00,NA,0,0,0,0,0,0,NA,95
camera,21:32:12,Camera%2Fcontrol%20line%20discarded%3A%20too%20long,0,0.00,NA,0,0,0,0,0,0,NA,95
camera,21:32:12,Camera%2Fcontrol%20line%20discarded%3A%20too%20long,0,0.00,NA,0,0,0,0,0,0,NA,95
pico_reply,21:32:12,%7B%F0%7B%EF%7B%CF%7B%CF%7B%82%20%83%20%A3%20%A3%20%A3%20%A3%20%A3%20%A3%20%A3%20%A3%20%C3%20%C3%20%C3%20%C3%20%C3%20%E3%20%E3%20%E3%20%E3%20%E3%20%E4%20%E4%20%E4%20%E3%20%E4%20%E4%20%20%20%20%20%E4%21%20%21%23%21%24%21%20%21%24%21%25%21%24%21%25%21%25%21E%21%25%21E%21E%21E%21E%21E%20%C4%20%C3%20%C3%20%C4%20%C3%20%C3%20%C3%20%C3%20%C4%20%C3%20%C3%20%E3%20%E3%20%E4%20%E4%20%E4%20%E4%21E%21E%21e%21E%21%25%21%25%21E%21e%21E%20%25%20%C3%20%C3%20%C3%20%A3%20%A3%20%A3%20%C3%20%E3%21c%3A%271%E7%29%A6%29%85%21f%21e%29e%29e%29%85%29%86%29e%29f%29e%29e%29f%29f1%A6%29%C71%E8%3A,0,0.00,NA,0,0,0,0,0,0,NA,95
camera,21:32:12,Camera%2Fcontrol%20line%20discarded%3A%20too%20long,0,0.00,NA,0,0,0,0,0,0,NA,95
camera,21:32:12,Camera%2Fcontrol%20line%20discarded%3A%20too%20long,0,0.00,NA,0,0,0,0,0,0,NA,95
camera,21:32:12,Camera%2Fcontrol%20line%20discarded%3A%20too%20long,0,0.00,NA,0,0,0,0,0,0,NA,95
pico_reply,21:32:12,%25%21%25%21%25%21%25%21E%21E%20E%20%25%20%C3%20%C3%20%A3%20%C3%20%C3%20%C3%20%C4%20%C4%20%C3%20%C4%20%E4%20%C3%20%E3%20%E4%20%E4%20%E4%20%24%29e%29E%21%25%21E%21%25%29E%21E%21D%21%25%20%E4%20%E3%20%C3%20%C3%20%A3%20%A3%20%A3%20%C2%20%201%C59%E81%C7%29%86%29e%21e%29e%29e%29f%29e%29f%29f%29f%29e%29e%29e%29%86%29%852%20%3A%29%3A%29%3A%29%3A%2A%3A,0,0.00,NA,0,0,0,0,0,0,NA,95
camera,21:32:12,Camera%2Fcontrol%20line%20discarded%3A%20too%20long,0,0.00,NA,0,0,0,0,0,0,NA,95
camera,21:32:12,Camera%2Fcontrol%20line%20discarded%3A%20too%20long,0,0.00,NA,0,0,0,0,0,0,NA,95
camera,21:32:12,Camera%2Fcontrol%20line%20discarded%3A%20too%20long,0,0.00,NA,0,0,0,0,0,0,NA,95
camera,21:32:12,Camera%2Fcontrol%20line%20discarded%3A%20too%20long,0,0.00,NA,0,0,0,0,0,0,NA,95
pico_reply,21:32:12,Z%29R%29Z%20Z,0,0.00,NA,0,0,0,0,0,0,NA,95
camera,21:32:12,Camera%2Fcontrol%20line%20discarded%3A%20too%20long,0,0.00,NA,0,0,0,0,0,0,NA,95
camera,21:32:12,Camera%2Fcontrol%20line%20discarded%3A%20too%20long,0,0.00,NA,0,0,0,0,0,0,NA,95
camera,21:32:12,Camera%2Fcontrol%20line%20discarded%3A%20too%20long,0,0.00,NA,0,0,0,0,0,0,NA,95
camera,21:32:12,Camera%2Fcontrol%20line%20discarded%3A%20too%20long,0,0.00,NA,0,0,0,0,0,0,NA,95
camera,21:32:12,Camera%2Fcontrol%20line%20discarded%3A%20too%20long,0,0.00,NA,0,0,0,0,0,0,NA,95
camera,21:32:12,Camera%2Fcontrol%20line%20discarded%3A%20too%20long,0,0.00,NA,0,0,0,0,0,0,NA,95
camera,21:32:12,Camera%2Fcontrol%20line%20discarded%3A%20too%20long,0,0.00,NA,0,0,0,0,0,0,NA,95
pico_reply,21:32:12,%AFk.k%20Z%AAB%20%20%E6%20%84,0,0.00,NA,0,0,0,0,0,0,NA,95
camera,21:32:12,Camera%2Fcontrol%20line%20discarded%3A%20too%20long,0,0.00,NA,0,0,0,0,0,0,NA,95
camera,21:32:12,Camera%2Fcontrol%20line%20discarded%3A%20too%20long,0,0.00,NA,0,0,0,0,0,0,NA,95
camera,21:32:12,Camera%2Fcontrol%20line%20discarded%3A%20too%20long,0,0.00,NA,0,0,0,0,0,0,NA,95
pico_reply,21:32:12,%E3%20%E4%20%20%21D%29e%29E%29%25%29E%21%25%21E%21E%21E%21E%20%C4%20%E3%20%C3%20%C3%20%C3%20%C3%20%A3%20%C3%20%231%E61%E81%A7%21G%29E%29E%29E%29E%29E%21e%29e%29e%29e%29e%29e1e%29%85%29%85%3A%28%3A%2AB%2AB%2ABJ%3Aj%3AjJ%8ABKBJ%3AjBJBJBiBjB%8ABJJ%2AA%A8R%8AJ%2AJ,0,0.00,NA,0,0,0,0,0,0,NA,95
camera,21:32:12,Camera%2Fcontrol%20line%20discarded%3A%20too%20long,0,0.00,NA,0,0,0,0,0,0,NA,95
camera,21:32:12,Camera%2Fcontrol%20line%20discarded%3A%20too%20long,0,0.00,NA,0,0,0,0,0,0,NA,95
camera,21:32:13,Camera%2Fcontrol%20line%20discarded%3A%20too%20long,0,0.00,NA,0,0,0,0,0,0,NA,95
pico_reply,21:32:13,%E3%20%E4%20%E4%20D%21e%29E%29E%29E%29%25%21E%21e%21e%21f%20%E5%20%C4%20%C3%20%C3%20%C3%20%C3%20%A3%20%A3%20%C3%29%C51%E81%C7%29%86%29E%29E%29E%29E%29E%21E%21E%29F%29e%29e%29e%29f%29%86%21e2%20%3AI%3AJ%3A%2A%3A%29%3A%2A%3AJBJ%3A%2A9%E9BIBIBjBJBIBiJJI%CBJ%28%83%CA%B5%20%94r%84%EE%D7%20%D7%20%CEy%84uBkB%ABBkB%8BB%8AB%8BJ%8BJkB%8BJ%AAR,0,0.00,NA,0,0,0,0,0,0,NA,95
pico_reply,21:32:13,B,0,0.00,NA,0,0,0,0,0,0,NA,95
camera,21:32:13,Camera%2Fcontrol%20line%20discarded%3A%20too%20long,0,0.00,NA,0,0,0,0,0,0,NA,95
pico_reply,21:32:13,%A2%20%82%20%82%20%82%20%A2%20%82%20%82%20%A2%20%82%20%82%20%A3%20%A2%20%A2%20%A3%20%82%20%82%20%82%20%A2%20%C3%20%A3%20%A3%20%20%21%24%21D%20%25%20%24%21%25%21%25%21%25%29%25%29E%29e%29%85%21%85%29%85%20%20%20%C3%20%C3%20%C3%20%C3%20%C3%20%C4%20%A3%20%C3%20%C3%20%E3%20%E4%20%C4%20%E4%20%E4%20%E4%20%E4%21D%21E%29E%29E%21E%21%25%29E%21e%21e%21E%20%C5%20%E4%20%C3%20%C3%20%C3%20%C3%20%C3%20%E3%20C1%C61%E91%A7%29e%29E%29E%29E%29E%29E%21E%21E%29E%29E%29e%29e%29e%29%86%20f%3A%20%3A%29%3A%29%3A%2A%3A%29%3A%29%3AIBJB%2AB%2AB%29BI%3AjBJBjJJb%2AR,0,0.00,NA,0,0,0,0,0,0,NA,95
camera,21:32:13,Camera%2Fcontrol%20line%20discarded%3A%20too%20long,0,0.00,NA,0,0,0,0,0,0,NA,95
pico_reply,21:32:13,b%CC9%AA%20%A6%20%85,0,0.00,NA,0,0,0,0,0,0,NA,95
pico_reply,21:32:13,R%CAR%CBR%CBJ%AAR%CCJ%EBR%ECJ%CCJ%CBJ%CBR%CBR%CAZ%EBR%CBJ%89J%A9RiR%A9J%88J%89JiJIJIB%28B%28B%28B%29J%89R%AAJjJiBHJIBIBHJHJIB%29JiRiJiJiJjJjJ%89J%A9J%8AJjJjJjJ%8AJ%8AR%AAR%AAR%89R%89RkJ%89R%A9Z%ABZ%8AR%8ARiZ%AAZ%AAZ%AAZ%AAZ%8AZ%AAZ%AAZ%AAZjb%8AZ%89Z%A9Z%89Zib%8Ab%89bjjJbIj%A9b%8Ajibib%8Aj%8Aj%8Ab%8Abjj%29b,0,0.00,NA,0,0,0,0,0,0,NA,95
camera,21:32:13,Camera%2Fcontrol%20line%20discarded%3A%20too%20long,0,0.00,NA,0,0,0,0,0,0,NA,95
pico_reply,21:32:13,%FF%84XB%CBB%8CBlB%8AB%AAB%8BJ%8AJ%8AZKZ,0,0.00,NA,0,0,0,0,0,0,NA,95
pico_reply,21:32:13,R%C7%B5%D0%F7%DC%E7%FF%FF%BF%B5yC-%95%20%A5vR%8Eb%CCRkc%2Ak%8DJ%ADJ%CBJ%EBR%ECJ%CCR%ABR%CBJ%CBJ%CAR%CBJ%EBJ%EBS%20R%CBR%EBR%ABR%CBJ%CBJ%CBR%CBR%EBR%EBZ%EBR%EAR%CAR%AAR%C9J%A9J%89J%89JiJIJ%28B%28B%28B%29JhR%ABJjBHBHBiBIBHBiJIJiJIJiJiJ%89JiRiJiJ%A9J%89JjJ%89J%8AJ%8AJ%8AR%AAJ%8AR%AAR%8ARkJ%8AJ%A9R%AAR%AAZ%CAZ%ABZ%A9Z%AAZ%AAZ%AAZ%8AZ%AAZ%AAR%8Bb%8AZ%8AZ%8AZ%AAZ%89b%89b%89b%8AbjjjZIb%8Abjjjjjj%8Ajjjjb%AAj%A9jKb,0,0.00,NA,0,0,0,0,0,0,NA,95
camera,21:32:13,Camera%2Fcontrol%20line%20discarded%3A%20too%20long,0,0.00,NA,0,0,0,0,0,0,NA,95
pico_reply,21:32:13,%FF%9DYt%20SOJ%CBB%AAB%AAB%8AJ%8ARjZ%20Q%E8%7B%E9%D6v%DF%20%CF%7C%FF%FF%95%3B%7C%AA%BEX%94%D9ZKR%8B%5B%29%84N%8C%92c%20%5B%20S,0,0.00,NA,0,0,0,0,0,0,NA,95
camera,21:32:13,Camera%2Fcontrol%20line%20discarded%3A%20too%20long,0,0.00,NA,0,0,0,0,0,0,NA,95
camera,21:32:13,Camera%2Fcontrol%20line%20discarded%3A%20too%20long,0,0.00,NA,0,0,0,0,0,0,NA,95
camera,21:32:13,Camera%2Fcontrol%20line%20discarded%3A%20too%20long,0,0.00,NA,0,0,0,0,0,0,NA,95
pico_reply,21:32:13,%29E%29E%29E%29e%29e%29e%29e%21e%29%C6%3A%28%3A,0,0.00,NA,0,0,0,0,0,0,NA,95
pico_reply,21:32:13,%3A%2A%3A%29%3A,0,0.00,NA,0,0,0,0,0,0,NA,95
pico_reply,21:32:13,BI%3AI%3AJB%2ABJBJBIBIBJBJJJa%EAZ%20%94%AB%F7%BC%FF%FF%FF%FF%FF%FF%FF%FF%FF%FF%FF%FF%EF%FF%B6%D8%C6%D8%84%98J%ACB%8AB%ABB%AAJ%8BR%8Ajj%5B%2B%A5%CF%FF%BF%94%BD%A5L%FE%FB%7C%DA%AE%8F%F7%FE%7B%9CQ%E8Sh%AE%20%E6%99s%97b%A8cMJ%AAc%2BR%EDR%EBR%CBR%CBR%CBR%CBR%CBR%CBJ%EBR%EBR%EBR%EBR%CCR%CBR%EBJ%EBR%EC%5B%2Bc-R%CCS%20J%EBJ%CAR%CA%5B,0,0.00,NA,0,0,0,0,0,0,NA,95
camera,21:32:13,Camera%2Fcontrol%20line%20discarded%3A%20too%20long,0,0.00,NA,0,0,0,0,0,0,NA,95
camera,21:32:13,Camera%2Fcontrol%20line%20discarded%3A%20too%20long,0,0.00,NA,0,0,0,0,0,0,NA,95
pico_reply,21:32:13,%AAj%CAj%CBj%AA%7B%20r%CBr%8Bj%8Bj%AAj%8Ajjj%ABjj%7B%20b%20b%89Z%28Y%E9I%88A%A79%A89%88B%20J,0,0.00,NA,0,0,0,0,0,0,NA,95
pico_reply,21:32:13,J,0,0.00,NA,0,0,0,0,0,0,NA,95
camera,21:32:13,Camera%2Fcontrol%20line%20discarded%3A%20too%20long,0,0.00,NA,0,0,0,0,0,0,NA,95
pico_reply,21:32:13,%5D%9D%20%F7%FB%B5%DFb-R%CA%9D%20%F6%DA%ADw%AD%F1%C6%96%C5%F9k%20Z%CBR%AAZ%ECZ%EBR%CBJ%CBJ%CBR%CAR%EBR%CBR%EBR%EBS%20R%CBR%CBR%EBR%ECS%2C%5B%2C%5BR%ECS%20J%EBR%EBS,0,0.00,NA,0,0,0,0,0,0,NA,95
camera,21:32:13,Camera%2Fcontrol%20line%20discarded%3A%20too%20long,0,0.00,NA,0,0,0,0,0,0,NA,95
pico_reply,21:32:13,%20%C4%20%C4%20%C4%20%E4%20%E4%20%C4%20%E4%20%E4%20%E4%20%E4%20%20%21d%21e%29f%21F%21E%29E%21E%29e%29F%21%20%20%E3%20%C3%20%C3%20%C3%20%C3%20%C3%20%E3%20C%29%A59%E81%C7%29e%29F%29e%29e%29e%21e%29E%29E%29E%29E%29e%29e%29f%29%86%29%C61%E8%3A%2A%3A%29%3A%29%3A%29%3A%2A%3A%2A%3AI%3AJBJB%2AB%2ABJ%3A%2ABJBJR%2Bq%CBJ%87%A5L%FF%FF%F6%7FQ0y%EA%82m%83%EB%BE%20%FF%FF%F7%FF%F7%DFJ%D5J%A9%3A%ABJ%CAJ%8BZKbkR%A8%A5%AE%FF%3C%BD%DDl%20%FF%20%C6%20%9D%92%FF%BB%8C%3ERJ%5B,0,0.00,NA,0,0,0,0,0,0,NA,95
camera,21:32:13,Camera%2Fcontrol%20line%20discarded%3A%20too%20long,0,0.00,NA,0,0,0,0,0,0,NA,95
camera,21:32:13,Camera%2Fcontrol%20line%20discarded%3A%20too%20long,0,0.00,NA,0,0,0,0,0,0,NA,95
camera,21:32:13,Camera%2Fcontrol%20line%20discarded%3A%20too%20long,0,0.00,NA,0,0,0,0,0,0,NA,95
pico_reply,21:32:13,%29E%29e%29e%29E%29E%29%25%29E%29E%29E%29e%21f%29f%29%861%C7%3A%20%3A%29%3A%20%3A%2A%3A%29%3A%29%3A%2A%3AJBj%3AJBI%3AIBiBjBjJjb%20r%2AZ%A8%EFt%EF%3F%84Z%95%2F%C5%B5%CC%D9z%EF%7B%EC%EF%F8%F7%FF%B5%FFBOJ%CAB%ABB%ABJ%ABb%2BJ,0,0.00,NA,0,0,0,0,0,0,NA,95
camera,21:32:13,Camera%2Fcontrol%20line%20discarded%3A%20too%20long,0,0.00,NA,0,0,0,0,0,0,NA,95
pico_reply,21:32:13,%82%20%83%20%82%20%A2%20%A2%20%A3%20%A3%20%A3%20%A3%20%A3%20%C3%20%E3%20%C3%20%C3%20%E3%20%C4%20%E3%20%C4%20%E3%20%E3%20%E3%20%E4%20%20%20%E4%20%20%20%24%21%24%21%20%21%20%21%20%21%24%21%24%21%24%21%20%21%24%20D%20%20%20%C4%20%C3%20%C3%20%C3%20%C3%20%C4%20%E3%20%E3%20%E4%20%C4%20%E4%20%C3%20%C4%20%E4%20%20%20%20%20%20%29%85%29E%29f%29e%21e%21e%21%85%21f%29%86%21E%20%C4%20%C3%20%C3%20%C3%20%C3%20%C3%20%C3%20%E2%29%A51%E89%A7%29f%29e%21e%29e%29E%29E%29E%29%25%29E%29E%29e%29E%29f%29%86%21f1%C7%3A%20%3A%29%3A%20%3A%2A%3AI%3A%29%3AJBJ%3AJ%3AJBI%3AjBiBjBjJJa%8Ba%CAs%E9%F7X%DE%7C%A5%20%A5%D2%E7%20%CD%20cN%B6L%EF%FF%CE%BFtXBjJ%CCB%8BB%ABJ%8Bb%2CJ%20,0,0.00,NA,0,0,0,0,0,0,NA,95
camera,21:32:13,Camera%2Fcontrol%20line%20discarded%3A%20too%20long,0,0.00,NA,0,0,0,0,0,0,NA,95
camera,21:32:13,Camera%2Fcontrol%20line%20discarded%3A%20too%20long,0,0.00,NA,0,0,0,0,0,0,NA,95
camera,21:32:13,Camera%2Fcontrol%20line%20discarded%3A%20too%20long,0,0.00,NA,0,0,0,0,0,0,NA,95
pico_reply,21:32:13,%AD%92%F7%FE%D6%DFl7%3A%8BJ%CCR%CCJ%ABJ%ABRkb%20Ji%95%20%FF%BD%D7%3D%CE%BA%F6%9F%84%B7%CE%D0%FE%DD%7Bwk%EB%E6v%CD%BB%B5%B5%FF%B9%E6_%AC%D7%8C1%C5%F7%C6%BC%FF%BE%D5%BCR%CF%84%EA%DE%D8%BE%20%9C%B1%83%F1b%CDR%AAR%EAS%20S%20S%20Z%ECZ%ECZ%EB%5B%20S%20R%ECS%20%5B%20%5B%5B%20%5B%2C%5B%20%5B%20%5B%2C%5B%20%5B%20c%20cLclkLZ%EBc%2A%5B%2BZ%EAZ%CBR%AAR%8AJJRjBjJiJjJiJiJIR%8AJjRjR%CAJ%AAR%A9Z%AAZ%ABZ%AAR%ABR%AAR%8AR%ABR%8BRkRjRiZ%EBR%AAZ%ABZ%CBZ%AAZ%ABR%AAZ%CBZ%EBZ%EBZ%EBZ%EAZ%EAb%CAb%EAb%CBj%CAb%EBZ%EAc,0,0.00,NA,0,0,0,0,0,0,NA,95
camera,21:32:13,Camera%2Fcontrol%20line%20discarded%3A%20too%20long,0,0.00,NA,0,0,0,0,0,0,NA,95
pico_reply,21:32:13,R%2AZHb%C8%ADo%E6%B9%FE%FF%94%B7%D6%91%F7%FF%FF%FF%84%98%AE1%FF%FF%BD%DF%3AOJ%C9J%AAR%CBJ%ABJ%8BRkb,0,0.00,NA,0,0,0,0,0,0,NA,95
camera,21:32:13,Camera%2Fcontrol%20line%20discarded%3A%20too%20long,0,0.00,NA,0,0,0,0,0,0,NA,95
camera,21:32:13,Camera%2Fcontrol%20line%20discarded%3A%20too%20long,0,0.00,NA,0,0,0,0,0,0,NA,95
camera,21:32:13,Camera%2Fcontrol%20line%20discarded%3A%20too%20long,0,0.00,NA,0,0,0,0,0,0,NA,95
pico_reply,21:32:13,%20%C3%20%C3%20%C3%20%C3%20%E3%20b%29%E59%C8%29%A7%29f%29E%21E%21E%21E%29E%21E%29E%29E%21e%21e%29F%29f%29f%29f1%C8%3A%292%29%3A%2A%3A%29%3A%29%3A%2A%3A%2A%3AIBIBjBI%3AjBjJKQ%EBQ%E9Z%E6%C61%E7%5B%FF%7F%CD%FA%BD%F8%FF%FB%FF%FF%EE%DF%5BS%F7%F8%FF%DFBUJ%A7J%CAJ%ABR%EBJ%ABJ%8BJ%8BZ%20ZK%84L%F7%FC%E7%20%D5%DCk%B4%CE%B1%FF%FF%A5%7F%95R%DF%20%D6%20%8Cv%EF%95%F7%FF%FF%FE%DF%20%CEY%D6Y%94%D5%EFu%94%B9%B5%94%F7Y%C6%9B%EF%BB%DE%FF%95V%A5%D3%BEu%AD7s%D3S%20R%ECJ%8CZ%CC%5B%20S%2CcmcMZ%EDZ%EDS%20%5B%2B%5B%20%5B%20%5B%20%5BL%5B%2C%5B%20c%20cLcMc-c-%5B%2C%5BKc%2Bc%20%5B%20%5B,0,0.00,NA,0,0,0,0,0,0,NA,95
pico_reply,21:32:13,Z%CAJ%8AJ%AAJjJiJ%8AJ%8AJiRjJiR%AAJ%8AJjRjR%8AR%AAR%8AR%AAR%AAR%8AR%AAR%AAR%ABR%AAR%ABR%8AZ%EBR%CAZ%CBZ%EBZ%EBZ%EBZ%CBZ%EBZ%EBZ%EBZ%EBZ%EBb%EBb%ECb%EBc,0,0.00,NA,0,0,0,0,0,0,NA,95
pico_reply,21:32:13,c%20c%2Bk%2Bk%20k%20k%2Ck%2Ck%20k%2Ck%2Ck%20k%20s%20k%2Ck%20r%ECs%20j%EBj%ECk%20r%CBr%ABj%CBj%CBj%AAj%ACQ%C9Q%C8Q%C7I%A7Q%87Q%A7I%C7I%A8%21%88%29BR%8AR%8AB,0,0.00,NA,0,0,0,0,0,0,NA,95
pico_reply,21:32:14,I%E9A%E9I%E8B%29%29%C9%5BIcK%7B%AF9%EA%3A%209%C89%E89%A71%E81%A8Z%A8R%ECZ%ECcnkMk%D0%7C%20%84%92%8C%B2%94%D3%94%D4%94%93%94%B2%8Cr%8Cr%84q%841%841%7C0s%F0%7B%EFkns%8Es%2BZ%CB1i%20%A5,0,0.00,NA,0,0,0,0,0,0,NA,95
pico_reply,21:32:14,%5B%20%DE%D3%F7%FF%FF%FF%C6%7D%DE%FA%FF%FF%FF%FF%94%BA%A5K%F7%FF%C6%9F%3AOBjB%ABJ%ABR%ECB%8BJ%8BJkb%2Bb%2C%5BJ%D7%95%E6%BE%A4%7B%7C.%CF3%FF%FF%A6%20%AE6%DE%20%7B%D8%ADM%FF%B9%C6_%FF%F8%E7%FE%F6%FC%94%FC%BD%B0%E7%20%9D%20%CE%20%D6%BB%E7%20%DF%3E%F7%DD%A5%D9%CE%B6%D6%BB%C5%F8%84Ss%CBsmZ%ECb%EC%5B%2C%5BlcmcM%5BZ%EDS%20S%20%5B-%5B%20c%2C%5B-%5B%20%5B%2C%5B%2CcM%5B-cL%5B%2CckcLc%2C%5B%2BcKcKb%EBZ%ABZ%CAZ%AARiR%A9J%8AJ%89R%A9J%8AR%8AJjJ%89R%8AR%8AR%A9R%8AR%AAR%AAR%ABR%8AR%AAR%CBR%AAR%AAZ%ABZ%CBZ%EBZ%EBZ%EBZ%CBZ%EBZ%EBZ%EBb%EBb%EBZ%EBc%20b%EBb%ECb%CBc,0,0.00,NA,0,0,0,0,0,0,NA,95
camera,21:32:14,Camera%2Fcontrol%20line%20discarded%3A%20too%20long,0,0.00,NA,0,0,0,0,0,0,NA,95
pico_reply,21:32:14,jBjR%2Bq%CAZ%C8%C60%FF%FF%FF%FF%DE%FF%D7z%FF%FF%E6%3FZ%F3%B6%B0%F7%FE%9D~B%8EJ%CAJ%CBJ%ABR%CCJ%8BJ%8BJ%8BRKa%CDRK%84%2A%A4Tb%B2k%AC%D7T%F7%FE%B6%BE%BE%98%E6%2Fc%97%BDM%FF%FBs%B8%EF%F5%F7%FF%FF%9E%7C%7B%C6%20%F7%9B%ADY%D6%97%DE%3A%E7Z%9DV%F7%7D%A59%DF%96%F7%9F%CE%7B%7CR%AD1%94%94Z%CDZ%ECR%CCS%2Bclcn%5B-%5B%5B%20S%20%5B-%5B%2C%5BL%5BLcL%5BM%5B%2CcM%5B%5B%2CcmclcMcMcLclclcK%5B%2B%5B,0,0.00,NA,0,0,0,0,0,0,NA,95
pico_reply,21:32:14,Z%CBR%8BJ%8AJ%8AJ%89J%89R%8ARjJ%8AJ%89R%8AJ%8AJ%AAR%AAR%AAR%AAR%8AR%AAR%AAR%CBR%AAR%AAZ%CBZ%ABZ%EB%5B,0,0.00,NA,0,0,0,0,0,0,NA,95
pico_reply,21:32:14,Z%CCZ%EBZ%EBZ%EBZ%EBZ%EBb%EB%5B%20b%EBc%2CZ%EBc%20c%20c%20k%20k%20k%20k%2Ck%2Ck%2Ck%2Ck-k%2Ck%2Ckk%20s%2Cs%2Cs-k%20s%2Ck%2Cs-s%20r%EBs%20s%2Cs%20r%EDZ%2AQ%88Q%A8Q%A7Q%A7Q%A6I%C7A%A6I%E7%29%A71%A3b%AARKA%C9A%E8JHJ%29A%E9%29%A8J%88k%AC%83%AFRn1%869%C79%C72%20%29%C8JHc%20J%CDR%CBb%EDcms%EE%84R%84%B0%94%F2%94%D3%94%B3%94%D3%9C%D4%94%94%84%92%841%841%7C0%7C%20%7C%20s%AFs%AF%7BmkB,0,0.00,NA,0,0,0,0,0,0,NA,95
camera,21:32:14,Camera%2Fcontrol%20line%20discarded%3A%20too%20long,0,0.00,NA,0,0,0,0,0,0,NA,95
camera,21:32:14,Camera%2Fcontrol%20line%20discarded%3A%20too%20long,0,0.00,NA,0,0,0,0,0,0,NA,95
pico_reply,21:32:14,f%29f%29f%29f%29f%29%86%29f%29F%20%C4%20%E3%20%C3%20%C3%20%C3%20%C3%20%E3%20C%3A%20%3A%201%A6%29f%29D%29%25%29E%29E%29%25%29E%29E%29E%29E%29e%29E1F%21E1%A62%202%2A2J%3AI%3AI%3A%29%3A%2A%3AI%3A%29%3AJ%3Aj%3AJBJBJBJR,0,0.00,NA,0,0,0,0,0,0,NA,95
pico_reply,21:32:14,a%ABY%A7s%E9%F7%F8%FF%FF%F6%BF%B5%98%EF%F7%FF%FF%CD%FF%84%B1%F7%F9%EF%3FJ%D5J%A9J%ABB%CBB%ABJ%ABJ%8BJ%8BJ%8BJ%8BJ%ABR%8BJkJ%2AJ%2Ab%CA%940%5B%90%94%F1%D6%20j%92%5BK%DE%B2%EF%5D%CEz%EF%9C%EF%3F%BD%DD%94%D3%EF%97%BD%FC%DEx%C69%DEv%C6%DA%B5%F6%FF~%7B%20%ADm%FF%F9%DF%DF%C6x%EF%2F%ADv%9D%20%A5s%84%D3t%20R%ED%5B%20%5B%20%5B%20%5B%2C%5B%2C%5B%2C%5B-%5B-%5B-%5BL%5BMc%2CcLcLcmcMclcmcmcmcmclcKckclc%20c%20Z%EBZ%ABR%8AJiJ%8AJ%8AR%8AJ%8AR%8AJ%8AJ%AAR%AAR%AAR%CAR%8AR%8AR%AAR%CAZ%AAZ%ABZ%CBZ%CBR%EA%5B,0,0.00,NA,0,0,0,0,0,0,NA,95
camera,21:32:14,Camera%2Fcontrol%20line%20discarded%3A%20too%20long,0,0.00,NA,0,0,0,0,0,0,NA,95
pico_reply,21:32:14,%3AI%3AI%3A%2A%3A%2A%3A%2A%3A%29BJ%3AJB%8ABJBIBJZ%20Y%2AR%C6%CEo%F7%FF%FF%FF%C4%9D%831%9Cn%E5x%B5%D5%AEP%FF%FF%AD%BFB%AFJ%ACJ%ACB%CBB%ABB%ABJ%8BJ%8BJ%8BJ%ABJ%CCB%CBB%EBJ%CBZ%ABZ%2CZl2i%9D%20%A4%D7ZMk%EB%F7W%E7_%D6%DA%EF%BB%FF%3F%B5%BE%C63%EF%BC%C6%3C%D5%DB%A56%FF%B4%DF%20%E6%BB%D6%20%A4%B2%AD%F3%F7%3A%CE%9F%CF%20%FF%FF%9DZ%AD%D3%C6%D8%B68k%B3S%20%5B%2C%5B%20%5B%20%5B%2C%5B-%5B-%5B-%5B-c-%5B%2C%5BLcLcLcLcMcLclkmcmcmkmcmcKcKcKc,0,0.00,NA,0,0,0,0,0,0,NA,95
pico_reply,21:32:14,cKcLb%CCZ%8AR%89J%89R%89R%8AR%8AR%8AR%A9J%8AR%AAR%AAR%AAR%8AR%8AR%AAZ%CBR%CAR%ABZ%CBZ%CBR%EAc%20Z%EBZ%EBZ%EBZ%EB%5B%20%5B%20c%20b%ECZ%CBZ%EBcLcLc%2CcLkMk-c%2CcLc%2CkLs%2Cs-k%2Ck%2Ck%2CkLkLs-k%2CkLs%2Cs%2Cs%2Cs%2Cs%2Cs%2Cs%2C%7B%2Cr%ECr%8BR,0,0.00,NA,0,0,0,0,0,0,NA,95
pico_reply,21:32:14,Q%E8I%C8I%C8I%C7I%C7I%C7I%C7I%88A%89%20%20J%25Z%EARIJIB%20%3A%29R%29cO1%CA%5BI%7B%EDb%EE1%881%C51%C79%A8%29%E9J%86k%AE%5B%2F%5B%5BcMs%AF%7C%20%7C%20%94%D1%8C%B3%94%D3%94%B3%8C%B2%8C%B2%84r%8Cq%840%84%20%7C%20%84%2F%7B%AFsn%7B%8Ek%20J,0,0.00,NA,0,0,0,0,0,0,NA,95
camera,21:32:14,Camera%2Fcontrol%20line%20discarded%3A%20too%20long,0,0.00,NA,0,0,0,0,0,0,NA,95
camera,21:32:14,Camera%2Fcontrol%20line%20discarded%3A%20too%20long,0,0.00,NA,0,0,0,0,0,0,NA,95
pico_reply,21:32:14,%86%21%86%21F%21%20%20%C3%20%E3%20%E3%20%C4%20%C3%20%C3%20%E31%C4BI1%A91%C6%21e%29E%21E%21E%21E%29E%21E%21E%29E%29E1E%29E%21%85%3A%27J%89%3A%20%3A%20BI%3AI%3A%29%3A%2A%3A%2A%3A%29BJ%3AJ%3AJBjBjBiR%29a%8AZH%AD%8E%FF%FD%FF%FF%E6%9F%8C%20%ACO%9B%B3%84%2F%BE%B3%F7%BF%D6%9FJ%D5B%89R%ECB%ADJ%ABB%ABB%AAB%AAJ%8BJ%8BJ%ABJ%ACJ%CBJ%CBJ%ABJ%CBJ%ABZ%ABZ%ACJKZ,0,0.00,NA,0,0,0,0,0,0,NA,95
pico_reply,21:32:14,j%8CR%C9%F7%D5%FF%7F%C6%20%BD%F7%F7%5B%C6%BC%DF%3A%DF%9F%DEY%8BYsm%FF%F4%FF%DE%F7%FF%AD%BC%BE%20%CE%20%B6%20%DEV%A5%BB%F7%96%9D%5D%BEU%EF%FE%C6%BFs%F6%5B%2C%5B-%5B%5B%2C%5B%20%5B-%5B%5B%20%5B-c%2Cc%2CcLcMcMcMcmcmcmcmcmkmkmcmc%8Dc%8Ck%8CkmcKc%2AkLk%20b%EBZ%AAZ%AAR%AAR%89R%CAR%89R%8AR%AAR%AAR%AAR%AAR%AAR%8AZ%ABR%CBR%EBR%ABZ%CBZ%CBb%EBb%CCZ%CC%5B%20Z%EB%5B%20%5B%20c%20b%CCZ%CB%5B%20c%2Ck%2CcLcLc-kLc%2CkMkLkLkMk-smkmkMkMkMkLkMkMs-sMs-k%20s%2Cs%2C%7BM%7Bs%20%82%ECblA%88I%C7I%C8I%C7Q%C7Q%C8I%C8Q%C8,0,0.00,NA,0,0,0,0,0,0,NA,95
pico_reply,21:32:14,%8B%CDR%8D%29g1%C79%C79%C81%C8%29%E8B%88kOb%EE%5Bk%8Ds%F1%840%8C%92%8Cr%94%D3%94%D3%94%B3%84%B2%8C%91%84r%8CQ%841%840%8C%20%7B%8F%7B%8E%83%8Ek%20k%201%A9%20%26,0,0.00,NA,0,0,0,0,0,0,NA,95
pico_reply,21:32:14,%8C3%83%F1%83%F1%83b%20%82%20%82%20%82%20%82%20%82%20%82%20%82%20%82%20%82%20%82%20%83%20%83%20%83%20%A2%20%A2%20%A2%20%A2%20%A2%20%A3%20%A3%20%A3%20%A3%20%A2%20%A3%20%A3%20%A3%20%A3%20%A3%20%C3%20%C3%20%C3%20%C3%20%E4%20%E3%20%E4%20%E3%20%E4%20%E4%20%C4%20%C4%20%E4%20%E4%20%E4%20%E4%20%E4%20%E4%20%E4%20%20%20%20%20%20%20%20%20%20%29e%29f%29f%29e%29f%29f%29e%21%86%21%86%21%26%20%E4%20%C3%20%E3%20%E3%20%C3%20%C3%20%E3%20%23%3A%269%E8%29%881%A5%29e%21E%21E%21E%21E%21E%21E%29e%29E%29E%29e%29%85%3A%26%3AIBj%3A,0,0.00,NA,0,0,0,0,0,0,NA,95
camera,21:32:14,Camera%2Fcontrol%20line%20discarded%3A%20too%20long,0,0.00,NA,0,0,0,0,0,0,NA,95
camera,21:32:14,Camera%2Fcontrol%20line%20discarded%3A%20too%20long,0,0.00,NA,0,0,0,0,0,0,NA,95
pico_reply,21:32:14,%7D%7C%B3%DD%F5%A5%BD%94%AC%EE%9Bk%B5%7D%20%E7%20%BE_J%ADJ%EB%5B%2C%5B-S%2C%5B-cMc-%5BM%5BL%5B-c-c-cMcMcmcmcmcmcmkMcMkmcmc%8Dc%8Dcmc%8Dk%ACkmcLkKs%CCc%8Ckmb%ECZ%EBR%89R%CAZ%ABR%8AZ%AAR%8AR%CAR%CAR%AAZ%ABZ%CBR%EBR%CBZ%CBZ%CBZ%CBZ%CBZ%CCZ%CCZ%CBc%20%5B%20%5B%20%5B%20c%2Cc%2C%5B%2Cc%20cLcLc-c%2CkLkMkMk-cmkl%7B%AEsmkLslsLsMkLkMsmsmsM%7BN%7BMsLsL%7BL%7Bl%83M%7B%2FJ,0,0.00,NA,0,0,0,0,0,0,NA,95
pico_reply,21:32:14,Q%E8I%C8I%C7I%C8I%C7I%C8I%C8I%C8I%E7I%C8%29IA%C6k%2ARJRiJ%20B%28B%202%20%3A%27c%2B%8C%20Z%8D1h9%A69%C89%C89%E92%20Z%EAc%20R%CER%EDk%ADs%F0%84r%8C%91%8C%B3%94%D2%94%D3%94%D3%8C%B3%84R%8C1%84Q%841%840%7B%F0%83%AF%83%AFc%20sLR%2A%29I,0,0.00,NA,0,0,0,0,0,0,NA,95
camera,21:32:14,Camera%2Fcontrol%20line%20discarded%3A%20too%20long,0,0.00,NA,0,0,0,0,0,0,NA,95
pico_reply,21:32:14,1%869%C79%E79%C8%2F%20Jf%7B%D0Z%CD%5Bcls%EF%84Q%8CQ%94%D3%94%F2%94%F3%8C%D3%94%D3%8C%B3%8Cr%84r%841%841%7B%F0%84%20%8C%20spc%20b%AA1K,0,0.00,NA,0,0,0,0,0,0,NA,95
camera,21:32:14,Camera%2Fcontrol%20line%20discarded%3A%20too%20long,0,0.00,NA,0,0,0,0,0,0,NA,95
pico_reply,21:32:14,%20%82%20%82%20%82%20%A2%20%A2%20%82%20%82%20%83%20%83%20%83%20%83%20%82%20%A2%20%A3%20%A3%20%A3%20%A3%20%A2%20%A3%20%A3%20%A3%20%A3%20%C3%20%A3%20%C2%20%C2%20%C2%20%C3%20%C3%20%C3%20%C3%20%A3%20%E3%20%C3%20%A3%20%C3%20%C4%20%C4%20%C4%20%E3%20%E4%20%E4%20%E4%20%E4%20%E4%20%E4%20%20%20%20%20%20%20%20%20%25%29f%29f%29%86%29%86%29f%29f%29f%29%86%29f%21%26%20%E4%20%E3%20%E3%20%C3%20%C3%20%A4%20%C4%29B9%E69%E89%E7%29f%21E%21E%21E%21%25%21E%29%25%29%25%29E%29E%29E%29E%29E%21%20%29%862%20%3A%20%3A,0,0.00,NA,0,0,0,0,0,0,NA,95
camera,21:32:14,Camera%2Fcontrol%20line%20discarded%3A%20too%20long,0,0.00,NA,0,0,0,0,0,0,NA,95
pico_reply,21:32:14,%8C%20s%B19%CA1%C69%E7A%C89%C9%29%A8BGR%CC%5B%20cNc.%83%CF%7C%20%8C%B1%94%B2%94%D3%94%B3%94%B3%8C%D2%8Cr%8Cr%84Q%841%7B%D0%7B%F0%7B%CF%7B%EEs%8Ds%2CA%EC%20%87,0,0.00,NA,0,0,0,0,0,0,NA,95
pico_reply,21:32:14,a%ACY%EAZI%94%AF%D6%D8%DE%9C%94%D8SPS%20%5B%20B%8CB%CAR%EBJ%ACJ%ABJ%8BR%2BJKJ%C6%8C%8F%7C%92JmRlJKR%ABJ%ABR%ABJ%ABJ%ABJ%ABJ%CBJ%CBJ%EBJ%CCR%CBZ%CCZ%CDRkJkZKZLK,0,0.00,NA,0,0,0,0,0,0,NA,95
pico_reply,21:32:14,%D7%93%F7%20%BD%BF%95r%EFy%BD%DD%8D2%F6%B5%B5%DC%9D%2F%DF%5B%BE%BA%CEY%94%FBc.R%CC%5B%20S%2C%5B%2C%5B-%5B-%5B-%5BMcM%5BMcmcmcMcLcmcmcmcmcmc%8Dcmkmcmc%8Dk%8Dk%8Dk%8Ek%8Dk%8Dk%8Ec%8Ek%8Dk%8Dk%8Dk%8Dk%ADklklkL%5B-%5B%20Z%CBR%8BR%CAR%EAZ%CAZ%ABZ%CBZ%CAc,0,0.00,NA,0,0,0,0,0,0,NA,95
camera,21:32:14,Camera%2Fcontrol%20line%20discarded%3A%20too%20long,0,0.00,NA,0,0,0,0,0,0,NA,95
pico_reply,21:32:14,%29%A72%20%3A%29%3A%29%3A%29%3A%2A%3AI%3AJ%3AI%3A%29%3A%2ABIBJBJ%3AJ%3AIBJBJB%29J%2AJ,0,0.00,NA,0,0,0,0,0,0,NA,95
pico_reply,21:32:14,I%CBI%CAQ%CAZ%8DsNsOR%CEB%C9%5BlZ%EEBlB%8AJ%ABJ%ABJ%8BJ%8BZKR%AA%2F%20%9DR%94%D7RMZj%5B%2Bcm%5BPBLBlJ%CBJ%CAR%CBJ%CBJ%EBJ%CBR%ABR%8CJ%8BR%ACJ%8BR%AAbKK%20%BEN%FE%BF%847%7C%AD%FF%DB%AD%9C%8C%B1%FFy%A5%BD%BE4%CE%FC%D6%BB%B5%3AJPS,0,0.00,NA,0,0,0,0,0,0,NA,95
camera,21:32:14,Camera%2Fcontrol%20line%20discarded%3A%20too%20long,0,0.00,NA,0,0,0,0,0,0,NA,95
camera,21:32:14,Camera%2Fcontrol%20line%20discarded%3A%20too%20long,0,0.00,NA,0,0,0,0,0,0,NA,95
pico_reply,21:32:14,kMk-cMclkLkmcMkMkmkms%8Dkmkmsmkmsmsls%ADs%8Dsm%7Bns%8EkmsmsmsMsms%8D%7B%AD%83%8EJNA%E89%A99%C7A%C7A%C89%A79%A8A%A8A%C7I%E8A%A8I%C8%29i%20%E4Z%C7R%ABR%89Z%8AJ%2BJ%20%3A,0,0.00,NA,0,0,0,0,0,0,NA,95
pico_reply,21:32:14,Bhc%28%94Jm1f9%C71%C8B%209%EA9%C8%5B,0,0.00,NA,0,0,0,0,0,0,NA,95
camera,21:32:14,Camera%2Fcontrol%20line%20discarded%3A%20too%20long,0,0.00,NA,0,0,0,0,0,0,NA,95
pico_reply,21:32:14,%5B-%5B%2C%5BL%5B%2Cc%2C%5BM%5BM%5BM%5BlclcMcMcmcmcMcmc%8Ccncncncmc%8Ecnc%8Ec%ADc%ADc%8Ek%8Dk%ADk%8Dk%AEk%8Dk%8Ek%8Dk%8Dk%8Dk%8Dsmsmk%8Ckls%CCs%8C%5BR%ABZ%ABR%CBZ%CAZ%EB%5B%20Z%CBZ%ACZ%CBZ%EBZ%EBb%ECZ%EC%5B%20c%20c%20c%2CcLc%2Cc-cLcLkMcLcmkMcmkMkMkmkmkmkmkmsnkmsmkmkms%8Es%8D%83%ED%83%CFs%8Fsmsmsms%8Ds%8D%7B%8D%83%AEZ%AFA%C9A%C89%A8A%C7A%C89%A79%A8A%A79%A7I%C89%A8A%C7A%88%21%87B%20b%EDR%8ARiB,0,0.00,NA,0,0,0,0,0,0,NA,95
pico_reply,21:32:14,B,0,0.00,NA,0,0,0,0,0,0,NA,95
pico_reply,21:32:14,A%E9B%29J%C8%7B%ABk%92B%209%A79%E79%E8A%EA1%C9k%AAkncn%5B-%7B%F0%84o%8Cr%94%93%94%D2%8C%D3%94%B3%94%92%94%B2%84r%84q%84q%84q%7C%2F%7B%EF%7B%CF%7B%8D%7BlRL%20,0,0.00,NA,0,0,0,0,0,0,NA,95
camera,21:32:14,Camera%2Fcontrol%20line%20discarded%3A%20too%20long,0,0.00,NA,0,0,0,0,0,0,NA,95
camera,21:32:15,Camera%2Fcontrol%20line%20discarded%3A%20too%20long,0,0.00,NA,0,0,0,0,0,0,NA,95
camera,21:32:15,Camera%2Fcontrol%20line%20discarded%3A%20too%20long,0,0.00,NA,0,0,0,0,0,0,NA,95
pico_reply,21:32:15,ns%8Es%8Ds%8Ds%AEs%ADs%8E%7B%8Eso1%8B9%C89%A89%A79%A79%889%879%A79%C79%A8AgA%C89%A6Q%C89%C9J%20Z%8BZ%AAB%29B%20J%20%3A,0,0.00,NA,0,0,0,0,0,0,NA,95
camera,21:32:15,Camera%2Fcontrol%20line%20discarded%3A%20too%20long,0,0.00,NA,0,0,0,0,0,0,NA,95
pico_reply,21:32:15,Rh%C4%D1%84US%AB%EF%FA%CE%BE%84WJ%ECcLcn%5B-%5B%2C%5B-%5B-cMcMcM%5BmcmcMcMcmcMcMcMcmkmkmkmkmk%8Ecnkncmk%ADk%ADk%AEk%AEk%ADk%ADk%CEk%ADk%ADk%AEk%AEk%ADs%CEs%AEk%CEk%ADk%8Ds%8Ds%8Cs%8Dsmk-c%2C%5B%20%5B%20Z%CBZ%EBZ%EAc%20%5B%20%5B%20%5B%20b%ECc%20c%20c%2Ck-c%2Cc%2Cc%2Ck%2Ck-cLcmkLkLkmkmkmcmk%8DsnsMkms%8Cs%8Ds%ADs%8Ds%8Dsns%8Es%ACs%ADs%8Es%AEs%8Ds%ADs%AEs%AD%7B%ADsn%7B%8E%3A1%A71%A89%A79%A79%889%A79%871%871%87AgI%C8A%C7J%20R%2A1iZ%89Z%ABB%20J%20J%29B%20,0,0.00,NA,0,0,0,0,0,0,NA,95
camera,21:32:15,Camera%2Fcontrol%20line%20discarded%3A%20too%20long,0,0.00,NA,0,0,0,0,0,0,NA,95
camera,21:32:15,Camera%2Fcontrol%20line%20discarded%3A%20too%20long,0,0.00,NA,0,0,0,0,0,0,NA,95
camera,21:32:15,Camera%2Fcontrol%20line%20discarded%3A%20too%20long,0,0.00,NA,0,0,0,0,0,0,NA,95
pico_reply,21:32:15,c%2Cc%2C%5B%20c%2Bc%2Ck%2Cc-c%2CcMk%2Ck-cLcmkLkmkMkmknkmk%8Dkms%8Es%8Dkns%8Ds%ADs%8Ds%ADs%8Ds%AEkms%8Es%AEs%AEs%8Ds%8Ds%AEs%8D%7B%CEs%CE%83%AE%5B%20%29%891%871%871%861%A81%871%879%881%879%87A%A8R%20Q%E9R%20J,0,0.00,NA,0,0,0,0,0,0,NA,95
pico_reply,21:32:15,%3A,0,0.00,NA,0,0,0,0,0,0,NA,95
pico_reply,21:32:15,R%89Z%CBRIJIJ%28J%28JJBIk,0,0.00,NA,0,0,0,0,0,0,NA,95
camera,21:32:15,Camera%2Fcontrol%20line%20discarded%3A%20too%20long,0,0.00,NA,0,0,0,0,0,0,NA,95
pico_reply,21:32:15,kKZ%ECR%CA%5B%20%5B%20%5B%2C%5B-c-cLcl%5B-c-c-clcMcmcmcmcmcMcmkmkmcmk%8Dk%8Dk%8Dc%8Ck%AEk%8Dk%ADk%AEk%AEk%AEk%8Ek%AEc%CEk%CEk%AEk%CEk%CDk%CEs%CEk%AFk%AEs%AFs%CFs%CEs%EE%7B%EEs%CEs%ADs%CE%7Cs%ADc-c%2CZ%CCZ%EBZ%EB%5B%20c%20k%2Cc%20c%20c%2Cc%2Cc%2Cc%2CcMk-k-cMkmk%8Dkmkmkmkmkmkmk%8Dk%8Ek%8Dk%8Ds%8Ds%8Es%8Es%AEs%AEs%8Esms%AEs%AEk%AEs%CEs%AEs%CFs%8E%7B%AF%7B%AE%7B%CEk%B01%AB1%A8%29f1%871%A81%871%871%879%A89%A7I%C9Q%EAQ%E9R%20R%20B%29B%28R%89R%8BJIJHJ%29J%20%3A,0,0.00,NA,0,0,0,0,0,0,NA,95
pico_reply,21:32:15,Z%88%7B%8Es%901%89B%20A%E8R%29J%8BJiklc%8FcNk%8F%7B%EF%8C%92%94%92%94%B3%94%F3%94%F3%94%D3%8C%B3%8C%93%84Q%8C1%7C1%84%20s%D0s%AE%7B%AEk%20I%EB%20%C4%20%C4%20b%20%82%20b%20b%20b%20b%20b%20b%20%82%20%82%20%82%20%82%20b%20b%20b%20a%20%E3%21d%29%A51%E7%3A%86J%A9%29%87%20%C3%20%C3%20%C3%20%C3%20%C3%20%A3%20%A3%20%C3%20%A3%20%A3%20%C4%20%C4%20%C4%20%C4%20%C3%20%E4%20%E4%20%E4%20%E4%20%E4%20%E4%20%20%20%20%20%20%20%20%20%20%21E1%A71%87%29%86%29%86%29%A6%29%A6%29%A6%29%A7%21f%20%20%20%C4%20%E3%20%E3%20%C4%20%C4%20%E4%20%20%29%C61%E89%A8%29F%29E%21%25%21%25%21%20%20%20%21%24%21E%29E%29E%29E%29E%29E%29%26%29f%29%A6%3A%29%3A%2A%3A%29%3A%29%3A%29%3A,0,0.00,NA,0,0,0,0,0,0,NA,95
pico_reply,21:32:15,%3A%20%3A%2A%3A%29%3Ai%3AjB%2AB%2A%3A%2A%3AIBJBJBJBj%3AJBkBJBjBjBkBjB%8BBkB%8ABjB%8AB%8BB%8AJ%8BJ%8AR%8Cj%20J%C8%9E%20%FF%DF%BC%5EB%20%9DJ%F7%FE%BD%FF%8B%F4a%ECY%CB%5B%87%DE%F3%CE%3EJ%92%84%ED%EF%F9%EF%FF%CE%BFt8J%8AR%CCR%ECR%CBR%CBJ%CBR%EBJ%ABR%CBR%CBR%CCR%ECJ%CCR%CBS%20R%ECS-%5BBlR%CB%5B%20%5B%2C%5B%2C%5B%2Ccb%ECkLs%8Ds%8DkmclcMcmcmcmkmkmcmcmk%8Dk%8Dk%8Dc%8Dc%8Dk%8Dc%8Ek%ADk%AEk%AEk%AEk%AEk%AEk%AEk%CEk%CEk%CEk%AEs%AEs%CEs%CEs%EEs%CFs%AEs%CEs%CEs%EEs%CEs%CEs%CEs%CD%7B%CD%7B%ADkMklcLc%2Cc%20k,0,0.00,NA,0,0,0,0,0,0,NA,95
pico_reply,21:32:15,Q%E9Z%20R%29J,0,0.00,NA,0,0,0,0,0,0,NA,95
pico_reply,21:32:15,9%C9B%27b%EARJJIJ%29J%20BJB%28%7BL%83%CFBK1%A7A%E8RiJ%AB1%EAk%8Bcocnc%8Fs%D0%841%8Cr%94%B3%94%D3%8C%F2%94%B3%8Cs%8C%92%8CQ%8C1%84%20%84Q%7B%F0%7B%CEs%8Fj%EDZl%20%E7%20%E7%20b%20%82%20%82%20b%20b%20b%20b%20b%20b%20b%20%82%20%82%20a%20b%20b%20%23,0,0.00,NA,0,0,0,0,0,0,NA,95
camera,21:32:15,Camera%2Fcontrol%20line%20discarded%3A%20too%20long,0,0.00,NA,0,0,0,0,0,0,NA,95
pico_reply,21:32:15,J%29J%20J%20B,0,0.00,NA,0,0,0,0,0,0,NA,95
camera,21:32:15,Camera%2Fcontrol%20line%20discarded%3A%20too%20long,0,0.00,NA,0,0,0,0,0,0,NA,95
camera,21:32:15,Camera%2Fcontrol%20line%20discarded%3A%20too%20long,0,0.00,NA,0,0,0,0,0,0,NA,95
camera,21:32:15,Camera%2Fcontrol%20line%20discarded%3A%20too%20long,0,0.00,NA,0,0,0,0,0,0,NA,95
pico_reply,21:32:15,LkMc%2BcLclkMkmkLkLkMkmkmkmkmk%8Ek%8Es%8Es%8Ek%AEs%8Es%8Es%8Es%AEs%8Es%AE%7B%CE%7B%AEs%AE%7B%CF%7B%CF%7B%CF%7B%CFs%CF%7B%CF%7B%CE%7B%ED%94%2FZ%D1%21G%29%86%29g%29g%29F%21G%21g%21g%29F9%C7J%27Q%C9Q%E9R%29Z%29R,0,0.00,NA,0,0,0,0,0,0,NA,48
camera,21:32:15,Camera%2Fcontrol%20line%20discarded%3A%20too%20long,0,0.00,NA,0,0,0,0,0,0,NA,48
pico_reply,21:32:15,K%20R%EBS%20S%20S%20Z%EC%5B%20S%2CS%20S-%5B%2Cc%2Cc%20j%CDZ%AB%9D%20%E6%F6%CE%9B%A4%F6%8Ct%8Cn%9C%D1%8C%93kokmkmkmkmkmkmk%8Ds%AEk%8Ek%ADk%AEk%AEk%8Ds%AEk%ADc%ADk%AEk%AEk%AEs%AEk%CEs%AFs%AEs%CFs%CEs%CEs%CEs%CEs%CEs%CF%7B%EF%7B%EF%7B%EF%7B%EF%7B%EF%7B%EFt%20%7B%EF%84%20s%CE%7B%CEs%AFs%ADs%ADkmkKslk-c%2Ck%2CcLcLcLclcmcmkMclkmkmkmkmkmk%8Es%8Es%8Fs%8Es%8Es%8Es%AEs%AEs%AEs%AEs%AE%7B%AFs%AEs%AE%7B%CF%7B%CF%7B%CF%7B%CF%7B%CF%7B%CE%7B%EE%7B%EE%83%CDsp%21J%29%A6%29g%29g%21F%21%26%29f%29g%29g1%A69%C7I%E9J%20R%29R,0,0.00,NA,0,0,0,0,0,0,NA,48
camera,21:32:15,Camera%2Fcontrol%20line%20discarded%3A%20too%20long,0,0.00,NA,0,0,0,0,0,0,NA,48
pico_reply,21:32:15,R%CBJ%EBJ%EBR%CCR%ECS%2BR%ECZ%ECb%ED%5B-S%20S-%5B%2Cc%2Cj%EDj%ACcL%AD%D0%DE%FA%DF%20%BD%96%A5U%9D%90%BD%F5%9C%F8k%90k%8Fk%2FsNklc-c-cMk%ADk%AEk%AEk%AEk%8Dk%CEk%ADk%CEk%CEs%CEk%AEk%AEs%AEk%AEs%AEs%AEs%CFs%CEs%CEs%EFs%EFs%EFs%EF%7B%EF%7B%EF%7B%EF%7B%EF%7B%EF%7B%EFt%20t%20%84%2F%7B%EFs%EF%7B%CF%7C%20%7B%EEs%AEkmkLk-k%2Ck-cMcLcLclcmcmkMcmkmk%8Dkmkmkmk%8Eso%7Bos%8Esns%AEs%CE%7B%AE%7B%AEs%CEs%CEs%AE%7B%CFs%CF%7B%CF%7B%CF%7B%CE%7B%CF%7B%CE%7B%EFs%EE%7B%ED%84%20%7B%EF%29%AC%21e%29%87%21%86%21%86%29%87%29g%29g%29G1%87%29%86J%20J%20R%29I,0,0.00,NA,0,0,0,0,0,0,NA,48
camera,21:32:15,Camera%2Fcontrol%20line%20discarded%3A%20too%20long,0,0.00,NA,0,0,0,0,0,0,NA,48
pico_reply,21:32:15,%CE%DC%B5V%9D6%AER%EFy%B5%9B%7C%20%84Ps0ks%AC%7B%AE%7B%AFkmklclk%8Ck%ADk%AEk%8Ek%ADk%CEk%ADs%CEs%AEs%AEs%AEs%AEk%AEs%CEs%AEs%CFs%EFs%CF%7B%EFs%EFs%EF%7B%EF%7B%EF%7B%EF%7B%EF%7C%20%7C%20%7C%2F%7C%20%7C%2F%7C%20%7B%EF%7B%CE%83%EE%7B%EF%7B%AF%7B%ADsmc%20k%2CkLc%2CcLcLcLcmkLkmclkmkmk%8Dkmkmk%8Es%8Es%8Es%AEs%AEs%AEs%CEs%CEs%CEs%CE%7B%AE%7B%AE%7B%AE%7B%AF%7B%CF%7B%EE%7B%CE%7B%CE%83%EF%7B%CFt%20t%20%7B%CE%83%D0%3A.%21e%29%87%29f%21%86%29g%29%87%29g%29g%29%A7%29%87A%A8A%E8A%E8A%E8J%20B%2AA%E89%E9Z%C7b%EAJIJIJ%29J%29%3AjB%88%7B%AC%8B%EFJK9%E89%E8B%20B,0,0.00,NA,0,0,0,0,0,0,NA,48
pico_reply,21:32:15,%3A%29%5B%20s%8Fcoc%8Dt%2F%7CQ%94%D2%94%D3%94%D3%9C%D4%94s%8C%92%94R%8CQ%84P%7B%EF%7B%EF%7B%CFsj%ACj%ACj%82%20%82%20%82%20%81%20%81%20%82%20%82%20%82%20%82%20%82%20c%20b%20b%20%82%20%82%20b%20b%20b%20%82%20%82%20%82%20%82%20%82%20%82%20%82%20%82%20%82%20%82%20%82%20%A2%20%A2%20%A3%20%C3%20%C3%20%E3%20%C4%20%E4%20%E4%20%E4%20%E4%20%E4%20%20%20%E4%20%20%20%20%20%20%20%E5%21%241%A61%871%871%86%29%86%29%86%29%A6%29%A6%29f%21E%20%E3%20%E3%20%E3%20%C4%20%C4%20%C4%20%23%29d9%E89%C7%29%87%29E%21%24%21%24%21%24%21%25%21E%21D%21E%21E%21E%29E%29D%29E%29e%29%C62%28BJBJBJ%3A%29%3A%29%3A%29B%29%3A%29%3A%29%3A%29%3AI%3A%29%3A%29%3A%2A%3AIBIB%2AB%2ABJBjBj,0,0.00,NA,0,0,0,0,0,0,NA,48
pico_reply,21:32:15,%FF%BA%C6%20%C6%9A%AD%98%94%B5%DFv%FF%FC%BE%3E%7C1%ADTs0s%AC%9D.%B5%94%9C%D4%7B%F2%5Bmk%8Dk%AFk%AEs%CEk%8Ek%AEk%AEk%AEs%AFs%AEs%AEs%AEs%CEk%CEs%CFs%AFs%CFs%EE%7B%EFs%EFs%CF%7B%EF%7C%20%7C%20%7B%F0%7C%20%7C%20%7C%20%7C%20%7C%20%7C%2F%7C%20%7C%20%7B%EE%7B%EE%7C%20%7C%20%7B%EEs%CEclkLkMkmkMcMcMcmcmcMcmkMkMkMkmk%8Dk%ADs%AEs%AE%7B%CE%7B%AEs%AEs%CEs%AFs%CEs%AE%7B%AE%7B%AE%7B%AF%7B%CF%7B%EFs%CF%7B%CE%7B%CE%7B%CF%7B%CF%7B%EF%7C%20%7B%EE%8C%2FJ%D0%20G%29%87%29f%21f%29g%29%87%29f1%87%29g%21g9%889%C7A%E8B%20J%28A%C99%A9%20%201%A6JGJjJiJ,0,0.00,NA,0,0,0,0,0,0,NA,48
camera,21:32:15,Camera%2Fcontrol%20line%20discarded%3A%20too%20long,0,0.00,NA,0,0,0,0,0,0,NA,48
camera,21:32:15,Camera%2Fcontrol%20line%20discarded%3A%20too%20long,0,0.00,NA,0,0,0,0,0,0,NA,48
pico_reply,21:32:15,%C3%20%C4%20%C4%20%C4%20%E4%20%20%20%E4%20%E4%20%E4%20%20%20%E4%20%20%20%20%20%20%21%24%29f%29%A7%29%871g1%861%86%29%A6%29%A6%29%87%21%26%20%20%20%E3%20%E3%20%E3%20%C4%20%C4%20%20%21C1%C61%C81%C7%29%86%21%25%21%25%21%25%21%25%21%25%21%25%21E%21E%29E%29E%29E%29E%29e%21d%3A%20%3AJBJBK%3A%20%3A%29%3A%29%3A%29%3A%2A%3A,0,0.00,NA,0,0,0,0,0,0,NA,48
camera,21:32:15,Camera%2Fcontrol%20line%20discarded%3A%20too%20long,0,0.00,NA,0,0,0,0,0,0,NA,48
pico_reply,21:32:15,RfZ%CDRjJJBJJ%2A%3A%2BZ%E9%83%D0kq1%EA%3A%20B%28J%2AB%2AcJkokNcos%CE%8C%90%8C%91%8C%92%94%D2%94%B2%8C%92%8Cr%8Cr%7C1%7C0%7B%EF%7B%CF%7BnsMsMs%82%20%82%20b%20%82%20b%20b%20b%20b%20b%20%82%20b%20b%20%82%20b%20%82%20%82%20b%20%82%20%82%20%82%20%82%20%82%20b%20%82%20%82%20b%20%82%20%82%20%82%20%82%20%A3%20%C3%20%C3%20%C4%20%C4%20%E4%20%E4%20%E4%20%E4%20%E4%20%E4%20%20%20%20%20%20%20%20%20%20%21E%29f%29%A61%87%29%87%29%86%29%86%29%A6%29%A61%A7%20%20%20%E4%20%E3%20%E3%20%E3%20%C4%20%C4%20%C3%20%239%E61%E79%C7%29f%29E%21E%21%25%21%25%29%25%21E%29E%29D%29E%29E%29E%29E%21E1%86BhBiBJ%3AJBIB%2AB%20%3A%29%3AIB,0,0.00,NA,0,0,0,0,0,0,NA,48
camera,21:32:15,Camera%2Fcontrol%20line%20discarded%3A%20too%20long,0,0.00,NA,0,0,0,0,0,0,NA,48
camera,21:32:15,Camera%2Fcontrol%20line%20discarded%3A%20too%20long,0,0.00,NA,0,0,0,0,0,0,NA,48
pico_reply,21:32:15,%CEk%AEk%AEs%AFs%CFk%CEs%CEs%EE%7B%CE%7B%CFs%AFs%CF%7B%EE%7B%EF%7B%EF%7B%EF%7B%EF%7B%EF%7B%EF%7B%EF%84%20%7C%20%83%EF%7C%20%7C%2F%7C%20%7C%20%7C%20%7C%20%84%20%7C%20%7C%2F%7C%2F%7C%20%84%20%84%20%7C%20%7C.%84%2Fs%D0s%8EcMklk%8DkMkmkmk%8Ds%8Ds%8Ds%AEk%8Ekms%8Ds%AEs%AEs%AEs%AE%7B%AEs%AFs%CEs%CE%7B%CE%7B%CF%7B%CF%7B%CE%7B%EE%7B%EE%7B%EF%7B%EF%7B%EF%83%EF%83%F0%83%F0%84%20%8B%EE%84%20Bn%3A%27J%AA%21I%29%87%21%861%C6%29%88%29%A7%29%C7%29%A7%29%A7%29%871%871%A71%C71%A71%87%29%A7%29%87%20%27%3AER%ACRkB,0,0.00,NA,0,0,0,0,0,0,NA,48
pico_reply,21:32:15,JIBJ%3A,0,0.00,NA,0,0,0,0,0,0,NA,48
pico_reply,21:32:15,Z%EAk%8Dc%2FB%29B%28J%20BKB%2A%7B%CDs%AFk%8Fk%8Ft%20%8C%B1%8C%92%8C%92%94%92%94%92%8C%92%8C%91%84r%841%84%20%840%8B%CF%7B%AE%7B%AE%7B%82%20%82%20%82%20%82%20%82%20b%20b%20b%20b%20%82%20b%20%82%20%82%20%82%20%82%20%82%20%82%20%82%20%82%20b%20%82%20%82%20%82%20%82%20%82%20%82%20%82%20%82%20%A2%20%A2%20%C3%20%C3%20%C3%20%E3%20%E4%20%E4%20%E4%20%E4%20%E4%20%20%20%E4%20%E4%20%20%20%20%20%20%20%25%21e%29%86%29%87%29%A6%29%87%29%A6%29%A6%29%A7%29%A6%29%86%20%20%20%E4%20%E4%20%C3%20%E3%20%E4%20%C3%20%E31%C6%3A%201%E79%E71f%29F%21%24%21%25%21%25%29%25%29E%21E%21e%29E%29E%29E%29%25%29f1%E7%3AJ%3A%29%3AjBjBkBJBiBiBjBI%3A%29%3A%29%3A%29BJBJ%3AJ%3AJ%3A,0,0.00,NA,0,0,0,0,0,0,NA,48
camera,21:32:15,Camera%2Fcontrol%20line%20discarded%3A%20too%20long,0,0.00,NA,0,0,0,0,0,0,NA,48
camera,21:32:15,Camera%2Fcontrol%20line%20discarded%3A%20too%20long,0,0.00,NA,0,0,0,0,0,0,NA,48
pico_reply,21:32:15,s%AFs%AFs%CFs%CEs%CFs%CFs%CFs%CF%7B%EFs%EF%7C%20%7B%F0%7B%EF%7B%EF%7B%EF%7B%EF%7C%20%7C%20%7C%20%84%20%7C%20%7C%20%7C%20%7C%20%7C%20%7C%2F%7C0%84P%840%840%840%7C0%84o%8C%90%84O%84%2F%7C%20%84%20%7B%EFk%8EcMcMkMsmsnsmkmk%8Es%8Ek%8Ds%AEs%AEs%CEs%CEs%AEs%AE%7B%AF%7B%AE%7B%CEs%AE%7B%AE%7B%CF%7B%CF%7C%20%7B%EE%7B%EE%7B%EF%84%20%84%20%7C%20%7B%F0%7B%EF%83%EE%8C0%5BOB%2A%3A%29%21%27%29g%29%A71%E8%29%89%29%87%29%A7%29%A71%A7%29%87%29%A71%A71%C71%C81%87%29%87%29%87%29g%21f%3A%20b%EBRkJJJIB,0,0.00,NA,0,0,0,0,0,0,NA,48
camera,21:32:15,Camera%2Fcontrol%20line%20discarded%3A%20too%20long,0,0.00,NA,0,0,0,0,0,0,NA,48
camera,21:32:15,Camera%2Fcontrol%20line%20discarded%3A%20too%20long,0,0.00,NA,0,0,0,0,0,0,NA,48
camera,21:32:15,Camera%2Fcontrol%20line%20discarded%3A%20too%20long,0,0.00,NA,0,0,0,0,0,0,NA,48
pico_reply,21:32:15,p%84%20%7B%CEs%8Ek%8Eknk%8Ds%8Ds%8Esmk%8Es%AEs%AEs%CEs%CEs%AEs%AEs%AE%7B%AFs%CF%7C%20%7B%EF%7B%CF%7B%EF%7B%EF%7B%EF%7B%EF%7B%EF%7B%CF%83%F0%7C%20%84%2F%84%20%84%20%84.%84PJn%29%88%29g%29%87%29%A7%29%A7%29g1%A81%881%A81%A8%29%A7%29%A7%21%871%C81%C81%A8%29%88%29%871g%29%87%21%279%C5Z%A8RKJ%29J%2AJ%20%3A,0,0.00,NA,0,0,0,0,0,0,NA,48
camera,21:32:16,Camera%2Fcontrol%20line%20discarded%3A%20too%20long,0,0.00,NA,0,0,0,0,0,0,NA,48
pico_reply,21:32:16,%E6%F6%B5%99%E6%B7%D6%3AtR%BD%B2%C5%7Cs3kl%FF%F6%CE%BD%B5%CB%FF%FF%FF%FF%FF%FF%FF%FF%F7%FF%FF%FF%9D%3Ecmk%CEk%AD%7B%CE%7B%2FkM%94%AB%A5tk%93%7B%CE%7B%AF%7B%AE%83%CFso%94.%94q%7C%20%7C%20%7C%20%7C%20%7C%20%7C%20%7C%20%84%20%840%840%7C0%7CP%84P%7C0%7C%2F%84P%84P%84P%84P%84P%84O%8C%B0%8Cp%840%8C0%84%2F%84%2F%8C%2F%84%2F%84%20%7B%CEs%CDkms%ACs%8Ds%8Ekms%ADs%AEs%AEs%AEs%CEs%CEs%AE%7B%AE%7B%AF%7B%CF%7B%EF%7B%CE%7B%EF%7B%EF%7B%CF%7B%EF%7B%EF%7B%F0%7C%20%84%20%84%20%84%2F%84%20%84%2F%84%20%94PB%8F%21g%29%87%29%87%29%87%29%87%29%A71%E81%C81%A71%A81%C8%29%A7%21%871%C81%C81%A81%88%29%87%29%87%29g%29g%20%25A%E6Z%ABJ%29J%29R,0,0.00,NA,0,0,0,0,0,0,NA,48
camera,21:32:16,Camera%2Fcontrol%20line%20discarded%3A%20too%20long,0,0.00,NA,0,0,0,0,0,0,NA,48
camera,21:32:16,Camera%2Fcontrol%20line%20discarded%3A%20too%20long,0,0.00,NA,0,0,0,0,0,0,NA,48
camera,21:32:16,Camera%2Fcontrol%20line%20discarded%3A%20too%20long,0,0.00,NA,0,0,0,0,0,0,NA,48
camera,21:32:16,Camera%2Fcontrol%20line%20discarded%3A%20too%20long,0,0.00,NA,0,0,0,0,0,0,NA,48
camera,21:32:16,Camera%2Fcontrol%20line%20discarded%3A%20too%20long,0,0.00,NA,0,0,0,0,0,0,NA,48
camera,21:32:16,Camera%2Fcontrol%20line%20discarded%3A%20too%20long,0,0.00,NA,0,0,0,0,0,0,NA,48
pico_reply,21:32:16,jk%7C%20%A5-%F7%FD%D6%20cQ%D5%8B%EF%BF%7C%20%FF%FE%FF%FF%FF%FF%FF%FF%F7%FF%FF%FF%84zcM%7B%8Fk%8Fk%ED%F7%F6%C5%FB%C6%20%E6%D6%F7%9D%7B%F7%7B%ED%7B%8Fko%84%CE%CEt%DE%BF%F7%BE%FF%FA%94%DA%84.%84%20%7C%20%7C%20%7C%2F%84%20%7C%20%7C0%840%84%2F%840%840%84P%84P%84P%84p%84p%84P%84p%84p%8Cp%84P%84P%84P%84P%8CP%8CO%8CP%8CO%84O%8CO%8CP%7B%8E%7B%AEsms%8Dkn%7B%AEs%AEs%CEs%CE%7B%AE%7B%AE%7B%CF%7B%EF%7B%EE%7B%EE%84%2F%7B%F0%7B%EE%84%20%84%20%84%20%84%2F%84%2F%84%2F%84%20%8C1%84%20%8Cp%8C%20%83%F09%ED1%A6%29%86%29%87%29%87%29%871%87%29%A81%A79%C81%A8%29%88%29%A81%A89%C81%A81%A71%A7%29%A71%87%29%87%29f%29G%29F1%86RiJJJiRiR%8AR,0,0.00,NA,0,0,0,0,0,0,NA,48
pico_reply,21:32:16,BGBJ%3A,0,0.00,NA,0,0,0,0,0,0,NA,48
camera,21:32:16,Camera%2Fcontrol%20line%20discarded%3A%20too%20long,0,0.00,NA,0,0,0,0,0,0,NA,48
camera,21:32:16,Camera%2Fcontrol%20line%20discarded%3A%20too%20long,0,0.00,NA,0,0,0,0,0,0,NA,48
camera,21:32:16,Camera%2Fcontrol%20line%20discarded%3A%20too%20long,0,0.00,NA,0,0,0,0,0,0,NA,48
pico_reply,21:32:16,%EE%7B%CE%7B%CFs%AFs%CE%7B%EF%7B%AE%7B%CF%7B%EF%7B%EF%7B%EF%7C%20%7C%20%83%EF%84%20%83%F0%84%20%84%2F%84%20%84%20%84%20%84P%84Q%840%7CP%94OZ%F2%29%A7%29%A6%29%A7%29%871%871%871%A8%29%C71%C7%21%88%29%C7%29%A81%C81%C81%C89%E81%C8%29%C7%29%A71%87%29G%29F%29%27%21%27%29%86JhJKJ%2AJ,0,0.00,NA,0,0,0,0,0,0,NA,48
camera,21:32:16,Camera%2Fcontrol%20line%20discarded%3A%20too%20long,0,0.00,NA,0,0,0,0,0,0,NA,48
pico_reply,21:32:16,Mcmkns.b%CDr%CD%5B%20%AD%8B%FF%FF%F7%FF%F7%FF%DF%5B%F7%9B%FF%FF%F7%9F%7CXc%8Ds%AE%7Bo%8C%20%C5%D1%E7%7C%94%96%E7w%84r%F7x%84Y%83%EEk%F0%7C%20%FF%B9%9DX%E6%F8%D6%BD%FF%F8%7C%20%84-%7C0%7C%20%7C%2F%7C%2F%840%7C%20%7B%EF%7C%20%840%840%840%7CP%7CP%84P%84p%84p%84P%84p%84p%84p%84p%8Cp%84p%84p%84Q%8C%91%8C%91%8Cp%84p%840%8Cp%8CP%8CO%8Co%84o%7C%20s%CF%7B%D0s%AFs%CE%7B%EE%7B%CE%7B%CF%7B%EF%7B%CF%7B%EF%7C%20%7C%20%84%20%840%84%20%84%20%84%20%84%20%840%84%20%84%2F%8CP%84P%840%8C%20cR%21i%29%A7%29%88%29%87%29%871%871%A8%29%E72%202%20%29%C9%29%A81%C81%C7%3A%201%C81%C8%29%C8%29%A7%29%87%29f%29%86%29F%29H%20%E69%E5J%8AJ%29J%2A,0,0.00,NA,0,0,0,0,0,0,NA,48
camera,21:32:16,Camera%2Fcontrol%20line%20discarded%3A%20too%20long,0,0.00,NA,0,0,0,0,0,0,NA,48
camera,21:32:16,Camera%2Fcontrol%20line%20discarded%3A%20too%20long,0,0.00,NA,0,0,0,0,0,0,NA,48
camera,21:32:16,Camera%2Fcontrol%20line%20discarded%3A%20too%20long,0,0.00,NA,0,0,0,0,0,0,NA,48
camera,21:32:16,Camera%2Fcontrol%20line%20discarded%3A%20too%20long,0,0.00,NA,0,0,0,0,0,0,NA,48
camera,21:32:16,Camera%2Fcontrol%20line%20discarded%3A%20too%20long,0,0.00,NA,0,0,0,0,0,0,NA,48
camera,21:32:16,Camera%2Fcontrol%20line%20discarded%3A%20too%20long,0,0.00,NA,0,0,0,0,0,0,NA,48
camera,21:32:16,Camera%2Fcontrol%20line%20discarded%3A%20too%20long,0,0.00,NA,0,0,0,0,0,0,NA,48
camera,21:32:16,Camera%2Fcontrol%20line%20discarded%3A%20too%20long,0,0.00,NA,0,0,0,0,0,0,NA,48
pico_reply,21:32:16,%94%B2%8C%91%8C%91%8C%B1%8C%B1%8C%91%8C%90%8Cq%8CQ%94P%8C%20%7B%EF%7B%EE%84%20%84%20%7B%CF%83%EE%84%20%84%20%7C%20%84%2F%84%2F%84%20%840%84P%840%84P%84P%8CP%8CP%84p%940%7B%D3%29%AC%29%A6%29%A7%29%A7%29%88%29%A71%E81%E81%C89%A91%C81%C81%E8%3A%28BJ9%EA1%C8%29%A8%29%A8%29%87%29%87%29%86%21F%21E%21%26%20%261e9%E9R%8AJ%2AJ%29B%8BJ%E9%7C%2B%83%D09%CCB%28B,0,0.00,NA,0,0,0,0,0,0,NA,48
camera,21:32:16,Camera%2Fcontrol%20line%20discarded%3A%20too%20long,0,0.00,NA,0,0,0,0,0,0,NA,48
camera,21:32:16,Camera%2Fcontrol%20line%20discarded%3A%20too%20long,0,0.00,NA,0,0,0,0,0,0,NA,48
camera,21:32:16,Camera%2Fcontrol%20line%20discarded%3A%20too%20long,0,0.00,NA,0,0,0,0,0,0,NA,48
camera,21:32:16,Camera%2Fcontrol%20line%20discarded%3A%20too%20long,0,0.00,NA,0,0,0,0,0,0,NA,48
camera,21:32:16,Camera%2Fcontrol%20line%20discarded%3A%20too%20long,0,0.00,NA,0,0,0,0,0,0,NA,48
camera,21:32:16,Camera%2Fcontrol%20line%20discarded%3A%20too%20long,0,0.00,NA,0,0,0,0,0,0,NA,48
camera,21:32:16,Camera%2Fcontrol%20line%20discarded%3A%20too%20long,0,0.00,NA,0,0,0,0,0,0,NA,48
camera,21:32:16,Camera%2Fcontrol%20line%20discarded%3A%20too%20long,0,0.00,NA,0,0,0,0,0,0,NA,48
camera,21:32:16,Camera%2Fcontrol%20line%20discarded%3A%20too%20long,0,0.00,NA,0,0,0,0,0,0,NA,48
camera,21:32:16,Camera%2Fcontrol%20line%20discarded%3A%20too%20long,0,0.00,NA,0,0,0,0,0,0,NA,48
camera,21:32:16,Camera%2Fcontrol%20line%20discarded%3A%20too%20long,0,0.00,NA,0,0,0,0,0,0,NA,48
pico_reply,21:32:16,k%CDs%EDk%AEk%CDk%CEk%CEk%CFs%CEs%CEs%CF%7B%EF%7B%EF%7B%CFs%F1kn%FF%F6%E7_%7C%B5%E7u%F7%9C%84X%7B%EE%84%2F%7C0%7C1t%20tt%BET%EF%7C%FF%DF%FF%FF%FF%FF%7B%F6%8C%8F%84q%84p%8Cp%84q%8Cn%AE6%A53%BE%20%8Cp%8Cq%8C%91%94%B1%94%B1%94%B1%8C%91%8C%B2%8C%91%8C%B1%8C%92%8Cq%8C%B0%8C%D1%8C%D1%8C%D2%8C%D2%8C%F2%94%D2%94%D1%94%D2%94%D2%94%D2%9C%D2%9C%D2%9C%D2%9C%F2%9C%D2%94%D1%9C%F2%8Cr%8C0%841%84%20%840%7C0%8CQ%8CP%8CP%8CP%8CP%8CQ%8CQ%8Cq%8Cp%94%B0%842Bp%29%A71%C8%29%A81%A8%29%C9%29%A81%C72%20%3A,0,0.00,NA,0,0,0,0,0,0,NA,48
camera,21:32:16,Camera%2Fcontrol%20line%20discarded%3A%20too%20long,0,0.00,NA,0,0,0,0,0,0,NA,48
pico_reply,21:32:16,S%2C%5B%20%5B%20%5B%20%5BL%5B%2C%5B%2C%5B%2C%5B%20c-c-c-cmcmcmcmkMcmc%8Dc%8Dcmcmkncmc%8Dk%8Eknc%8Dc%8Ek%AEs%CEk%AEk%ADk%CEk%AFs%CFs%CEs%CEs%EFs%EFs%EF%7B%CFk%D1%5BO%FF%D7%BF%20%BE%D3%EE%FF%B5%BBk%B0s%CE%84%2F%840%7C1l%20%84w%A5%98%CE%FB%C6%2F%FF%9C%CE%BFs%D0%84Q%8CP%8Cp%8CQ%7CP%B5P%AEZ%B5%B3%B5%DB%8CP%94q%8C1%94%91%94%B0%94%B1%8C%B1%8C%B2%8C%B1%8C%B1%8C%92%8C%91%8C%91%8C%D1%8C%F1%94%D2%8C%D2%94%D2%94%D2%94%D2%94%D2%94%D2%9C%D2%9C%D2%9C%D2%9C%B2%9C%B2%9C%B2%94%B1%9C%F2%A4%F3%9C%92%8C0%840%840%7C%20%8CP%8CP%8CP%8Cp%8CQ%8CQ%8Cp%8Cq%8Cp%94%B0%94RR%D2%29%861%A71%E7%29%E71%C81%A81%C81%C89,0,0.00,NA,0,0,0,0,0,0,NA,48
camera,21:32:16,Camera%2Fcontrol%20line%20discarded%3A%20too%20long,0,0.00,NA,0,0,0,0,0,0,NA,48
pico_reply,21:32:16,%2C%5B%2C%5B%2C%5B%20c-c-cLcMcMcmcmcMcmc%8Dcmc%8DcmcNc%8Dc%8Ec%AEk%8Ek%CEc%8Ek%8Fk%AEk%AEk%AEs%AEs%CEs%CEs%CEs%EEs%EFs%EFs%EF%7B%CFk%F2c0%EF%F6%DF%BF%FF%F9%EF%20%8Cus%CE%7C%2F%84O%7C1t1l6%8D8%AE%20%DF%3F%AD%BF%CD%F6%84ws%ED%84p%8CP%8Cp%8CQt0%B5%D0%BE%20%DF%20%7B%F4%8Cn%8CQ%94q%9C%F1%8C%91%8C%B1%8C%B1%8C%92%8C%B2%8C%91%8C%92%84q%8C%90%8C%D1%8C%F1%94%D2%94%D2%94%D2%94%D2%94%D2%94%F2%94%D3%9C%D2%9C%F2%9C%F2%9D%20%9C%F2%9C%F2%9C%F2%9C%F2%A5%20%A4%D1%94%B1%8Cp%840%84P%8CP%8CP%8CP%8Cp%8CQ%8CQ%8Cq%8Cq%8Cq%94%90%94qR%D1%21%87BI%3A%2A1%E81%E81%A81%A8B%20BJB%2B1%C9%29%C8%3A%20A%EA,0,0.00,NA,0,0,0,0,0,0,NA,48
pico_reply,21:32:16,B%20Bh%5B%2A%84%20%7B%B0%7B%B0%8Cp%8C%91%8Cr%8Cr%8C%82%20%82%20b%20%82%20%82%20%82%20%82%20%83%20%82%20%A2%20%A2%20%A2%20%A2%20%A2%20%82%20%82%20%82%20%82%20%82%20%82%20%A2%20%82%20%A2%20%83%20%C4%20%C4%20%E4%20%E4%20%20%20%E4%20%E4%20%20%20%E4%20%20%20%20%20%25%20%20%20%20%20%25%20%20%29%861%A71%C71%C71%C71%C71%C71%E81%E7%29f%20%E5%20%20%20%E4%20%E4%20%E3%20%E4%20%E3%29%85%29%871%A61%A6%21%25%21E%21%24%21%24%21%24%21D%21E%21%24%29%25%21E%21D%29E%29E%29E%29E1%A5%3AFBJ%3A,0,0.00,NA,0,0,0,0,0,0,NA,48
camera,21:32:16,Camera%2Fcontrol%20line%20discarded%3A%20too%20long,0,0.00,NA,0,0,0,0,0,0,NA,48
pico_reply,21:32:16,%29%3A,0,0.00,NA,0,0,0,0,0,0,NA,48
camera,21:32:16,Camera%2Fcontrol%20line%20discarded%3A%20too%20long,0,0.00,NA,0,0,0,0,0,0,NA,48
pico_reply,21:32:16,%5B-%5BMSm%5BM%5BMc-S-S%2C%5B-%5B-%5B-%5BL%5B-%5B-%5B%20c-c-cKclcMcMcmcmcmcmcncmc%8Dcnc%8Ek%8Ek%AEk%AEk%AEk%8Ek%AEk%AEk%AEk%CEs%CEs%CFs%CFs%CEs%CEs%CFs%EFt%20s%EF%83%B2c%20%DF%8E%F7%FF%EE%FF%7B%F6%7B%CF%84%20%7C%20%84O%841%7C3%2F8%B5%B2%E7%FC%EF%FF%AD%7F%94%F4%8C%B0%84p%84p%84p%94Q%84%92%84%2F%FF%F7%FF%FF%8C%99%8Cp%8Cp%84q%94p%B5%B4%A5%20%9D5%84r%8C%B2%8C%B2%8C%B2%94%F2%94%D2%94%B1%94%D2%94%D2%94%F2%94%D2%94%F2%94%F2%94%D2%94%F2%9C%D3%94%F2%9C%F2%9C%F2%9C%F2%9C%F2%A4%D2%9C%F2%9C%F3%9C%F2%9C%F2%A5%20%9D%20%9C%D3%94r%8CQ%8CQ%840%8CQ%8CQ%8Cq%8CQ%8Cq%8Cp%8C%90%94%90%8421%ACB%209,0,0.00,NA,0,0,0,0,0,0,NA,48
pico_reply,21:32:16,%29%AA1%C89%C91%E8%3A%28%3A%292,0,0.00,NA,0,0,0,0,0,0,NA,48
camera,21:32:16,Camera%2Fcontrol%20line%20discarded%3A%20too%20long,0,0.00,NA,0,0,0,0,0,0,NA,48
camera,21:32:16,Camera%2Fcontrol%20line%20discarded%3A%20too%20long,0,0.00,NA,0,0,0,0,0,0,NA,48
camera,21:32:17,Camera%2Fcontrol%20line%20discarded%3A%20too%20long,0,0.00,NA,0,0,0,0,0,0,NA,48
camera,21:32:17,Camera%2Fcontrol%20line%20discarded%3A%20too%20long,0,0.00,NA,0,0,0,0,0,0,NA,48
camera,21:32:17,Camera%2Fcontrol%20line%20discarded%3A%20too%20long,0,0.00,NA,0,0,0,0,0,0,NA,48
camera,21:32:17,Camera%2Fcontrol%20line%20discarded%3A%20too%20long,0,0.00,NA,0,0,0,0,0,0,NA,48
camera,21:32:17,Camera%2Fcontrol%20line%20discarded%3A%20too%20long,0,0.00,NA,0,0,0,0,0,0,NA,48
camera,21:32:17,Camera%2Fcontrol%20line%20discarded%3A%20too%20long,0,0.00,NA,0,0,0,0,0,0,NA,48
pico_reply,21:32:17,2%A5%B2%A5%D6%DFY%FF%BD%B5%B9%84r%8C%D3%7C%92%A5r%9DU%8C%B4%94%D2%94%D1%8C%D1%94%F2%94%D2%94%D2%94%F2%9C%F2%9C%F2%9C%F2%9C%F3%9C%F3%9C%F3%9C%F3%A4%F3%9C%F3%A5%20%A5%20%A5%20%A5%20%A4%F3%A4%F3%A5%20%A5%20%A53%A53%A53%A5%20%94%D2%9C%B2%94q%94q%94%91%94%90%94%B1%94R%842Bm9%C81%E8%29%C81%A81%A81%C89%E99%E9B%292%201%E8B%20%3A,0,0.00,NA,0,0,0,0,0,0,NA,48
pico_reply,21:32:17,%3AIJ%8AJ%CCK%20R%CCJ%8CBjR%8AJ,0,0.00,NA,0,0,0,0,0,0,NA,48
pico_reply,21:32:17,%29H1%86%29F%21%25%21%20%21%25%20%20%20%E5%21f%29%87%3A%20B%29JIJJ%3A,0,0.00,NA,0,0,0,0,0,0,NA,48
pico_reply,21:32:17,Z%89k-J%2A9%C8%3A,0,0.00,NA,0,0,0,0,0,0,NA,48
camera,21:32:17,Camera%2Fcontrol%20line%20discarded%3A%20too%20long,0,0.00,NA,0,0,0,0,0,0,NA,48
pico_reply,21:32:17,s%EEs%EFs%EFs%EFs%CFs%EFs%EF%7C%20%7B%F0%83%F0%84%20%7C%20%7C%20%7C%20%7C%20%7C%2F%7C0%84%20d2%7C%D2%AD%D6%94%F7k%90%84O%8CP%84P%8Cp%8CQ%84%92to%E72%E7%20%84%20%8C%B0%8C%91%84%B2%8C%B0%CE%D7%BD%B7%BD%D8%B5%94%9C%F5%94%F3%8C%D2%8D2%BE%20%9DW%8C%D3%94%D1%94%B2%8C%B1%94%F2%94%D2%94%D2%94%F2%9C%F3%9C%F2%9C%F2%9C%F3%9C%F3%9C%D3%9C%F3%9C%D3%9C%F3%A5%20%A5%20%A5%20%A5%20%A4%F3%A4%F3%A5%20%A53%A53%A5S%A53%A53%9D%20%9C%F2%94%92%8C%92%8C%91%94%91%94%B1%94%91%8429%EE%3A%201%E81%C81%A81%A81%A89%E99%E9%3A%299%E91%C9%3A%29%3A%2A%3A%2AB%8AJ%ACJ%8CB,0,0.00,NA,0,0,0,0,0,0,NA,48
camera,21:32:17,Camera%2Fcontrol%20line%20discarded%3A%20too%20long,0,0.00,NA,0,0,0,0,0,0,NA,48
