type,received_at,event_text_encoded,uptime_s,temp_c,gyro_z_dps,command_value,random,pd0,pd1,pd2,pd3,photoreflector_adc,wifi_signal_quality
telemetry,20:23:37,,824,34.99,-51.03,0,448,182,6,4,11,989,89
telemetry,20:23:37,,824,34.99,-53.71,0,526,184,6,6,14,989,89
telemetry,20:23:38,,825,34.53,-41.82,0,657,144,5,8,18,988,89
telemetry,20:23:38,,825,34.99,-20.06,0,484,97,12,10,130,988,89
pc_command,20:23:39,CAPTURE,0,0.00,NA,0,0,0,0,0,0,NA,89
telemetry,20:23:39,,826,34.53,5.73,0,148,83,11,11,141,989,89
pico_reply,20:23:39,ACK%2CCAPTURE,0,0.00,NA,0,0,0,0,0,0,NA,89
camera,20:23:40,Camera%20image%20saved%3A%20camera_20260910_202340_392.bmp,0,0.00,NA,0,0,0,0,0,0,NA,89
telemetry,20:23:40,,827,34.06,27.74,0,194,147,5,9,17,989,89
telemetry,20:23:40,,828,34.53,26.21,0,153,174,5,7,14,989,89
telemetry,20:23:41,,828,32.65,18.65,0,302,185,7,6,14,989,89
telemetry,20:23:41,,829,34.06,6.03,0,101,183,7,6,15,988,89
telemetry,20:23:42,,829,34.53,-5.06,0,574,184,7,5,15,988,89
telemetry,20:23:42,,830,34.06,-6.34,0,470,184,7,6,14,989,89
telemetry,20:23:43,,830,34.99,-7.37,0,154,185,7,6,13,988,89
telemetry,20:23:43,,831,34.53,-6.82,0,671,180,6,6,13,989,89
telemetry,20:23:44,,831,35.93,-1.76,0,453,177,6,6,12,988,89
telemetry,20:23:44,,832,35.93,0.12,0,455,178,6,6,13,988,89
pc_command,20:23:45,80,0,0.00,NA,0,0,0,0,0,0,NA,89
pico_reply,20:23:45,ACK%2CSET_VALUE%2C80,0,0.00,NA,0,0,0,0,0,0,NA,89
telemetry,20:23:45,,832,34.06,50.97,80,418,181,6,6,13,856,89
telemetry,20:23:48,,833,34.99,37.86,80,461,182,6,4,12,573,89
telemetry,20:23:48,,833,34.53,13.04,80,59,174,57,4,10,713,89
telemetry,20:23:48,,834,34.06,-6.82,80,75,175,53,4,11,818,89
telemetry,20:23:48,,834,34.99,-23.29,80,893,183,6,4,12,986,89
telemetry,20:23:48,,835,34.53,-29.20,80,302,182,6,5,15,989,89
telemetry,20:23:48,,835,35.93,-29.87,80,10,181,6,6,13,928,89
telemetry,20:23:48,,836,34.06,-22.50,80,858,165,4,8,13,625,89
telemetry,20:23:49,,836,34.99,-6.52,80,678,151,5,8,14,730,89
telemetry,20:23:50,,837,34.53,7.07,80,938,153,5,8,13,738,90
pc_command,20:23:50,0,0,0.00,NA,0,0,0,0,0,0,NA,90
pico_reply,20:23:50,ACK%2CSET_VALUE%2C0,0,0.00,NA,0,0,0,0,0,0,NA,90
telemetry,20:23:50,,837,34.99,-37.13,0,431,123,11,10,106,989,90
telemetry,20:23:51,,838,34.53,-11.89,0,230,78,11,11,148,989,90
telemetry,20:23:51,,838,34.53,10.48,0,281,80,12,12,145,989,90
telemetry,20:23:52,,839,34.99,23.41,0,8,115,12,10,117,990,90
pc_command,20:23:52,CAPTURE,0,0.00,NA,0,0,0,0,0,0,NA,90
pico_reply,20:23:52,ACK%2CCAPTURE,0,0.00,NA,0,0,0,0,0,0,NA,90
camera,20:23:53,Camera%20image%20saved%3A%20camera_20260910_202353_199.bmp,0,0.00,NA,0,0,0,0,0,0,NA,90
telemetry,20:23:53,,840,34.99,24.81,0,129,182,6,7,16,990,90
telemetry,20:23:53,,840,34.99,12.43,0,982,184,6,5,14,989,90
telemetry,20:23:54,,841,34.99,-4.93,0,354,183,6,5,15,989,90
telemetry,20:23:54,,841,34.99,-9.02,0,406,184,8,6,17,990,90
telemetry,20:23:55,,842,34.53,-9.26,0,678,185,7,7,16,990,90
telemetry,20:23:55,,842,34.53,-8.29,0,557,180,6,7,13,990,90
telemetry,20:23:56,,843,34.99,-4.87,0,82,177,6,7,14,990,90
telemetry,20:23:56,,843,34.53,0.18,0,240,177,6,7,15,990,90
telemetry,20:23:57,,844,34.53,0.91,0,50,178,6,7,16,990,90
telemetry,20:23:57,,844,36.40,0.06,0,408,179,6,7,17,990,90
telemetry,20:23:58,,845,34.99,0.42,0,418,179,6,7,17,990,90
telemetry,20:23:58,,845,34.99,0.12,0,621,178,6,7,16,990,90
telemetry,20:23:59,,846,34.53,0.06,0,787,178,5,6,15,990,90
telemetry,20:23:59,,846,34.53,0.06,0,369,178,5,6,14,990,90
telemetry,20:24:00,,847,34.53,0.12,0,209,178,6,7,16,991,90
pc_command,20:24:00,80,0,0.00,NA,0,0,0,0,0,0,NA,90
pico_reply,20:24:00,ACK%2CSET_VALUE%2C80,0,0.00,NA,0,0,0,0,0,0,NA,90
telemetry,20:24:00,,847,34.99,51.40,80,719,184,6,5,17,952,90
telemetry,20:24:01,,848,34.53,27.01,80,595,186,9,4,12,986,90
telemetry,20:24:01,,849,34.99,0.06,80,290,177,53,4,11,965,90
telemetry,20:24:02,,849,35.46,-17.56,80,780,186,37,4,12,587,90
telemetry,20:24:02,,850,34.99,-29.02,80,149,186,6,4,14,726,90
telemetry,20:24:03,,850,34.99,-30.60,80,566,186,8,6,17,718,90
pc_command,20:24:03,0,0,0.00,NA,0,0,0,0,0,0,NA,90
pico_reply,20:24:03,ACK%2CSET_VALUE%2C0,0,0.00,NA,0,0,0,0,0,0,NA,90
telemetry,20:24:03,,851,34.53,-80.67,0,270,158,5,9,17,591,90
telemetry,20:24:04,,851,34.53,-56.34,0,121,43,4,14,179,594,90
telemetry,20:24:04,,852,36.40,-21.82,0,85,8,5,16,185,595,90
telemetry,20:24:05,,852,35.93,13.96,0,750,7,5,16,185,596,90
telemetry,20:24:05,,853,35.46,35.30,0,51,19,4,15,183,597,90
pc_command,20:24:06,CAPTURE,0,0.00,NA,0,0,0,0,0,0,NA,90
pico_reply,20:24:06,ACK%2CCAPTURE,0,0.00,NA,0,0,0,0,0,0,NA,90
camera,20:24:07,Camera%20image%20saved%3A%20camera_20260910_202407_229.bmp,0,0.00,NA,0,0,0,0,0,0,NA,90
telemetry,20:24:07,,854,34.06,45.60,0,412,187,7,6,17,598,90
telemetry,20:24:07,,854,34.99,27.31,0,111,185,6,4,15,597,90
telemetry,20:24:08,,855,34.99,1.28,0,19,186,7,4,13,598,90
telemetry,20:24:08,,855,34.53,-15.54,0,9,186,6,4,13,598,90
telemetry,20:24:09,,856,35.46,-23.04,0,652,185,6,5,17,598,90
telemetry,20:24:09,,856,34.53,-24.57,0,225,187,7,6,17,597,90
telemetry,20:24:10,,857,34.99,-18.90,0,303,175,5,8,16,598,90
telemetry,20:24:10,,857,34.53,-7.25,0,8,165,4,7,14,598,90
telemetry,20:24:11,,858,34.53,3.23,0,775,165,5,7,13,598,90
telemetry,20:24:11,,858,34.99,0.60,0,819,165,4,7,13,598,90
telemetry,20:24:12,,859,34.99,0.06,0,555,165,5,7,13,598,90
telemetry,20:24:12,,860,34.53,0.12,0,901,165,4,6,14,598,90
telemetry,20:24:13,,860,34.53,0.06,0,859,165,4,6,13,598,90
telemetry,20:24:13,,861,34.53,0.12,0,470,165,4,6,13,598,90
telemetry,20:24:14,,861,35.46,0.18,0,918,166,5,6,13,598,90
telemetry,20:24:14,,862,34.99,0.18,0,186,165,4,6,13,598,90
telemetry,20:24:15,,862,34.99,0.12,0,752,165,5,7,13,598,90
telemetry,20:24:15,,863,35.46,0.18,0,427,165,5,6,13,598,90
telemetry,20:24:16,,863,34.99,0.06,0,544,165,5,7,13,598,90
telemetry,20:24:16,,864,34.99,0.06,0,680,165,4,6,13,598,90
telemetry,20:24:17,,864,35.46,0.12,0,610,165,4,6,13,598,90
telemetry,20:24:17,,865,34.53,0.18,0,607,165,4,6,13,598,90
telemetry,20:24:18,,865,34.99,0.12,0,988,165,4,6,12,598,90
telemetry,20:24:18,,866,35.46,0.12,0,499,165,4,6,12,598,90
telemetry,20:24:19,,866,34.53,0.18,0,923,165,4,6,13,598,90
telemetry,20:24:19,,867,34.99,0.12,0,767,165,4,6,13,598,90
telemetry,20:24:20,,867,35.46,0.06,0,264,165,5,6,13,598,90
telemetry,20:24:20,,868,34.53,0.12,0,580,165,5,6,13,598,90
telemetry,20:24:21,,868,34.99,0.06,0,658,165,4,6,13,599,90
telemetry,20:24:21,,869,34.99,0.18,0,766,165,5,7,13,599,90
telemetry,20:24:22,,869,33.59,0.12,0,201,165,4,6,12,599,90
telemetry,20:24:22,,870,34.99,0.12,0,822,165,4,6,12,599,90
telemetry,20:24:23,,870,34.99,0.06,0,887,165,4,6,12,599,90
telemetry,20:24:24,,871,34.53,0.06,0,965,165,4,6,12,598,90
telemetry,20:24:24,,871,34.53,0.18,0,729,165,4,6,12,599,90
telemetry,20:24:25,,872,34.99,0.00,0,816,165,4,6,11,599,90
telemetry,20:24:25,,872,34.53,0.12,0,460,165,4,6,10,598,90
telemetry,20:24:26,,873,34.53,0.12,0,238,165,4,6,11,599,90
telemetry,20:24:26,,873,32.65,0.06,0,266,165,4,6,10,599,90
telemetry,20:24:27,,874,34.53,0.12,0,736,165,4,6,10,599,90
telemetry,20:24:27,,874,34.99,0.06,0,94,165,4,6,10,599,90
telemetry,20:24:28,,875,34.99,0.12,0,621,164,4,6,10,599,90
telemetry,20:24:28,,875,35.46,0.00,0,541,165,4,6,8,599,90
telemetry,20:24:29,,876,34.99,0.12,0,471,165,5,7,13,599,90
telemetry,20:24:29,,876,34.53,0.06,0,685,165,5,7,14,599,90
telemetry,20:24:30,,877,35.46,0.12,0,975,165,4,7,11,599,90
telemetry,20:24:30,,877,34.99,0.06,0,17,165,4,7,12,599,90
telemetry,20:24:31,,878,34.99,0.12,0,532,165,4,7,12,599,90
telemetry,20:24:31,,878,35.46,0.06,0,308,165,5,7,12,599,90
telemetry,20:24:32,,879,34.99,0.06,0,393,164,4,7,11,599,90
telemetry,20:24:32,,879,34.99,0.12,0,170,165,4,7,11,599,90
telemetry,20:24:33,,880,34.99,0.06,0,205,165,4,6,11,599,90
telemetry,20:24:33,,880,34.99,0.12,0,833,165,5,7,12,599,90
telemetry,20:24:34,,881,34.53,0.06,0,248,164,5,7,12,599,90
telemetry,20:24:34,,881,34.53,0.18,0,334,164,4,7,11,599,90
telemetry,20:24:35,,882,35.46,0.06,0,814,164,5,7,12,599,90
telemetry,20:24:35,,882,34.53,0.06,0,545,164,5,7,12,599,90
telemetry,20:24:36,,883,34.99,0.18,0,376,165,4,7,14,599,90
telemetry,20:24:36,,883,34.99,0.12,0,936,164,5,7,15,599,90
telemetry,20:24:37,,884,34.99,0.12,0,569,165,5,8,16,599,90
telemetry,20:24:37,,884,34.99,0.12,0,735,165,5,8,16,599,90
telemetry,20:24:38,,885,34.99,0.18,0,339,166,5,8,16,599,90
telemetry,20:24:38,,885,35.46,0.12,0,197,166,5,8,16,599,90
telemetry,20:24:39,,886,34.53,0.12,0,227,166,5,8,16,599,90
telemetry,20:24:39,,886,34.99,0.18,0,909,165,5,8,16,599,90
telemetry,20:24:40,,887,34.53,0.18,0,784,165,5,8,16,599,90
telemetry,20:24:40,,887,34.99,0.18,0,741,165,5,8,17,599,90
telemetry,20:24:41,,888,34.53,0.18,0,326,165,5,9,17,599,90
telemetry,20:24:41,,888,33.12,0.12,0,701,165,5,9,16,600,90
telemetry,20:24:42,,889,34.99,0.06,0,623,165,5,9,15,599,90
telemetry,20:24:42,,889,34.99,0.18,0,702,165,5,9,16,599,90
telemetry,20:24:43,,890,34.53,0.12,0,928,165,5,9,15,599,90
telemetry,20:24:43,,890,35.46,0.12,0,15,165,5,8,16,599,90
telemetry,20:24:44,,891,35.46,0.12,0,290,165,5,8,16,599,90
telemetry,20:24:44,,891,34.99,0.12,0,262,165,5,8,16,600,90
telemetry,20:24:45,,892,35.93,0.06,0,544,165,5,8,17,599,90
telemetry,20:24:45,,892,34.99,0.12,0,319,165,5,8,17,599,90
telemetry,20:24:46,,893,34.53,0.12,0,447,165,5,8,17,599,90
telemetry,20:24:46,,893,35.46,0.06,0,500,166,5,8,17,599,90
telemetry,20:24:47,,894,34.99,0.06,0,850,166,5,8,18,599,90
telemetry,20:24:47,,894,34.53,0.18,0,396,166,5,8,17,599,90
telemetry,20:24:48,,895,34.99,0.12,0,270,165,5,8,18,599,90
telemetry,20:24:48,,895,34.53,0.18,0,201,166,5,8,18,600,90
telemetry,20:24:49,,896,34.53,0.12,0,79,166,5,9,18,599,90
telemetry,20:24:49,,896,34.99,0.12,0,583,165,5,9,18,599,90
telemetry,20:24:50,,897,34.53,0.12,0,944,166,5,9,17,600,90
telemetry,20:24:50,,897,34.99,0.12,0,917,165,5,8,17,600,90
telemetry,20:24:51,,898,35.93,0.12,0,496,165,5,8,16,600,90
telemetry,20:24:51,,898,35.46,0.18,0,226,165,5,8,16,599,90
telemetry,20:24:52,,899,34.53,0.06,0,277,165,5,8,16,600,90
telemetry,20:24:52,,899,34.99,0.12,0,488,165,5,8,16,600,90
telemetry,20:24:53,,900,34.99,0.18,0,207,165,5,8,16,599,90
telemetry,20:24:53,,901,34.53,0.06,0,723,165,5,8,17,600,90
telemetry,20:24:54,,901,34.53,0.12,0,693,165,5,9,17,600,90
telemetry,20:24:54,,902,34.53,0.12,0,720,166,5,8,17,599,90
telemetry,20:24:55,,902,34.99,0.12,0,357,165,5,8,16,600,90
telemetry,20:24:55,,903,35.46,0.12,0,556,165,5,8,16,599,90
telemetry,20:24:56,,903,34.99,0.06,0,91,165,5,8,16,600,90
telemetry,20:24:56,,904,34.99,0.12,0,832,165,5,8,16,600,90
telemetry,20:24:57,,904,34.99,0.18,0,252,165,5,8,16,600,90
telemetry,20:24:57,,905,34.99,0.12,0,86,165,5,8,16,599,90
telemetry,20:24:58,,905,36.87,0.06,0,999,165,5,8,16,600,90
telemetry,20:24:58,,906,34.99,0.18,0,575,165,5,8,16,600,90
telemetry,20:24:59,,906,35.93,0.12,0,541,165,5,8,17,599,90
telemetry,20:24:59,,907,34.99,0.12,0,807,165,5,8,17,600,90
telemetry,20:25:00,,907,34.99,0.12,0,490,165,5,8,16,599,90
telemetry,20:25:00,,908,34.53,0.18,0,612,165,5,8,17,600,90
telemetry,20:25:01,,908,34.53,0.18,0,965,165,5,8,17,600,90
telemetry,20:25:01,,909,34.99,0.12,0,864,165,5,8,17,600,90
telemetry,20:25:02,,909,34.53,0.12,0,973,165,5,8,16,600,91
telemetry,20:25:03,,910,34.99,0.12,0,198,165,5,8,17,600,91
telemetry,20:25:03,,910,32.65,0.12,0,61,165,5,9,18,600,91
telemetry,20:25:03,,911,34.53,0.12,0,766,166,5,9,18,600,91
telemetry,20:25:04,,911,35.46,0.12,0,97,165,5,9,18,599,91
telemetry,20:25:04,,912,34.99,0.12,0,506,165,5,9,18,599,91
telemetry,20:25:05,,912,34.53,0.18,0,483,165,5,9,18,600,91
telemetry,20:25:05,,913,34.99,0.18,0,603,165,5,9,18,600,91
telemetry,20:25:06,,913,33.12,0.12,0,694,165,5,9,18,600,91
telemetry,20:25:07,,914,34.99,0.12,0,948,165,5,9,18,600,91
telemetry,20:25:07,,914,34.99,0.12,0,896,165,5,9,18,599,91
pc_command,20:25:07,-40,0,0.00,NA,0,0,0,0,0,0,NA,91
pico_reply,20:25:07,ACK%2CSET_VALUE%2C-40,0,0.00,NA,0,0,0,0,0,0,NA,91
telemetry,20:25:08,,915,34.53,-40.36,-40,879,149,5,10,21,993,91
telemetry,20:25:08,,915,34.99,-22.68,-40,373,103,12,12,130,977,91
telemetry,20:25:09,,916,34.99,2.50,-40,166,85,11,13,143,987,91
telemetry,20:25:09,,916,34.53,18.47,-40,917,104,12,12,129,983,91
telemetry,20:25:10,,917,35.46,20.00,-40,294,136,7,11,52,812,91
telemetry,20:25:10,,917,35.93,23.65,-40,983,165,5,9,18,862,91
pc_command,20:25:10,0,0,0.00,NA,0,0,0,0,0,0,NA,91
pico_reply,20:25:10,ACK%2CSET_VALUE%2C0,0,0.00,NA,0,0,0,0,0,0,NA,91
telemetry,20:25:11,,918,34.99,65.12,0,123,186,7,6,18,735,91
telemetry,20:25:11,,918,34.53,45.73,0,826,187,38,4,14,738,91
telemetry,20:25:12,,919,34.53,15.00,0,216,151,92,3,12,738,91
telemetry,20:25:12,,919,34.99,-12.43,0,251,153,90,3,12,738,91
pc_command,20:25:12,CAPTURE,0,0.00,NA,0,0,0,0,0,0,NA,91
pico_reply,20:25:12,ACK%2CCAPTURE,0,0.00,NA,0,0,0,0,0,0,NA,91
camera,20:25:13,Camera%20image%20saved%3A%20camera_20260910_202513_774.bmp,0,0.00,NA,0,0,0,0,0,0,NA,91
telemetry,20:25:13,,920,35.46,-41.89,0,672,185,8,6,19,738,91
telemetry,20:25:14,,921,34.53,-35.67,0,771,166,5,9,19,739,91
telemetry,20:25:14,,922,35.93,-18.78,0,151,140,7,11,23,738,91
telemetry,20:25:15,,922,35.46,0.73,0,347,127,8,12,107,739,91
telemetry,20:25:15,,923,34.06,12.19,0,569,138,7,12,24,738,91
telemetry,20:25:16,,923,36.40,17.07,0,488,158,5,10,18,737,91
telemetry,20:25:16,,924,34.53,16.09,0,212,169,5,8,17,739,91
telemetry,20:25:17,,924,34.99,11.52,0,298,179,6,7,17,739,91
telemetry,20:25:17,,925,34.53,3.47,0,804,185,6,7,17,738,91
telemetry,20:25:18,,925,34.99,-1.28,0,967,185,7,7,17,738,91
telemetry,20:25:18,,926,36.40,-1.34,0,892,184,7,7,16,738,91
telemetry,20:25:19,,926,37.33,-1.34,0,873,182,6,6,14,739,91
telemetry,20:25:19,,927,34.99,0.06,0,397,182,6,6,14,738,91
telemetry,20:25:20,,927,34.06,0.12,0,607,182,6,6,14,738,91
telemetry,20:25:20,,928,36.40,0.18,0,782,182,6,6,14,738,91
telemetry,20:25:21,,928,34.99,0.12,0,794,182,6,6,14,739,91
telemetry,20:25:21,,929,34.06,0.12,0,861,182,6,6,13,738,91
telemetry,20:25:22,,929,35.46,0.18,0,836,182,6,6,14,739,91
telemetry,20:25:22,,930,34.53,0.12,0,126,182,6,6,14,739,91
telemetry,20:25:23,,930,34.99,0.12,0,402,182,6,6,13,739,91
telemetry,20:25:23,,931,34.06,0.12,0,204,182,6,6,13,738,91
telemetry,20:25:24,,931,37.33,0.12,0,931,181,6,6,13,739,91
telemetry,20:25:25,,932,35.46,0.18,0,967,181,6,6,13,739,91
telemetry,20:25:25,,932,34.99,0.12,0,494,181,6,6,13,738,91
telemetry,20:25:25,,933,34.99,0.12,0,605,181,6,6,14,739,91
telemetry,20:25:26,,933,35.46,0.12,0,200,182,6,6,15,738,91
telemetry,20:25:26,,934,35.46,0.06,0,442,182,6,6,15,738,91
telemetry,20:25:27,,934,34.06,0.12,0,194,182,6,7,16,739,91
telemetry,20:25:27,,935,34.99,0.12,0,843,181,6,6,15,739,91
telemetry,20:25:28,,935,37.33,0.12,0,970,182,6,6,15,738,91
telemetry,20:25:29,,936,35.46,0.12,0,862,181,6,6,14,738,91
telemetry,20:25:29,,936,34.99,0.12,0,748,181,6,6,14,739,91
telemetry,20:25:30,,937,34.99,0.12,0,269,181,6,7,16,738,91
telemetry,20:25:30,,937,35.46,0.12,0,232,181,6,7,16,739,91
telemetry,20:25:31,,938,35.46,0.12,0,408,181,6,6,15,738,91
telemetry,20:25:31,,938,34.53,0.12,0,499,181,6,6,15,738,91
telemetry,20:25:32,,939,35.46,0.12,0,422,181,6,6,15,738,91
telemetry,20:25:32,,939,34.53,0.12,0,10,181,6,7,15,738,91
telemetry,20:25:33,,940,41.08,0.12,0,865,181,6,6,15,738,91
telemetry,20:25:33,,940,35.46,0.18,0,36,181,6,6,12,739,91
telemetry,20:25:34,,941,35.93,0.06,0,320,181,6,5,11,738,91
telemetry,20:25:34,,941,34.99,0.18,0,592,181,6,5,11,738,91
telemetry,20:25:35,,942,34.53,0.12,0,936,181,6,5,11,738,91
telemetry,20:25:39,,942,34.99,0.18,0,812,181,6,5,11,738,90
telemetry,20:25:40,,943,34.99,0.06,0,194,181,6,5,11,738,90
telemetry,20:25:40,,943,34.53,0.06,0,823,182,6,5,12,739,90
telemetry,20:25:40,,944,34.99,0.06,0,650,181,6,5,12,739,90
telemetry,20:25:40,,944,34.99,0.12,0,932,182,6,5,12,739,90
telemetry,20:25:40,,945,34.99,0.12,0,465,181,6,5,12,739,90
telemetry,20:25:40,,945,34.99,0.12,0,370,182,6,6,16,739,90
telemetry,20:25:40,,946,34.99,0.12,0,9,182,6,6,17,739,90
telemetry,20:25:40,,946,35.46,0.12,0,911,182,6,6,15,738,90
telemetry,20:25:40,,947,35.46,0.12,0,40,183,6,6,17,739,90
telemetry,20:25:40,,947,33.59,0.12,0,285,183,6,6,17,738,90
telemetry,20:25:41,,948,35.46,0.06,0,89,183,6,6,17,738,90
telemetry,20:25:41,,948,35.93,0.18,0,462,183,6,6,17,738,90
telemetry,20:25:42,,949,35.93,0.06,0,416,183,6,6,17,739,90
telemetry,20:25:42,,949,34.53,0.24,0,230,183,6,6,17,739,90
pc_command,20:25:42,40,0,0.00,NA,0,0,0,0,0,0,NA,90
pico_reply,20:25:42,ACK%2CSET_VALUE%2C40,0,0.00,NA,0,0,0,0,0,0,NA,90
telemetry,20:25:43,,950,34.99,43.29,40,510,186,8,5,17,991,90
telemetry,20:25:43,,950,34.99,24.69,40,855,185,6,4,14,974,90
telemetry,20:25:44,,951,34.53,0.24,40,34,186,8,4,13,963,90
telemetry,20:25:44,,951,35.46,-19.14,40,480,185,6,4,14,954,90
pc_command,20:25:45,0,0,0.00,NA,0,0,0,0,0,0,NA,90
pico_reply,20:25:45,ACK%2CSET_VALUE%2C0,0,0.00,NA,0,0,0,0,0,0,NA,90
telemetry,20:25:45,,952,34.99,-68.71,0,618,184,6,5,17,855,90
telemetry,20:25:45,,952,34.99,-64.14,0,665,153,5,9,18,873,90
telemetry,20:25:46,,953,34.99,-40.79,0,226,65,8,13,164,875,90
telemetry,20:25:46,,953,35.46,-9.81,0,435,24,4,15,184,876,90
pc_command,20:25:46,CAPTURE,0,0.00,NA,0,0,0,0,0,0,NA,90
pico_reply,20:25:46,ACK%2CCAPTURE,0,0.00,NA,0,0,0,0,0,0,NA,90
camera,20:25:47,Camera%20image%20saved%3A%20camera_20260910_202547_771.bmp,0,0.00,NA,0,0,0,0,0,0,NA,90
telemetry,20:25:47,,954,35.46,35.06,0,529,90,11,11,144,880,90
telemetry,20:25:48,,955,34.99,41.58,0,64,151,5,10,20,874,90
telemetry,20:25:48,,955,34.53,37.31,0,198,181,6,7,18,875,90
telemetry,20:25:49,,956,34.99,22.19,0,397,184,6,5,18,874,90
telemetry,20:25:49,,957,34.99,1.89,0,486,186,6,5,16,874,90
telemetry,20:25:50,,957,35.46,-8.59,0,520,185,6,5,16,874,90
telemetry,20:25:50,,958,34.53,-14.32,0,341,184,7,5,15,874,90
telemetry,20:25:51,,958,34.99,-16.64,0,279,186,7,5,13,874,90
telemetry,20:25:51,,959,35.46,-14.57,0,81,179,5,6,14,874,90
telemetry,20:25:52,,959,34.99,-6.46,0,415,172,5,6,14,873,90
telemetry,20:25:52,,960,35.46,0.36,0,456,169,5,6,14,874,90
telemetry,20:25:53,,960,34.99,1.89,0,702,170,4,7,14,874,90
telemetry,20:25:53,,961,35.46,0.67,0,61,170,5,7,15,874,90
telemetry,20:25:54,,961,34.99,0.18,0,238,171,5,8,17,875,90
telemetry,20:25:54,,962,35.93,0.18,0,509,171,5,8,17,874,90
telemetry,20:25:55,,962,34.99,0.06,0,200,170,5,7,16,874,90
telemetry,20:25:55,,963,34.99,0.18,0,992,171,5,7,16,874,90
telemetry,20:25:56,,963,35.46,0.06,0,749,171,5,7,16,875,90
telemetry,20:25:56,,964,35.46,0.12,0,171,170,5,7,17,873,90
telemetry,20:25:57,,964,34.99,0.18,0,960,170,5,7,17,874,90
telemetry,20:25:58,,965,35.46,0.12,0,802,171,5,7,17,874,90
telemetry,20:25:58,,965,34.99,0.12,0,869,170,5,7,16,874,90
telemetry,20:25:58,,966,34.99,0.00,0,630,171,5,7,17,874,90
telemetry,20:25:59,,966,34.99,0.18,0,575,171,5,7,16,874,90
telemetry,20:26:00,,967,35.46,0.18,0,170,171,5,8,18,874,90
telemetry,20:26:00,,967,34.99,0.06,0,856,171,5,7,17,875,90
telemetry,20:26:00,,968,34.99,0.00,0,941,171,5,7,17,875,90
telemetry,20:26:01,,968,34.99,0.12,0,398,170,5,7,15,874,90
telemetry,20:26:01,,969,35.46,0.12,0,382,171,5,7,15,874,90
telemetry,20:26:02,,969,37.33,0.12,0,517,170,5,7,15,875,90
telemetry,20:26:03,,970,34.99,0.18,0,44,171,5,7,15,874,90
telemetry,20:26:03,,970,36.40,0.12,0,993,171,5,7,16,875,90
telemetry,20:26:04,,971,34.99,0.00,0,521,170,5,7,15,874,90
telemetry,20:26:04,,971,35.46,0.06,0,721,171,5,7,16,874,90
telemetry,20:26:05,,972,34.99,0.18,0,902,170,5,7,15,874,90
telemetry,20:26:05,,972,34.99,0.18,0,398,170,5,7,16,874,90
telemetry,20:26:06,,973,34.99,0.12,0,276,171,5,7,16,875,90
telemetry,20:26:06,,973,36.40,0.18,0,730,171,5,7,16,875,90
telemetry,20:26:07,,974,35.46,0.12,0,887,170,5,7,16,875,90
telemetry,20:26:07,,974,34.99,0.06,0,747,170,5,7,16,875,90
telemetry,20:26:08,,975,35.46,0.06,0,558,170,5,7,16,875,90
telemetry,20:26:08,,975,35.46,0.18,0,357,170,5,7,16,875,90
telemetry,20:26:09,,976,34.99,0.12,0,682,170,5,7,15,874,90
telemetry,20:26:09,,976,34.99,0.12,0,724,170,5,7,15,875,90
telemetry,20:26:10,,977,34.99,0.06,0,258,170,4,7,15,874,90
telemetry,20:26:10,,977,34.99,0.18,0,553,170,5,7,15,875,90
telemetry,20:26:11,,978,34.53,0.06,0,988,170,5,7,15,875,90
telemetry,20:26:11,,978,35.46,0.12,0,512,170,5,7,15,875,90
telemetry,20:26:12,,979,34.53,0.18,0,0,170,5,6,15,875,90
telemetry,20:26:12,,979,34.53,0.18,0,398,170,5,6,14,874,90
pc_command,20:26:12,20,0,0.00,NA,0,0,0,0,0,0,NA,90
pico_reply,20:26:12,ACK%2CSET_VALUE%2C20,0,0.00,NA,0,0,0,0,0,0,NA,90
telemetry,20:26:13,,980,35.46,32.01,20,739,174,5,7,15,961,90
telemetry,20:26:13,,980,34.53,24.32,20,951,185,7,5,15,715,90
telemetry,20:26:14,,981,34.06,5.73,20,77,184,6,5,16,991,90
telemetry,20:26:14,,981,34.53,-5.85,20,672,184,6,5,17,831,90
telemetry,20:26:15,,982,33.12,-9.02,20,992,186,7,5,17,584,90
telemetry,20:26:15,,982,35.46,-14.26,20,463,187,7,6,17,989,90
telemetry,20:26:16,,983,34.99,-14.32,20,179,181,6,6,17,816,90
telemetry,20:26:16,,983,34.99,-3.59,20,812,178,5,7,18,591,90
telemetry,20:26:17,,984,34.99,3.04,20,396,178,5,7,18,989,90
telemetry,20:26:17,,984,35.46,-4.39,20,930,179,5,7,18,826,90
pc_command,20:26:18,0,0,0.00,NA,0,0,0,0,0,0,NA,90
telemetry,20:26:19,,985,34.99,3.65,20,670,179,5,7,18,608,90
telemetry,20:26:19,,985,34.99,0.97,20,72,179,5,7,18,991,90
pico_reply,20:26:19,ACK%2CSET_VALUE%2C0,0,0.00,NA,0,0,0,0,0,0,NA,90
telemetry,20:26:19,,986,34.99,-26.21,0,272,166,5,8,18,599,90
telemetry,20:26:19,,986,35.46,-10.24,0,240,145,6,9,23,605,90
telemetry,20:26:20,,987,34.99,2.43,0,566,141,6,9,23,607,90
telemetry,20:26:20,,987,34.99,9.81,0,702,150,5,9,21,609,90
telemetry,20:26:21,,988,35.46,13.84,0,156,166,5,8,18,610,90
pc_command,20:26:21,CAPTURE,0,0.00,NA,0,0,0,0,0,0,NA,90
pico_reply,20:26:21,ACK%2CCAPTURE,0,0.00,NA,0,0,0,0,0,0,NA,90
camera,20:26:22,Camera%20image%20saved%3A%20camera_20260910_202622_592.bmp,0,0.00,NA,0,0,0,0,0,0,NA,90
telemetry,20:26:22,,989,34.99,3.53,0,585,176,8,6,14,612,90
telemetry,20:26:23,,990,34.99,-1.76,0,570,182,6,6,18,613,90
telemetry,20:26:23,,990,34.99,0.54,0,338,182,6,6,18,613,90
telemetry,20:26:24,,991,35.46,0.00,0,810,182,6,6,18,613,90
telemetry,20:26:24,,991,34.99,0.06,0,522,182,6,6,18,613,90
telemetry,20:26:25,,992,34.99,0.18,0,950,182,6,6,18,614,90
telemetry,20:26:25,,992,34.99,0.18,0,646,182,6,7,18,614,90
telemetry,20:26:26,,993,34.99,0.12,0,812,182,6,6,17,614,90
telemetry,20:26:26,,993,35.46,0.06,0,672,182,6,6,17,614,90
telemetry,20:26:27,,994,34.99,0.12,0,854,181,6,6,17,614,90
telemetry,20:26:27,,994,34.99,0.18,0,664,181,6,6,16,614,90
telemetry,20:26:28,,995,35.46,0.06,0,306,181,6,7,16,614,90
telemetry,20:26:28,,995,34.53,0.12,0,869,182,6,6,16,614,90
telemetry,20:26:29,,996,34.53,0.18,0,366,181,6,6,15,614,90
telemetry,20:26:29,,996,34.99,0.12,0,834,181,6,7,15,614,90
telemetry,20:26:30,,997,34.06,0.18,0,62,181,6,6,15,614,90
telemetry,20:26:30,,997,34.99,0.06,0,987,181,6,6,15,614,90
telemetry,20:26:31,,998,34.99,0.12,0,106,181,6,6,16,615,90
telemetry,20:26:31,,998,34.53,0.18,0,110,181,6,7,15,614,90
telemetry,20:26:32,,999,34.99,0.12,0,935,181,6,6,15,614,90
telemetry,20:26:33,,999,34.99,0.06,0,811,181,6,6,16,615,90
telemetry,20:26:33,,1000,35.46,0.12,0,130,182,6,6,17,614,90
telemetry,20:26:33,,1000,34.53,0.12,0,797,182,6,6,17,615,90
telemetry,20:26:34,,1001,34.99,0.18,0,715,182,6,7,17,614,90
telemetry,20:26:34,,1001,34.53,0.18,0,422,182,6,7,17,614,90
telemetry,20:26:35,,1002,34.99,0.12,0,772,182,6,7,19,615,90
telemetry,20:26:36,,1002,34.99,0.12,0,73,182,6,8,19,615,90
telemetry,20:26:36,,1003,35.46,0.06,0,793,181,6,7,17,615,90
telemetry,20:26:36,,1003,34.99,0.18,0,335,182,6,7,17,615,90
telemetry,20:26:37,,1004,35.46,0.06,0,573,182,6,7,17,615,90
telemetry,20:26:37,,1004,37.33,0.12,0,763,182,6,7,18,614,90
telemetry,20:26:38,,1005,34.99,0.12,0,79,182,6,7,18,615,90
telemetry,20:26:38,,1005,34.99,0.24,0,875,182,6,7,18,615,90
telemetry,20:26:39,,1006,34.99,0.12,0,103,182,6,7,18,614,90
telemetry,20:26:39,,1007,32.65,0.12,0,543,182,6,6,17,615,90
telemetry,20:26:40,,1007,34.99,0.18,0,48,182,6,6,17,615,90
telemetry,20:26:40,,1008,35.93,0.12,0,624,182,6,7,17,615,90
pc_command,20:26:41,40,0,0.00,NA,0,0,0,0,0,0,NA,90
pico_reply,20:26:41,ACK%2CSET_VALUE%2C40,0,0.00,NA,0,0,0,0,0,0,NA,90
telemetry,20:26:41,,1008,34.53,47.80,40,121,187,7,6,17,659,90
telemetry,20:26:41,,1009,34.99,33.23,40,504,186,6,5,16,652,90
telemetry,20:26:42,,1009,34.99,1.34,40,367,186,7,4,14,690,90
telemetry,20:26:42,,1010,35.93,-10.73,40,543,186,6,4,15,702,90
telemetry,20:26:43,,1010,37.33,-21.21,40,597,185,6,5,17,698,90
telemetry,20:26:43,,1011,34.99,-27.68,40,819,187,7,6,18,721,90
pc_command,20:26:44,0,0,0.00,NA,0,0,0,0,0,0,NA,90
pico_reply,20:26:44,ACK%2CSET_VALUE%2C0,0,0.00,NA,0,0,0,0,0,0,NA,90
telemetry,20:26:44,,1011,35.46,-66.09,0,2,165,5,9,18,991,90
telemetry,20:26:44,,1012,35.46,-45.60,0,774,76,11,13,153,990,90
telemetry,20:26:45,,1012,35.46,-14.08,0,905,25,4,15,182,989,90
telemetry,20:26:45,,1013,34.53,12.92,0,789,27,4,15,180,990,90
pc_command,20:26:45,CAPTURE,0,0.00,NA,0,0,0,0,0,0,NA,90
pico_reply,20:26:46,ACK%2CCAPTURE,0,0.00,NA,0,0,0,0,0,0,NA,90
camera,20:26:47,Camera%20image%20saved%3A%20camera_20260910_202647_165.bmp,0,0.00,NA,0,0,0,0,0,0,NA,90
telemetry,20:26:47,,1014,34.99,42.68,0,219,165,5,11,20,988,90
telemetry,20:26:47,,1014,35.46,35.54,0,320,187,7,7,20,990,90
telemetry,20:26:48,,1015,34.53,18.04,0,413,185,6,5,19,989,90
telemetry,20:26:48,,1015,34.53,-1.34,0,736,186,6,5,18,990,90
telemetry,20:26:49,,1016,35.93,-10.00,0,968,185,6,5,17,990,90
telemetry,20:26:49,,1016,35.46,-16.09,0,132,184,6,5,16,989,90
telemetry,20:26:50,,1017,34.99,-17.62,0,109,186,7,6,15,990,90
telemetry,20:26:50,,1017,34.53,-14.63,0,826,178,5,7,15,988,90
telemetry,20:26:51,,1018,34.99,-6.28,0,707,169,5,7,16,990,90
telemetry,20:26:51,,1018,34.99,2.92,0,724,167,4,7,16,989,90
telemetry,20:26:52,,1019,34.99,-1.52,0,346,167,4,7,16,990,90
telemetry,20:26:52,,1019,34.06,0.12,0,76,168,5,7,16,989,90
telemetry,20:26:53,,1020,34.99,0.00,0,564,168,5,8,18,989,90
telemetry,20:26:53,,1020,34.99,0.12,0,368,168,5,8,17,988,90
telemetry,20:26:54,,1021,34.53,0.18,0,584,168,5,8,17,989,90
telemetry,20:26:54,,1021,34.99,0.12,0,52,168,5,7,17,989,90
telemetry,20:26:55,,1022,37.33,0.12,0,734,168,5,7,17,989,90
telemetry,20:26:55,,1022,34.99,0.12,0,495,168,5,7,18,990,90
telemetry,20:26:56,,1023,34.99,0.18,0,843,168,4,8,18,990,90
telemetry,20:26:56,,1023,34.99,0.12,0,968,168,5,8,18,988,90
telemetry,20:26:57,,1024,34.99,0.12,0,607,168,5,8,18,990,90
telemetry,20:26:57,,1024,34.53,0.12,0,387,168,5,8,18,989,90
telemetry,20:26:58,,1025,34.99,0.18,0,405,168,5,8,18,989,90
telemetry,20:26:58,,1026,34.99,0.12,0,744,168,5,7,18,990,90
telemetry,20:26:59,,1026,34.99,0.12,0,853,168,4,7,18,989,90
telemetry,20:26:59,,1027,34.99,0.06,0,568,168,5,7,18,990,90
telemetry,20:27:00,,1027,35.46,0.18,0,365,168,5,8,18,989,90
telemetry,20:27:00,,1028,35.93,0.12,0,847,168,5,8,18,989,90
pc_command,20:27:01,-10,0,0.00,NA,0,0,0,0,0,0,NA,90
pico_reply,20:27:01,ACK%2CSET_VALUE%2C-10,0,0.00,NA,0,0,0,0,0,0,NA,90
telemetry,20:27:01,,1028,34.99,-11.95,-10,476,167,5,8,18,987,90
telemetry,20:27:01,,1029,34.99,0.00,-10,738,166,5,9,18,948,90
telemetry,20:27:02,,1029,35.46,-3.47,-10,789,165,5,8,18,691,90
telemetry,20:27:02,,1030,34.99,2.37,-10,372,165,5,8,18,781,90
telemetry,20:27:03,,1030,35.46,0.79,-10,823,166,5,8,18,990,90
telemetry,20:27:03,,1031,34.99,2.43,-10,476,166,5,8,18,816,90
telemetry,20:27:04,,1031,34.99,0.60,-10,399,166,5,8,18,730,90
telemetry,20:27:04,,1032,35.93,3.04,-10,499,165,5,8,18,861,90
pc_command,20:27:05,0,0,0.00,NA,0,0,0,0,0,0,NA,90
pico_reply,20:27:05,ACK%2CSET_VALUE%2C0,0,0.00,NA,0,0,0,0,0,0,NA,90
telemetry,20:27:05,,1032,35.46,10.85,0,268,166,5,8,18,989,90
telemetry,20:27:06,,1033,34.99,10.12,0,526,175,5,7,18,990,90
telemetry,20:27:06,,1033,34.06,5.79,0,458,179,6,6,17,988,90
pc_command,20:27:06,CAPTURE,0,0.00,NA,0,0,0,0,0,0,NA,90
pico_reply,20:27:06,ACK%2CCAPTURE,0,0.00,NA,0,0,0,0,0,0,NA,90
camera,20:27:07,Camera%20image%20saved%3A%20camera_20260910_202707_954.bmp,0,0.00,NA,0,0,0,0,0,0,NA,90
telemetry,20:27:08,,1035,35.46,0.36,0,298,179,6,7,16,989,90
pc_command,20:27:08,CAPTURE,0,0.00,NA,0,0,0,0,0,0,NA,90
pico_reply,20:27:08,ACK%2CCAPTURE,0,0.00,NA,0,0,0,0,0,0,NA,90
camera,20:27:09,Camera%20image%20saved%3A%20camera_20260910_202709_487.bmp,0,0.00,NA,0,0,0,0,0,0,NA,90
telemetry,20:27:09,,1036,34.99,0.18,0,91,180,6,7,16,984,90
telemetry,20:27:10,,1037,35.46,0.12,0,621,180,6,7,16,989,90
telemetry,20:27:10,,1037,34.53,0.12,0,404,179,6,7,16,989,90
telemetry,20:27:11,,1038,34.99,0.06,0,277,180,6,7,17,989,90
telemetry,20:27:11,,1038,34.53,0.06,0,52,179,6,7,16,989,90
telemetry,20:27:12,,1039,35.46,0.12,0,860,180,6,7,16,989,90
pc_command,20:27:12,-10,0,0.00,NA,0,0,0,0,0,0,NA,90
pico_reply,20:27:12,ACK%2CSET_VALUE%2C-10,0,0.00,NA,0,0,0,0,0,0,NA,90
telemetry,20:27:12,,1039,34.99,-14.08,-10,587,179,5,7,17,992,90
telemetry,20:27:13,,1040,35.46,-5.06,-10,687,171,5,8,17,717,90
telemetry,20:27:13,,1040,34.99,-5.73,-10,187,168,5,8,17,579,90
telemetry,20:27:14,,1041,35.46,-2.13,-10,79,168,5,8,17,991,90
telemetry,20:27:14,,1041,35.46,0.85,-10,863,168,5,8,17,976,90
telemetry,20:27:15,,1042,34.99,0.30,-10,278,168,5,8,17,650,90
telemetry,20:27:15,,1042,34.99,4.20,-10,500,169,5,8,17,596,90
telemetry,20:27:16,,1043,35.46,-5.73,-10,43,168,5,8,17,988,90
pc_command,20:27:16,0,0,0.00,NA,0,0,0,0,0,0,NA,90
pico_reply,20:27:16,ACK%2CSET_VALUE%2C0,0,0.00,NA,0,0,0,0,0,0,NA,90
telemetry,20:27:16,,1043,35.46,10.60,0,243,178,5,7,17,987,90
telemetry,20:27:17,,1044,35.46,5.85,0,566,180,6,7,17,988,90
telemetry,20:27:17,,1044,34.99,-1.40,0,640,181,6,7,17,989,90
pc_command,20:27:18,CAPTURE,0,0.00,NA,0,0,0,0,0,0,NA,90
telemetry,20:27:18,,1045,34.53,-1.52,0,408,180,6,7,17,988,90
pico_reply,20:27:18,ACK%2CCAPTURE,0,0.00,NA,0,0,0,0,0,0,NA,90
camera,20:27:19,Camera%20image%20saved%3A%20camera_20260910_202719_148.bmp,0,0.00,NA,0,0,0,0,0,0,NA,90
telemetry,20:27:19,,1046,34.53,0.12,0,855,180,6,7,17,988,90
telemetry,20:27:19,,1046,34.99,0.18,0,724,180,6,7,17,988,90
telemetry,20:27:20,,1047,34.53,0.12,0,858,180,6,7,17,987,90
telemetry,20:27:20,,1047,34.99,0.06,0,831,180,6,7,17,987,90
telemetry,20:27:21,,1048,34.99,0.06,0,110,179,6,7,17,988,90
telemetry,20:27:21,,1048,34.99,0.12,0,66,179,6,7,17,988,90
telemetry,20:27:22,,1049,34.99,0.12,0,107,179,6,7,17,988,90
telemetry,20:27:22,,1049,34.99,0.18,0,867,179,6,7,17,987,90
telemetry,20:27:23,,1050,34.53,0.18,0,977,180,6,7,16,988,90
pc_command,20:27:23,-10,0,0.00,NA,0,0,0,0,0,0,NA,90
pico_reply,20:27:23,ACK%2CSET_VALUE%2C-10,0,0.00,NA,0,0,0,0,0,0,NA,90
telemetry,20:27:23,,1050,35.46,-15.91,-10,20,179,5,7,17,988,90
telemetry,20:27:24,,1051,34.99,-5.36,-10,692,173,5,7,17,734,90
telemetry,20:27:24,,1051,35.46,5.12,-10,59,167,5,7,17,629,90
telemetry,20:27:25,,1052,34.06,-6.03,-10,418,170,5,7,17,976,90
telemetry,20:27:25,,1052,34.53,-1.28,-10,119,170,5,7,17,989,90
telemetry,20:27:26,,1053,34.99,0.24,-10,715,171,5,7,17,739,90
telemetry,20:27:26,,1053,35.46,0.79,-10,133,170,5,7,17,642,90
telemetry,20:27:27,,1054,34.53,3.78,-10,632,170,5,7,17,991,90
pc_command,20:27:27,0,0,0.00,NA,0,0,0,0,0,0,NA,90
pico_reply,20:27:27,ACK%2CSET_VALUE%2C0,0,0.00,NA,0,0,0,0,0,0,NA,90
telemetry,20:27:27,,1054,34.99,11.34,0,223,179,5,7,17,987,90
telemetry,20:27:28,,1055,35.46,5.91,0,555,181,6,6,17,986,90
telemetry,20:27:28,,1055,34.99,-1.28,0,151,182,6,6,17,986,90
pc_command,20:27:29,CAPTURE,0,0.00,NA,0,0,0,0,0,0,NA,90
pico_reply,20:27:29,ACK%2CCAPTURE,0,0.00,NA,0,0,0,0,0,0,NA,90
camera,20:27:30,Camera%20image%20saved%3A%20camera_20260910_202730_177.bmp,0,0.00,NA,0,0,0,0,0,0,NA,90
telemetry,20:27:30,,1057,34.99,0.06,0,333,184,6,6,17,986,90
telemetry,20:27:30,,1057,34.53,0.18,0,236,182,6,6,17,986,90
telemetry,20:27:31,,1058,35.46,0.12,0,404,182,6,6,17,986,90
telemetry,20:27:31,,1058,34.99,0.06,0,243,181,6,6,17,985,90
telemetry,20:27:32,,1059,35.46,0.18,0,570,182,6,6,17,987,90
telemetry,20:27:32,,1059,35.46,0.12,0,155,182,6,7,17,986,90
telemetry,20:27:33,,1060,35.93,0.12,0,653,181,6,7,17,986,90
telemetry,20:27:33,,1060,34.99,0.12,0,51,182,6,7,17,986,90
telemetry,20:27:34,,1061,34.99,0.18,0,358,181,6,7,17,985,90
telemetry,20:27:34,,1061,34.99,0.18,0,518,181,6,6,17,986,90
telemetry,20:27:35,,1062,35.46,0.12,0,281,182,6,6,17,986,90
telemetry,20:27:35,,1062,34.06,0.06,0,617,182,6,6,17,985,90
telemetry,20:27:36,,1063,34.53,0.12,0,381,182,6,6,17,986,90
telemetry,20:27:36,,1063,34.53,0.12,0,278,182,6,6,17,986,90
telemetry,20:27:37,,1064,34.99,0.06,0,919,181,6,6,16,986,90
telemetry,20:27:37,,1064,34.99,0.18,0,890,182,6,6,16,985,90
telemetry,20:27:38,,1065,35.93,0.12,0,63,182,6,7,18,985,90
pc_command,20:27:38,-20,0,0.00,NA,0,0,0,0,0,0,NA,90
pico_reply,20:27:38,ACK%2CSET_VALUE%2C-20,0,0.00,NA,0,0,0,0,0,0,NA,90
telemetry,20:27:38,,1065,34.99,-35.36,-20,949,179,6,8,19,986,90
telemetry,20:27:39,,1066,33.12,-25.67,-20,701,161,5,9,19,857,90
telemetry,20:27:39,,1067,34.53,-4.51,-20,242,140,7,10,24,715,90
telemetry,20:27:40,,1067,34.99,2.01,-20,450,140,7,10,24,942,90
telemetry,20:27:40,,1068,34.99,10.73,-20,284,150,5,10,21,896,91
telemetry,20:27:41,,1068,34.99,17.56,-20,186,166,5,9,18,723,91
telemetry,20:27:41,,1069,35.46,12.25,-20,734,176,5,8,18,921,91
telemetry,20:27:42,,1069,33.12,6.28,-20,342,182,6,7,19,987,91
pc_command,20:27:42,0,0,0.00,NA,0,0,0,0,0,0,NA,91
pico_reply,20:27:42,ACK%2CSET_VALUE%2C0,0,0.00,NA,0,0,0,0,0,0,NA,91
telemetry,20:27:42,,1070,34.53,29.75,0,930,186,7,5,19,987,91
telemetry,20:27:43,,1070,34.06,11.15,0,820,186,6,4,16,987,91
telemetry,20:27:43,,1071,35.93,-8.04,0,814,187,6,4,16,986,91
pc_command,20:27:43,CAPTURE,0,0.00,NA,0,0,0,0,0,0,NA,91
pico_reply,20:27:43,ACK%2CCAPTURE,0,0.00,NA,0,0,0,0,0,0,NA,91
camera,20:27:45,Camera%20image%20saved%3A%20camera_20260910_202745_029.bmp,0,0.00,NA,0,0,0,0,0,0,NA,91
telemetry,20:27:45,,1072,35.93,-19.45,0,946,184,7,7,18,986,91
telemetry,20:27:45,,1072,35.93,-17.25,0,258,179,5,8,19,986,91
telemetry,20:27:46,,1073,35.46,-8.17,0,910,166,5,9,19,986,91
telemetry,20:27:46,,1073,34.99,6.58,0,665,167,5,8,19,986,91
telemetry,20:27:47,,1074,35.93,2.56,0,576,174,5,8,18,986,91
telemetry,20:27:47,,1074,34.99,4.02,0,498,177,5,7,17,986,91
telemetry,20:27:48,,1075,34.99,1.03,0,126,179,5,7,17,987,91
telemetry,20:27:48,,1075,34.99,0.42,0,920,179,5,7,17,986,91
telemetry,20:27:49,,1076,35.46,0.60,0,495,179,5,7,17,986,91
telemetry,20:27:49,,1076,34.99,0.24,0,283,179,5,7,17,986,91
telemetry,20:27:50,,1077,34.99,0.18,0,975,179,5,7,16,985,91
telemetry,20:27:50,,1077,35.46,0.18,0,569,178,5,7,17,986,91
telemetry,20:27:51,,1078,34.99,0.18,0,566,178,5,7,17,986,90
telemetry,20:27:51,,1078,34.99,0.18,0,806,179,5,8,17,985,90
telemetry,20:27:52,,1079,35.46,0.18,0,853,179,5,7,17,986,90
telemetry,20:27:52,,1079,34.99,0.18,0,919,178,5,8,17,986,90
telemetry,20:27:53,,1080,34.53,0.12,0,221,179,5,7,18,986,90
telemetry,20:27:53,,1080,34.53,0.12,0,944,179,5,7,17,986,90
telemetry,20:27:54,,1081,35.46,0.12,0,101,178,5,7,17,985,90
telemetry,20:27:54,,1081,34.99,0.06,0,994,179,5,7,17,986,90
pc_command,20:27:55,-16,0,0.00,NA,0,0,0,0,0,0,NA,90
pico_reply,20:27:55,ACK%2CSET_VALUE%2C-16,0,0.00,NA,0,0,0,0,0,0,NA,90
telemetry,20:27:55,,1082,34.99,-23.17,-16,387,178,5,7,17,991,90
telemetry,20:27:55,,1082,34.99,-13.65,-16,617,164,5,8,17,594,90
telemetry,20:27:56,,1083,34.06,-8.53,-16,731,150,5,9,20,852,90
telemetry,20:27:56,,1083,34.99,3.53,-16,482,152,5,8,17,793,90
telemetry,20:27:57,,1084,34.53,11.70,-16,681,164,5,8,17,831,90
telemetry,20:27:57,,1084,34.99,7.19,-16,750,166,5,8,17,852,90
pc_command,20:27:57,0,0,0.00,NA,0,0,0,0,0,0,NA,90
pico_reply,20:27:58,ACK%2CSET_VALUE%2C0,0,0.00,NA,0,0,0,0,0,0,NA,90
telemetry,20:27:58,,1085,35.46,31.76,0,77,180,6,7,17,989,90
telemetry,20:27:58,,1085,35.93,21.21,0,964,186,6,5,17,989,90
telemetry,20:27:59,,1086,34.99,2.98,0,276,185,6,5,16,989,90
telemetry,20:27:59,,1086,34.53,-8.71,0,628,185,6,5,16,988,90
pc_command,20:27:59,CAPTURE,0,0.00,NA,0,0,0,0,0,0,NA,90
pico_reply,20:27:59,ACK%2CCAPTURE,0,0.00,NA,0,0,0,0,0,0,NA,90
camera,20:28:00,Camera%20image%20saved%3A%20camera_20260910_202800_905.bmp,0,0.00,NA,0,0,0,0,0,0,NA,90
telemetry,20:28:00,,1088,34.99,-14.75,0,36,188,6,7,17,988,90
telemetry,20:28:01,,1088,35.46,-9.51,0,29,175,5,7,17,989,90
telemetry,20:28:02,,1089,35.46,-3.59,0,437,168,5,8,17,989,90
telemetry,20:28:02,,1089,34.53,0.97,0,731,169,5,8,17,988,90
telemetry,20:28:03,,1090,35.46,0.42,0,958,167,5,8,17,989,90
telemetry,20:28:03,,1090,35.46,0.30,0,536,168,5,8,18,989,90
telemetry,20:28:04,,1091,35.93,0.18,0,388,168,5,8,17,989,90
telemetry,20:28:04,,1091,37.33,0.18,0,301,168,4,7,16,989,90
telemetry,20:28:04,,1092,35.46,0.06,0,833,167,4,6,14,989,90
telemetry,20:28:05,,1092,35.93,0.12,0,698,167,4,7,14,989,90
telemetry,20:28:05,,1093,35.93,0.18,0,93,167,4,7,14,988,90
telemetry,20:28:06,,1093,34.99,0.18,0,554,167,4,6,14,988,90
telemetry,20:28:07,,1094,34.53,0.12,0,688,167,4,6,14,989,90
telemetry,20:28:07,,1094,34.99,0.12,0,941,167,4,7,14,989,90
telemetry,20:28:08,,1095,34.99,0.18,0,164,168,5,6,14,989,90
telemetry,20:28:08,,1095,35.46,0.06,0,611,167,4,7,14,989,90
telemetry,20:28:09,,1096,34.99,0.06,0,877,168,4,7,14,988,90
telemetry,20:28:09,,1096,34.99,0.12,0,240,167,4,7,14,988,90
telemetry,20:28:10,,1097,34.99,0.12,0,588,168,5,7,15,988,90
telemetry,20:28:10,,1097,34.99,0.18,0,334,168,4,7,16,989,90
telemetry,20:28:11,,1098,34.53,0.18,0,221,168,5,7,17,989,90
telemetry,20:28:11,,1098,35.46,0.12,0,453,168,5,8,16,989,90
telemetry,20:28:12,,1099,34.99,0.06,0,249,168,4,7,16,988,90
telemetry,20:28:12,,1099,34.99,0.18,0,689,168,5,7,16,988,90
telemetry,20:28:13,,1100,35.46,0.00,0,318,168,4,7,16,988,90
telemetry,20:28:13,,1100,34.99,0.12,0,165,168,5,8,16,989,90
telemetry,20:28:14,,1101,34.99,0.12,0,118,168,5,7,15,988,90
telemetry,20:28:14,,1101,35.46,0.18,0,297,167,5,7,16,988,90
telemetry,20:28:15,,1102,34.99,0.06,0,249,168,5,7,16,989,90
telemetry,20:28:15,,1102,35.46,0.06,0,993,167,4,7,16,989,90
pc_command,20:28:15,20,0,0.00,NA,0,0,0,0,0,0,NA,90
pico_reply,20:28:15,ACK%2CSET_VALUE%2C20,0,0.00,NA,0,0,0,0,0,0,NA,90
telemetry,20:28:16,,1103,35.46,29.81,20,700,176,5,7,16,988,90
telemetry,20:28:16,,1103,35.46,16.34,20,880,186,7,6,17,728,90
telemetry,20:28:17,,1104,34.53,9.26,20,883,184,6,5,16,684,90
telemetry,20:28:17,,1104,34.99,-3.29,20,36,184,6,5,16,986,90
telemetry,20:28:18,,1105,34.99,-10.97,20,356,184,6,5,16,746,90
telemetry,20:28:18,,1105,36.40,-14.14,20,769,186,7,6,17,761,90
telemetry,20:28:19,,1106,35.46,-9.14,20,656,183,6,7,17,985,90
telemetry,20:28:19,,1106,35.46,-9.20,20,949,178,5,7,17,741,90
telemetry,20:28:20,,1107,37.33,-3.53,20,915,174,5,8,17,687,90
telemetry,20:28:20,,1107,35.46,1.34,20,230,173,5,8,18,985,90
telemetry,20:28:21,,1108,34.99,4.45,20,60,173,5,8,17,720,90
telemetry,20:28:21,,1108,34.99,1.46,20,340,173,5,7,16,605,90
telemetry,20:28:22,,1109,35.46,-3.90,20,524,173,5,7,15,988,90
telemetry,20:28:22,,1109,34.53,-1.64,20,995,172,5,7,15,744,90
telemetry,20:28:23,,1110,34.99,3.23,20,319,172,5,7,15,647,90
telemetry,20:28:23,,1110,34.99,-4.08,20,244,172,5,7,15,989,90
telemetry,20:28:24,,1111,35.46,-3.90,20,391,172,5,7,15,736,90
telemetry,20:28:24,,1111,34.99,2.01,20,955,172,5,7,15,619,90
telemetry,20:28:25,,1112,34.53,-3.78,20,586,172,5,7,15,990,90
telemetry,20:28:25,,1112,34.99,-4.20,20,947,172,5,7,15,734,90
telemetry,20:28:26,,1113,34.53,2.01,20,935,172,5,7,16,622,90
telemetry,20:28:26,,1113,34.99,0.42,20,522,173,5,8,17,988,90
telemetry,20:28:27,,1114,34.99,-3.17,20,128,173,5,8,17,731,90
telemetry,20:28:27,,1114,34.99,0.12,20,369,173,5,8,18,616,90
telemetry,20:28:28,,1115,35.46,0.36,20,763,173,5,8,18,990,90
telemetry,20:28:28,,1115,34.99,-2.86,20,845,173,5,8,18,732,90
telemetry,20:28:29,,1116,34.99,3.96,20,497,173,5,8,18,603,90
telemetry,20:28:29,,1116,34.99,2.13,20,257,173,5,8,18,989,90
telemetry,20:28:30,,1117,34.99,-3.96,20,852,173,5,8,18,730,90
telemetry,20:28:30,,1117,34.99,0.18,20,885,173,5,8,18,618,90
telemetry,20:28:31,,1118,34.53,0.06,20,829,173,5,8,17,989,90
telemetry,20:28:31,,1118,35.93,-2.50,20,159,173,5,8,18,712,90
telemetry,20:28:32,,1119,34.99,-2.92,20,333,173,5,8,18,631,90
telemetry,20:28:32,,1119,34.53,3.47,20,940,173,5,8,18,990,90
telemetry,20:28:33,,1120,37.80,-2.50,20,532,173,5,8,18,738,90
telemetry,20:28:33,,1121,35.46,-1.28,20,99,173,5,8,17,648,90
telemetry,20:28:34,,1121,35.46,3.78,20,686,173,5,8,18,988,90
telemetry,20:28:34,,1122,35.46,0.60,20,357,173,5,8,18,718,90
telemetry,20:28:35,,1122,34.99,-6.76,20,167,173,5,8,18,610,90
telemetry,20:28:35,,1123,34.99,6.21,20,686,173,5,8,17,987,90
telemetry,20:28:36,,1123,34.99,0.60,20,773,173,5,7,17,735,90
telemetry,20:28:36,,1124,35.46,-1.52,20,897,173,5,7,17,608,90
pc_command,20:28:37,0,0,0.00,NA,0,0,0,0,0,0,NA,90
pico_reply,20:28:37,ACK%2CSET_VALUE%2C0,0,0.00,NA,0,0,0,0,0,0,NA,90
telemetry,20:28:37,,1124,34.99,2.68,0,172,173,5,8,17,988,90
telemetry,20:28:37,,1125,35.46,-21.09,0,882,149,5,9,21,987,90
telemetry,20:28:38,,1125,34.53,-4.51,0,768,134,7,10,64,989,90
telemetry,20:28:38,,1126,34.53,5.36,0,905,137,7,10,36,989,90
pc_command,20:28:39,CAPTURE,0,0.00,NA,0,0,0,0,0,0,NA,90
pico_reply,20:28:39,ACK%2CCAPTURE,0,0.00,NA,0,0,0,0,0,0,NA,90
camera,20:28:40,Camera%20image%20saved%3A%20camera_20260910_202840_377.bmp,0,0.00,NA,0,0,0,0,0,0,NA,90
telemetry,20:28:40,,1127,34.99,13.41,0,219,174,5,8,18,989,90
telemetry,20:28:40,,1128,34.99,9.63,0,126,180,6,7,18,988,90
telemetry,20:28:41,,1128,34.99,1.15,0,123,184,6,7,18,988,90
telemetry,20:28:41,,1129,34.53,-2.43,0,895,183,7,7,17,989,90
telemetry,20:28:42,,1129,35.46,-1.40,0,746,181,6,7,17,989,90
telemetry,20:28:42,,1130,35.46,0.24,0,718,181,6,7,17,988,90
telemetry,20:28:43,,1130,35.46,0.00,0,326,181,6,7,18,988,90
telemetry,20:28:43,,1131,34.99,0.06,0,956,181,6,7,17,989,90
telemetry,20:28:44,,1131,34.53,0.12,0,38,181,6,7,17,988,89
telemetry,20:28:44,,1132,34.99,0.12,0,92,182,6,7,17,989,89
telemetry,20:28:45,,1132,34.99,0.12,0,972,181,6,7,18,989,89
telemetry,20:28:45,,1133,35.46,0.12,0,811,182,6,7,18,989,89
telemetry,20:28:46,,1133,34.53,0.12,0,549,181,6,7,18,989,89
telemetry,20:28:46,,1134,35.46,0.12,0,210,181,6,7,17,988,89
telemetry,20:28:47,,1134,32.65,0.12,0,665,181,6,7,17,988,89
telemetry,20:28:47,,1135,35.93,0.12,0,578,181,6,7,17,989,89
telemetry,20:28:48,,1135,35.93,0.12,0,670,181,6,7,17,989,89
telemetry,20:28:49,,1136,35.93,0.12,0,960,181,6,7,17,988,89
telemetry,20:28:49,,1136,35.46,0.18,0,225,181,6,7,17,988,89
telemetry,20:28:50,,1137,34.99,0.18,0,104,181,6,7,18,988,89
telemetry,20:28:50,,1137,34.99,0.12,0,143,181,6,7,18,989,89
telemetry,20:28:51,,1138,34.53,0.12,0,623,181,6,7,18,989,89
telemetry,20:28:51,,1138,35.46,0.12,0,839,181,6,7,17,988,89
telemetry,20:28:52,,1139,34.06,0.18,0,571,181,6,7,17,988,89
telemetry,20:28:52,,1139,35.93,0.12,0,699,180,6,7,17,989,89
telemetry,20:28:53,,1140,34.99,0.12,0,248,181,6,7,18,989,89
telemetry,20:28:53,,1140,34.53,0.12,0,536,181,6,7,17,989,89
telemetry,20:28:54,,1141,35.46,0.06,0,803,181,6,7,18,988,89
telemetry,20:28:54,,1141,35.46,0.18,0,547,181,6,7,18,988,89
telemetry,20:28:55,,1142,34.99,0.18,0,605,181,6,8,18,988,89
telemetry,20:28:55,,1142,34.99,0.12,0,867,181,6,8,18,988,89
telemetry,20:28:56,,1143,35.93,0.12,0,476,181,6,7,17,989,89
telemetry,20:28:56,,1143,34.53,0.18,0,719,181,6,7,17,989,89
telemetry,20:28:57,,1144,34.99,0.12,0,248,182,6,6,17,988,89
telemetry,20:28:57,,1144,35.93,0.12,0,50,181,6,6,17,988,89
telemetry,20:28:58,,1145,35.93,0.06,0,512,182,6,6,17,988,89
telemetry,20:28:58,,1145,34.53,0.18,0,195,182,6,6,17,989,89
telemetry,20:28:59,,1146,34.53,0.18,0,588,182,6,7,17,988,89
telemetry,20:28:59,,1146,34.99,0.12,0,336,182,6,6,17,989,89
telemetry,20:29:00,,1147,34.99,0.12,0,291,181,6,7,16,989,89
pc_command,20:29:00,20,0,0.00,NA,0,0,0,0,0,0,NA,89
pico_reply,20:29:00,ACK%2CSET_VALUE%2C20,0,0.00,NA,0,0,0,0,0,0,NA,89
telemetry,20:29:00,,1147,34.53,25.85,20,352,182,6,6,13,991,89
telemetry,20:29:01,,1148,34.99,14.75,20,890,183,6,5,12,818,89
telemetry,20:29:01,,1148,34.53,-2.68,20,396,183,6,4,12,589,89
telemetry,20:29:02,,1149,34.99,-10.00,20,95,183,6,5,13,989,89
telemetry,20:29:02,,1149,34.99,-10.85,20,617,184,7,5,15,798,89
telemetry,20:29:03,,1150,35.46,-17.92,20,673,183,6,6,15,579,89
pc_command,20:29:03,0,0,0.00,NA,0,0,0,0,0,0,NA,89
pico_reply,20:29:03,ACK%2CSET_VALUE%2C0,0,0.00,NA,0,0,0,0,0,0,NA,89
telemetry,20:29:03,,1150,34.99,-42.31,0,647,169,5,7,14,989,89
telemetry,20:29:04,,1151,34.99,-28.65,0,154,132,7,9,64,990,89
telemetry,20:29:04,,1151,35.46,-4.93,0,565,105,12,11,124,990,89
telemetry,20:29:05,,1152,35.46,13.96,0,572,117,12,11,115,991,89
telemetry,20:29:05,,1152,35.46,21.28,0,412,142,6,10,19,991,89
pc_command,20:29:05,CAPTURE,0,0.00,NA,0,0,0,0,0,0,NA,89
pico_reply,20:29:05,ACK%2CCAPTURE,0,0.00,NA,0,0,0,0,0,0,NA,89
camera,20:29:07,Camera%20image%20saved%3A%20camera_20260910_202907_141.bmp,0,0.00,NA,0,0,0,0,0,0,NA,89
telemetry,20:29:07,,1154,34.53,7.68,0,366,186,7,6,15,991,89
telemetry,20:29:07,,1154,33.12,-3.96,0,423,184,7,6,15,991,89
telemetry,20:29:08,,1155,34.99,-4.75,0,424,185,7,6,13,991,89
telemetry,20:29:08,,1155,34.99,-6.64,0,239,184,7,7,16,990,89
telemetry,20:29:09,,1156,34.53,-5.91,0,700,179,6,7,14,991,89
telemetry,20:29:09,,1156,34.99,-4.32,0,510,178,5,7,15,991,89
telemetry,20:29:10,,1157,34.99,1.82,0,270,177,6,7,13,991,89
telemetry,20:29:10,,1157,34.99,0.73,0,863,178,5,7,15,991,89
telemetry,20:29:11,,1158,34.99,0.12,0,569,179,6,7,15,991,89
telemetry,20:29:11,,1158,34.99,0.00,0,5,179,6,7,17,991,89
telemetry,20:29:12,,1159,35.46,0.06,0,374,180,6,7,18,991,89
telemetry,20:29:12,,1159,34.99,0.12,0,25,179,6,7,18,991,89
telemetry,20:29:13,,1160,34.99,0.12,0,583,179,6,6,16,990,89
telemetry,20:29:13,,1160,35.46,0.30,0,835,179,5,6,16,991,89
telemetry,20:29:14,,1161,34.99,0.12,0,514,179,6,7,17,991,89
telemetry,20:29:14,,1161,35.46,0.12,0,882,179,5,7,17,991,89
telemetry,20:29:15,,1162,35.46,0.06,0,809,179,6,6,17,991,89
telemetry,20:29:15,,1162,37.33,0.12,0,916,179,5,6,15,991,89
telemetry,20:29:16,,1163,35.46,0.12,0,641,179,5,6,15,992,89
telemetry,20:29:16,,1163,34.53,0.18,0,145,179,5,6,16,992,89
pc_command,20:29:17,20,0,0.00,NA,0,0,0,0,0,0,NA,89
telemetry,20:29:17,,1164,34.99,0.18,0,293,178,5,7,16,991,89
pico_reply,20:29:17,ACK%2CSET_VALUE%2C20,0,0.00,NA,0,0,0,0,0,0,NA,89
telemetry,20:29:17,,1164,34.99,23.90,20,1,186,7,5,16,575,89
telemetry,20:29:18,,1165,41.08,4.39,20,694,184,6,5,16,989,89
telemetry,20:29:18,,1165,34.53,-10.06,20,974,184,6,5,16,746,89
telemetry,20:29:19,,1166,34.53,-6.58,20,991,185,6,5,17,621,89
telemetry,20:29:19,,1167,34.53,-14.81,20,458,187,7,6,16,989,89
telemetry,20:29:20,,1167,34.99,-12.13,20,841,181,6,6,16,743,89
telemetry,20:29:20,,1168,34.99,-5.73,20,695,177,5,7,17,592,89
telemetry,20:29:21,,1168,37.33,2.43,20,259,175,5,7,17,990,89
telemetry,20:29:21,,1169,34.99,2.74,20,454,178,5,7,17,804,89
telemetry,20:29:22,,1169,34.99,-3.10,20,381,178,5,7,17,590,89
pc_command,20:29:22,0,0,0.00,NA,0,0,0,0,0,0,NA,89
telemetry,20:29:22,,1170,34.06,6.52,20,846,178,5,7,16,990,89
pico_reply,20:29:22,ACK%2CSET_VALUE%2C0,0,0.00,NA,0,0,0,0,0,0,NA,89
telemetry,20:29:23,,1170,35.46,-22.98,0,484,160,5,9,16,995,89
telemetry,20:29:23,,1171,35.46,-7.56,0,675,138,7,10,22,995,89
telemetry,20:29:24,,1171,35.46,5.85,0,838,139,7,10,22,999,89
pc_command,20:29:24,CAPTURE,0,0.00,NA,0,0,0,0,0,0,NA,89
pico_reply,20:29:24,ACK%2CCAPTURE,0,0.00,NA,0,0,0,0,0,0,NA,89
camera,20:29:25,Camera%20image%20saved%3A%20camera_20260910_202925_797.bmp,0,0.00,NA,0,0,0,0,0,0,NA,89
telemetry,20:29:25,,1173,34.53,13.53,0,595,176,5,10,17,995,89
telemetry,20:29:26,,1173,37.33,8.78,0,228,181,6,7,17,995,88
telemetry,20:29:26,,1174,35.46,0.06,0,120,185,6,6,17,994,88
telemetry,20:29:27,,1174,35.46,-2.19,0,41,182,6,7,16,995,88
telemetry,20:29:27,,1175,34.99,-1.95,0,558,182,6,7,19,995,88
telemetry,20:29:28,,1175,34.99,0.42,0,255,182,6,6,19,995,88
telemetry,20:29:28,,1176,34.99,0.12,0,844,182,6,7,19,995,88
telemetry,20:29:29,,1176,35.46,0.18,0,982,182,6,7,19,994,88
telemetry,20:29:29,,1177,34.99,0.12,0,322,182,6,7,20,995,88
pc_command,20:29:29,26,0,0.00,NA,0,0,0,0,0,0,NA,88
pico_reply,20:29:30,ACK%2CSET_VALUE%2C26,0,0.00,NA,0,0,0,0,0,0,NA,88
telemetry,20:29:30,,1177,34.53,34.39,26,90,187,7,5,20,710,88
telemetry,20:29:31,,1178,35.93,10.73,26,596,187,6,5,17,668,88
telemetry,20:29:31,,1178,34.53,-6.15,26,984,187,6,5,16,880,88
telemetry,20:29:31,,1179,34.99,-8.10,26,129,187,6,4,19,988,88
telemetry,20:29:32,,1179,35.93,-18.47,26,345,188,7,6,24,878,88
telemetry,20:29:32,,1180,35.46,-16.21,26,70,186,7,8,25,659,88
telemetry,20:29:33,,1180,34.99,-8.71,26,843,179,5,9,24,632,88
telemetry,20:29:33,,1181,35.46,-1.70,26,709,174,5,10,24,970,88
pc_command,20:29:34,0,0,0.00,NA,0,0,0,0,0,0,NA,88
telemetry,20:29:34,,1181,35.46,-1.28,26,50,174,5,10,24,988,88
pico_reply,20:29:34,ACK%2CSET_VALUE%2C0,0,0.00,NA,0,0,0,0,0,0,NA,88
telemetry,20:29:34,,1182,34.06,-27.68,0,269,150,5,13,27,989,88
telemetry,20:29:35,,1182,34.06,-8.41,0,375,126,10,15,114,990,88
telemetry,20:29:36,,1183,35.46,9.14,0,476,129,8,15,111,990,88
telemetry,20:29:36,,1183,34.53,17.19,0,145,147,6,13,28,990,88
pc_command,20:29:36,CAPTURE,0,0.00,NA,0,0,0,0,0,0,NA,88
pico_reply,20:29:36,ACK%2CCAPTURE,0,0.00,NA,0,0,0,0,0,0,NA,88
camera,20:29:37,Camera%20image%20saved%3A%20camera_20260910_202937_866.bmp,0,0.00,NA,0,0,0,0,0,0,NA,88
telemetry,20:29:37,,1185,35.46,10.00,0,253,187,7,8,24,990,88
telemetry,20:29:38,,1185,35.93,0.85,0,950,189,7,8,24,989,88
telemetry,20:29:38,,1186,34.53,-4.32,0,511,187,7,8,24,990,88
telemetry,20:29:39,,1186,34.99,-4.26,0,380,184,7,8,24,988,88
telemetry,20:29:39,,1187,34.99,-2.25,0,927,181,6,8,23,990,88
telemetry,20:29:40,,1187,34.99,0.18,0,773,180,6,8,20,989,88
telemetry,20:29:40,,1188,34.53,0.30,0,685,180,6,8,19,989,88
telemetry,20:29:41,,1188,34.99,0.06,0,614,179,6,8,18,989,88
telemetry,20:29:41,,1189,34.53,0.12,0,517,179,6,8,18,989,88
telemetry,20:29:42,,1189,35.93,0.12,0,446,179,6,8,18,990,88
telemetry,20:29:42,,1190,34.99,0.06,0,331,179,6,8,18,988,88
telemetry,20:29:43,,1190,34.99,0.12,0,70,179,6,8,18,988,88
telemetry,20:29:43,,1191,35.46,0.12,0,27,179,6,8,19,990,88
telemetry,20:29:44,,1191,34.99,0.12,0,851,179,6,8,19,990,88
telemetry,20:29:45,,1192,34.99,0.12,0,206,180,6,8,19,990,88
pc_command,20:29:45,30,0,0.00,NA,0,0,0,0,0,0,NA,88
telemetry,20:29:47,,1192,36.87,0.12,0,578,180,6,8,19,990,88
pico_reply,20:29:47,ACK%2CSET_VALUE%2C30,0,0.00,NA,0,0,0,0,0,0,NA,88
telemetry,20:29:47,,1193,34.99,29.93,30,871,186,7,6,20,727,88
telemetry,20:29:47,,1193,34.06,19.08,30,830,187,6,5,17,726,88
telemetry,20:29:47,,1194,34.99,-5.18,30,824,186,6,5,17,648,88
telemetry,20:29:47,,1194,33.12,-16.28,30,279,186,6,5,19,943,88
telemetry,20:29:48,,1195,35.46,-23.47,30,953,187,7,6,18,988,88
telemetry,20:29:48,,1195,34.99,-14.81,30,717,180,6,8,19,990,88
telemetry,20:29:49,,1196,34.99,-5.42,30,902,169,5,8,18,807,88
pc_command,20:29:49,0,0,0.00,NA,0,0,0,0,0,0,NA,88
pico_reply,20:29:49,ACK%2CSET_VALUE%2C0,0,0.00,NA,0,0,0,0,0,0,NA,88
telemetry,20:29:49,,1196,36.87,-36.70,0,673,139,7,11,24,989,88
telemetry,20:29:50,,1197,35.46,-14.08,0,38,99,13,13,134,989,88
telemetry,20:29:50,,1197,34.99,10.85,0,99,100,13,12,132,990,88
pc_command,20:29:50,CAPTURE,0,0.00,NA,0,0,0,0,0,0,NA,88
pico_reply,20:29:50,ACK%2CCAPTURE,0,0.00,NA,0,0,0,0,0,0,NA,88
camera,20:29:52,Camera%20image%20saved%3A%20camera_20260910_202951_999.bmp,0,0.00,NA,0,0,0,0,0,0,NA,89
telemetry,20:29:52,,1199,34.53,24.57,0,959,179,8,7,16,989,89
telemetry,20:29:52,,1199,34.99,13.35,0,271,186,7,6,18,989,89
telemetry,20:29:53,,1200,34.53,0.67,0,451,185,7,6,17,989,89
telemetry,20:29:53,,1200,35.46,-4.75,0,420,185,8,6,18,989,89
telemetry,20:29:54,,1201,35.46,-5.24,0,653,186,7,6,18,989,89
telemetry,20:29:54,,1201,34.99,-7.25,0,201,186,7,7,18,989,89
telemetry,20:29:55,,1202,34.99,-5.97,0,551,182,6,7,19,989,89
pc_command,20:29:55,30,0,0.00,NA,0,0,0,0,0,0,NA,89
pico_reply,20:29:55,ACK%2CSET_VALUE%2C30,0,0.00,NA,0,0,0,0,0,0,NA,89
telemetry,20:29:55,,1202,35.93,32.86,30,169,184,6,7,19,943,89
telemetry,20:29:56,,1203,35.46,20.54,30,212,185,6,5,19,988,89
telemetry,20:29:56,,1203,35.46,5.91,30,632,187,6,5,17,973,89
telemetry,20:29:57,,1204,34.99,-5.91,30,633,187,6,5,18,783,89
telemetry,20:29:57,,1204,34.99,-18.29,30,169,186,6,6,19,695,89
pc_command,20:29:58,0,0,0.00,NA,0,0,0,0,0,0,NA,89
telemetry,20:29:59,,1205,34.53,-13.17,30,334,187,8,7,21,602,89
telemetry,20:29:59,,1205,35.46,-15.18,30,910,183,6,8,20,788,89
pico_reply,20:29:59,ACK%2CSET_VALUE%2C0,0,0.00,NA,0,0,0,0,0,0,NA,89
telemetry,20:29:59,,1206,34.99,-49.39,0,341,158,5,10,20,728,89
telemetry,20:29:59,,1206,34.99,-28.84,0,544,98,12,14,140,730,89
telemetry,20:30:00,,1207,34.99,-2.01,0,494,69,6,15,163,730,89
pc_command,20:30:00,CAPTURE,0,0.00,NA,0,0,0,0,0,0,NA,89
pico_reply,20:30:00,ACK%2CCAPTURE,0,0.00,NA,0,0,0,0,0,0,NA,89
camera,20:30:01,Camera%20image%20saved%3A%20camera_20260910_203001_425.bmp,0,0.00,NA,0,0,0,0,0,0,NA,89
telemetry,20:30:01,,1208,34.99,32.13,0,928,148,5,11,23,730,89
telemetry,20:30:02,,1209,34.53,31.09,0,844,179,5,8,20,731,89
telemetry,20:30:02,,1209,35.46,20.18,0,478,186,8,6,20,732,89
telemetry,20:30:03,,1210,35.46,4.93,0,901,186,6,5,19,732,89
telemetry,20:30:03,,1210,35.46,-2.74,0,217,185,6,5,18,731,89
telemetry,20:30:04,,1211,34.06,-2.13,0,919,184,6,5,19,732,89
telemetry,20:30:04,,1211,34.99,-9.81,0,432,184,7,6,19,732,89
telemetry,20:30:05,,1212,34.99,-10.30,0,264,185,7,7,17,732,89
pc_command,20:30:05,30,0,0.00,NA,0,0,0,0,0,0,NA,89
pico_reply,20:30:05,ACK%2CSET_VALUE%2C30,0,0.00,NA,0,0,0,0,0,0,NA,89
telemetry,20:30:05,,1212,34.53,28.41,30,481,184,7,7,17,821,89
telemetry,20:30:06,,1213,35.46,12.31,30,428,183,6,6,18,704,89
telemetry,20:30:06,,1213,34.99,-3.10,30,298,183,6,5,16,591,89
telemetry,20:30:07,,1214,35.46,-4.32,30,638,184,6,5,18,860,89
telemetry,20:30:07,,1214,34.99,-10.42,30,687,185,7,6,18,992,89
telemetry,20:30:08,,1215,35.46,-19.14,30,722,187,7,7,17,988,89
telemetry,20:30:08,,1215,34.99,-8.53,30,738,179,6,8,17,938,89
pc_command,20:30:08,0,0,0.00,NA,0,0,0,0,0,0,NA,89
pico_reply,20:30:08,ACK%2CSET_VALUE%2C0,0,0.00,NA,0,0,0,0,0,0,NA,89
telemetry,20:30:09,,1216,35.46,-43.84,0,277,166,5,9,18,707,89
telemetry,20:30:09,,1216,34.99,-27.13,0,151,123,12,12,112,712,89
telemetry,20:30:10,,1217,35.46,-3.78,0,754,94,12,13,136,715,89
telemetry,20:30:10,,1217,34.99,14.45,0,268,109,13,13,125,716,89
telemetry,20:30:11,,1218,35.46,24.20,0,968,139,7,11,23,717,89
pc_command,20:30:11,CAPTURE,0,0.00,NA,0,0,0,0,0,0,NA,89
pico_reply,20:30:11,ACK%2CCAPTURE,0,0.00,NA,0,0,0,0,0,0,NA,89
camera,20:30:12,Camera%20image%20saved%3A%20camera_20260910_203012_733.bmp,0,0.00,NA,0,0,0,0,0,0,NA,89
telemetry,20:30:12,,1219,39.21,6.09,0,294,186,7,6,18,718,89
telemetry,20:30:13,,1220,35.46,-2.31,0,111,186,7,6,19,717,89
telemetry,20:30:13,,1220,35.46,-4.57,0,340,185,8,6,18,717,89
telemetry,20:30:14,,1221,34.99,-2.25,0,704,186,7,7,18,717,89
telemetry,20:30:14,,1221,35.93,-3.78,0,217,186,7,7,17,718,89
telemetry,20:30:15,,1222,34.53,-4.14,0,633,186,7,7,17,717,89
telemetry,20:30:15,,1222,34.99,-4.63,0,196,183,6,7,17,718,89
telemetry,20:30:16,,1223,35.46,-2.50,0,431,182,6,7,16,717,89
telemetry,20:30:16,,1223,35.46,0.42,0,368,181,6,7,17,718,89
telemetry,20:30:17,,1224,35.93,0.06,0,381,180,6,7,16,718,89
telemetry,20:30:17,,1224,35.93,0.12,0,264,180,6,7,15,717,89
pc_command,20:30:17,30,0,0.00,NA,0,0,0,0,0,0,NA,89
pico_reply,20:30:17,ACK%2CSET_VALUE%2C30,0,0.00,NA,0,0,0,0,0,0,NA,89
telemetry,20:30:18,,1225,34.99,33.17,30,678,184,7,5,14,990,89
telemetry,20:30:18,,1225,35.93,14.81,30,721,184,6,4,13,838,89
telemetry,20:30:19,,1226,35.46,-2.86,30,260,183,6,4,12,663,89
telemetry,20:30:19,,1226,34.99,-18.53,30,995,182,6,5,14,715,89
telemetry,20:30:20,,1227,35.46,-22.25,30,169,185,8,6,16,737,89
telemetry,20:30:20,,1227,34.99,-15.54,30,31,179,6,7,16,966,89
telemetry,20:30:21,,1228,34.53,-10.79,30,836,170,5,9,19,990,89
telemetry,20:30:21,,1229,34.99,2.92,30,915,167,5,9,20,991,89
telemetry,20:30:22,,1229,34.99,5.42,30,307,173,5,9,20,847,89
telemetry,20:30:22,,1230,35.46,6.64,30,570,177,5,9,21,713,89
telemetry,20:30:23,,1230,34.99,-2.31,30,726,180,5,9,21,729,89
telemetry,20:30:23,,1231,35.46,-1.09,30,354,179,5,9,21,601,89
telemetry,20:30:24,,1231,35.46,0.42,30,72,179,5,9,21,942,89
telemetry,20:30:24,,1232,34.99,-5.06,30,450,179,5,8,20,990,89
telemetry,20:30:25,,1232,35.46,0.12,30,538,179,5,8,19,993,89
telemetry,20:30:25,,1233,34.99,4.63,30,302,179,5,9,19,825,89
telemetry,20:30:26,,1233,35.93,-3.96,30,681,178,5,9,18,645,89
telemetry,20:30:26,,1234,34.99,-2.74,30,342,178,5,9,18,711,89
telemetry,20:30:27,,1234,34.99,4.57,30,65,178,5,9,18,720,89
telemetry,20:30:27,,1235,35.46,-1.09,30,89,178,5,9,19,987,89
telemetry,20:30:28,,1235,35.46,0.79,30,689,178,5,9,19,986,89
telemetry,20:30:28,,1236,34.99,2.56,30,740,179,5,9,20,975,89
telemetry,20:30:29,,1236,35.46,0.79,30,839,179,5,10,22,759,89
telemetry,20:30:29,,1237,35.46,-6.64,30,316,179,5,10,22,712,89
telemetry,20:30:30,,1237,35.46,4.51,30,850,179,5,10,21,587,89
telemetry,20:30:31,,1238,35.46,-1.21,30,566,179,5,9,21,804,89
telemetry,20:30:31,,1238,35.46,-1.21,30,470,179,5,10,21,991,88
telemetry,20:30:32,,1239,34.99,0.30,30,669,179,5,9,21,987,88
telemetry,20:30:32,,1239,35.46,4.08,30,334,179,5,8,20,882,88
telemetry,20:30:33,,1240,35.46,-7.50,30,674,180,5,8,21,731,88
telemetry,20:30:33,,1240,35.46,2.56,30,542,180,5,9,22,735,88
telemetry,20:30:34,,1241,35.46,1.70,30,261,180,5,9,23,611,88
pc_command,20:30:34,100,0,0.00,NA,0,0,0,0,0,0,NA,88
telemetry,20:30:34,,1241,34.99,0.85,30,692,180,5,9,23,943,88
pico_reply,20:30:34,ACK%2CSET_VALUE%2C100,0,0.00,NA,0,0,0,0,0,0,NA,88
telemetry,20:30:35,,1242,34.53,9.14,100,510,183,6,8,23,779,88
telemetry,20:30:35,,1242,35.46,1.76,100,485,188,7,8,23,637,88
telemetry,20:30:36,,1243,34.99,-1.70,100,902,186,7,8,22,685,88
telemetry,20:30:36,,1243,34.53,-3.65,100,702,185,7,8,22,737,88
telemetry,20:30:37,,1244,35.93,0.79,100,508,183,7,8,22,953,88
telemetry,20:30:37,,1244,35.93,0.91,100,514,183,6,8,22,987,88
telemetry,20:30:38,,1245,35.46,-1.34,100,428,183,6,8,22,992,88
pc_command,20:30:38,0,0,0.00,NA,0,0,0,0,0,0,NA,88
pico_reply,20:30:38,ACK%2CSET_VALUE%2C0,0,0.00,NA,0,0,0,0,0,0,NA,88
telemetry,20:30:38,,1245,34.99,-49.63,0,208,166,5,10,22,721,88
telemetry,20:30:39,,1246,35.46,-30.42,0,304,109,13,14,130,723,88
telemetry,20:30:39,,1246,35.46,-5.30,0,67,74,12,16,158,724,88
telemetry,20:30:40,,1247,35.46,14.51,0,574,86,11,15,146,724,88
pc_command,20:30:40,CAPTURE,0,0.00,NA,0,0,0,0,0,0,NA,88
pico_reply,20:30:40,ACK%2CCAPTURE,0,0.00,NA,0,0,0,0,0,0,NA,88
camera,20:30:41,Camera%20image%20saved%3A%20camera_20260910_203041_560.bmp,0,0.00,NA,0,0,0,0,0,0,NA,88
telemetry,20:30:41,,1248,34.06,26.64,0,643,183,7,8,22,725,88
telemetry,20:30:42,,1249,35.46,14.57,0,503,187,7,6,22,725,88
telemetry,20:30:42,,1249,35.46,-3.78,0,379,187,7,6,22,725,88
telemetry,20:30:43,,1250,36.87,-9.63,0,62,187,8,7,22,725,88
telemetry,20:30:43,,1250,32.65,-10.18,0,206,188,7,7,21,725,88
telemetry,20:30:44,,1251,34.53,-8.96,0,873,182,6,8,22,725,88
telemetry,20:30:44,,1251,35.46,-5.12,0,62,179,5,9,22,726,88
pc_command,20:30:44,80,0,0.00,NA,0,0,0,0,0,0,NA,88
pico_reply,20:30:44,ACK%2CSET_VALUE%2C80,0,0.00,NA,0,0,0,0,0,0,NA,88
telemetry,20:30:45,,1252,34.99,48.78,80,59,188,7,7,22,910,88
telemetry,20:30:45,,1252,34.53,28.53,80,575,188,7,4,17,595,88
telemetry,20:30:46,,1253,34.99,3.04,80,443,189,39,4,16,718,88
telemetry,20:30:46,,1253,35.46,-14.45,80,731,189,7,4,16,656,88
telemetry,20:30:47,,1254,35.46,-27.92,80,581,188,6,5,20,821,88
telemetry,20:30:47,,1254,35.46,-28.96,80,256,187,8,7,22,986,88
telemetry,20:30:48,,1255,37.33,-22.62,80,249,179,5,9,22,991,88
telemetry,20:30:48,,1255,34.99,-12.56,80,179,166,5,10,22,985,88
pc_command,20:30:48,0,0,0.00,NA,0,0,0,0,0,0,NA,88
pico_reply,20:30:48,ACK%2CSET_VALUE%2C0,0,0.00,NA,0,0,0,0,0,0,NA,88
telemetry,20:30:49,,1256,37.33,-50.18,0,859,119,12,13,121,760,88
telemetry,20:30:49,,1256,35.46,-22.80,0,270,50,5,17,179,766,88
telemetry,20:30:50,,1257,34.99,8.65,0,496,38,4,17,183,766,88
pc_command,20:30:50,CAPTURE,0,0.00,NA,0,0,0,0,0,0,NA,88
pico_reply,20:30:50,ACK%2CCAPTURE,0,0.00,NA,0,0,0,0,0,0,NA,88
camera,20:30:51,Camera%20image%20saved%3A%20camera_20260910_203051_611.bmp,0,0.00,NA,0,0,0,0,0,0,NA,87
telemetry,20:30:51,,1258,35.93,38.65,0,522,167,5,10,21,768,87
telemetry,20:30:52,,1259,34.99,30.85,0,972,188,7,7,20,768,87
telemetry,20:30:52,,1259,34.99,13.96,0,28,186,6,5,18,767,87
telemetry,20:30:53,,1260,34.53,-2.98,0,988,186,6,5,17,768,87
telemetry,20:30:53,,1260,35.93,-11.09,0,735,184,6,5,15,767,87
telemetry,20:30:54,,1261,35.46,-15.73,0,36,186,7,5,15,768,87
telemetry,20:30:54,,1261,35.46,-15.18,0,309,185,6,6,14,768,87
telemetry,20:30:55,,1262,35.93,-11.34,0,166,179,5,6,14,768,87
telemetry,20:30:55,,1262,37.33,-2.50,0,456,173,5,7,15,767,87
telemetry,20:30:56,,1263,35.93,0.36,0,97,173,5,7,15,768,87
telemetry,20:30:56,,1263,35.93,0.06,0,836,173,5,7,14,768,87
telemetry,20:30:57,,1264,35.46,0.12,0,159,173,5,7,14,768,87
telemetry,20:30:57,,1264,35.46,0.12,0,323,173,5,7,14,768,87
telemetry,20:30:58,,1265,37.33,0.12,0,298,174,5,7,14,768,87
telemetry,20:30:58,,1265,34.53,0.12,0,999,174,5,7,14,768,87
telemetry,20:30:59,,1266,35.46,0.18,0,880,174,5,7,14,768,87
telemetry,20:30:59,,1266,34.99,0.12,0,64,173,5,7,14,768,87
telemetry,20:31:00,,1267,35.46,0.12,0,226,173,5,7,14,768,87
telemetry,20:31:00,,1267,35.93,0.12,0,557,173,5,7,14,768,87
telemetry,20:31:01,,1268,35.46,0.18,0,261,173,5,7,14,768,87
telemetry,20:31:01,,1268,34.99,0.12,0,554,173,5,7,15,768,87
telemetry,20:31:02,,1269,35.93,0.12,0,802,173,5,7,15,768,87
telemetry,20:31:02,,1269,35.93,0.06,0,712,173,5,7,14,768,88
telemetry,20:31:03,,1270,35.93,0.18,0,798,173,5,7,15,768,88
telemetry,20:31:03,,1270,35.46,0.06,0,316,173,5,7,14,769,88
telemetry,20:31:04,,1271,35.46,0.12,0,639,173,5,7,15,769,88
telemetry,20:31:04,,1271,34.53,0.18,0,151,173,5,7,15,768,88
telemetry,20:31:05,,1272,35.46,0.18,0,670,173,5,7,15,769,88
telemetry,20:31:05,,1273,34.99,0.18,0,181,174,5,7,15,768,88
telemetry,20:31:06,,1273,34.99,0.18,0,485,173,5,7,15,769,88
telemetry,20:31:06,,1274,34.99,0.12,0,395,173,5,7,15,768,88
telemetry,20:31:07,,1274,35.93,0.12,0,920,173,5,7,15,768,88
telemetry,20:31:07,,1275,34.99,0.12,0,283,173,4,7,15,769,88
telemetry,20:31:08,,1275,37.33,0.06,0,92,173,5,7,15,768,88
telemetry,20:31:08,,1276,35.93,0.12,0,218,173,5,9,19,768,88
telemetry,20:31:09,,1276,34.99,0.12,0,323,174,5,9,21,769,88
telemetry,20:31:09,,1277,34.99,0.24,0,909,174,5,9,21,768,88
telemetry,20:31:10,,1277,35.93,0.12,0,856,174,5,9,21,769,88
telemetry,20:31:10,,1278,35.93,0.18,0,426,174,5,9,21,768,88
telemetry,20:31:11,,1278,35.46,0.18,0,522,174,5,9,22,768,88
telemetry,20:31:11,,1279,34.99,0.12,0,156,174,5,9,22,769,88
telemetry,20:31:12,,1279,34.99,0.12,0,708,174,5,9,22,769,88
telemetry,20:31:12,,1280,35.46,0.12,0,8,174,5,9,22,768,88
telemetry,20:31:13,,1280,35.93,0.12,0,671,173,5,9,20,768,88
telemetry,20:31:13,,1281,35.93,0.12,0,948,174,5,9,20,769,88
telemetry,20:31:14,,1281,35.46,0.12,0,263,174,5,9,20,768,88
telemetry,20:31:14,,1282,35.93,0.06,0,503,173,5,9,20,768,88
telemetry,20:31:15,,1282,35.46,0.18,0,979,173,5,9,20,768,88
telemetry,20:31:15,,1283,34.99,0.12,0,49,173,5,9,19,768,88
telemetry,20:31:16,,1283,34.99,0.18,0,226,173,5,9,20,769,88
telemetry,20:31:16,,1284,34.99,0.12,0,889,174,5,9,20,768,89
telemetry,20:31:17,,1284,35.46,0.12,0,30,174,5,9,20,769,89
telemetry,20:31:17,,1285,34.53,0.18,0,1,173,5,9,20,768,89
telemetry,20:31:18,,1285,35.93,0.18,0,403,173,5,9,20,768,89
telemetry,20:31:18,,1286,35.46,0.18,0,543,174,5,9,20,768,89
telemetry,20:31:19,,1286,34.53,0.18,0,253,173,5,9,20,768,89
telemetry,20:31:20,,1287,35.46,0.24,0,305,173,5,9,20,769,89
telemetry,20:31:20,,1287,35.46,0.12,0,156,173,5,9,20,769,89
pc_command,20:31:20,80,0,0.00,NA,0,0,0,0,0,0,NA,89
pico_reply,20:31:20,ACK%2CSET_VALUE%2C80,0,0.00,NA,0,0,0,0,0,0,NA,89
telemetry,20:31:20,,1288,34.99,46.03,80,187,176,5,9,20,816,89
telemetry,20:31:21,,1288,35.46,43.59,80,245,185,6,5,19,974,89
telemetry,20:31:21,,1289,34.99,19.14,80,613,188,33,4,15,988,89
telemetry,20:31:22,,1289,34.99,-7.86,80,215,185,44,4,15,987,89
telemetry,20:31:23,,1290,35.46,-19.93,80,162,187,7,4,16,850,89
telemetry,20:31:23,,1290,34.99,-29.45,80,583,186,6,6,20,587,89
pc_command,20:31:23,0,0,0.00,NA,0,0,0,0,0,0,NA,89
pico_reply,20:31:23,ACK%2CSET_VALUE%2C0,0,0.00,NA,0,0,0,0,0,0,NA,89
telemetry,20:31:24,,1291,35.46,-79.87,0,505,157,5,11,20,860,89
telemetry,20:31:24,,1291,34.99,-56.40,0,294,42,4,16,181,865,89
pc_command,20:31:25,CAPTURE,0,0.00,NA,0,0,0,0,0,0,NA,89
telemetry,20:31:25,,1292,34.99,-22.80,0,273,7,5,18,186,867,89
pico_reply,20:31:25,ACK%2CCAPTURE,0,0.00,NA,0,0,0,0,0,0,NA,89
camera,20:31:26,Camera%20image%20saved%3A%20camera_20260910_203126_114.bmp,0,0.00,NA,0,0,0,0,0,0,NA,89
telemetry,20:31:26,,1293,34.99,38.84,0,742,26,4,17,182,874,89
telemetry,20:31:26,,1293,35.46,51.15,0,621,110,12,14,126,869,89
telemetry,20:31:27,,1294,35.46,51.46,0,555,172,5,9,20,870,89
telemetry,20:31:27,,1294,34.99,38.59,0,83,185,6,6,20,870,89
telemetry,20:31:28,,1295,34.99,15.85,0,743,187,7,4,16,870,89
telemetry,20:31:28,,1295,35.93,-9.02,0,593,187,7,4,16,870,89
telemetry,20:31:29,,1296,34.99,-20.79,0,858,187,6,5,18,870,89
telemetry,20:31:29,,1296,35.93,-26.64,0,775,187,7,6,21,869,89
telemetry,20:31:30,,1297,34.99,-25.36,0,164,180,6,9,21,870,89
telemetry,20:31:30,,1297,35.46,-15.79,0,208,166,5,10,21,870,89
telemetry,20:31:31,,1298,34.99,-4.39,0,76,157,5,11,20,870,89
telemetry,20:31:31,,1298,35.46,3.35,0,688,159,5,11,20,870,89
telemetry,20:31:32,,1299,34.99,5.54,0,317,165,5,11,20,870,89
telemetry,20:31:32,,1299,34.99,1.58,0,737,166,5,10,20,870,89
telemetry,20:31:33,,1300,35.46,-1.64,0,469,166,5,10,20,870,89
pc_command,20:31:33,80,0,0.00,NA,0,0,0,0,0,0,NA,89
pico_reply,20:31:33,ACK%2CSET_VALUE%2C80,0,0.00,NA,0,0,0,0,0,0,NA,89
telemetry,20:31:33,,1300,34.99,6.09,80,60,166,5,10,20,880,89
telemetry,20:31:34,,1301,35.46,44.69,80,444,187,7,6,21,976,89
telemetry,20:31:34,,1301,35.46,25.97,80,34,187,7,4,16,985,89
telemetry,20:31:35,,1302,37.33,0.06,80,495,187,41,4,16,990,89
telemetry,20:31:35,,1302,36.40,-16.64,80,8,188,7,4,16,875,89
telemetry,20:31:36,,1303,34.99,-25.30,80,162,187,6,5,19,620,89
telemetry,20:31:36,,1303,35.46,-28.41,80,81,187,7,7,21,734,89
telemetry,20:31:37,,1304,33.12,-21.70,80,560,173,5,9,21,724,89
telemetry,20:31:37,,1304,35.93,-12.19,80,155,160,5,11,20,844,89
telemetry,20:31:38,,1305,34.99,0.73,80,927,153,5,11,21,991,89
telemetry,20:31:38,,1305,36.40,6.28,80,561,161,5,10,20,990,89
pc_command,20:31:39,0,0,0.00,NA,0,0,0,0,0,0,NA,89
pico_reply,20:31:39,ACK%2CSET_VALUE%2C0,0,0.00,NA,0,0,0,0,0,0,NA,89
telemetry,20:31:39,,1306,35.93,-50.91,0,470,165,5,10,21,981,89
telemetry,20:31:39,,1306,34.99,-27.98,0,565,113,12,13,125,989,89
telemetry,20:31:40,,1307,34.99,-2.19,0,332,84,12,15,147,988,89
telemetry,20:31:40,,1307,34.53,14.51,0,717,99,12,14,136,987,89
pc_command,20:31:41,CAPTURE,0,0.00,NA,0,0,0,0,0,0,NA,89
pico_reply,20:31:41,ACK%2CCAPTURE,0,0.00,NA,0,0,0,0,0,0,NA,89
camera,20:31:42,Camera%20image%20saved%3A%20camera_20260910_203142_228.bmp,0,0.00,NA,0,0,0,0,0,0,NA,89
telemetry,20:31:42,,1309,35.93,23.84,0,949,181,6,8,25,988,89
telemetry,20:31:42,,1309,34.53,11.52,0,67,188,7,7,21,987,89
telemetry,20:31:43,,1310,34.06,-1.03,0,165,187,7,6,21,987,89
telemetry,20:31:43,,1310,35.46,-2.86,0,625,187,8,7,21,987,89
telemetry,20:31:44,,1311,34.99,-2.25,0,32,187,8,7,21,987,89
telemetry,20:31:44,,1311,34.99,-4.63,0,77,188,7,7,21,987,89
telemetry,20:31:45,,1312,34.99,-6.28,0,95,188,7,7,20,986,89
telemetry,20:31:45,,1312,35.46,-4.69,0,356,183,7,8,20,987,89
telemetry,20:31:46,,1313,34.99,-1.76,0,732,182,6,8,20,987,89
telemetry,20:31:46,,1313,34.99,-1.95,0,170,180,6,8,20,987,89
telemetry,20:31:47,,1314,35.93,0.79,0,372,180,6,8,21,987,89
telemetry,20:31:47,,1315,35.93,0.06,0,32,180,6,8,21,988,89
telemetry,20:31:48,,1315,34.99,0.00,0,136,181,6,8,21,987,89
telemetry,20:31:48,,1316,34.99,0.12,0,545,180,6,8,21,986,89
telemetry,20:31:49,,1316,35.46,0.18,0,389,180,6,8,21,987,89
telemetry,20:31:49,,1317,34.99,0.24,0,512,180,6,8,19,987,89
telemetry,20:31:50,,1317,34.99,0.12,0,468,180,6,8,20,987,89
telemetry,20:31:50,,1318,37.33,0.18,0,857,180,6,8,20,986,89
telemetry,20:31:51,,1318,34.99,0.18,0,638,180,6,8,21,987,89
telemetry,20:31:51,,1319,34.06,0.18,0,978,180,6,8,21,987,89
telemetry,20:31:52,,1319,34.99,0.12,0,633,181,6,8,21,987,89
telemetry,20:31:52,,1320,34.99,0.12,0,790,180,6,8,21,988,89
telemetry,20:31:53,,1320,34.99,0.12,0,487,180,6,8,21,987,89
telemetry,20:31:53,,1321,34.99,0.12,0,339,180,6,8,21,988,89
telemetry,20:31:54,,1321,34.99,0.06,0,84,181,6,8,21,987,89
telemetry,20:31:54,,1322,35.46,0.12,0,752,180,6,8,21,987,89
telemetry,20:31:55,,1322,35.46,0.12,0,905,181,6,8,21,987,89
telemetry,20:31:56,,1323,34.53,0.18,0,763,180,6,8,21,987,89
telemetry,20:31:56,,1323,35.46,0.12,0,260,181,6,8,21,988,89
telemetry,20:31:57,,1324,34.99,0.12,0,923,181,6,8,21,987,89
telemetry,20:31:57,,1324,34.99,0.12,0,431,180,6,8,21,988,89
telemetry,20:31:58,,1325,34.53,0.06,0,77,181,6,8,21,987,89
telemetry,20:31:58,,1325,34.99,0.06,0,878,180,6,8,21,987,89
telemetry,20:31:58,,1326,34.53,0.12,0,974,180,6,8,21,987,89
telemetry,20:31:59,,1326,34.99,0.06,0,186,180,6,8,21,987,89
telemetry,20:31:59,,1327,35.46,0.18,0,327,181,6,8,21,986,89
telemetry,20:32:00,,1327,34.06,0.12,0,116,180,6,8,21,986,89
telemetry,20:32:01,,1328,35.93,0.12,0,34,181,6,8,21,986,89
pc_command,20:32:01,-68,0,0.00,NA,0,0,0,0,0,0,NA,89
pico_reply,20:32:01,ACK%2CSET_VALUE%2C-68,0,0.00,NA,0,0,0,0,0,0,NA,89
telemetry,20:32:01,,1328,34.99,-48.41,-68,852,166,5,10,21,657,89
telemetry,20:32:02,,1329,35.93,-29.57,-68,84,112,12,14,127,698,89
telemetry,20:32:02,,1329,34.99,-4.81,-68,291,77,12,15,156,625,89
telemetry,20:32:03,,1330,34.99,12.13,-68,939,85,11,15,147,765,89
telemetry,20:32:03,,1330,34.53,24.26,-68,765,122,12,13,118,986,89
telemetry,20:32:04,,1331,33.12,28.04,-68,691,161,5,11,21,988,89
telemetry,20:32:04,,1331,34.99,26.76,-68,218,181,6,9,21,986,89
telemetry,20:32:05,,1332,34.53,15.42,-68,103,187,8,7,22,968,89
telemetry,20:32:05,,1332,34.99,0.97,-68,511,187,7,6,22,801,89
telemetry,20:32:06,,1333,34.99,-8.41,-68,798,188,7,6,22,726,89
telemetry,20:32:06,,1333,35.93,-7.74,-68,382,188,7,7,21,653,89
telemetry,20:32:07,,1334,34.99,-5.79,-68,456,187,7,8,22,730,89
telemetry,20:32:07,,1334,34.99,-6.58,-68,585,181,6,8,21,588,89
pc_command,20:32:08,0,0,0.00,NA,0,0,0,0,0,0,NA,89
telemetry,20:32:08,,1335,34.53,-4.02,-68,156,179,5,8,20,633,89
pico_reply,20:32:08,ACK%2CSET_VALUE%2C0,0,0.00,NA,0,0,0,0,0,0,NA,89
telemetry,20:32:08,,1335,34.99,38.84,0,849,185,6,6,19,915,89
telemetry,20:32:09,,1336,34.53,16.70,0,99,186,7,4,16,918,89
telemetry,20:32:09,,1336,34.99,-3.04,0,927,187,9,4,15,919,89
telemetry,20:32:10,,1337,34.99,-17.19,0,769,187,7,5,16,920,89
pc_command,20:32:10,CAPTURE,0,0.00,NA,0,0,0,0,0,0,NA,89
pico_reply,20:32:10,ACK%2CCAPTURE,0,0.00,NA,0,0,0,0,0,0,NA,89
camera,20:32:13,Camera%20image%20saved%3A%20camera_20260910_203213_045.bmp,0,0.00,NA,0,0,0,0,0,0,NA,89
telemetry,20:32:13,,1340,34.99,4.45,0,747,165,5,11,21,923,89
telemetry,20:32:13,,1340,34.99,0.67,0,184,166,5,10,21,923,89
telemetry,20:32:14,,1341,34.99,0.12,0,642,166,5,11,21,924,89
telemetry,20:32:14,,1341,35.46,-1.28,0,913,166,5,11,20,924,89
telemetry,20:32:15,,1342,35.46,0.48,0,935,166,5,10,21,924,89
telemetry,20:32:15,,1342,37.33,0.12,0,831,166,5,10,20,924,89
telemetry,20:32:16,,1343,34.99,0.12,0,434,166,5,10,20,924,89
telemetry,20:32:16,,1343,34.99,0.12,0,377,166,5,10,20,924,89
telemetry,20:32:17,,1344,36.40,0.12,0,353,167,5,10,20,924,89
telemetry,20:32:17,,1344,34.06,0.12,0,991,166,5,10,20,924,89
telemetry,20:32:18,,1345,35.46,0.12,0,766,166,5,11,20,925,89
pc_command,20:32:18,-70,0,0.00,NA,0,0,0,0,0,0,NA,89
pico_reply,20:32:18,ACK%2CSET_VALUE%2C-70,0,0.00,NA,0,0,0,0,0,0,NA,89
telemetry,20:32:18,,1345,34.99,-48.17,-70,806,145,6,12,25,894,89
telemetry,20:32:19,,1346,34.99,-26.52,-70,468,86,11,15,144,794,89
telemetry,20:32:19,,1346,34.99,2.50,-70,185,63,10,16,167,637,89
telemetry,20:32:20,,1347,34.99,19.08,-70,591,85,11,15,145,731,89
telemetry,20:32:20,,1347,34.06,30.12,-70,324,130,8,13,105,611,89
telemetry,20:32:21,,1348,34.99,32.92,-70,883,167,5,10,20,679,89
pc_command,20:32:21,0,0,0.00,NA,0,0,0,0,0,0,NA,89
pico_reply,20:32:21,ACK%2CSET_VALUE%2C0,0,0.00,NA,0,0,0,0,0,0,NA,89
telemetry,20:32:21,,1348,35.46,68.29,0,128,188,7,7,21,886,89
telemetry,20:32:22,,1349,34.99,57.37,0,248,180,51,4,16,888,89
telemetry,20:32:22,,1349,34.53,23.53,0,521,130,121,4,14,890,89
pc_command,20:32:23,CAPTURE,0,0.00,NA,0,0,0,0,0,0,NA,89
telemetry,20:32:23,,1350,34.99,-11.52,0,888,121,127,5,12,891,89
pico_reply,20:32:23,ACK%2CCAPTURE,0,0.00,NA,0,0,0,0,0,0,NA,89
camera,20:32:24,Camera%20image%20saved%3A%20camera_20260910_203224_213.bmp,0,0.00,NA,0,0,0,0,0,0,NA,89
telemetry,20:32:24,,1351,34.99,-49.63,0,450,181,8,4,17,892,89
telemetry,20:32:24,,1351,35.46,-51.82,0,107,185,7,8,21,892,89
telemetry,20:32:25,,1352,34.99,-40.42,0,139,147,6,12,24,892,89
telemetry,20:32:25,,1352,34.99,-18.71,0,220,104,12,15,132,892,89
telemetry,20:32:26,,1353,34.99,9.87,0,212,97,12,15,137,892,89
telemetry,20:32:26,,1353,34.99,21.70,0,982,125,10,14,111,892,89
telemetry,20:32:27,,1354,35.46,28.29,0,930,161,5,11,20,893,88
telemetry,20:32:27,,1354,34.99,25.73,0,351,179,6,9,21,892,88
telemetry,20:32:28,,1355,34.99,14.69,0,478,187,7,7,22,892,88
telemetry,20:32:28,,1355,34.06,2.62,0,796,187,7,7,22,893,88
telemetry,20:32:29,,1356,34.99,-4.45,0,829,187,7,7,22,893,88
telemetry,20:32:29,,1356,35.46,-5.00,0,873,186,8,7,21,892,88
telemetry,20:32:30,,1357,34.99,-5.85,0,793,187,7,7,19,893,88
telemetry,20:32:30,,1357,35.46,-5.91,0,759,187,7,7,19,893,88
telemetry,20:32:31,,1358,35.93,-4.63,0,190,183,7,7,19,893,88
telemetry,20:32:31,,1358,35.46,2.31,0,548,183,6,8,20,893,88
telemetry,20:32:32,,1359,34.99,0.42,0,537,183,6,8,19,892,88
telemetry,20:32:32,,1359,34.99,0.42,0,264,183,6,8,20,893,88
telemetry,20:32:33,,1360,35.46,0.18,0,491,183,6,8,19,892,88
telemetry,20:32:33,,1360,34.99,0.18,0,53,183,6,8,20,893,88
telemetry,20:32:34,,1361,35.46,0.12,0,518,183,6,8,21,892,88
telemetry,20:32:34,,1361,35.46,0.00,0,393,183,6,7,21,893,88
telemetry,20:32:35,,1362,34.53,0.06,0,643,183,6,7,20,893,88
telemetry,20:32:35,,1363,34.99,0.12,0,266,183,6,7,21,892,88
telemetry,20:32:36,,1363,34.99,0.12,0,50,183,6,7,20,893,88
telemetry,20:32:36,,1364,34.99,0.12,0,970,184,6,7,21,893,88
telemetry,20:32:37,,1364,34.99,0.12,0,82,183,6,8,21,893,88
telemetry,20:32:37,,1365,34.53,0.18,0,571,183,6,8,21,893,88
telemetry,20:32:38,,1365,34.99,0.06,0,649,183,6,8,21,893,88
telemetry,20:32:38,,1366,33.12,0.12,0,364,183,6,8,21,892,88
telemetry,20:32:39,,1366,35.93,0.06,0,380,183,6,8,21,892,88
telemetry,20:32:39,,1367,34.99,0.18,0,543,183,6,8,21,893,88
telemetry,20:32:40,,1367,34.99,0.12,0,394,184,7,8,21,892,88
telemetry,20:32:40,,1368,34.99,0.12,0,539,183,6,8,21,892,88
telemetry,20:32:41,,1368,35.46,0.24,0,352,183,7,8,21,893,88
telemetry,20:32:41,,1369,34.06,0.12,0,45,183,7,8,21,893,88
telemetry,20:32:42,,1369,34.99,0.18,0,980,183,7,8,21,893,88
telemetry,20:32:42,,1370,34.99,0.06,0,327,184,6,8,21,893,88
telemetry,20:32:43,,1370,34.99,0.12,0,258,183,7,8,19,893,88
telemetry,20:32:43,,1371,35.93,0.12,0,622,183,6,8,19,893,88
telemetry,20:32:44,,1371,35.93,0.18,0,179,183,6,8,19,893,88
telemetry,20:32:44,,1372,34.99,0.18,0,292,183,6,7,19,893,88
telemetry,20:32:45,,1372,34.06,0.06,0,642,183,7,8,19,893,88
telemetry,20:32:45,,1373,34.99,0.18,0,940,183,6,8,19,893,88
telemetry,20:32:46,,1373,34.99,0.18,0,265,183,6,8,19,893,88
telemetry,20:32:47,,1374,35.46,0.12,0,581,183,6,8,19,893,88
telemetry,20:32:47,,1374,35.46,0.06,0,120,183,6,8,19,893,88
telemetry,20:32:48,,1375,35.46,0.12,0,993,183,7,8,20,893,88
telemetry,20:32:48,,1375,35.46,0.18,0,166,183,6,8,20,893,88
telemetry,20:32:49,,1376,34.99,0.12,0,329,183,7,8,19,893,88
telemetry,20:32:49,,1376,34.06,0.18,0,146,183,7,8,20,893,88
telemetry,20:32:50,,1377,34.99,0.12,0,698,183,6,8,21,893,88
telemetry,20:32:50,,1377,35.46,0.18,0,253,184,7,8,21,893,88
telemetry,20:32:51,,1378,34.99,0.06,0,574,183,7,8,22,893,88
telemetry,20:32:51,,1378,34.99,0.12,0,629,183,7,8,22,893,88
telemetry,20:32:52,,1379,35.46,0.06,0,61,183,6,8,22,893,88
telemetry,20:32:52,,1379,34.99,0.12,0,226,184,6,8,22,893,88
telemetry,20:32:53,,1380,37.33,0.12,0,338,184,6,8,22,893,88
telemetry,20:32:53,,1380,35.46,0.18,0,722,184,7,8,22,894,88
telemetry,20:32:54,,1381,34.99,0.12,0,330,184,7,8,22,893,88
telemetry,20:32:54,,1381,34.99,0.18,0,414,184,6,8,21,894,88
telemetry,20:32:55,,1382,34.99,0.12,0,529,183,6,8,22,894,88
telemetry,20:32:55,,1382,34.99,0.12,0,844,184,6,8,22,893,88
telemetry,20:32:56,,1383,37.33,0.12,0,1,184,6,8,21,893,88
telemetry,20:32:56,,1383,34.99,0.06,0,961,183,6,8,21,892,88
telemetry,20:32:57,,1384,35.46,0.18,0,374,183,7,8,20,893,88
telemetry,20:32:57,,1384,37.33,0.12,0,88,183,6,8,21,893,88
telemetry,20:32:58,,1385,34.99,0.12,0,654,183,7,8,21,893,88
telemetry,20:32:58,,1385,34.99,0.12,0,427,183,6,8,20,893,88
telemetry,20:32:59,,1386,34.99,0.12,0,960,183,6,8,21,893,88
telemetry,20:32:59,,1386,35.46,0.06,0,911,183,7,8,21,893,88
telemetry,20:33:00,,1387,37.33,0.12,0,852,183,7,8,21,893,88
telemetry,20:33:00,,1387,34.53,0.12,0,846,184,7,8,21,893,88
telemetry,20:33:01,,1388,34.99,0.12,0,368,183,6,8,22,894,88
telemetry,20:33:01,,1388,34.99,0.18,0,658,183,7,8,21,894,88
telemetry,20:33:02,,1389,37.33,0.12,0,911,183,7,8,21,893,88
telemetry,20:33:02,,1389,34.99,0.18,0,344,184,6,8,21,893,88
telemetry,20:33:03,,1390,34.99,0.12,0,627,184,7,8,21,892,88
telemetry,20:33:03,,1390,34.99,0.18,0,807,183,7,8,22,894,88
telemetry,20:33:04,,1391,34.99,0.06,0,788,183,7,8,21,894,88
telemetry,20:33:04,,1391,35.93,0.12,0,892,183,6,8,21,893,88
telemetry,20:33:05,,1392,34.99,0.12,0,47,183,6,8,22,893,88
telemetry,20:33:05,,1392,34.99,0.18,0,854,183,6,8,21,893,88
telemetry,20:33:06,,1393,34.06,0.18,0,811,184,6,8,21,893,88
telemetry,20:33:06,,1393,35.46,0.18,0,163,184,7,8,21,893,88
telemetry,20:33:07,,1394,34.99,0.12,0,658,184,7,8,21,894,88
telemetry,20:33:07,,1394,35.46,0.18,0,680,183,6,8,21,893,88
telemetry,20:33:08,,1395,34.99,0.18,0,584,183,7,8,21,893,88
telemetry,20:33:08,,1395,34.99,0.18,0,133,183,6,8,21,894,88
telemetry,20:33:09,,1396,34.99,0.06,0,796,183,6,8,21,894,88
telemetry,20:33:09,,1396,34.99,0.12,0,430,183,7,8,21,894,88
telemetry,20:33:10,,1397,34.99,0.18,0,784,182,7,8,21,894,88
telemetry,20:33:10,,1397,34.99,0.12,0,751,183,6,8,21,893,88
telemetry,20:33:11,,1398,35.93,0.12,0,550,183,7,8,21,894,88
telemetry,20:33:11,,1398,34.53,0.12,0,965,181,7,8,21,893,88
telemetry,20:33:12,,1399,37.33,0.12,0,67,183,6,8,21,894,88
telemetry,20:33:12,,1399,35.46,0.06,0,517,183,7,8,21,893,88
telemetry,20:33:13,,1400,35.46,0.12,0,598,182,7,8,21,894,88
telemetry,20:33:13,,1400,34.99,0.12,0,145,183,6,8,21,893,88
telemetry,20:33:14,,1401,37.33,0.18,0,505,183,7,8,21,894,88
telemetry,20:33:14,,1401,35.46,0.06,0,99,183,6,8,21,894,88
telemetry,20:33:15,,1402,35.46,0.06,0,721,183,7,8,22,894,88
telemetry,20:33:15,,1402,35.46,0.18,0,885,183,7,8,22,894,88
telemetry,20:33:16,,1403,35.46,0.18,0,211,183,7,8,22,894,88
telemetry,20:33:16,,1403,35.93,0.12,0,298,183,6,8,22,893,88
telemetry,20:33:17,,1404,34.99,0.12,0,246,183,6,8,22,894,88
telemetry,20:33:17,,1405,34.99,0.18,0,986,183,7,8,22,893,88
telemetry,20:33:18,,1405,35.46,0.00,0,11,183,6,8,21,894,88
telemetry,20:33:18,,1406,34.53,0.24,0,365,183,7,8,21,894,88
telemetry,20:33:19,,1406,34.99,0.06,0,774,183,7,8,21,894,88
telemetry,20:33:19,,1407,33.12,0.24,0,305,183,6,8,21,894,88
telemetry,20:33:20,,1407,34.53,0.12,0,187,183,7,8,21,894,88
telemetry,20:33:20,,1408,35.46,0.18,0,37,183,7,8,21,893,88
telemetry,20:33:21,,1408,35.46,0.06,0,743,183,6,8,21,893,88
telemetry,20:33:21,,1409,34.99,0.18,0,467,183,6,8,21,893,88
telemetry,20:33:22,,1409,34.99,0.12,0,202,183,7,8,21,894,88
telemetry,20:33:22,,1410,34.99,0.18,0,470,183,6,8,21,894,88
telemetry,20:33:23,,1410,34.99,0.18,0,59,183,6,8,21,894,88
telemetry,20:33:23,,1411,41.08,0.12,0,828,183,6,8,21,894,88
telemetry,20:33:24,,1411,35.46,0.06,0,939,183,7,8,21,893,88
telemetry,20:33:24,,1412,35.46,0.24,0,339,183,6,8,21,894,88
telemetry,20:33:25,,1412,35.93,0.00,0,491,183,6,8,21,893,88
pc_command,20:33:25,50,0,0.00,NA,0,0,0,0,0,0,NA,88
pico_reply,20:33:25,ACK%2CSET_VALUE%2C50,0,0.00,NA,0,0,0,0,0,0,NA,88
telemetry,20:33:25,,1413,34.99,0.97,50,830,183,6,8,21,908,88
telemetry,20:33:26,,1413,35.93,34.93,50,200,188,6,5,19,854,88
telemetry,20:33:26,,1414,34.99,10.85,50,889,190,34,4,15,748,88
telemetry,20:33:27,,1414,34.99,-7.98,50,883,190,34,4,15,597,88
telemetry,20:33:28,,1415,34.99,-21.34,50,845,188,6,5,17,578,88
telemetry,20:33:28,,1415,37.33,-30.06,50,675,187,7,6,21,644,88
telemetry,20:33:28,,1416,35.46,-26.70,50,114,181,6,8,21,716,88
telemetry,20:33:29,,1416,34.53,-18.41,50,91,167,5,10,21,699,88
pc_command,20:33:29,0,0,0.00,NA,0,0,0,0,0,0,NA,88
telemetry,20:33:29,,1417,34.06,-7.50,50,675,157,5,11,21,674,88
pico_reply,20:33:30,ACK%2CSET_VALUE%2C0,0,0.00,NA,0,0,0,0,0,0,NA,88
telemetry,20:33:30,,1417,35.46,-34.39,0,11,99,13,14,137,737,88
telemetry,20:33:31,,1418,34.99,-5.73,0,534,60,6,16,171,739,88
telemetry,20:33:31,,1418,35.46,16.34,0,239,73,12,15,159,741,88
telemetry,20:33:32,,1419,34.99,29.63,0,766,118,12,13,121,742,88
telemetry,20:33:32,,1419,34.99,34.02,0,479,163,5,9,18,742,88
pc_command,20:33:32,CAPTURE,0,0.00,NA,0,0,0,0,0,0,NA,88
pico_reply,20:33:32,ACK%2CCAPTURE,0,0.00,NA,0,0,0,0,0,0,NA,88
camera,20:33:34,Camera%20image%20saved%3A%20camera_20260910_203334_105.bmp,0,0.00,NA,0,0,0,0,0,0,NA,88
telemetry,20:33:34,,1421,35.46,-4.75,0,537,185,6,5,16,741,88
telemetry,20:33:34,,1421,35.46,-9.26,0,954,185,7,6,17,743,88
telemetry,20:33:35,,1422,34.99,-10.79,0,581,187,7,6,17,743,88
telemetry,20:33:35,,1422,34.99,-10.85,0,285,184,7,7,17,744,88
telemetry,20:33:36,,1423,35.93,-8.04,0,702,179,6,8,17,743,88
telemetry,20:33:36,,1423,34.53,-2.74,0,742,179,5,8,18,744,88
telemetry,20:33:37,,1424,35.46,0.85,0,283,179,5,8,21,744,88
telemetry,20:33:37,,1424,35.93,0.18,0,107,180,5,9,22,744,88
telemetry,20:33:38,,1425,34.99,0.18,0,616,179,5,9,22,744,88
telemetry,20:33:38,,1425,34.99,0.24,0,536,179,5,8,22,744,88
telemetry,20:33:39,,1426,34.99,0.12,0,237,180,5,8,21,744,88
telemetry,20:33:39,,1426,35.93,0.06,0,549,179,5,7,19,744,88
telemetry,20:33:40,,1427,34.99,0.18,0,873,179,5,7,17,744,88
telemetry,20:33:40,,1427,34.99,0.18,0,114,179,5,7,15,744,89
telemetry,20:33:41,,1428,35.46,0.12,0,698,179,5,6,14,744,89
telemetry,20:33:41,,1428,35.46,0.12,0,79,179,5,7,16,744,89
telemetry,20:33:42,,1429,34.99,0.12,0,546,179,5,7,16,745,89
telemetry,20:33:42,,1429,34.99,0.18,0,74,178,5,7,17,744,89
telemetry,20:33:43,,1430,34.99,0.12,0,708,179,5,8,17,745,89
telemetry,20:33:43,,1430,34.53,0.18,0,515,179,5,8,19,744,89
telemetry,20:33:44,,1431,34.99,0.12,0,995,179,5,8,18,744,89
telemetry,20:33:44,,1431,35.93,0.18,0,206,179,5,7,17,744,89
telemetry,20:33:45,,1432,34.53,0.12,0,727,179,5,7,18,744,89
telemetry,20:33:45,,1432,34.99,0.12,0,386,179,5,8,20,745,89
telemetry,20:33:46,,1433,35.46,0.12,0,923,180,5,8,20,745,89
telemetry,20:33:46,,1433,34.53,0.06,0,899,179,5,8,21,745,89
telemetry,20:33:47,,1434,34.99,0.06,0,880,179,5,8,20,745,89
telemetry,20:33:47,,1434,34.99,0.12,0,436,179,5,8,20,744,89
telemetry,20:33:48,,1435,34.99,0.12,0,878,180,5,8,20,745,89
telemetry,20:33:48,,1435,34.53,0.18,0,187,179,5,8,20,745,89
telemetry,20:33:49,,1436,34.99,0.06,0,508,179,5,8,20,744,89
telemetry,20:33:49,,1436,34.99,0.12,0,657,179,5,8,20,744,89
pc_command,20:33:50,40,0,0.00,NA,0,0,0,0,0,0,NA,89
pico_reply,20:33:50,ACK%2CSET_VALUE%2C40,0,0.00,NA,0,0,0,0,0,0,NA,89
telemetry,20:33:50,,1437,35.46,41.40,40,314,189,7,7,20,989,89
telemetry,20:33:50,,1438,35.46,25.91,40,915,188,6,5,18,989,89
telemetry,20:33:51,,1438,35.46,6.70,40,217,188,7,4,15,986,89
telemetry,20:33:51,,1439,34.99,-13.41,40,606,188,7,4,15,987,89
telemetry,20:33:52,,1439,34.53,-21.21,40,444,188,6,5,19,989,89
telemetry,20:33:52,,1440,34.99,-20.60,40,374,187,7,6,19,991,89
telemetry,20:33:53,,1440,34.53,-20.85,40,672,180,6,7,19,973,89
telemetry,20:33:53,,1441,34.53,-16.40,40,789,167,4,8,19,930,89
telemetry,20:33:54,,1441,34.99,0.54,40,270,166,5,8,18,927,89
telemetry,20:33:54,,1442,35.46,0.48,40,319,166,5,8,18,868,89
telemetry,20:33:55,,1442,35.93,-1.70,40,219,166,5,8,18,832,89
telemetry,20:33:55,,1443,34.99,-1.28,40,41,165,5,8,18,812,89
pc_command,20:33:56,0,0,0.00,NA,0,0,0,0,0,0,NA,89
pico_reply,20:33:56,ACK%2CSET_VALUE%2C0,0,0.00,NA,0,0,0,0,0,0,NA,89
telemetry,20:33:56,,1443,34.99,-41.89,0,923,154,5,9,18,736,89
telemetry,20:33:56,,1444,34.99,-23.23,0,950,106,12,12,129,738,89
telemetry,20:33:57,,1444,34.99,2.07,0,550,85,11,12,144,739,89
telemetry,20:33:57,,1445,35.93,17.13,0,881,105,12,12,129,739,89
pc_command,20:33:58,CAPTURE,0,0.00,NA,0,0,0,0,0,0,NA,89
pico_reply,20:33:58,ACK%2CCAPTURE,0,0.00,NA,0,0,0,0,0,0,NA,89
camera,20:33:59,Camera%20image%20saved%3A%20camera_20260910_203359_418.bmp,0,0.00,NA,0,0,0,0,0,0,NA,89
telemetry,20:33:59,,1446,35.46,22.80,0,515,184,6,6,18,738,89
telemetry,20:33:59,,1447,34.99,9.93,0,67,186,8,5,18,739,89
telemetry,20:34:00,,1447,35.46,-1.34,0,41,186,6,5,18,739,89
telemetry,20:34:00,,1448,35.93,-5.24,0,66,186,7,5,18,739,89
pc_command,20:34:01,CAPTURE,0,0.00,NA,0,0,0,0,0,0,NA,89
telemetry,20:34:01,,1448,34.99,-3.53,0,885,186,7,6,18,739,89
pico_reply,20:34:01,ACK%2CCAPTURE,0,0.00,NA,0,0,0,0,0,0,NA,89
camera,20:34:02,Camera%20image%20saved%3A%20camera_20260910_203402_427.bmp,0,0.00,NA,0,0,0,0,0,0,NA,89
telemetry,20:34:02,,1449,35.46,-5.54,0,7,186,7,6,18,739,89
telemetry,20:34:02,,1450,34.99,-4.02,0,808,183,6,6,18,739,89
telemetry,20:34:03,,1450,35.46,1.58,0,177,182,6,6,18,739,89
pc_command,20:34:03,CAPTURE,0,0.00,NA,0,0,0,0,0,0,NA,89
telemetry,20:34:03,,1451,34.99,0.36,0,843,182,6,7,18,738,89
pico_reply,20:34:04,ACK%2CCAPTURE,0,0.00,NA,0,0,0,0,0,0,NA,89
camera,20:34:05,Camera%20image%20saved%3A%20camera_20260910_203405_035.bmp,0,0.00,NA,0,0,0,0,0,0,NA,89
telemetry,20:34:05,,1452,35.93,0.00,0,511,182,6,7,18,738,89
telemetry,20:34:05,,1452,34.99,0.18,0,392,183,6,7,18,739,89
telemetry,20:34:06,,1453,32.65,0.12,0,84,183,6,7,18,739,89
telemetry,20:34:06,,1453,35.93,0.06,0,210,182,6,7,18,739,89
pc_command,20:34:06,CAPTURE,0,0.00,NA,0,0,0,0,0,0,NA,89
pico_reply,20:34:06,ACK%2CCAPTURE,0,0.00,NA,0,0,0,0,0,0,NA,89
camera,20:34:08,Camera%20image%20saved%3A%20camera_20260910_203408_100.bmp,0,0.00,NA,0,0,0,0,0,0,NA,89
telemetry,20:34:08,,1455,35.46,0.18,0,34,182,6,6,18,739,89
telemetry,20:34:08,,1455,34.99,0.06,0,271,182,6,6,18,739,89
telemetry,20:34:09,,1456,34.53,0.12,0,687,182,6,7,18,739,89
telemetry,20:34:09,,1456,34.99,0.12,0,267,182,6,6,18,739,89
pc_command,20:34:10,CAPTURE,0,0.00,NA,0,0,0,0,0,0,NA,89
telemetry,20:34:10,,1457,34.99,0.06,0,76,182,6,6,18,739,89
pico_reply,20:34:10,ACK%2CCAPTURE,0,0.00,NA,0,0,0,0,0,0,NA,89
camera,20:34:11,Camera%20image%20saved%3A%20camera_20260910_203411_431.bmp,0,0.00,NA,0,0,0,0,0,0,NA,89
telemetry,20:34:11,,1458,34.99,0.18,0,785,182,6,6,18,739,89
telemetry,20:34:11,,1459,34.99,0.12,0,884,182,6,6,18,739,90
telemetry,20:34:12,,1459,35.46,0.06,0,809,182,6,6,18,739,90
pc_command,20:34:12,CAPTURE,0,0.00,NA,0,0,0,0,0,0,NA,90
pico_reply,20:34:12,ACK%2CCAPTURE,0,0.00,NA,0,0,0,0,0,0,NA,90
camera,20:34:13,Camera%20image%20saved%3A%20camera_20260910_203413_770.bmp,0,0.00,NA,0,0,0,0,0,0,NA,90
telemetry,20:34:13,,1460,34.99,0.12,0,525,182,6,6,18,739,90
telemetry,20:34:14,,1461,35.46,0.12,0,924,182,6,6,17,739,90
telemetry,20:34:14,,1461,34.99,0.12,0,731,181,6,6,14,739,90
pc_command,20:34:15,CAPTURE,0,0.00,NA,0,0,0,0,0,0,NA,90
telemetry,20:34:15,,1462,34.99,0.06,0,15,181,6,6,15,739,90
pico_reply,20:34:16,ACK%2CCAPTURE,0,0.00,NA,0,0,0,0,0,0,NA,90
camera,20:34:16,Camera%20image%20saved%3A%20camera_20260910_203416_549.bmp,0,0.00,NA,0,0,0,0,0,0,NA,90
telemetry,20:34:16,,1463,34.99,0.12,0,266,180,6,6,13,739,90
telemetry,20:34:17,,1464,34.99,0.36,0,919,181,6,6,15,739,90
telemetry,20:34:17,,1464,35.46,0.12,0,539,180,6,6,14,739,90
telemetry,20:34:18,,1465,34.99,0.12,0,327,180,6,6,14,739,90
telemetry,20:34:18,,1465,34.99,0.06,0,58,180,6,6,13,740,90
telemetry,20:34:19,,1466,35.46,0.12,0,819,181,6,6,14,739,90
telemetry,20:34:19,,1466,35.46,0.12,0,792,181,6,6,14,739,90
telemetry,20:34:20,,1467,34.99,0.12,0,186,182,6,6,15,739,90
telemetry,20:34:20,,1467,34.99,0.12,0,407,182,6,6,14,739,90
telemetry,20:34:21,,1468,34.53,0.12,0,743,181,6,6,14,740,90
telemetry,20:34:21,,1468,34.99,0.18,0,96,182,6,7,15,739,90
telemetry,20:34:22,,1469,35.93,0.06,0,827,181,6,7,15,739,90
telemetry,20:34:22,,1469,34.99,0.12,0,25,181,6,7,14,739,90
telemetry,20:34:23,,1470,34.99,0.30,0,165,181,6,7,14,739,90
telemetry,20:34:23,,1470,35.46,0.06,0,206,180,6,6,13,739,90
telemetry,20:34:24,,1471,34.53,0.18,0,153,180,6,6,12,739,90
telemetry,20:34:24,,1471,34.99,0.12,0,222,180,6,6,11,740,90
telemetry,20:34:25,,1472,33.12,0.12,0,20,180,6,6,11,739,90
telemetry,20:34:25,,1472,34.99,0.00,0,153,180,6,6,12,739,90
telemetry,20:34:26,,1473,34.99,0.12,0,415,180,6,6,12,739,90
telemetry,20:34:26,,1473,34.99,0.12,0,525,180,6,6,11,739,90
telemetry,20:34:27,,1474,34.06,0.42,0,973,180,6,6,13,740,90
telemetry,20:34:27,,1474,33.12,0.12,0,736,180,6,7,13,739,90
telemetry,20:34:28,,1475,35.93,0.12,0,986,180,6,7,13,739,90
telemetry,20:34:28,,1475,34.99,0.18,0,327,180,6,7,13,739,90
telemetry,20:34:29,,1476,34.99,0.06,0,258,180,6,7,13,739,90
telemetry,20:34:29,,1476,35.46,0.18,0,375,180,6,6,13,739,90
telemetry,20:34:30,,1477,35.46,0.12,0,528,180,6,6,11,739,90
telemetry,20:34:30,,1477,34.99,0.18,0,982,180,6,6,11,739,90
telemetry,20:34:31,,1478,34.99,0.06,0,424,180,6,6,12,740,90
telemetry,20:34:31,,1478,34.99,0.24,0,298,180,6,6,11,739,90
telemetry,20:34:32,,1479,34.99,0.06,0,602,180,6,6,11,739,90
telemetry,20:34:32,,1479,35.46,0.12,0,772,180,6,6,12,740,90
telemetry,20:34:33,,1480,35.46,0.24,0,391,180,6,6,11,739,90
telemetry,20:34:33,,1480,37.33,0.12,0,195,180,6,7,12,739,90
telemetry,20:34:34,,1481,34.99,0.36,0,220,180,6,7,13,739,90
telemetry,20:34:34,,1481,34.53,0.36,0,310,180,6,7,12,740,90
telemetry,20:34:35,,1482,34.99,0.12,0,805,180,6,7,13,740,90
telemetry,20:34:35,,1482,34.06,0.12,0,927,180,6,7,12,739,90
telemetry,20:34:36,,1483,34.99,0.12,0,498,180,6,7,12,740,90
telemetry,20:34:36,,1483,34.99,0.18,0,606,180,6,7,12,739,90
telemetry,20:34:37,,1484,35.93,0.18,0,572,180,6,7,12,740,90
telemetry,20:34:37,,1484,35.46,0.12,0,426,180,6,7,12,739,90
telemetry,20:34:38,,1485,35.46,0.00,0,312,180,6,7,12,739,90
telemetry,20:34:38,,1485,35.93,0.18,0,255,180,6,7,13,739,90
telemetry,20:34:39,,1486,34.99,0.12,0,659,180,6,7,11,739,90
telemetry,20:34:39,,1486,34.99,0.06,0,891,180,6,7,12,739,90
telemetry,20:34:40,,1487,34.99,0.18,0,330,180,6,7,12,739,90
telemetry,20:34:40,,1487,34.99,0.12,0,804,180,6,7,12,739,90
telemetry,20:34:41,,1488,37.33,0.18,0,579,180,6,7,12,739,90
telemetry,20:34:41,,1489,34.99,0.12,0,212,180,6,6,11,740,90
telemetry,20:34:42,,1489,35.46,0.06,0,795,180,6,7,11,740,90
telemetry,20:34:42,,1490,34.06,0.12,0,272,180,6,7,12,740,90
telemetry,20:34:43,,1490,35.46,0.18,0,895,180,6,7,11,739,90
telemetry,20:34:43,,1491,34.99,0.18,0,406,180,6,7,12,740,90
telemetry,20:34:44,,1491,34.99,0.12,0,363,180,6,7,11,740,90
telemetry,20:34:44,,1492,34.99,0.12,0,434,180,6,6,11,739,90
telemetry,20:34:45,,1492,35.46,0.06,0,644,180,6,6,11,739,90
telemetry,20:34:45,,1493,32.65,0.24,0,344,180,6,6,10,740,90
telemetry,20:34:46,,1493,34.53,0.18,0,793,180,6,6,11,740,90
telemetry,20:34:46,,1494,33.59,0.12,0,527,180,6,7,11,739,90
telemetry,20:34:47,,1494,33.12,0.12,0,69,180,6,7,13,738,90
telemetry,20:34:47,,1495,34.99,0.00,0,676,180,6,7,13,740,90
telemetry,20:34:48,,1495,35.46,0.12,0,673,180,6,7,13,738,90
telemetry,20:34:48,,1496,35.46,0.18,0,931,180,6,7,13,740,90
telemetry,20:34:49,,1496,34.99,0.12,0,364,180,6,7,12,740,90
telemetry,20:34:49,,1497,34.99,0.12,0,775,180,6,7,13,740,90
telemetry,20:34:50,,1497,34.99,0.18,0,463,180,6,7,12,740,90
telemetry,20:34:51,,1498,34.53,0.18,0,329,180,6,7,13,740,90
telemetry,20:34:51,,1498,35.46,0.18,0,342,180,6,7,13,739,90
telemetry,20:34:51,,1499,34.99,0.18,0,184,180,6,7,12,739,90
telemetry,20:34:52,,1499,35.46,0.12,0,171,180,6,7,12,740,90
telemetry,20:34:53,,1500,35.46,0.12,0,943,180,6,7,11,740,90
telemetry,20:34:53,,1500,35.46,0.12,0,177,180,6,7,11,740,90
telemetry,20:34:53,,1501,33.59,0.06,0,597,180,6,7,11,740,90
telemetry,20:34:54,,1501,35.93,0.12,0,343,180,6,7,12,740,90
telemetry,20:34:55,,1502,35.46,0.06,0,797,180,6,7,12,739,90
telemetry,20:34:55,,1502,34.99,0.18,0,170,180,6,7,12,740,90
telemetry,20:34:56,,1503,34.99,0.12,0,976,180,6,6,12,740,90
telemetry,20:34:56,,1503,35.93,0.06,0,749,181,6,7,12,739,90
telemetry,20:34:57,,1504,34.99,0.12,0,510,180,6,7,12,739,90
telemetry,20:34:57,,1504,35.46,0.12,0,141,180,6,7,12,739,90
telemetry,20:34:58,,1505,34.99,0.30,0,830,180,6,7,12,740,90
telemetry,20:34:58,,1505,35.46,0.06,0,115,180,6,7,12,740,90
telemetry,20:34:59,,1506,35.46,0.06,0,927,180,6,7,12,739,90
telemetry,20:34:59,,1506,35.46,0.12,0,272,180,6,7,12,739,90
telemetry,20:35:00,,1507,34.99,0.18,0,16,180,6,7,12,739,90
telemetry,20:35:00,,1507,35.46,0.06,0,279,180,6,7,12,740,90
telemetry,20:35:01,,1508,35.46,0.12,0,332,180,6,7,12,740,90
telemetry,20:35:01,,1508,33.12,0.12,0,452,180,6,7,12,739,90
telemetry,20:35:02,,1509,34.99,0.18,0,516,180,6,7,12,740,90
telemetry,20:35:02,,1509,34.53,0.06,0,317,180,6,7,12,740,90
telemetry,20:35:03,,1510,34.99,0.06,0,872,180,6,7,12,739,90
telemetry,20:35:03,,1510,34.99,0.18,0,421,180,6,6,12,740,90
telemetry,20:35:04,,1511,34.99,0.18,0,497,180,6,7,12,739,90
telemetry,20:35:04,,1511,34.53,0.12,0,303,180,6,6,12,740,90
telemetry,20:35:05,,1512,34.99,0.12,0,255,180,6,6,12,740,90
telemetry,20:35:05,,1512,35.93,0.24,0,923,180,6,6,12,739,90
telemetry,20:35:06,,1513,35.46,0.18,0,449,180,6,7,14,740,90
telemetry,20:35:06,,1513,35.93,0.18,0,427,180,6,7,15,740,90
telemetry,20:35:07,,1514,35.46,0.12,0,351,180,6,7,14,740,90
telemetry,20:35:07,,1514,34.99,0.24,0,526,181,6,7,14,739,90
telemetry,20:35:08,,1515,34.99,0.60,0,527,181,6,7,13,739,90
telemetry,20:35:08,,1515,34.53,0.18,0,246,180,6,7,13,739,90
telemetry,20:35:09,,1516,34.53,0.24,0,203,181,6,7,13,740,90
telemetry,20:35:09,,1516,35.46,0.24,0,72,180,6,7,13,739,90
telemetry,20:35:10,,1517,34.99,0.00,0,450,180,6,7,13,740,90
telemetry,20:35:10,,1517,34.99,0.24,0,746,180,6,7,14,740,90
telemetry,20:35:11,,1518,34.99,0.18,0,266,180,6,7,15,739,90
telemetry,20:35:11,,1518,34.06,0.36,0,629,180,6,7,14,740,90
telemetry,20:35:12,,1519,34.53,0.06,0,313,182,6,6,13,740,90
telemetry,20:35:12,,1519,33.12,0.30,0,599,181,6,6,14,740,90
telemetry,20:35:13,,1520,35.93,0.06,0,984,181,6,6,14,739,90
telemetry,20:35:13,,1520,34.99,0.12,0,974,182,6,6,13,740,90
telemetry,20:35:14,,1521,34.99,0.12,0,392,182,6,6,14,740,90
pc_command,20:35:14,40,0,0.00,NA,0,0,0,0,0,0,NA,90
pico_reply,20:35:14,ACK%2CSET_VALUE%2C40,0,0.00,NA,0,0,0,0,0,0,NA,90
telemetry,20:35:14,,1521,34.99,44.45,40,778,185,6,6,12,655,90
telemetry,20:35:15,,1522,34.99,26.70,40,837,184,6,4,12,687,90
telemetry,20:35:15,,1522,35.46,3.78,40,156,181,6,4,10,710,90
telemetry,20:35:16,,1523,33.12,-6.70,40,507,182,6,4,10,595,90
telemetry,20:35:16,,1523,34.99,-18.17,40,933,182,6,5,12,618,90
telemetry,20:35:17,,1524,35.46,-27.01,40,669,184,7,5,13,738,90
telemetry,20:35:17,,1524,34.99,-19.32,40,264,178,6,6,12,848,90
telemetry,20:35:18,,1525,34.99,-10.18,40,616,166,4,6,12,930,90
telemetry,20:35:18,,1525,35.46,-4.14,40,559,165,4,7,12,991,90
telemetry,20:35:19,,1526,34.06,3.29,40,983,165,5,6,12,990,90
pc_command,20:35:19,0,0,0.00,NA,0,0,0,0,0,0,NA,90
pico_reply,20:35:19,ACK%2CSET_VALUE%2C0,0,0.00,NA,0,0,0,0,0,0,NA,90
telemetry,20:35:19,,1526,34.99,-37.31,0,241,140,6,7,18,681,90
telemetry,20:35:20,,1527,37.33,-16.21,0,688,98,12,8,129,682,90
telemetry,20:35:20,,1527,35.46,4.45,0,928,90,12,8,135,682,90
telemetry,20:35:21,,1528,35.46,20.00,0,759,115,11,8,116,682,90
telemetry,20:35:21,,1528,35.46,27.37,0,76,147,5,7,16,682,90
telemetry,20:35:22,,1529,34.06,26.58,0,52,174,4,6,12,682,90
telemetry,20:35:22,,1529,34.99,17.74,0,735,185,7,5,12,681,90
pc_command,20:35:22,CAPTURE,0,0.00,NA,0,0,0,0,0,0,NA,90
pico_reply,20:35:22,ACK%2CCAPTURE,0,0.00,NA,0,0,0,0,0,0,NA,90
camera,20:35:24,Camera%20image%20saved%3A%20camera_20260910_203524_177.bmp,0,0.00,NA,0,0,0,0,0,0,NA,90
telemetry,20:35:24,,1531,35.46,-2.62,0,939,184,7,5,13,682,90
telemetry,20:35:24,,1531,34.99,-2.74,0,307,184,7,5,13,681,90
telemetry,20:35:25,,1532,35.46,-4.69,0,639,185,7,5,12,682,90
telemetry,20:35:25,,1532,35.93,-5.85,0,116,186,6,6,12,682,90
telemetry,20:35:26,,1533,35.46,-4.57,0,587,182,6,6,12,682,90
telemetry,20:35:26,,1533,34.99,2.37,0,904,181,6,6,14,682,90
telemetry,20:35:27,,1534,35.93,0.73,0,910,181,6,7,13,682,90
telemetry,20:35:27,,1534,37.33,0.54,0,933,181,6,7,13,682,90
telemetry,20:35:28,,1535,34.53,0.24,0,830,180,6,7,13,682,90
telemetry,20:35:28,,1535,34.99,0.12,0,740,181,6,7,14,682,90
telemetry,20:35:29,,1536,34.99,0.06,0,84,181,6,7,14,683,90
pc_command,20:35:29,CAPTURE,0,0.00,NA,0,0,0,0,0,0,NA,90
pico_reply,20:35:29,ACK%2CCAPTURE,0,0.00,NA,0,0,0,0,0,0,NA,90
camera,20:35:30,Camera%20image%20saved%3A%20camera_20260910_203530_732.bmp,0,0.00,NA,0,0,0,0,0,0,NA,90
telemetry,20:35:30,,1537,35.46,0.18,0,603,180,6,7,14,682,90
telemetry,20:35:31,,1538,35.46,0.18,0,97,181,6,6,13,682,90
telemetry,20:35:31,,1538,34.99,0.12,0,116,181,6,7,14,682,90
telemetry,20:35:32,,1539,35.46,0.12,0,474,181,6,7,14,681,90
telemetry,20:35:32,,1539,35.46,0.18,0,699,181,6,7,14,682,90
telemetry,20:35:33,,1540,35.93,0.18,0,495,181,6,7,14,682,90
telemetry,20:35:33,,1540,34.99,0.12,0,320,181,6,7,14,683,90
telemetry,20:35:34,,1541,35.93,0.06,0,517,181,6,7,14,682,90
telemetry,20:35:34,,1541,35.46,0.12,0,678,181,6,7,14,682,90
telemetry,20:35:35,,1542,34.99,0.18,0,995,181,6,7,14,682,90
telemetry,20:35:35,,1543,34.53,0.06,0,46,181,6,7,14,682,90
telemetry,20:35:36,,1543,34.99,0.12,0,744,181,6,6,12,683,90
telemetry,20:35:36,,1544,35.46,0.06,0,9,180,6,6,12,683,90
telemetry,20:35:37,,1544,34.99,0.12,0,547,180,6,7,13,682,90
telemetry,20:35:37,,1545,34.99,0.30,0,713,180,6,7,13,681,90
telemetry,20:35:38,,1545,35.93,0.12,0,312,180,6,7,13,683,90
telemetry,20:35:38,,1546,35.46,0.06,0,537,180,6,7,13,682,90
telemetry,20:35:39,,1546,35.46,0.06,0,896,181,6,7,14,682,90
telemetry,20:35:39,,1547,34.99,0.12,0,651,181,6,7,14,682,90
telemetry,20:35:40,,1547,34.06,0.12,0,703,181,6,7,14,682,90
telemetry,20:35:40,,1548,35.46,0.12,0,494,181,6,7,14,682,90
telemetry,20:35:41,,1548,35.46,0.06,0,330,181,6,7,14,683,90
telemetry,20:35:41,,1549,35.46,0.18,0,423,181,6,7,14,682,90
telemetry,20:35:42,,1549,33.59,0.18,0,664,181,6,7,13,682,90
telemetry,20:35:42,,1550,34.99,0.12,0,794,181,6,7,13,682,90
telemetry,20:35:43,,1550,35.46,0.24,0,634,181,6,7,13,682,90
telemetry,20:35:43,,1551,34.99,0.00,0,818,181,6,7,14,682,90
telemetry,20:35:44,,1551,35.46,0.18,0,609,181,6,7,14,683,90
telemetry,20:35:44,,1552,34.99,0.18,0,261,180,6,7,14,683,90
telemetry,20:35:45,,1552,34.99,0.18,0,613,181,6,7,14,682,90
telemetry,20:35:45,,1553,34.99,0.06,0,64,182,6,6,14,682,90
telemetry,20:35:46,,1553,34.99,0.06,0,55,182,6,5,12,683,90
telemetry,20:35:46,,1554,33.12,0.18,0,185,181,6,5,11,682,90
telemetry,20:35:47,,1554,34.99,0.12,0,814,181,6,5,11,682,90
telemetry,20:35:48,,1555,34.99,0.12,0,63,181,6,5,11,683,90
telemetry,20:35:48,,1555,34.99,0.12,0,438,181,6,6,11,683,90
telemetry,20:35:49,,1556,34.53,0.18,0,596,181,6,6,12,683,90
telemetry,20:35:49,,1556,34.99,0.18,0,799,181,6,6,12,682,90
telemetry,20:35:50,,1557,34.99,0.24,0,840,181,6,6,11,683,90
telemetry,20:35:50,,1557,35.46,0.12,0,883,181,6,6,11,683,90
telemetry,20:35:50,,1558,34.99,0.18,0,549,180,6,6,11,683,90
telemetry,20:35:51,,1558,34.53,0.18,0,194,180,6,7,12,683,90
telemetry,20:35:52,,1559,34.99,0.06,0,427,180,6,6,12,682,90
telemetry,20:35:52,,1559,35.93,0.18,0,714,180,6,6,11,682,90
telemetry,20:35:53,,1560,35.46,0.06,0,83,180,6,7,12,682,90
telemetry,20:35:53,,1560,35.46,0.12,0,684,181,6,6,11,682,90
telemetry,20:35:54,,1561,34.99,0.12,0,49,181,6,6,11,682,90
telemetry,20:35:54,,1561,34.99,0.06,0,673,181,6,6,12,683,90
telemetry,20:35:55,,1562,34.53,0.06,0,475,181,6,6,12,681,90
telemetry,20:35:55,,1562,34.53,0.18,0,847,181,6,6,12,683,90
telemetry,20:35:56,,1563,34.99,0.12,0,298,182,6,6,12,683,90
pc_command,20:35:56,30,0,0.00,NA,0,0,0,0,0,0,NA,90
pico_reply,20:35:56,ACK%2CSET_VALUE%2C30,0,0.00,NA,0,0,0,0,0,0,NA,90
telemetry,20:35:56,,1563,34.99,35.60,30,809,186,7,5,12,917,90
telemetry,20:35:57,,1564,34.99,24.26,30,214,184,6,4,12,699,90
telemetry,20:35:57,,1564,34.53,-10.97,30,96,185,6,4,11,674,90
telemetry,20:35:58,,1565,34.99,-15.97,30,719,183,6,4,12,897,90
telemetry,20:35:58,,1565,32.65,-16.28,30,53,185,6,5,13,990,90
telemetry,20:35:59,,1566,37.80,-22.68,30,51,181,6,6,12,992,90
pc_command,20:35:59,0,0,0.00,NA,0,0,0,0,0,0,NA,90
pico_reply,20:35:59,ACK%2CSET_VALUE%2C0,0,0.00,NA,0,0,0,0,0,0,NA,90
telemetry,20:35:59,,1566,35.46,-37.37,0,3,170,4,7,12,776,90
telemetry,20:36:00,,1567,35.46,-36.52,0,489,122,11,8,108,807,90
telemetry,20:36:00,,1567,35.46,-11.58,0,532,76,11,9,148,809,90
telemetry,20:36:01,,1568,37.33,12.68,0,856,81,11,9,143,809,90
pc_command,20:36:01,CAPTURE,0,0.00,NA,0,0,0,0,0,0,NA,90
pico_reply,20:36:01,ACK%2CCAPTURE,0,0.00,NA,0,0,0,0,0,0,NA,90
camera,20:36:03,Camera%20image%20saved%3A%20camera_20260910_203603_727.bmp,0,0.00,NA,0,0,0,0,0,0,NA,90
telemetry,20:36:03,,1570,35.46,-3.53,0,704,183,6,5,13,809,90
telemetry,20:36:04,,1571,35.46,-9.69,0,260,185,7,5,13,809,90
telemetry,20:36:06,,1571,34.99,-9.32,0,72,186,7,6,12,809,90
telemetry,20:36:06,,1572,34.53,-9.14,0,479,180,6,5,11,810,90
telemetry,20:36:06,,1572,34.99,-5.30,0,925,177,5,6,11,809,90
telemetry,20:36:06,,1573,34.99,0.79,0,167,177,5,6,11,809,90
telemetry,20:36:06,,1573,34.99,-1.34,0,912,178,5,7,13,809,90
telemetry,20:36:07,,1574,34.99,0.18,0,594,177,5,7,12,809,90
pc_command,20:36:07,CAPTURE,0,0.00,NA,0,0,0,0,0,0,NA,90
pico_reply,20:36:07,ACK%2CCAPTURE,0,0.00,NA,0,0,0,0,0,0,NA,90
camera,20:36:10,Camera%20image%20saved%3A%20camera_20260910_203610_107.bmp,0,0.00,NA,0,0,0,0,0,0,NA,90
telemetry,20:36:10,,1577,34.99,0.12,0,191,183,5,7,12,809,90
telemetry,20:36:10,,1577,35.46,0.18,0,399,177,5,7,12,809,90
telemetry,20:36:11,,1578,35.46,0.36,0,239,177,5,8,14,809,90
telemetry,20:36:13,,1578,34.99,0.06,0,331,177,5,7,15,809,90
telemetry,20:36:13,,1579,35.46,0.06,0,406,177,5,7,13,809,90
telemetry,20:36:13,,1579,34.99,0.12,0,573,177,5,7,13,809,90
telemetry,20:36:13,,1580,34.99,0.54,0,690,177,5,7,13,809,90
telemetry,20:36:13,,1580,35.46,0.18,0,126,177,5,7,13,809,90
telemetry,20:36:14,,1581,35.46,0.30,0,105,177,5,7,15,809,90
telemetry,20:36:14,,1581,36.87,0.12,0,412,177,5,7,12,809,90
telemetry,20:36:15,,1582,34.99,0.30,0,322,177,5,7,14,809,90
telemetry,20:36:15,,1582,34.06,0.12,0,152,177,5,7,13,809,90
telemetry,20:36:16,,1583,34.99,0.12,0,135,177,5,7,13,809,90
telemetry,20:36:16,,1583,34.99,0.06,0,606,177,5,7,12,809,90
telemetry,20:36:17,,1584,34.99,0.12,0,755,177,5,7,12,809,90
telemetry,20:36:17,,1584,34.99,0.06,0,961,177,5,7,12,809,89
telemetry,20:36:18,,1585,35.46,0.18,0,693,178,5,7,12,808,89
telemetry,20:36:18,,1585,35.46,0.12,0,663,177,5,7,11,808,89
telemetry,20:36:20,,1586,35.46,0.18,0,538,177,5,7,11,809,89
telemetry,20:36:20,,1586,33.12,0.12,0,248,177,5,7,11,809,89
telemetry,20:36:20,,1587,33.12,0.06,0,282,177,5,7,12,809,89
telemetry,20:36:20,,1587,35.93,0.12,0,239,177,5,7,12,809,89
telemetry,20:36:21,,1588,34.53,0.18,0,585,177,5,7,12,809,89
telemetry,20:36:21,,1588,34.53,0.18,0,590,177,5,7,12,808,89
telemetry,20:36:22,,1589,34.53,0.12,0,380,178,5,7,12,809,89
telemetry,20:36:22,,1589,34.53,0.12,0,976,177,5,7,12,809,89
telemetry,20:36:23,,1590,35.46,0.18,0,60,177,5,7,13,809,89
telemetry,20:36:23,,1590,35.93,0.24,0,521,177,5,7,14,809,89
telemetry,20:36:24,,1591,34.99,0.48,0,194,177,5,7,12,809,89
telemetry,20:36:24,,1591,35.46,0.12,0,480,177,5,7,13,809,89
telemetry,20:36:25,,1592,34.99,0.18,0,634,177,5,8,16,809,89
telemetry,20:36:25,,1592,35.46,0.18,0,341,177,5,8,16,809,89
telemetry,20:36:26,,1593,35.46,0.12,0,901,177,5,8,16,809,89
telemetry,20:36:26,,1594,34.99,0.12,0,852,177,5,8,15,809,89
telemetry,20:36:27,,1594,34.53,0.24,0,129,177,5,8,15,809,89
telemetry,20:36:27,,1595,33.12,0.12,0,637,177,5,8,16,810,87
telemetry,20:36:28,,1595,34.99,0.18,0,927,178,5,8,16,809,87
telemetry,20:36:28,,1596,34.53,0.06,0,611,178,5,8,15,810,87
telemetry,20:36:29,,1596,35.46,0.12,0,604,177,5,7,14,809,87
telemetry,20:36:29,,1597,34.99,0.12,0,844,177,5,8,15,809,87
telemetry,20:36:30,,1597,34.99,0.12,0,267,177,5,8,15,809,87
telemetry,20:36:30,,1598,34.99,0.12,0,75,177,5,8,14,809,87
telemetry,20:36:31,,1598,35.46,0.18,0,900,177,5,8,13,809,87
telemetry,20:36:31,,1599,34.99,0.12,0,307,177,5,8,14,809,87
telemetry,20:36:32,,1599,33.12,0.06,0,973,177,5,8,13,809,87
telemetry,20:36:32,,1600,34.99,0.18,0,611,177,5,8,13,810,87
telemetry,20:36:33,,1600,34.99,0.18,0,624,177,5,8,15,810,87
telemetry,20:36:33,,1601,35.46,0.12,0,345,177,5,8,14,809,87
telemetry,20:36:34,,1601,35.93,0.18,0,765,177,5,8,14,809,87
telemetry,20:36:34,,1602,34.53,0.12,0,874,177,5,8,14,809,87
telemetry,20:36:35,,1602,34.99,0.24,0,185,177,5,8,14,810,87
telemetry,20:36:35,,1603,34.99,0.12,0,677,177,5,8,13,809,87
telemetry,20:36:36,,1603,34.53,0.12,0,61,177,5,7,13,809,87
telemetry,20:36:36,,1604,34.99,0.12,0,646,177,5,8,13,809,87
telemetry,20:36:37,,1604,33.12,0.12,0,409,177,5,8,13,809,87
telemetry,20:36:38,,1605,35.46,0.12,0,530,177,5,8,13,809,87
telemetry,20:36:38,,1605,35.46,0.06,0,257,178,5,8,13,809,87
telemetry,20:36:39,,1606,34.99,0.18,0,622,177,5,8,13,809,87
telemetry,20:36:39,,1606,34.99,0.18,0,430,177,5,8,13,809,87
telemetry,20:36:40,,1607,35.46,0.06,0,685,177,5,8,13,809,87
telemetry,20:36:40,,1607,35.46,0.18,0,711,177,5,8,13,810,87
telemetry,20:36:41,,1608,35.46,0.12,0,888,177,5,8,13,809,87
telemetry,20:36:41,,1608,35.46,0.12,0,819,177,5,7,12,809,87
telemetry,20:36:42,,1609,35.46,0.18,0,696,177,5,7,11,809,87
telemetry,20:36:42,,1609,34.99,0.12,0,816,177,5,7,11,810,87
telemetry,20:36:43,,1610,34.99,0.12,0,533,177,5,8,12,809,87
telemetry,20:36:43,,1610,35.46,0.06,0,277,177,5,8,14,809,87
telemetry,20:36:44,,1611,34.99,0.30,0,341,177,5,8,13,810,87
telemetry,20:36:44,,1611,34.99,0.06,0,851,177,5,8,14,810,87
telemetry,20:36:45,,1612,34.99,0.30,0,630,177,5,8,14,810,87
telemetry,20:36:45,,1612,35.46,0.12,0,27,177,5,8,13,809,87
telemetry,20:36:46,,1613,34.53,0.18,0,913,177,5,8,13,809,87
telemetry,20:36:46,,1613,34.53,0.18,0,316,177,5,7,13,809,87
telemetry,20:36:47,,1614,35.46,0.12,0,987,177,5,7,12,809,87
telemetry,20:36:47,,1614,36.40,0.12,0,72,177,5,7,12,809,87
telemetry,20:36:48,,1615,35.93,0.12,0,888,177,5,7,12,810,87
telemetry,20:36:48,,1615,34.99,0.00,0,545,177,5,7,12,809,87
telemetry,20:36:49,,1616,34.99,0.06,0,848,177,5,8,13,809,87
telemetry,20:36:49,,1616,35.46,0.18,0,102,177,5,8,14,810,87
telemetry,20:36:50,,1617,34.99,0.12,0,504,177,5,8,14,809,87
telemetry,20:36:50,,1617,34.99,0.12,0,845,177,5,8,14,810,87
telemetry,20:36:51,,1618,34.99,0.06,0,444,177,5,8,14,809,87
telemetry,20:36:51,,1618,34.99,0.12,0,2,177,5,7,14,810,87
telemetry,20:36:52,,1619,35.46,0.12,0,371,177,5,8,13,810,87
telemetry,20:36:52,,1619,34.99,0.12,0,641,177,5,7,13,809,87
telemetry,20:36:53,,1620,35.46,0.18,0,443,177,5,7,13,809,87
telemetry,20:36:53,,1620,34.99,0.06,0,770,177,5,7,13,810,87
telemetry,20:36:54,,1621,35.46,0.12,0,123,177,5,7,13,810,87
telemetry,20:36:54,,1621,34.53,0.06,0,718,177,5,7,13,809,87
telemetry,20:36:55,,1622,34.99,0.12,0,942,177,5,7,13,809,87
telemetry,20:36:55,,1622,34.53,0.06,0,553,177,5,7,13,810,87
telemetry,20:36:56,,1623,37.33,0.18,0,256,177,5,8,14,809,87
telemetry,20:36:56,,1623,34.06,0.18,0,364,178,5,8,13,809,87
telemetry,20:36:57,,1624,34.53,0.18,0,167,177,5,7,13,810,87
telemetry,20:36:57,,1624,34.53,0.24,0,164,177,5,7,13,810,87
telemetry,20:36:58,,1625,35.93,0.18,0,462,177,5,7,12,809,87
telemetry,20:36:58,,1625,34.99,0.24,0,469,177,5,6,11,810,87
telemetry,20:36:59,,1626,34.99,0.12,0,263,177,5,6,12,809,87
telemetry,20:36:59,,1626,34.99,0.18,0,147,177,5,6,11,810,87
telemetry,20:37:00,,1627,35.46,0.24,0,444,177,5,6,11,809,87
pc_command,20:37:00,CAPTURE,0,0.00,NA,0,0,0,0,0,0,NA,87
pico_reply,20:37:00,ACK%2CCAPTURE,0,0.00,NA,0,0,0,0,0,0,NA,87
camera,20:37:01,Camera%20image%20saved%3A%20camera_20260910_203701_362.bmp,0,0.00,NA,0,0,0,0,0,0,NA,87
telemetry,20:37:01,,1628,34.53,0.24,0,695,177,4,6,11,811,87
telemetry,20:37:01,,1629,35.46,0.00,0,723,177,5,6,11,810,87
telemetry,20:37:02,,1629,34.53,0.24,0,10,177,5,6,11,809,87
telemetry,20:37:03,,1630,34.99,0.06,0,211,177,5,6,11,809,87
telemetry,20:37:03,,1630,34.99,0.24,0,358,177,5,6,11,809,87
telemetry,20:37:04,,1631,34.99,0.12,0,411,177,5,6,11,809,87
telemetry,20:37:04,,1631,34.99,0.00,0,939,177,5,6,12,810,87
telemetry,20:37:04,,1632,34.99,0.54,0,440,177,5,6,12,810,87
telemetry,20:37:05,,1632,34.99,0.00,0,407,177,5,6,12,809,87
telemetry,20:37:05,,1633,34.06,0.00,0,131,177,5,6,11,809,87
telemetry,20:37:06,,1633,35.46,0.18,0,627,176,5,6,11,810,87
telemetry,20:37:06,,1634,34.53,0.06,0,625,177,5,7,12,810,87
telemetry,20:37:07,,1634,34.99,0.18,0,781,177,5,7,13,809,87
telemetry,20:37:08,,1635,35.46,0.42,0,540,176,5,7,13,810,87
telemetry,20:37:08,,1635,34.53,0.42,0,860,176,5,6,12,809,87
telemetry,20:37:09,,1636,34.99,0.48,0,720,177,5,6,13,810,87
telemetry,20:37:09,,1636,37.33,0.06,0,378,176,5,6,12,809,87
telemetry,20:37:10,,1637,35.46,0.12,0,498,177,5,6,12,810,87
telemetry,20:37:10,,1637,34.99,0.48,0,589,177,5,6,11,809,87
telemetry,20:37:11,,1638,34.53,0.00,0,622,176,5,6,12,809,87
telemetry,20:37:11,,1638,35.46,0.00,0,654,177,5,6,12,810,87
pc_command,20:37:11,100,0,0.00,NA,0,0,0,0,0,0,NA,87
pico_reply,20:37:11,ACK%2CSET_VALUE%2C100,0,0.00,NA,0,0,0,0,0,0,NA,87
pc_command,20:37:14,0,0,0.00,NA,0,0,0,0,0,0,NA,87
pc_command,20:37:15,CAPTURE,0,0.00,NA,0,0,0,0,0,0,NA,87
telemetry,20:37:17,,1639,34.99,45.97,100,495,183,7,5,13,624,87
telemetry,20:37:17,,1639,34.99,27.25,100,771,181,6,4,10,708,87
telemetry,20:37:17,,1640,34.99,1.28,100,199,180,41,4,10,656,87
telemetry,20:37:17,,1640,34.99,-14.93,100,736,183,9,4,10,720,87
telemetry,20:37:17,,1641,35.46,-25.60,100,242,182,6,4,16,905,87
pico_reply,20:37:17,ACK%2CSET_VALUE%2C0,0,0.00,NA,0,0,0,0,0,0,NA,87
telemetry,20:37:17,,1641,34.99,-82.25,0,590,179,5,6,12,712,87
telemetry,20:37:17,,1642,34.53,-64.81,0,473,85,10,9,137,714,87
telemetry,20:37:17,,1642,35.46,-32.07,0,323,10,5,11,180,714,87
pico_reply,20:37:17,ACK%2CCAPTURE,0,0.00,NA,0,0,0,0,0,0,NA,87
camera,20:37:18,Camera%20image%20saved%3A%20camera_20260910_203718_922.bmp,0,0.00,NA,0,0,0,0,0,0,NA,88
telemetry,20:37:18,,1646,34.53,15.67,0,780,181,6,4,10,714,88
telemetry,20:37:19,,1646,34.53,-7.98,0,549,181,6,4,10,714,88
telemetry,20:37:20,,1647,34.99,-19.02,0,86,183,6,4,12,714,88
telemetry,20:37:20,,1647,35.46,-25.24,0,210,183,6,5,13,714,88
telemetry,20:37:21,,1648,35.46,-23.41,0,668,179,6,6,11,714,88
telemetry,20:37:21,,1648,34.53,-16.03,0,626,165,4,7,11,712,88
telemetry,20:37:22,,1649,34.99,-3.23,0,474,163,4,7,11,714,88
pc_command,20:37:22,100,0,0.00,NA,0,0,0,0,0,0,NA,88
pico_reply,20:37:22,ACK%2CSET_VALUE%2C100,0,0.00,NA,0,0,0,0,0,0,NA,88
telemetry,20:37:22,,1649,34.99,30.67,100,397,164,4,7,12,742,88
telemetry,20:37:22,,1650,34.53,49.32,100,368,182,6,5,14,635,88
pc_command,20:37:23,0,0,0.00,NA,0,0,0,0,0,0,NA,88
pico_reply,20:37:23,ACK%2CSET_VALUE%2C0,0,0.00,NA,0,0,0,0,0,0,NA,88
telemetry,20:37:24,,1650,35.46,-24.20,0,613,182,6,4,11,711,88
telemetry,20:37:24,,1651,34.99,-32.07,0,11,181,6,5,14,720,88
telemetry,20:37:24,,1651,34.53,-31.03,0,515,177,6,7,13,721,88
telemetry,20:37:25,,1652,34.53,-22.07,0,295,164,4,8,12,721,88
pc_command,20:37:25,CAPTURE,0,0.00,NA,0,0,0,0,0,0,NA,88
telemetry,20:37:25,,1652,34.53,-5.12,0,371,144,5,8,16,723,88
pico_reply,20:37:26,ACK%2CCAPTURE,0,0.00,NA,0,0,0,0,0,0,NA,88
camera,20:37:26,Camera%20image%20saved%3A%20camera_20260910_203726_927.bmp,0,0.00,NA,0,0,0,0,0,0,NA,88
telemetry,20:37:26,,1654,36.40,11.58,0,425,164,4,8,12,723,88
telemetry,20:37:27,,1654,34.99,9.26,0,323,176,5,7,12,723,88
telemetry,20:37:27,,1655,34.99,2.98,0,629,177,5,7,12,723,88
telemetry,20:37:28,,1655,34.99,-2.86,0,930,177,5,7,12,723,88
telemetry,20:37:28,,1656,34.99,0.73,0,129,176,5,7,12,724,88
telemetry,20:37:31,,1656,36.87,0.67,0,88,176,5,6,12,724,88
telemetry,20:37:31,,1657,34.06,0.00,0,468,176,5,6,13,724,88
telemetry,20:37:31,,1657,34.99,0.00,0,651,176,5,5,10,724,88
telemetry,20:37:31,,1658,34.53,0.06,0,519,176,5,5,10,724,88
telemetry,20:37:31,,1658,34.53,0.42,0,920,177,5,5,10,724,88
telemetry,20:37:31,,1659,34.53,0.12,0,919,177,5,5,10,724,88
pc_command,20:37:32,100,0,0.00,NA,0,0,0,0,0,0,NA,88
pico_reply,20:37:32,ACK%2CSET_VALUE%2C100,0,0.00,NA,0,0,0,0,0,0,NA,88
telemetry,20:37:32,,1659,35.46,46.09,100,272,183,6,5,13,956,88
telemetry,20:37:32,,1660,32.65,23.90,100,515,181,6,4,10,743,88
telemetry,20:37:33,,1660,34.99,1.03,100,615,181,41,4,10,577,88
pc_command,20:37:33,0,0,0.00,NA,0,0,0,0,0,0,NA,88
pico_reply,20:37:33,ACK%2CSET_VALUE%2C0,0,0.00,NA,0,0,0,0,0,0,NA,88
telemetry,20:37:34,,1661,35.46,-65.79,0,2,183,6,5,13,714,88
telemetry,20:37:34,,1661,34.53,-58.59,0,572,150,5,8,13,715,88
pc_command,20:37:34,CAPTURE,0,0.00,NA,0,0,0,0,0,0,NA,88
pico_reply,20:37:34,ACK%2CCAPTURE,0,0.00,NA,0,0,0,0,0,0,NA,88
camera,20:37:36,Camera%20image%20saved%3A%20camera_20260910_203736_177.bmp,0,0.00,NA,0,0,0,0,0,0,NA,88
telemetry,20:37:36,,1663,34.99,26.03,0,524,68,6,11,156,717,88
telemetry,20:37:36,,1663,35.93,37.37,0,56,126,8,10,101,717,88
telemetry,20:37:37,,1664,34.53,38.59,0,756,168,5,8,13,717,88
telemetry,20:37:37,,1664,34.53,28.10,0,751,183,7,6,14,716,88
telemetry,20:37:38,,1665,34.99,10.12,0,272,181,6,4,14,717,88
telemetry,20:37:38,,1665,34.53,-5.97,0,107,182,6,4,14,716,88
telemetry,20:37:39,,1666,34.99,-12.80,0,470,181,6,5,14,716,88
telemetry,20:37:39,,1666,35.46,-15.24,0,438,184,7,5,13,716,88
telemetry,20:37:40,,1667,34.99,-14.69,0,554,179,6,6,12,716,88
telemetry,20:37:40,,1667,34.53,-8.78,0,580,174,4,7,12,717,88
telemetry,20:37:41,,1668,34.99,-2.37,0,868,168,4,7,12,717,88
telemetry,20:37:41,,1668,34.06,1.21,0,517,168,4,7,12,717,88
telemetry,20:37:42,,1669,34.99,0.30,0,259,169,4,7,12,717,88
telemetry,20:37:42,,1669,34.53,0.00,0,950,169,4,7,12,717,88
pc_command,20:37:43,75,0,0.00,NA,0,0,0,0,0,0,NA,88
pico_reply,20:37:43,ACK%2CSET_VALUE%2C75,0,0.00,NA,0,0,0,0,0,0,NA,88
telemetry,20:37:43,,1670,35.46,0.85,75,619,169,4,7,13,724,88
telemetry,20:37:43,,1670,34.99,43.53,75,857,182,6,5,14,831,88
pc_command,20:37:44,0,0,0.00,NA,0,0,0,0,0,0,NA,88
pico_reply,20:37:44,ACK%2CSET_VALUE%2C0,0,0.00,NA,0,0,0,0,0,0,NA,88
telemetry,20:37:44,,1671,34.99,-27.07,0,344,183,6,4,12,730,88
telemetry,20:37:44,,1671,34.99,-32.92,0,85,184,7,5,14,734,88
telemetry,20:37:45,,1672,35.46,-28.41,0,390,173,4,7,13,735,88
pc_command,20:37:45,CAPTURE,0,0.00,NA,0,0,0,0,0,0,NA,88
pico_reply,20:37:45,ACK%2CCAPTURE,0,0.00,NA,0,0,0,0,0,0,NA,88
camera,20:37:46,Camera%20image%20saved%3A%20camera_20260910_203746_931.bmp,0,0.00,NA,0,0,0,0,0,0,NA,88
telemetry,20:37:46,,1674,34.53,11.09,0,465,155,5,8,11,737,88
telemetry,20:37:47,,1674,34.99,11.34,0,43,165,4,8,13,737,88
telemetry,20:37:48,,1675,34.99,8.90,0,465,175,4,7,13,736,89
telemetry,20:37:48,,1675,34.53,4.45,0,672,178,6,7,14,737,89
telemetry,20:37:49,,1676,34.53,-3.59,0,449,177,5,7,15,736,89
telemetry,20:37:49,,1676,34.99,1.15,0,331,177,5,7,14,737,89
telemetry,20:37:49,,1677,34.99,-1.28,0,831,177,5,7,15,737,89
telemetry,20:37:50,,1677,34.99,0.06,0,458,177,5,7,15,737,89
telemetry,20:37:51,,1678,36.87,0.18,0,424,177,5,7,14,736,89
telemetry,20:37:51,,1678,34.53,0.18,0,408,177,5,6,14,736,89
pc_command,20:37:51,100,0,0.00,NA,0,0,0,0,0,0,NA,89
pico_reply,20:37:51,ACK%2CSET_VALUE%2C100,0,0.00,NA,0,0,0,0,0,0,NA,89
telemetry,20:37:52,,1679,34.99,44.81,100,465,182,6,5,15,620,89
pc_command,20:37:52,0,0,0.00,NA,0,0,0,0,0,0,NA,89
telemetry,20:37:52,,1679,34.99,21.46,100,929,183,6,4,12,714,89
pico_reply,20:37:52,ACK%2CSET_VALUE%2C0,0,0.00,NA,0,0,0,0,0,0,NA,89
telemetry,20:37:53,,1680,34.99,-40.42,0,767,182,6,5,14,694,89
telemetry,20:37:53,,1680,34.53,-38.04,0,801,175,5,7,13,697,89
pc_command,20:37:53,CAPTURE,0,0.00,NA,0,0,0,0,0,0,NA,89
pico_reply,20:37:53,ACK%2CCAPTURE,0,0.00,NA,0,0,0,0,0,0,NA,89
camera,20:37:55,Camera%20image%20saved%3A%20camera_20260910_203755_129.bmp,0,0.00,NA,0,0,0,0,0,0,NA,89
telemetry,20:37:55,,1682,34.53,12.74,0,609,125,7,9,94,702,89
telemetry,20:37:55,,1682,34.53,18.96,0,467,151,5,8,12,701,89
telemetry,20:37:56,,1683,34.99,19.75,0,819,167,4,8,14,702,89
telemetry,20:37:56,,1683,34.99,13.35,0,889,178,6,7,14,701,89
telemetry,20:37:57,,1684,34.99,4.81,0,535,184,7,6,15,702,89
telemetry,20:37:57,,1684,34.53,-3.65,0,108,184,6,6,15,702,89
telemetry,20:37:58,,1685,34.99,-4.26,0,626,182,6,6,14,702,89
telemetry,20:37:58,,1685,35.93,1.46,0,741,179,6,6,13,702,89
pc_command,20:37:58,100,0,0.00,NA,0,0,0,0,0,0,NA,89
pico_reply,20:37:59,ACK%2CSET_VALUE%2C100,0,0.00,NA,0,0,0,0,0,0,NA,89
telemetry,20:37:59,,1686,34.99,47.86,100,450,184,7,5,13,863,89
telemetry,20:37:59,,1686,34.99,32.80,100,641,181,6,4,11,985,89
telemetry,20:38:00,,1687,34.99,7.68,100,757,178,45,3,10,986,89
telemetry,20:38:00,,1687,34.99,-11.03,100,782,182,37,4,11,990,89
pc_command,20:38:00,0,0,0.00,NA,0,0,0,0,0,0,NA,89
pico_reply,20:38:00,ACK%2CSET_VALUE%2C0,0,0.00,NA,0,0,0,0,0,0,NA,89
telemetry,20:38:01,,1688,34.53,-72.92,0,468,184,7,6,12,807,89
telemetry,20:38:01,,1688,34.99,-60.73,0,445,125,8,9,103,811,89
pc_command,20:38:02,CAPTURE,0,0.00,NA,0,0,0,0,0,0,NA,89
pico_reply,20:38:02,ACK%2CCAPTURE,0,0.00,NA,0,0,0,0,0,0,NA,89
camera,20:38:03,Camera%20image%20saved%3A%20camera_20260910_203803_273.bmp,0,0.00,NA,0,0,0,0,0,0,NA,89
telemetry,20:38:03,,1690,34.99,20.85,0,156,31,4,13,176,813,89
telemetry,20:38:03,,1690,34.99,37.68,0,985,85,11,12,140,813,89
telemetry,20:38:04,,1691,35.46,44.75,0,621,151,5,9,15,814,89
telemetry,20:38:04,,1691,34.53,39.32,0,29,183,6,7,13,814,89
telemetry,20:38:05,,1692,34.53,22.56,0,655,181,6,5,13,815,89
telemetry,20:38:05,,1692,34.06,0.67,0,294,182,6,4,12,814,89
telemetry,20:38:06,,1693,34.99,-13.35,0,36,183,6,5,15,814,89
pc_command,20:38:06,CAPTURE,0,0.00,NA,0,0,0,0,0,0,NA,89
pico_reply,20:38:06,ACK%2CCAPTURE,0,0.00,NA,0,0,0,0,0,0,NA,89
camera,20:38:07,Camera%20image%20saved%3A%20camera_20260910_203807_769.bmp,0,0.00,NA,0,0,0,0,0,0,NA,89
telemetry,20:38:07,,1694,34.53,-14.81,0,521,176,5,7,12,815,89
telemetry,20:38:08,,1695,35.46,-5.00,0,954,165,4,8,12,815,89
pc_command,20:38:08,CAPTURE,0,0.00,NA,0,0,0,0,0,0,NA,89
telemetry,20:38:08,,1695,34.99,2.56,0,669,165,5,8,12,815,89
pico_reply,20:38:09,ACK%2CCAPTURE,0,0.00,NA,0,0,0,0,0,0,NA,89
camera,20:38:11,Camera%20image%20saved%3A%20camera_20260910_203811_456.bmp,0,0.00,NA,0,0,0,0,0,0,NA,89
telemetry,20:38:11,,1698,34.53,0.06,0,993,171,4,7,11,815,89
telemetry,20:38:12,,1699,34.06,0.18,0,107,171,4,7,12,815,89
pc_command,20:38:12,CAPTURE,0,0.00,NA,0,0,0,0,0,0,NA,89
pico_reply,20:38:12,ACK%2CCAPTURE,0,0.00,NA,0,0,0,0,0,0,NA,89
camera,20:38:13,Camera%20image%20saved%3A%20camera_20260910_203813_246.bmp,0,0.00,NA,0,0,0,0,0,0,NA,88
telemetry,20:38:13,,1700,34.99,0.24,0,119,172,5,7,12,815,88
telemetry,20:38:13,,1700,34.99,0.18,0,416,171,4,7,12,815,88
telemetry,20:38:14,,1701,34.53,0.18,0,388,171,4,7,12,815,88
telemetry,20:38:14,,1701,33.12,0.12,0,842,171,4,7,12,815,88
pc_command,20:38:15,CAPTURE,0,0.00,NA,0,0,0,0,0,0,NA,88
telemetry,20:38:15,,1702,34.53,0.18,0,247,171,4,7,12,816,88
pico_reply,20:38:15,ACK%2CCAPTURE,0,0.00,NA,0,0,0,0,0,0,NA,88
camera,20:38:16,Camera%20image%20saved%3A%20camera_20260910_203816_341.bmp,0,0.00,NA,0,0,0,0,0,0,NA,88
telemetry,20:38:16,,1703,35.93,0.12,0,386,171,4,6,10,816,88
telemetry,20:38:16,,1704,35.46,0.06,0,895,171,4,7,12,816,88
telemetry,20:38:17,,1704,34.99,0.12,0,324,171,5,7,12,815,88
pc_command,20:38:17,CAPTURE,0,0.00,NA,0,0,0,0,0,0,NA,88
pico_reply,20:38:17,ACK%2CCAPTURE,0,0.00,NA,0,0,0,0,0,0,NA,88
camera,20:38:18,Camera%20image%20saved%3A%20camera_20260910_203818_880.bmp,0,0.00,NA,0,0,0,0,0,0,NA,88
telemetry,20:38:18,,1706,34.99,0.06,0,815,171,4,7,13,815,88
telemetry,20:38:19,,1706,35.46,0.12,0,447,171,5,7,13,815,88
telemetry,20:38:20,,1707,34.53,0.24,0,215,171,5,8,13,815,88
pc_command,20:38:19,CAPTURE,0,0.00,NA,0,0,0,0,0,0,NA,88
pico_reply,20:38:20,ACK%2CCAPTURE,0,0.00,NA,0,0,0,0,0,0,NA,88
camera,20:38:21,Camera%20image%20saved%3A%20camera_20260910_203821_185.bmp,0,0.00,NA,0,0,0,0,0,0,NA,88
telemetry,20:38:21,,1708,34.53,0.12,0,127,171,5,8,15,816,88
telemetry,20:38:21,,1708,35.46,0.12,0,280,171,5,8,15,815,88
telemetry,20:38:22,,1709,34.53,0.24,0,938,171,5,9,15,816,88
telemetry,20:38:22,,1709,34.99,0.12,0,29,171,5,8,14,815,88
telemetry,20:38:23,,1710,34.99,0.06,0,752,171,4,9,15,815,88
telemetry,20:38:23,,1710,34.53,0.00,0,898,171,5,8,14,815,88
telemetry,20:38:24,,1711,34.99,0.24,0,925,171,5,8,14,816,88
telemetry,20:38:24,,1711,34.99,0.18,0,365,171,5,8,14,816,88
telemetry,20:38:25,,1712,34.99,0.12,0,578,171,4,8,15,816,88
telemetry,20:38:25,,1712,34.53,0.00,0,511,171,4,8,14,816,88
telemetry,20:38:26,,1713,34.53,0.06,0,794,171,4,8,14,816,88
telemetry,20:38:26,,1713,34.99,0.12,0,712,171,4,8,15,816,88
telemetry,20:38:27,,1714,34.99,0.12,0,803,171,5,8,14,816,88
telemetry,20:38:27,,1714,34.99,0.06,0,560,171,4,8,14,816,88
telemetry,20:38:28,,1715,34.99,0.18,0,706,171,5,8,15,816,88
telemetry,20:38:28,,1715,34.53,0.12,0,111,171,4,8,15,816,88
telemetry,20:38:29,,1716,34.53,0.06,0,65,171,4,8,14,816,88
telemetry,20:38:29,,1716,34.99,0.18,0,880,171,4,8,14,816,88
telemetry,20:38:30,,1717,34.99,0.30,0,72,171,5,8,13,816,88
telemetry,20:38:30,,1717,35.46,0.12,0,286,171,5,8,15,816,88
telemetry,20:38:31,,1718,34.53,0.06,0,981,171,5,8,15,816,88
telemetry,20:38:31,,1718,34.99,0.18,0,887,171,5,8,15,816,88
telemetry,20:38:32,,1719,35.46,0.18,0,591,171,5,8,18,817,88
telemetry,20:38:32,,1719,34.53,0.06,0,409,171,5,8,15,816,88
telemetry,20:38:33,,1720,34.53,0.12,0,880,171,5,9,15,816,88
telemetry,20:38:33,,1720,34.99,0.24,0,504,171,5,9,16,816,88
telemetry,20:38:34,,1721,35.46,0.24,0,254,171,5,9,16,816,88
telemetry,20:38:34,,1722,34.99,0.12,0,10,171,5,9,16,816,88
telemetry,20:38:35,,1722,34.99,0.12,0,697,171,5,9,16,816,88
telemetry,20:38:35,,1723,34.53,0.12,0,466,170,5,9,15,815,88
telemetry,20:38:36,,1723,32.65,0.00,0,398,171,5,9,16,816,88
telemetry,20:38:36,,1724,35.46,0.12,0,597,171,5,9,16,816,89
telemetry,20:38:37,,1724,35.46,0.18,0,546,171,5,8,14,816,89
telemetry,20:38:37,,1725,34.99,0.00,0,829,171,5,8,14,816,89
telemetry,20:38:38,,1725,34.06,0.24,0,363,171,5,8,15,816,89
telemetry,20:38:38,,1726,34.53,0.24,0,266,171,5,9,16,816,89
telemetry,20:38:39,,1726,34.99,0.12,0,493,171,5,9,16,816,89
telemetry,20:38:39,,1727,34.99,0.12,0,446,171,5,9,16,816,89
telemetry,20:38:40,,1727,34.99,0.12,0,115,171,5,9,16,816,89
telemetry,20:38:40,,1728,34.53,0.12,0,955,170,5,9,16,816,89
telemetry,20:38:41,,1728,34.53,0.18,0,398,171,5,9,16,816,89
telemetry,20:38:41,,1729,32.65,0.12,0,467,171,5,9,16,817,89
telemetry,20:38:43,,1729,34.53,0.00,0,147,171,5,9,16,816,89
telemetry,20:38:43,,1730,34.53,0.24,0,214,171,5,9,14,817,89
telemetry,20:38:43,,1730,35.46,0.06,0,693,171,5,8,15,816,89
telemetry,20:38:43,,1731,34.99,0.06,0,66,171,5,9,16,816,89
telemetry,20:38:44,,1731,34.53,0.18,0,884,171,5,9,16,817,89
telemetry,20:38:44,,1732,34.53,0.18,0,342,171,5,9,15,816,89
telemetry,20:38:45,,1732,33.12,0.00,0,888,171,5,8,13,816,89
telemetry,20:38:45,,1733,34.99,0.00,0,616,172,5,8,13,817,89
telemetry,20:38:46,,1733,35.46,0.12,0,415,171,5,8,16,816,89
telemetry,20:38:47,,1734,34.99,0.18,0,859,171,5,8,16,816,89
telemetry,20:38:47,,1734,34.99,0.24,0,533,171,5,8,16,816,89
telemetry,20:38:48,,1735,34.53,0.06,0,579,172,5,8,16,816,89
telemetry,20:38:48,,1735,35.46,0.12,0,980,172,5,8,17,816,89
telemetry,20:38:49,,1736,34.99,0.12,0,59,173,5,8,17,817,89
telemetry,20:38:49,,1736,34.99,0.18,0,367,172,5,8,16,816,89
telemetry,20:38:49,,1737,34.99,0.12,0,953,173,5,8,16,816,89
telemetry,20:38:50,,1737,34.53,0.06,0,113,172,5,8,17,816,89
telemetry,20:38:51,,1738,34.99,0.06,0,286,173,5,5,17,817,89
telemetry,20:38:51,,1738,34.99,0.12,0,622,173,5,7,17,816,89
telemetry,20:38:52,,1739,34.53,0.00,0,547,173,5,7,17,816,89
telemetry,20:38:52,,1739,34.99,0.06,0,760,173,5,7,17,817,89
telemetry,20:38:53,,1740,34.53,0.18,0,558,172,5,7,16,817,89
