type,received_at,event_text_encoded,uptime_s,temp_c,gyro_z_dps,gyro_z_angle_deg,command_value,random,pd0,pd1,pd2,pd3,photoreflector_adc,wifi_signal_quality
connection,12:51:43,Pico%20connected,0,0.00,NA,NA,0,0,0,0,0,0,NA,93
pico_reply,12:51:43,PICO_CONNECTED,0,0.00,NA,NA,0,0,0,0,0,0,NA,93
camera,12:51:45,Camera%20frame%20rejected%3A%20invalid%20RLE%20header,0,0.00,NA,NA,0,0,0,0,0,0,NA,93
camera,12:51:45,Camera%2Fcontrol%20line%20discarded%3A%20too%20long,0,0.00,NA,NA,0,0,0,0,0,0,NA,93
camera,12:51:45,Camera%2Fcontrol%20line%20discarded%3A%20too%20long,0,0.00,NA,NA,0,0,0,0,0,0,NA,93
camera,12:51:45,Camera%2Fcontrol%20line%20discarded%3A%20too%20long,0,0.00,NA,NA,0,0,0,0,0,0,NA,93
camera,12:51:45,Camera%2Fcontrol%20line%20discarded%3A%20too%20long,0,0.00,NA,NA,0,0,0,0,0,0,NA,93
camera,12:51:45,Camera%2Fcontrol%20line%20discarded%3A%20too%20long,0,0.00,NA,NA,0,0,0,0,0,0,NA,93
pico_reply,12:51:45,%950%8D0%8D%2F%8DO%8D%2F%8D%2F%8D%2F%8D%20%8D.%8D.%8D%20%85%2F%95O%8D0%8D%2F%8DP%8D%2F%8D%20%95%2F%8DO%95O%95p%9DP%950%8C%EF%95%20%95%20%95O%95o%95p%8D1%8D%20%8C%EF%7C%8EtMl%2Bc%EB%5B%EAK,0,0.00,NA,NA,0,0,0,0,0,0,NA,93
camera,12:51:45,Camera%2Fcontrol%20line%20discarded%3A%20too%20long,0,0.00,NA,NA,0,0,0,0,0,0,NA,93
camera,12:51:45,Camera%2Fcontrol%20line%20discarded%3A%20too%20long,0,0.00,NA,NA,0,0,0,0,0,0,NA,93
camera,12:51:45,Camera%2Fcontrol%20line%20discarded%3A%20too%20long,0,0.00,NA,NA,0,0,0,0,0,0,NA,93
camera,12:51:45,Camera%2Fcontrol%20line%20discarded%3A%20too%20long,0,0.00,NA,NA,0,0,0,0,0,0,NA,93
camera,12:51:45,Camera%2Fcontrol%20line%20discarded%3A%20too%20long,0,0.00,NA,NA,0,0,0,0,0,0,NA,93
camera,12:51:45,Camera%2Fcontrol%20line%20discarded%3A%20too%20long,0,0.00,NA,NA,0,0,0,0,0,0,NA,93
camera,12:51:45,Camera%2Fcontrol%20line%20discarded%3A%20too%20long,0,0.00,NA,NA,0,0,0,0,0,0,NA,93
camera,12:51:45,Camera%2Fcontrol%20line%20discarded%3A%20too%20long,0,0.00,NA,NA,0,0,0,0,0,0,NA,93
camera,12:51:45,Camera%2Fcontrol%20line%20discarded%3A%20too%20long,0,0.00,NA,NA,0,0,0,0,0,0,NA,93
camera,12:51:45,Camera%2Fcontrol%20line%20discarded%3A%20too%20long,0,0.00,NA,NA,0,0,0,0,0,0,NA,93
camera,12:51:45,Camera%2Fcontrol%20line%20discarded%3A%20too%20long,0,0.00,NA,NA,0,0,0,0,0,0,NA,93
camera,12:51:45,Camera%2Fcontrol%20line%20discarded%3A%20too%20long,0,0.00,NA,NA,0,0,0,0,0,0,NA,93
camera,12:51:45,Camera%2Fcontrol%20line%20discarded%3A%20too%20long,0,0.00,NA,NA,0,0,0,0,0,0,NA,93
camera,12:51:45,Camera%2Fcontrol%20line%20discarded%3A%20too%20long,0,0.00,NA,NA,0,0,0,0,0,0,NA,93
camera,12:51:45,Camera%2Fcontrol%20line%20discarded%3A%20too%20long,0,0.00,NA,NA,0,0,0,0,0,0,NA,93
camera,12:51:45,Camera%2Fcontrol%20line%20discarded%3A%20too%20long,0,0.00,NA,NA,0,0,0,0,0,0,NA,93
camera,12:51:45,Camera%2Fcontrol%20line%20discarded%3A%20too%20long,0,0.00,NA,NA,0,0,0,0,0,0,NA,93
camera,12:51:45,Camera%2Fcontrol%20line%20discarded%3A%20too%20long,0,0.00,NA,NA,0,0,0,0,0,0,NA,93
camera,12:51:45,Camera%2Fcontrol%20line%20discarded%3A%20too%20long,0,0.00,NA,NA,0,0,0,0,0,0,NA,93
camera,12:51:45,Camera%2Fcontrol%20line%20discarded%3A%20too%20long,0,0.00,NA,NA,0,0,0,0,0,0,NA,93
camera,12:51:45,Camera%2Fcontrol%20line%20discarded%3A%20too%20long,0,0.00,NA,NA,0,0,0,0,0,0,NA,93
camera,12:51:45,Camera%2Fcontrol%20line%20discarded%3A%20too%20long,0,0.00,NA,NA,0,0,0,0,0,0,NA,93
camera,12:51:45,Camera%2Fcontrol%20line%20discarded%3A%20too%20long,0,0.00,NA,NA,0,0,0,0,0,0,NA,93
pico_reply,12:51:45,%20%20%20%24%20D%20E%20%25%20E%20E%20E%20E%20E%20E%20E%20D%20E%20%20%20%24%20%24%20%24%20%24%20%24%20%24%20%20%20%E4%20%E4%20P%95P%950%950%8D0%950%950%950%8D0%8DP%8D0%85P%85%2F%8D%2F%8D0%95Q%8D0%8D0%95P%95P%95Q%95P%95P%95q%9DQ%9DQ%9DP%9DP%95q%95q%9D%91%95%91%9D%91%9Dp%95p%95p%95Q%84%EF%7C%AE%84%CE%7C%8EtMc%EDc%CCSJK,0,0.00,NA,NA,0,0,0,0,0,0,NA,93
camera,12:51:45,Camera%2Fcontrol%20line%20discarded%3A%20too%20long,0,0.00,NA,NA,0,0,0,0,0,0,NA,93
pico_reply,12:51:45,%20%26%20F%20F%20e%20e%20E%20e%20F%20F%20E%20e%20f%20F%20E%20E%20%25%20F%20E%20E%20E%20E%20E%20%24%20%25%20E%20E%20E%20%26%20%25%20%25%20%24%20E%20D%20E%20E%20E%20E%20E%20E%20E%20E%20%25%20%25%20%25%20%25%20%24%20E%20E%20%25%20%25%20%25%20%25%20%24%20%25%20%25%20%25%20%24%20%20%20%24%20%25%20%25%20E%20%25%20E%20E%20E%20E%20E%20E%20E%20%24%20D%20%25%20%25%20%25%20%24%20%24%20%24%20%24%20%20%20%20%20%20%200%951%950%951%950%950%95%20%8D%20%8D%20%8D%2F%8D0%8D0%85%20%8D%20%8D%20%8D0%8D%2F%95%2F%95P%95Q%951%95P%95P%95Q%9DP%9DP%9Dp%9DP%9Dq%95%91%9D%91%9Dq%9Dq%9Dp%95q%95q%95Q%8D%20%84%CF%84%CF%7C%AEtMl-dMd%20S,0,0.00,NA,NA,0,0,0,0,0,0,NA,93
camera,12:51:45,Camera%2Fcontrol%20line%20discarded%3A%20too%20long,0,0.00,NA,NA,0,0,0,0,0,0,NA,93
camera,12:51:46,Camera%2Fcontrol%20line%20discarded%3A%20too%20long,0,0.00,NA,NA,0,0,0,0,0,0,NA,93
camera,12:51:46,Camera%2Fcontrol%20line%20discarded%3A%20too%20long,0,0.00,NA,NA,0,0,0,0,0,0,NA,93
pico_reply,12:51:46,%20E%20E%20E%20%25%20%25%20%25%20%25%20%25%20%25%20E%20E%20%25%20%25%20%24%20%24%20%20%20%20%20P%950%950%951%951%950%950%95q%95Q%95Q%95P%95P%8DO%8D%20%8D%20%8D%20%8DO%95O%95P%95Q%9Dp%9DQ%9DP%950%95P%95p%95p%95p%95q%95q%9Dq%9Dq%9Dq%95Q%95q%9Dq%95q%95P%8D0%8DP%85%20%7C%CFt%8El%20d%2Cc%ECS%8CKjKjK,0,0.00,NA,NA,0,0,0,0,0,0,NA,93
camera,12:51:46,Camera%2Fcontrol%20line%20discarded%3A%20too%20long,0,0.00,NA,NA,0,0,0,0,0,0,NA,93
camera,12:51:46,Camera%2Fcontrol%20line%20discarded%3A%20too%20long,0,0.00,NA,NA,0,0,0,0,0,0,NA,93
camera,12:51:46,Camera%2Fcontrol%20line%20discarded%3A%20too%20long,0,0.00,NA,NA,0,0,0,0,0,0,NA,93
camera,12:51:46,Camera%2Fcontrol%20line%20discarded%3A%20too%20long,0,0.00,NA,NA,0,0,0,0,0,0,NA,93
camera,12:51:46,Camera%2Fcontrol%20line%20discarded%3A%20too%20long,0,0.00,NA,NA,0,0,0,0,0,0,NA,93
camera,12:51:46,Camera%2Fcontrol%20line%20discarded%3A%20too%20long,0,0.00,NA,NA,0,0,0,0,0,0,NA,93
pico_reply,12:51:46,%20e%20e%20E%20E%20E%20e%20E%20E%20E%20E%20%26%20%20%20%25%20D%20E%20E%20E%20E%20%25%20%25%20E%20%25%20E%20%25%20%25%20%25%20%25%20%25%20%25%20%25%20%25%20%25%20%25%20%25%20%25%20%25%20%25%20%25%20%25%20%25%20%25%20E%20%25%20%24%20%24%20E%20%25%20%25%20%24%20%24%20%24%20%24%20%20%20%20%20%20%20%20%20%24%20%24%20D%20E%20E%20D%20E%20%26%20%20%20%25%20%24%20D%20%25%20E%20E%20%25%20%25%20%25%20%25%20%25%20%25%201%8D0%8D0%8D0%8D%20%8D%20%8D%20%8D0%950%950%95%20%95%20%950%95P%95P%95p%95q%95Q%95P%9DP%9Dq%951%950%95%2F%950%950%950%95P%95P%95p%95Q%9DQ%9DQ%9Dq%9Dq%9Dq%95q%95p%95P%950%8D%20%8D%2F%85%20%7C%CFt%AEt%8Etnc%EDl%20SkS,0,0.00,NA,NA,0,0,0,0,0,0,NA,93
camera,12:51:46,Camera%2Fcontrol%20line%20discarded%3A%20too%20long,0,0.00,NA,NA,0,0,0,0,0,0,NA,93
camera,12:51:46,Camera%2Fcontrol%20line%20discarded%3A%20too%20long,0,0.00,NA,NA,0,0,0,0,0,0,NA,93
camera,12:51:46,Camera%2Fcontrol%20line%20discarded%3A%20too%20long,0,0.00,NA,NA,0,0,0,0,0,0,NA,93
camera,12:51:46,Camera%2Fcontrol%20line%20discarded%3A%20too%20long,0,0.00,NA,NA,0,0,0,0,0,0,NA,93
camera,12:51:46,Camera%2Fcontrol%20line%20discarded%3A%20too%20long,0,0.00,NA,NA,0,0,0,0,0,0,NA,93
camera,12:51:46,Camera%2Fcontrol%20line%20discarded%3A%20too%20long,0,0.00,NA,NA,0,0,0,0,0,0,NA,93
camera,12:51:46,Camera%2Fcontrol%20line%20discarded%3A%20too%20long,0,0.00,NA,NA,0,0,0,0,0,0,NA,93
camera,12:51:46,Camera%2Fcontrol%20line%20discarded%3A%20too%20long,0,0.00,NA,NA,0,0,0,0,0,0,NA,93
camera,12:51:46,Camera%2Fcontrol%20line%20discarded%3A%20too%20long,0,0.00,NA,NA,0,0,0,0,0,0,NA,93
camera,12:51:46,Camera%2Fcontrol%20line%20discarded%3A%20too%20long,0,0.00,NA,NA,0,0,0,0,0,0,NA,93
camera,12:51:46,Camera%2Fcontrol%20line%20discarded%3A%20too%20long,0,0.00,NA,NA,0,0,0,0,0,0,NA,93
camera,12:51:46,Camera%2Fcontrol%20line%20discarded%3A%20too%20long,0,0.00,NA,NA,0,0,0,0,0,0,NA,93
camera,12:51:46,Camera%2Fcontrol%20line%20discarded%3A%20too%20long,0,0.00,NA,NA,0,0,0,0,0,0,NA,93
camera,12:51:46,Camera%2Fcontrol%20line%20discarded%3A%20too%20long,0,0.00,NA,NA,0,0,0,0,0,0,NA,93
camera,12:51:46,Camera%2Fcontrol%20line%20discarded%3A%20too%20long,0,0.00,NA,NA,0,0,0,0,0,0,NA,93
camera,12:51:46,Camera%2Fcontrol%20line%20discarded%3A%20too%20long,0,0.00,NA,NA,0,0,0,0,0,0,NA,93
camera,12:51:46,Camera%2Fcontrol%20line%20discarded%3A%20too%20long,0,0.00,NA,NA,0,0,0,0,0,0,NA,93
camera,12:51:46,Camera%2Fcontrol%20line%20discarded%3A%20too%20long,0,0.00,NA,NA,0,0,0,0,0,0,NA,93
pico_reply,12:51:46,%25%20E%20%25%20%26%20%20%20%25%20%25%20%25%20%20%20%20%200%8D%20%8D%20%8D%2F%95P%95%20%950%950%950%95%20%95%20%950%950%95%20%950%950%9DP%950%950%951%950%95P%9D0%950%95P%95P%950%950%950%9DP%95q%9Dq%9DQ%9DQ%9DQ%9DQ%9DP%9D%91%9Dq%9Dq%9Dq%9Dq%9DQ%9Dq%9DQ%95%20%84%F0%84%CF%84%D0%7C%CF%84%CFtnlmd-%2F%20B%CBK,0,0.00,NA,NA,0,0,0,0,0,0,NA,93
camera,12:51:46,Camera%2Fcontrol%20line%20discarded%3A%20too%20long,0,0.00,NA,NA,0,0,0,0,0,0,NA,93
pico_reply,12:51:46,%20e%20E%20E%20E%20%85%20f%20%86%20f%20f%20E%20E%20f%20E%20f%20F%21f%20E%20F%20F%20e%20e%20f%20E%20E%20E%20E%20%26%20%25%20E%20E%20E%20E%20F%20E%20E%20E%20%25%20%25%20f%20F%20e%20e%20E%20E%20E%20E%20E%20E%20E%20E%20E%20E%20E%20E%20E%20E%20E%20%25%20%25%20%25%20%25%20%25%20E%20E%20%25%20%26%20%25%20%25%20E%20%20%20%20%20%20%8D%20%95%20%8D%2F%95O%95%20%950%950%950%95%20%95%20%950%950%95%20%95%20%950%95O%95P%95P%951%950%950%9D0%950%95P%95P%95P%95P%95P%95P%95Q%9DQ%9DP%95Q%9DQ%9DQ%9DP%9Dp%9Dq%9Dq%95q%9Dr%9Dq%95q%9DQ%9Dq%95p%951%8C%D0%84%AF%84%AFtndM%5B%EDS%CDK%20K,0,0.00,NA,NA,0,0,0,0,0,0,NA,93
camera,12:51:46,Camera%2Fcontrol%20line%20discarded%3A%20too%20long,0,0.00,NA,NA,0,0,0,0,0,0,NA,93
camera,12:51:46,Camera%2Fcontrol%20line%20discarded%3A%20too%20long,0,0.00,NA,NA,0,0,0,0,0,0,NA,93
camera,12:51:46,Camera%2Fcontrol%20line%20discarded%3A%20too%20long,0,0.00,NA,NA,0,0,0,0,0,0,NA,93
camera,12:51:46,Camera%2Fcontrol%20line%20discarded%3A%20too%20long,0,0.00,NA,NA,0,0,0,0,0,0,NA,93
camera,12:51:46,Camera%2Fcontrol%20line%20discarded%3A%20too%20long,0,0.00,NA,NA,0,0,0,0,0,0,NA,93
camera,12:51:46,Camera%2Fcontrol%20line%20discarded%3A%20too%20long,0,0.00,NA,NA,0,0,0,0,0,0,NA,93
camera,12:51:46,Camera%2Fcontrol%20line%20discarded%3A%20too%20long,0,0.00,NA,NA,0,0,0,0,0,0,NA,93
camera,12:51:46,Camera%2Fcontrol%20line%20discarded%3A%20too%20long,0,0.00,NA,NA,0,0,0,0,0,0,NA,93
camera,12:51:46,Camera%2Fcontrol%20line%20discarded%3A%20too%20long,0,0.00,NA,NA,0,0,0,0,0,0,NA,93
camera,12:51:46,Camera%2Fcontrol%20line%20discarded%3A%20too%20long,0,0.00,NA,NA,0,0,0,0,0,0,NA,93
camera,12:51:46,Camera%2Fcontrol%20line%20discarded%3A%20too%20long,0,0.00,NA,NA,0,0,0,0,0,0,NA,93
camera,12:51:46,Camera%2Fcontrol%20line%20discarded%3A%20too%20long,0,0.00,NA,NA,0,0,0,0,0,0,NA,93
camera,12:51:46,Camera%2Fcontrol%20line%20discarded%3A%20too%20long,0,0.00,NA,NA,0,0,0,0,0,0,NA,93
camera,12:51:46,Camera%2Fcontrol%20line%20discarded%3A%20too%20long,0,0.00,NA,NA,0,0,0,0,0,0,NA,93
camera,12:51:46,Camera%2Fcontrol%20line%20discarded%3A%20too%20long,0,0.00,NA,NA,0,0,0,0,0,0,NA,93
camera,12:51:46,Camera%2Fcontrol%20line%20discarded%3A%20too%20long,0,0.00,NA,NA,0,0,0,0,0,0,NA,93
camera,12:51:46,Camera%2Fcontrol%20line%20discarded%3A%20too%20long,0,0.00,NA,NA,0,0,0,0,0,0,NA,93
camera,12:51:46,Camera%2Fcontrol%20line%20discarded%3A%20too%20long,0,0.00,NA,NA,0,0,0,0,0,0,NA,93
camera,12:51:46,Camera%2Fcontrol%20line%20discarded%3A%20too%20long,0,0.00,NA,NA,0,0,0,0,0,0,NA,93
camera,12:51:46,Camera%2Fcontrol%20line%20discarded%3A%20too%20long,0,0.00,NA,NA,0,0,0,0,0,0,NA,93
camera,12:51:46,Camera%2Fcontrol%20line%20discarded%3A%20too%20long,0,0.00,NA,NA,0,0,0,0,0,0,NA,93
camera,12:51:46,Camera%2Fcontrol%20line%20discarded%3A%20too%20long,0,0.00,NA,NA,0,0,0,0,0,0,NA,93
camera,12:51:46,Camera%2Fcontrol%20line%20discarded%3A%20too%20long,0,0.00,NA,NA,0,0,0,0,0,0,NA,93
camera,12:51:46,Camera%2Fcontrol%20line%20discarded%3A%20too%20long,0,0.00,NA,NA,0,0,0,0,0,0,NA,93
camera,12:51:46,Camera%2Fcontrol%20line%20discarded%3A%20too%20long,0,0.00,NA,NA,0,0,0,0,0,0,NA,93
pico_reply,12:51:46,%CEc%CDSiS%CBK,0,0.00,NA,NA,0,0,0,0,0,0,NA,93
pico_reply,12:51:46,K,0,0.00,NA,NA,0,0,0,0,0,0,NA,93
camera,12:51:46,Camera%2Fcontrol%20line%20discarded%3A%20too%20long,0,0.00,NA,NA,0,0,0,0,0,0,NA,93
pico_reply,12:51:46,%20E%20F%20e%20e%20%85%20F%20f%20e%20e%20f%20%85%20f%20f%20F%21F%21f%21f%20e%20e%20E%20E%20E%20F%20F%20e%20e%20F%20F%20f%20e%20e%20E%20e%20E%20F%20E%20E%20E%20E%20E%20E%20e%20E%20%25%20E%20E%20E%20F%20E%20F%20F%20F%20f%20f%20E%20E%20E%20F%20F%20E%20%25%20E%20%24%20%25%20%25%20%EF%8D%20%84%CF%8C%CF%94%F0%8C%EF%8D%20%8C%EF%8C%EF%8D%20%94%EF%8C%EF%8C%EF%8C%EF%8D%20%95%20%95%20%8D%2F%95%2F%95%20%95%2F%950%951%950%950%95%20%95%20%951%950%95%20%95%20%950%950%950%951%950%9DP%9DQ%9DQ%9DQ%9DQ%9DQ%9DQ%9Dq%9Dq%9DQ%9DQ%9DQ%9Dq%9Dq%9DQ%95Q%8DQ%8DP%85%20%84%EF%7C%AFt%20l%5B%CAS%8BS%2AK,0,0.00,NA,NA,0,0,0,0,0,0,NA,93
camera,12:51:47,Camera%2Fcontrol%20line%20discarded%3A%20too%20long,0,0.00,NA,NA,0,0,0,0,0,0,NA,93
camera,12:51:47,Camera%2Fcontrol%20line%20discarded%3A%20too%20long,0,0.00,NA,NA,0,0,0,0,0,0,NA,93
camera,12:51:47,Camera%2Fcontrol%20line%20discarded%3A%20too%20long,0,0.00,NA,NA,0,0,0,0,0,0,NA,93
camera,12:51:47,Camera%2Fcontrol%20line%20discarded%3A%20too%20long,0,0.00,NA,NA,0,0,0,0,0,0,NA,93
camera,12:51:47,Camera%2Fcontrol%20line%20discarded%3A%20too%20long,0,0.00,NA,NA,0,0,0,0,0,0,NA,93
pico_reply,12:51:47,KJK,0,0.00,NA,NA,0,0,0,0,0,0,NA,93
camera,12:51:47,Camera%2Fcontrol%20line%20discarded%3A%20too%20long,0,0.00,NA,NA,0,0,0,0,0,0,NA,93
pico_reply,12:51:47,%20%86%21%86%21%86%21f%21%86%20e%21f%21f%20%85%21f%21f%20F%20e%21%86%21%86%21f%20f%20e%20f%20F%21f%20f%21f%21%86%20e%20f%20f%20f%20e%20E%20E%20E%20E%20e%20E%20E%20E%20%25%20%25%20%25%20E%20E%20E%20E%20E%20E%20%26%20%25%20F%20E%20F%20%26%20e%20f%20F%20E%20%25%20%24%20%24%20%25%20%25%20%24%20%24%200%950%8D%20%8D%20%95%20%95%20%950%950%95%20%95%20%8D%20%95%20%95%20%94%F0%8C%CF%8C%CF%8C%D0%8C%D0%84%CF%8D%20%8D0%8D0%8D0%8D%20%8D%20%8D%20%95%20%8D%20%95%20%95%20%95%20%950%95%2F%95%2F%9D0%950%950%95P%9DQ%9DQ%9Dq%9DP%95P%95P%9DP%95Q%9DQ%9DQ%9Dp%9Dq%95%91%9D%91%9D%91%85%2F%8D0%84%CF%7C%CF%7C%8EtNl-%5B%CCd%2C%5B%ACKKK,0,0.00,NA,NA,0,0,0,0,0,0,NA,93
camera,12:51:47,Camera%2Fcontrol%20line%20discarded%3A%20too%20long,0,0.00,NA,NA,0,0,0,0,0,0,NA,93
pico_reply,12:51:47,%21%86%21%86%21%86%21%86%21e%21f%21f%20%85%21%85%21%86%20f%20f%21%86%21%86%21%86%20f%20f%20f%20E%21f%20f%20f%20f%20E%20f%20f%20e%20E%20E%20E%20E%20E%20E%20E%20%25%20E%20%25%20%25%20%25%20%25%20%25%20%25%20%25%20%25%20E%20%25%20F%20E%20e%20f%21f%20%86%20f%20F%20%25%20%25%20%20%20%24%20%20%20%20%20%20%20%20%20%EF%8C%EF%8D0%8D%20%8D%20%8D0%8D%20%8D0%95%20%95%20%95%2F%95%2F%950%950%8D0%95%20%94%F0%8C%CF%84%EF%8C%CF%84%EF%84%EF%8C%EF%8C%EF%8D%20%8D%20%8D%2F%8D%20%8D%20%94%F0%8D%20%8D0%8D0%95%20%95%20%95%20%951%950%95%20%8D%20%950%95p%95P%951%95Q%9D1%9D1%950%950%9DQ%95Q%95Q%950%8D0%8D%20%8D%20%85%20%7C%CE%7C%AEtnld%5B%CBS%8BS,0,0.00,NA,NA,0,0,0,0,0,0,NA,93
camera,12:51:47,Camera%2Fcontrol%20line%20discarded%3A%20too%20long,0,0.00,NA,NA,0,0,0,0,0,0,NA,93
camera,12:51:47,Camera%2Fcontrol%20line%20discarded%3A%20too%20long,0,0.00,NA,NA,0,0,0,0,0,0,NA,93
camera,12:51:47,Camera%2Fcontrol%20line%20discarded%3A%20too%20long,0,0.00,NA,NA,0,0,0,0,0,0,NA,93
camera,12:51:47,Camera%2Fcontrol%20line%20discarded%3A%20too%20long,0,0.00,NA,NA,0,0,0,0,0,0,NA,93
camera,12:51:47,Camera%2Fcontrol%20line%20discarded%3A%20too%20long,0,0.00,NA,NA,0,0,0,0,0,0,NA,93
camera,12:51:47,Camera%2Fcontrol%20line%20discarded%3A%20too%20long,0,0.00,NA,NA,0,0,0,0,0,0,NA,93
camera,12:51:47,Camera%2Fcontrol%20line%20discarded%3A%20too%20long,0,0.00,NA,NA,0,0,0,0,0,0,NA,93
camera,12:51:47,Camera%2Fcontrol%20line%20discarded%3A%20too%20long,0,0.00,NA,NA,0,0,0,0,0,0,NA,93
camera,12:51:47,Camera%2Fcontrol%20line%20discarded%3A%20too%20long,0,0.00,NA,NA,0,0,0,0,0,0,NA,93
camera,12:51:47,Camera%2Fcontrol%20line%20discarded%3A%20too%20long,0,0.00,NA,NA,0,0,0,0,0,0,NA,93
camera,12:51:47,Camera%2Fcontrol%20line%20discarded%3A%20too%20long,0,0.00,NA,NA,0,0,0,0,0,0,NA,93
camera,12:51:47,Camera%2Fcontrol%20line%20discarded%3A%20too%20long,0,0.00,NA,NA,0,0,0,0,0,0,NA,93
camera,12:51:47,Camera%2Fcontrol%20line%20discarded%3A%20too%20long,0,0.00,NA,NA,0,0,0,0,0,0,NA,93
camera,12:51:47,Camera%2Fcontrol%20line%20discarded%3A%20too%20long,0,0.00,NA,NA,0,0,0,0,0,0,NA,93
camera,12:51:47,Camera%2Fcontrol%20line%20discarded%3A%20too%20long,0,0.00,NA,NA,0,0,0,0,0,0,NA,93
camera,12:51:47,Camera%2Fcontrol%20line%20discarded%3A%20too%20long,0,0.00,NA,NA,0,0,0,0,0,0,NA,93
camera,12:51:47,Camera%2Fcontrol%20line%20discarded%3A%20too%20long,0,0.00,NA,NA,0,0,0,0,0,0,NA,93
camera,12:51:47,Camera%2Fcontrol%20line%20discarded%3A%20too%20long,0,0.00,NA,NA,0,0,0,0,0,0,NA,93
pico_reply,12:51:47,q%9DQ%951%9DQ%9DQ%9DP%9DQ%95Q%9Dq%9DQ%95Q%9DQ%9DP%9DQ%95q%9DQ%9DQ%9DQ%9Dp%9D%91%95Q%950%950%950%95%20%95%20%8D%2F%950%950%8D0%8D0%8D0%8D%20%95%20%95%20%8C%F0%8C%CF%8C%CE%84%CE%84%EE%8C%CE%84%CE%84n%84n%84%8D%84%CE%84%CF%84%AE%84%CEt%8D%7Cmtmtm%7CLs%CCl%20k%EBc%EB%5B%CB%5B%8BK,0,0.00,NA,NA,0,0,0,0,0,0,NA,93
camera,12:51:47,Camera%2Fcontrol%20line%20discarded%3A%20too%20long,0,0.00,NA,NA,0,0,0,0,0,0,NA,93
camera,12:51:47,Camera%2Fcontrol%20line%20discarded%3A%20too%20long,0,0.00,NA,NA,0,0,0,0,0,0,NA,93
camera,12:51:47,Camera%2Fcontrol%20line%20discarded%3A%20too%20long,0,0.00,NA,NA,0,0,0,0,0,0,NA,93
camera,12:51:47,Camera%2Fcontrol%20line%20discarded%3A%20too%20long,0,0.00,NA,NA,0,0,0,0,0,0,NA,93
pico_reply,12:51:47,%21%87%21%86%20%A6%21%C6%21%A6%21%87%21%87%20%87%20%86%21%A6%21%A7%20%A6%21%A6%20%A6%21%86%20f%20f%21%86%21%86%20%86%20%86%21%86%21%86%21f%21%86%20f%21%86%21f%20%86%20%A6%20%A6%20%86%20%86%21%86%21%87%20f%21%86%21f%21f%20%86%20%86%21%86%21%86%20%86%20%86%21%A6%20%A6%21%86%21%A7%21%86%20%86%21%86%21%86%20%86%21%86%21f%20f%20f%20%86%21%A6%21%86%21%A7%20%86%20%C7%20%C6%21%E7%21%C7%21%A7%21%87%21%87%21%87%21%86%21%86%21%86%20%86%20%86%21%86%21%86%21%A6%21%87%21%86%21%A6%21%86%21%86%21%86%21%86%20%86%21%86%21%86%21%86%20f%20f%21e%20f%20f%20F%20F%20E%20F%20E%20E%20E%20f%21f%21%86%20f%20f%20f%20%86%20g%20F%20%86%20e%21f%20E%20E%20E%20e%20e%21e%21e%21%85%21%84%21%A4%29%A5%21e%21%85%21,0,0.00,NA,NA,0,0,0,0,0,0,NA,93
camera,12:51:47,Camera%2Fcontrol%20line%20discarded%3A%20too%20long,0,0.00,NA,NA,0,0,0,0,0,0,NA,93
pico_reply,12:51:47,%20%86%21%86%21%86%21%A6%21%A7%21%A7%20%A6%21%C6%21%C7%21%A7%21%A7%21%A7%21%87%21%86%21%A6%21%A6%21%86%20%85%21%86%20%86%21%A6%20%86%21%86%21%86%21%86%21%86%20%86%20%86%21f%20%86%20%A6%21%86%21f%21f%20f%20f%20f%20f%20E%20F%20E%20f%20E%20E%21F%20f%20G%20g%20F%20f%21f%20%86%20g%21f%21%86%20e%20e%20E%20E%20E%20E%21e%21e%21e%21%85%21%84%21%A5%21%85%21e%21%85%21%85%21P%950%950%950%950%950%95%2F%950%9D%20%950%950%950%950%9DQ%9DQ%9DQ%9DQ%9DQ%9DQ%9Dq%9Dq%9Dr%9Dq%9Dq%9Dq%9Dq%9DQ%9DR%9Dq%95q%950%950%950%950%950%8D0%8D0%94%F0%8C%B0%8C%CF%8C%CE%8C%AE%84%CE%84%AE%7C%AE%84%AE%7C%AE%84m%7CmtL%7CMt-t%2Ck%CCc%CBSiS,0,0.00,NA,NA,0,0,0,0,0,0,NA,93
camera,12:51:47,Camera%2Fcontrol%20line%20discarded%3A%20too%20long,0,0.00,NA,NA,0,0,0,0,0,0,NA,93
camera,12:51:47,Camera%2Fcontrol%20line%20discarded%3A%20too%20long,0,0.00,NA,NA,0,0,0,0,0,0,NA,93
camera,12:51:47,Camera%2Fcontrol%20line%20discarded%3A%20too%20long,0,0.00,NA,NA,0,0,0,0,0,0,NA,93
camera,12:51:47,Camera%2Fcontrol%20line%20discarded%3A%20too%20long,0,0.00,NA,NA,0,0,0,0,0,0,NA,93
camera,12:51:47,Camera%2Fcontrol%20line%20discarded%3A%20too%20long,0,0.00,NA,NA,0,0,0,0,0,0,NA,93
camera,12:51:47,Camera%2Fcontrol%20line%20discarded%3A%20too%20long,0,0.00,NA,NA,0,0,0,0,0,0,NA,93
camera,12:51:47,Camera%2Fcontrol%20line%20discarded%3A%20too%20long,0,0.00,NA,NA,0,0,0,0,0,0,NA,93
camera,12:51:47,Camera%2Fcontrol%20line%20discarded%3A%20too%20long,0,0.00,NA,NA,0,0,0,0,0,0,NA,93
camera,12:51:47,Camera%2Fcontrol%20line%20discarded%3A%20too%20long,0,0.00,NA,NA,0,0,0,0,0,0,NA,93
camera,12:51:47,Camera%2Fcontrol%20line%20discarded%3A%20too%20long,0,0.00,NA,NA,0,0,0,0,0,0,NA,93
camera,12:51:47,Camera%2Fcontrol%20line%20discarded%3A%20too%20long,0,0.00,NA,NA,0,0,0,0,0,0,NA,93
pico_reply,12:51:47,%20%86%21%86%21%86%21%86%21%86%21%87%21%A6%21%A6%20%A6%20%86%21%C7%21%86%21%86%20%C6%21%A7%21g%20%86%20%A6%21%C7%21%C7%21%A7%21%87%21%A7%21%A7%21%87%21%87%20%86%29%C6%21%88%21%C7%21%C7%20%A6%21%C7%21%C7%20%86%21%A6%21%A6%21%A6%21%A6%21%86%21%A7%21%A7%21%A6%21%C6%21%C6%21%A7%21%A7%21%A7%21%87%21%87%21g%21%87%21%86%21%86%21e%21e%21E%21E%21%24%20E%20D%21e%21e%20c%21C%21d%21d%21%24%21%24%21%24%21%EF%8C%EF%94%EF%8D%20%8D%20%8D%20%8D%2F%8D%20%94%F0%94%CF%94%EF%94%F0%8C%CF%8C%EF%95%20%8D%2F%950%950%950%95%20%95%20%95%20%8D%20%8D%20%84%EE%84%EE%8C%CE%8C%CF%84%EF%8D%2F%8D0%84%EF%8D%20%8C%EF%8C%CF%84%AF%84%8E%84%AE%7C%AE%7C%CE%8C%8F%7CN%7Cm%7Cm%7CntNt-t%2Ct%20t%20k%ECc%CB%5B%CAT,0,0.00,NA,NA,0,0,0,0,0,0,NA,93
camera,12:51:47,Camera%2Fcontrol%20line%20discarded%3A%20too%20long,0,0.00,NA,NA,0,0,0,0,0,0,NA,93
camera,12:51:47,Camera%2Fcontrol%20line%20discarded%3A%20too%20long,0,0.00,NA,NA,0,0,0,0,0,0,NA,93
camera,12:51:47,Camera%2Fcontrol%20line%20discarded%3A%20too%20long,0,0.00,NA,NA,0,0,0,0,0,0,NA,93
camera,12:51:47,Camera%2Fcontrol%20line%20discarded%3A%20too%20long,0,0.00,NA,NA,0,0,0,0,0,0,NA,93
camera,12:51:47,Camera%2Fcontrol%20line%20discarded%3A%20too%20long,0,0.00,NA,NA,0,0,0,0,0,0,NA,93
camera,12:51:48,Camera%2Fcontrol%20line%20discarded%3A%20too%20long,0,0.00,NA,NA,0,0,0,0,0,0,NA,93
camera,12:51:48,Camera%2Fcontrol%20line%20discarded%3A%20too%20long,0,0.00,NA,NA,0,0,0,0,0,0,NA,93
camera,12:51:48,Camera%2Fcontrol%20line%20discarded%3A%20too%20long,0,0.00,NA,NA,0,0,0,0,0,0,NA,93
camera,12:51:48,Camera%2Fcontrol%20line%20discarded%3A%20too%20long,0,0.00,NA,NA,0,0,0,0,0,0,NA,93
camera,12:51:48,Camera%2Fcontrol%20line%20discarded%3A%20too%20long,0,0.00,NA,NA,0,0,0,0,0,0,NA,93
camera,12:51:48,Camera%2Fcontrol%20line%20discarded%3A%20too%20long,0,0.00,NA,NA,0,0,0,0,0,0,NA,93
camera,12:51:48,Camera%2Fcontrol%20line%20discarded%3A%20too%20long,0,0.00,NA,NA,0,0,0,0,0,0,NA,93
camera,12:51:48,Camera%2Fcontrol%20line%20discarded%3A%20too%20long,0,0.00,NA,NA,0,0,0,0,0,0,NA,93
camera,12:51:48,Camera%2Fcontrol%20line%20discarded%3A%20too%20long,0,0.00,NA,NA,0,0,0,0,0,0,NA,93
camera,12:51:48,Camera%2Fcontrol%20line%20discarded%3A%20too%20long,0,0.00,NA,NA,0,0,0,0,0,0,NA,93
camera,12:51:48,Camera%2Fcontrol%20line%20discarded%3A%20too%20long,0,0.00,NA,NA,0,0,0,0,0,0,NA,93
camera,12:51:48,Camera%2Fcontrol%20line%20discarded%3A%20too%20long,0,0.00,NA,NA,0,0,0,0,0,0,NA,93
camera,12:51:48,Camera%2Fcontrol%20line%20discarded%3A%20too%20long,0,0.00,NA,NA,0,0,0,0,0,0,NA,93
pico_reply,12:51:48,%84%29%A5%29%A4%29%84%29%84%29d%29D%21D%29D%29D%29%20%8D0%950%95%20%8C%D0%8C%EF%8C%EF%8C%EF%8C%EF%8C%EF%8C%EF%8C%EE%8C%CE%8C%CF%8C%CF%8C%CF%8C%CF%8C%EF%8D%20%8C%EF%95%20%8C%EF%8C%EF%84%EF%8C%EF%84%CF%84%AE%84n%84%CE%84%CE%8C%CE%8C%CF%8C%CF%8C%CF%8C%EF%8C%CF%8C%8F%8C%CE%8C%CE%8C%EF%8D%2F%8Do%8D%F2%9E6%83%F2%20%AA,0,0.00,NA,NA,0,0,0,0,0,0,NA,93
pico_reply,12:51:48,2I%2A%29%21%E8%21%A7%29%C7%29%C7%29%E7%21%E7%21%E7%2A%202%20%2A%282G%2A%282%27J%E8K%29S,0,0.00,NA,NA,0,0,0,0,0,0,NA,93
pico_reply,12:51:48,R%EAK%20K,0,0.00,NA,NA,0,0,0,0,0,0,NA,93
pico_reply,12:51:48,J%EAB%E9J%E9J%E9%3A%A8B%A9J%89Bj%3A%89J%A8J%C9B%A8C,0,0.00,NA,NA,0,0,0,0,0,0,NA,93
pico_reply,12:51:48,K%2AK,0,0.00,NA,NA,0,0,0,0,0,0,NA,93
pico_reply,12:51:48,J%AA%3A%88B%C8B%EAK,0,0.00,NA,NA,0,0,0,0,0,0,NA,93
camera,12:51:48,Camera%2Fcontrol%20line%20discarded%3A%20too%20long,0,0.00,NA,NA,0,0,0,0,0,0,NA,93
pico_reply,12:51:48,%95%20%8C%EF%8C%CF%8C%CF%84%CF%84%CE%8D%20%84%EF%8C%EF%8C%EF%8C%EF%84%CF%8C%CF%8C%CF%8C%CF%8C%CF%8C%EF%8D%20%8D%20%8D%20%8C%EF%8C%EF%8D%20%8C%EF%84%CF%8C%AF%8C%CF%84%CF%84%CE%8C%CE%8C%CF%8C%CE%8C%CF%84%CF%8C%CF%84%CF%8D%20%950%8D0%95%B1%96%20%9DSkt%29g,0,0.00,NA,NA,0,0,0,0,0,0,NA,93
pico_reply,12:51:48,%5B%2AcKS%29KI%5B%AASK%5B%2AS%20SIS%8BSJS,0,0.00,NA,NA,0,0,0,0,0,0,NA,93
pico_reply,12:51:48,J%C9S%20S,0,0.00,NA,NA,0,0,0,0,0,0,NA,93
pico_reply,12:51:48,R%CAJ%A8J%C9C%20K%29K,0,0.00,NA,NA,0,0,0,0,0,0,NA,93
camera,12:51:48,Camera%2Fcontrol%20line%20discarded%3A%20too%20long,0,0.00,NA,NA,0,0,0,0,0,0,NA,93
pico_reply,12:51:48,%CF%84%CF%8C%CF%8C%CF%8C%CF%8C%CF%8C%EF%8D%20%8D%20%8D%20%8C%EF%8C%EF%8C%EF%8C%EF%8C%EF%8D%20%8D0%8D0%8D0%8C%D0%8C%CF%84%AE%8C%EF%8C%EF%8D%20%8D%2F%95%20%950%8D%90%85q%9D%F5%7B%92%20%89%20%60%20%C0%20%C1%20%A1%20%A1%20%81%20%81%20%81%20%E1%20%20%21%20%21c%20b%3AfJ%C8S%8AS%29%5Blk%ABs%ACkjtK%8D%AD%F1%A5%D4%AD%F4%AD%D4%A5%F3%A5%F3%A5%F3%A5%F3%A5%F3%9D%B3%9Dr%95R%8D0%8D1%84%D0%7C%D0%7C%8Fl%2Flc%EEd%20c%CDcm2j%20%86%29%C7%29%A7%21%C7%21%C7%21%A7%21%87%21%86%21%C6%29%C61%C7%20%E62%85l%20c%8Cc%8C%5B%AB%5B%CB%5B%AB%5BkKJ%5B%89c%8BS%2ASI%5Bk%5Bk%5B%8Cc%8BSjSjS%8B%5Bk%5BkKJSj%5B%CC%5B%CB%5B%8BS%2A%5Bj%5B%8Bc%8B%5B%2ASJKJ%5Bk%5BkSj,0,0.00,NA,NA,0,0,0,0,0,0,NA,93
pico_reply,12:51:48,R%CAJ%EAK%20SISKS%20S,0,0.00,NA,NA,0,0,0,0,0,0,NA,93
pico_reply,12:51:48,S%2AK%2AK,0,0.00,NA,NA,0,0,0,0,0,0,NA,93
pico_reply,12:51:48,B%EAB%C9B%A9%3A%C9J%EAJ%EAB%AAB%AAB%C9B%C9C%20C,0,0.00,NA,NA,0,0,0,0,0,0,NA,93
camera,12:51:48,Camera%2Fcontrol%20line%20discarded%3A%20too%20long,0,0.00,NA,NA,0,0,0,0,0,0,NA,93
pico_reply,12:51:48,1c%93%29h,0,0.00,NA,NA,0,0,0,0,0,0,NA,93
camera,12:51:48,Camera%2Fcontrol%20line%20discarded%3A%20too%20long,0,0.00,NA,NA,0,0,0,0,0,0,NA,93
pico_reply,12:51:48,,0,0.00,NA,NA,0,0,0,0,0,0,NA,93
pico_reply,12:51:48,S%20S%2BJ%EAS,0,0.00,NA,NA,0,0,0,0,0,0,NA,93
pico_reply,12:51:48,S,0,0.00,NA,NA,0,0,0,0,0,0,NA,93
pico_reply,12:51:48,S,0,0.00,NA,NA,0,0,0,0,0,0,NA,93
camera,12:51:48,Camera%2Fcontrol%20line%20discarded%3A%20too%20long,0,0.00,NA,NA,0,0,0,0,0,0,NA,93
pico_reply,12:51:48,%20%82%20%201%E4BDJ%C7%5BFc%CBk%CAs%CBk%EC%84%AD%A5%8F%AD%F2%B6%20%A5%B2%A5%D2%AD%D3%A5%D2%AD%F3%AD%D3%AD%F3%AD%F3%AD%F4%A5%F3%AD%F3%AD%D3%A5%B3%9D%B2%9D%92%9Dr%95R%95R%95r%8D%20%8D1%8D1%84%F1%85Q%84%F0%94%D3%3A.%21d%21%85%20E%20%85%20%85%20%85%21%85%20e%20%85%21e%21%85%2F%20c%C6%7C%8E%7CntMtM%7CNt-tl%20l%20k%ECk%ECl-lMtM%7C-%7Ck%EDk%ECtl%20t%2C%7CMt-l%20tltMtMt.t-l%20t%2CtMt%2Ctlt-t-t-tl%20l%20ll%20t-ll%20tt%20t%20t-ltll%2Ct%2Ctlk%ECk%EClMl-k%CDk%CDk%CCc%CCc%ACc%ACc%ACc%ACk%EDk%CC%5B%8B%5Bk%5B%8Cc%8C%5BLS,0,0.00,NA,NA,0,0,0,0,0,0,NA,93
camera,12:51:48,Camera%2Fcontrol%20line%20discarded%3A%20too%20long,0,0.00,NA,NA,0,0,0,0,0,0,NA,93
pico_reply,12:51:48,J%E5K%28k%A9k%CDc%AA%7CK%84%CD%95%90%B63%AD%F4%A5%B3%A5%B2%AD%B2%A5%B2%A5%B2%AD%D3%AD%F3%AD%F3%AD%F3%AD%F4%AD%F4%AD%F3%AD%D4%A5%F3%9D%D2%A5%B3%A5%B3%9D%93%9Dr%9D%92%95r%8D3%8D2%95r%95r%85Q%A52c%B4%20%E5%20%25%20E%20e%20D%21D%20E%20D%20D%21%85%21e%20%A3%5B%A5%8D%20tn%7C%8E%7Cn%7Cn%7CNtN%7Cm%7C%8E%7CNtNlMtmtNtMtmt%8Dt%8E%7CotNt-tMt-t-lMtmtNt-t-lll-tMtMtNtNtN%7CNtNll-tnt%8Et%8ElntmtM%7CntNt-t-l.tNtNt%20k%EDlltt-k%EEk%EDl-t-lc%CCc%ECl-lt.k%EDc%CCc%CCc%CDc%EDlk%CDc%8Cc%CBl%20c%EC,0,0.00,NA,NA,0,0,0,0,0,0,NA,93
pico_reply,12:51:48,B%CAB%A9B%A9B%A9B%A9B%A82%A8J%E8B%EAB%A9B%C9%3Ai%3AI%3A%A8B%A9%3A%89%2A%28%3Ai%3A%AAB%8A%3A%8A2h2h%3A%89%3Aj%3Ai2H2%282h2h2H%3A%282%20%2AG%3Ah%3AI2%282G2%28%3A%282%282H2H2H2H2H2I2%202%202H2%282h2%29%2A%202%272I%2A%20%2A%20%2A%20%2A%202%27%2A%20%2A%202%202%20%2A%272%201%C7%29%E7%29%E71%E7%2A%202%28%29%E8%29%E72%20%2A%202%272%282%202%202%20%29%E7%21%C6%2A%20%2A%20%2A%20%2A%20%21%C82%202G%3AH%3A%20%3AGB%88J%E9%5B%ABs%EC%7Cn%84%EF%8D%20%95%B2%AEt%BE%B7%BE%F9%CFX%CF%99%DF%FB%DF%FB%DF%FA%E7%FA%E7%FA%DF%DA%CF%DA%EF%FA%EF%F9%E7%9A%C5%D8%9CsJI%20%20%20%E4%20%E4%20%A2,0,0.00,NA,NA,0,0,0,0,0,0,NA,93
camera,12:51:48,Camera%2Fcontrol%20line%20discarded%3A%20too%20long,0,0.00,NA,NA,0,0,0,0,0,0,NA,93
camera,12:51:48,Camera%2Fcontrol%20line%20discarded%3A%20too%20long,0,0.00,NA,NA,0,0,0,0,0,0,NA,93
camera,12:51:48,Camera%2Fcontrol%20line%20discarded%3A%20too%20long,0,0.00,NA,NA,0,0,0,0,0,0,NA,93
pico_reply,12:51:48,%2AK%2AS,0,0.00,NA,NA,0,0,0,0,0,0,NA,93
camera,12:51:48,Camera%2Fcontrol%20line%20discarded%3A%20too%20long,0,0.00,NA,NA,0,0,0,0,0,0,NA,93
pico_reply,12:51:48,%8D%20%8C%F0%8C%F0%8C%D0%8C%AF%8C%EF%8D%20%8C%F0%8C%D0%8C%CF%8C%EF%8C%EF%95%20%8C%F0%84%CF%85%20%8C%EF%8C%D0%84%CE%84%CF%84%EF%84%EF%8C%F0%94%D0%8C%CF%8C%CF%84%CF%84%CF%84%AF%84%CF%84%CE%84%CF%84%CF%84%AF%84%8E%84n%7C%8F%7C%8F%84%8F%84%8F%7C%8E%7C%8E%7Co%7CO%7CN%7CM%7CNs%EDl%20t-tMl%20k%CCk%ECk%ECk%ECk%ECl%20k%CCk%CCc%CBk%ECk%CBk%CBc%ABc%EBc%ECc%ABc%ABc%CB%5B%CCSkSkSJSKJ%CA%3AiB%E9J%E9J%CAB%A9J%A8J%C8J%A9B%89B%C8J%C9J%A9B%C8K%20K%20B%C9J%E9J%EAB%E9B%C8B%E8K%20C,0,0.00,NA,NA,0,0,0,0,0,0,NA,93
camera,12:51:48,Camera%2Fcontrol%20line%20discarded%3A%20too%20long,0,0.00,NA,NA,0,0,0,0,0,0,NA,93
pico_reply,12:51:48,%20%8D1%95%20%95P%95Q%95Q%95Q%951%95P%9Dq%95q%95Q%950%8C%F0%8D0%8DP%95P%950%95%20%8D0%950%8D%20%8D%20%8D%20%950%95Q%951%95%20%8D%20%8C%F0%8C%F0%8C%F0%95%20%951%8DP%8DP%95%20%94%F1%95%20%95%20%951%95%20%8D0%8DP%950%8D0%8D%20%8C%F0%84%F0%84%F0%8D%20%8C%F0%8D%20%8D%20%8D%20%850%8C%F0%8C%F0%84%CF%84%EF%8C%EF%84%D0%84%AF%84%B0%84%AF%84%AF%85%20%8D%20%8C%D0%84%AF%7C%AF%84%CF%84%B0%7C%8E%84%AE%7Co%7CN%7CNt-t-t-tl%20l%2Ct-t-l-lt-k%EDk%ECk%EDk%ECl%20l%20l%20k%EDc%AC%5B%CBKkS%8B%5BKSJSKK%2BC,0,0.00,NA,NA,0,0,0,0,0,0,NA,93
pico_reply,12:51:48,K%2AS%2AK%20J%AAB%A9J%E9K%20K%29J%EAB%E9SiSKB%A9%3A%C8KISjSkC%20C%20K%29K,0,0.00,NA,NA,0,0,0,0,0,0,NA,93
camera,12:51:48,Camera%2Fcontrol%20line%20discarded%3A%20too%20long,0,0.00,NA,NA,0,0,0,0,0,0,NA,93
pico_reply,12:51:48,Q%9DQ%9Dq%9Dq%9Dq%9Dq%9Dr%A5%92%A5%92%9Dr%95q%9DQ%9DQ%9DP%95p%95P%9Dq%9Dq%95q%9Dq%95Q%95P%9Dp%9Dq%9DQ%9DQ%9D1%9DQ%9DQ%95P%9DQ%9DQ%9DQ%95q%95q%95Q%9D1%9D1%9DQ%9DQ%9Dq%9Dr%95q%95Q%95Q%95Q%951%95%20%95%20%95%20%950%950%950%950%8D0%94%F0%8D%20%8C%EF%95%20%8C%F0%8C%EF%8C%F0%94%D0%94%F0%8C%EF%8D%20%8C%F0%8C%CF%84%CF%8C%EF%8D0%8D%20%8C%AF%7C%8E%84%AE%84%AF%84%8F%84%8E%7C%8E%7C%8E%7C%8E%84%8E%7C%8E%84n%7CN%7CMtn%7Cn%7Cn%7CNt.t.tl%20t%20t-ll%5B%ACc%8B%5Bj%5BjSj%5B%8ASKSISJSKS,0,0.00,NA,NA,0,0,0,0,0,0,NA,93
pico_reply,12:51:49,S,0,0.00,NA,NA,0,0,0,0,0,0,NA,93
pico_reply,12:51:49,S%29%5BjSkKJSJ%5B%AA%5B%8BK,0,0.00,NA,NA,0,0,0,0,0,0,NA,93
pico_reply,12:51:49,K%29S%8AS%8A%5B%8BK%2CKI%5B%29S,0,0.00,NA,NA,0,0,0,0,0,0,NA,93
camera,12:51:49,Camera%2Fcontrol%20line%20discarded%3A%20too%20long,0,0.00,NA,NA,0,0,0,0,0,0,NA,93
camera,12:51:49,Camera%2Fcontrol%20line%20discarded%3A%20too%20long,0,0.00,NA,NA,0,0,0,0,0,0,NA,93
camera,12:51:49,Camera%2Fcontrol%20line%20discarded%3A%20too%20long,0,0.00,NA,NA,0,0,0,0,0,0,NA,93
camera,12:51:49,Camera%2Fcontrol%20line%20discarded%3A%20too%20long,0,0.00,NA,NA,0,0,0,0,0,0,NA,93
pico_reply,12:51:49,%8DN%AE%20%A5%F3%A5%B3%A5%B3%A5%B2%A5%B3%AD%B3%A5%D3%A5%D3%A5%D2%A5%D3%A5%B2%A5%B2%A5%B2%A5%B2%A5%D2%A5%D2%AD%D3%AD%F3%AD%D3%AD%F3%B6%20%AD%F3%AD%F4%AE%20%AE%20%AE%20%AE%20%AE%20%B6%96%B6%95%B6%B5%BF%20%CF%BA%D7%BA%D7%DD%E7%FE%E7%FE%D7%FD%DF%FE%E7%FE%E6%FF%3A%20,0,0.00,NA,NA,0,0,0,0,0,0,NA,93
camera,12:51:49,Camera%2Fcontrol%20line%20discarded%3A%20too%20long,0,0.00,NA,NA,0,0,0,0,0,0,NA,93
camera,12:51:49,Camera%2Fcontrol%20line%20discarded%3A%20too%20long,0,0.00,NA,NA,0,0,0,0,0,0,NA,93
camera,12:51:49,Camera%2Fcontrol%20line%20discarded%3A%20too%20long,0,0.00,NA,NA,0,0,0,0,0,0,NA,93
camera,12:51:49,Camera%2Fcontrol%20line%20discarded%3A%20too%20long,0,0.00,NA,NA,0,0,0,0,0,0,NA,93
pico_reply,12:51:49,%B3%A5%93%A5%B2%A5%D3%9D%D2%A5%B2%A5%B3%A5%B3%A5%B2%A5%D2%A5%B2%A5%B2%A5%B2%A5%B2%A5%D2%A5%D3%AD%D3%AD%F3%B5%F3%AD%F3%AD%F3%AD%F3%B6%20%AE%20%B6%20%B6%20%B64%B65%B64%B6U%B6u%BE%F5%C7X%C7Z%D7%DA%DF%FD%EF%FE%EF%FE%EF%FF%EF%FF%E7%FF%EF%FF%DE%BF%21%2F%20%A0%20%C1%20%A2%20%A2%20%A1%20%A1%20%A2%20%A2%20%82%20%E0,0,0.00,NA,NA,0,0,0,0,0,0,NA,93
camera,12:51:49,Camera%2Fcontrol%20line%20discarded%3A%20too%20long,0,0.00,NA,NA,0,0,0,0,0,0,NA,93
camera,12:51:49,Camera%2Fcontrol%20line%20discarded%3A%20too%20long,0,0.00,NA,NA,0,0,0,0,0,0,NA,93
pico_reply,12:51:49,%20%AET%AET%B6t%B6T%B6T%B64%B6T%AE4%AE%20%AE%20%AD%F4%B64%B6%20%B64%B64%AE4%AE4%B64%B6T%AE4%B64%B64%AE%20%AE%20%B6t%B6T%B6%20%B6%20%AE%20%B63%B6%20%A5%D3%AD%F3%A5%D3%A5%B2%A5%B1%A5%91%9DQ%9D0%9DQ%95P%8C%EF%8C%EFtmlMtMk%ECt%20t-tm%7CMtmt-t%2Ct%2Ct-k%ECk%ECk%CBl%20l%20k%EClc%CA%5B%CB%5B%CBd%20%5B%8BS,0,0.00,NA,NA,0,0,0,0,0,0,NA,93
camera,12:51:49,Camera%2Fcontrol%20line%20discarded%3A%20too%20long,0,0.00,NA,NA,0,0,0,0,0,0,NA,93
camera,12:51:49,Camera%2Fcontrol%20line%20discarded%3A%20too%20long,0,0.00,NA,NA,0,0,0,0,0,0,NA,93
camera,12:51:49,Camera%2Fcontrol%20line%20discarded%3A%20too%20long,0,0.00,NA,NA,0,0,0,0,0,0,NA,93
camera,12:51:49,Camera%2Fcontrol%20line%20discarded%3A%20too%20long,0,0.00,NA,NA,0,0,0,0,0,0,NA,93
camera,12:51:49,Camera%2Fcontrol%20line%20discarded%3A%20too%20long,0,0.00,NA,NA,0,0,0,0,0,0,NA,93
camera,12:51:49,Camera%2Fcontrol%20line%20discarded%3A%20too%20long,0,0.00,NA,NA,0,0,0,0,0,0,NA,93
camera,12:51:49,Camera%2Fcontrol%20line%20discarded%3A%20too%20long,0,0.00,NA,NA,0,0,0,0,0,0,NA,93
camera,12:51:49,Camera%2Fcontrol%20line%20discarded%3A%20too%20long,0,0.00,NA,NA,0,0,0,0,0,0,NA,93
camera,12:51:49,Camera%2Fcontrol%20line%20discarded%3A%20too%20long,0,0.00,NA,NA,0,0,0,0,0,0,NA,93
camera,12:51:49,Camera%2Fcontrol%20line%20discarded%3A%20too%20long,0,0.00,NA,NA,0,0,0,0,0,0,NA,93
camera,12:51:49,Camera%2Fcontrol%20line%20discarded%3A%20too%20long,0,0.00,NA,NA,0,0,0,0,0,0,NA,93
pc_command,12:51:49,10,0,0.00,NA,NA,0,0,0,0,0,0,NA,93
camera,12:51:50,Camera%2Fcontrol%20line%20discarded%3A%20too%20long,0,0.00,NA,NA,0,0,0,0,0,0,NA,93
camera,12:51:50,Camera%2Fcontrol%20line%20discarded%3A%20too%20long,0,0.00,NA,NA,0,0,0,0,0,0,NA,93
camera,12:51:50,Camera%2Fcontrol%20line%20discarded%3A%20too%20long,0,0.00,NA,NA,0,0,0,0,0,0,NA,93
camera,12:51:50,Camera%2Fcontrol%20line%20discarded%3A%20too%20long,0,0.00,NA,NA,0,0,0,0,0,0,NA,93
camera,12:51:50,Camera%2Fcontrol%20line%20discarded%3A%20too%20long,0,0.00,NA,NA,0,0,0,0,0,0,NA,93
camera,12:51:50,Camera%2Fcontrol%20line%20discarded%3A%20too%20long,0,0.00,NA,NA,0,0,0,0,0,0,NA,93
pico_reply,12:51:50,%F7%C6%F7%CE%F7%C6%F7%CE%F7%C6%F7%CE%F7%CE%F7%C6%B7%C6%B7%C6%B6%CE%D6%CE%B8%CE%B8%CEA,0,0.00,NA,NA,0,0,0,0,0,0,NA,93
camera,12:51:50,Camera%2Fcontrol%20line%20discarded%3A%20too%20long,0,0.00,NA,NA,0,0,0,0,0,0,NA,93
camera,12:51:50,Camera%2Fcontrol%20line%20discarded%3A%20too%20long,0,0.00,NA,NA,0,0,0,0,0,0,NA,93
camera,12:51:50,Camera%2Fcontrol%20line%20discarded%3A%20too%20long,0,0.00,NA,NA,0,0,0,0,0,0,NA,93
camera,12:51:50,Camera%2Fcontrol%20line%20discarded%3A%20too%20long,0,0.00,NA,NA,0,0,0,0,0,0,NA,93
camera,12:51:50,Camera%2Fcontrol%20line%20discarded%3A%20too%20long,0,0.00,NA,NA,0,0,0,0,0,0,NA,93
camera,12:51:50,Camera%2Fcontrol%20line%20discarded%3A%20too%20long,0,0.00,NA,NA,0,0,0,0,0,0,NA,93
camera,12:51:50,Camera%2Fcontrol%20line%20discarded%3A%20too%20long,0,0.00,NA,NA,0,0,0,0,0,0,NA,93
camera,12:51:50,Camera%2Fcontrol%20line%20discarded%3A%20too%20long,0,0.00,NA,NA,0,0,0,0,0,0,NA,93
camera,12:51:50,Camera%2Fcontrol%20line%20discarded%3A%20too%20long,0,0.00,NA,NA,0,0,0,0,0,0,NA,93
pico_reply,12:51:50,%20%AD%F3%AE%20%AE%20%AE%20%B5%F4%B6%20%B6T%B64%AE4%B64%B64%B64%B64%B6T%B6T%B6T%BEt%B6U%B6U%B6T%B6T%B64%B64%B64%B64%B64%B64%AE%20%AET%B6t%B6u%B6T%AET%AET%B6%20%AD%F4%AD%B3%AD%B2%A5%B3%A5%D2%A5%B3%A5%D2%A5%B2%A5q%9DQ%9DP%9Dq%95P%950%95P%8D%20%8D%20%84n%84%8E%7C%AD%7C%AE%84%8E%7C%8D%7C%CD%8C%EE%8C%F1RL,0,0.00,NA,NA,0,0,0,0,0,0,NA,93
pico_reply,12:51:50,%5B,0,0.00,NA,NA,0,0,0,0,0,0,NA,93
camera,12:51:50,Camera%2Fcontrol%20line%20discarded%3A%20too%20long,0,0.00,NA,NA,0,0,0,0,0,0,NA,93
camera,12:51:50,Camera%2Fcontrol%20line%20discarded%3A%20too%20long,0,0.00,NA,NA,0,0,0,0,0,0,NA,93
camera,12:51:50,Camera%2Fcontrol%20line%20discarded%3A%20too%20long,0,0.00,NA,NA,0,0,0,0,0,0,NA,93
pico_reply,12:51:50,%AD%F4%A5%F3%AE%20%AD%F3%AD%F3%A5%D3%AD%F3%A5%F3%AD%F2%AD%F3%AD%D3%AD%D3%A5%F3%A5%D3%A5%D3%A5%B2%A5%D2%A5%D2%A5%B2%9DQ%95P%950%8D%20%8C%CF%84%CF%84%8F%84%8F%7C%8D%84%8E%84%AEl%AD%95o%8C2%20%88%20A%20%A0%20%A1%20%A2%20%C1%20%20%20b%29%E4%3A%262%86B%C6SiS%AAc%ACc,0,0.00,NA,NA,0,0,0,0,0,0,NA,93
camera,12:51:50,Camera%2Fcontrol%20line%20discarded%3A%20too%20long,0,0.00,NA,NA,0,0,0,0,0,0,NA,93
pico_reply,12:51:50,%F6%95%F4%9D%D3%95%B4%9D%B3%9D%B2%A5%F2%A5%D3%A5%B3%A5%93%A5%92%A5%B2%A5%B2%A5%B2%A5%B2%A5%B2%A5%B2%A5%B2%A5%B2%A5%D2%A5%B2%A5%B2%A5%92%A5%92%A5%B2%A5%B2%A5%D2%A5%B2%A5%B2%AD%B2%AD%B3%AD%D2%A5%F3%A5%D3%A5%F3%A5%F3%AD%D3%AD%D3%AD%F4%AD%F3%AD%D3%AD%F3%AD%F3%AD%F3%AD%F3%AD%F3%AE%20%AD%F3%AD%D3%AD%F3%AE%20%AE%20%B6%20%B6%20%AE4%B64%B6%20%B64%B64%B64%B64%B64%B64%B65%B6T%AEt%B6t%B6T%B6T%B6T%B6T%BEU%B6U%B64%AD%F4%AD%F3%AD%F3%A5%F3%AD%F4%AD%F4%AE%20%AE%20%AD%F3%AD%F3%AD%F3%A5%F3%AE%20%AE%20%AD%F3%AE3%AE%20%AE3%AD%F3%AD%D3%A5%B2%A5%B2%9D%91%9DQ%9DQ%9DQ%95%20%95%20%84%CF%8C%CE%8C%AF%84%AE%84%CE%84%AE%7C%CD%8D-%843%3A%20,0,0.00,NA,NA,0,0,0,0,0,0,NA,93
camera,12:51:50,Camera%2Fcontrol%20line%20discarded%3A%20too%20long,0,0.00,NA,NA,0,0,0,0,0,0,NA,93
camera,12:51:50,Camera%2Fcontrol%20line%20discarded%3A%20too%20long,0,0.00,NA,NA,0,0,0,0,0,0,NA,93
camera,12:51:50,Camera%2Fcontrol%20line%20discarded%3A%20too%20long,0,0.00,NA,NA,0,0,0,0,0,0,NA,93
camera,12:51:51,Camera%2Fcontrol%20line%20discarded%3A%20too%20long,0,0.00,NA,NA,0,0,0,0,0,0,NA,93
camera,12:51:51,Camera%2Fcontrol%20line%20discarded%3A%20too%20long,0,0.00,NA,NA,0,0,0,0,0,0,NA,93
camera,12:51:51,Camera%2Fcontrol%20line%20discarded%3A%20too%20long,0,0.00,NA,NA,0,0,0,0,0,0,NA,93
camera,12:51:51,Camera%2Fcontrol%20line%20discarded%3A%20too%20long,0,0.00,NA,NA,0,0,0,0,0,0,NA,93
camera,12:51:51,Camera%2Fcontrol%20line%20discarded%3A%20too%20long,0,0.00,NA,NA,0,0,0,0,0,0,NA,93
camera,12:51:51,Camera%2Fcontrol%20line%20discarded%3A%20too%20long,0,0.00,NA,NA,0,0,0,0,0,0,NA,93
camera,12:51:51,Camera%2Fcontrol%20line%20discarded%3A%20too%20long,0,0.00,NA,NA,0,0,0,0,0,0,NA,93
pico_reply,12:51:51,tM%7CM%7Cm%7Cl%84%CD%85%2C%8C%CCcP1%AA,0,0.00,NA,NA,0,0,0,0,0,0,NA,93
camera,12:51:51,Camera%2Fcontrol%20line%20discarded%3A%20too%20long,0,0.00,NA,NA,0,0,0,0,0,0,NA,93
camera,12:51:51,Camera%2Fcontrol%20line%20discarded%3A%20too%20long,0,0.00,NA,NA,0,0,0,0,0,0,NA,93
camera,12:51:51,Camera%2Fcontrol%20line%20discarded%3A%20too%20long,0,0.00,NA,NA,0,0,0,0,0,0,NA,93
camera,12:51:51,Camera%2Fcontrol%20line%20discarded%3A%20too%20long,0,0.00,NA,NA,0,0,0,0,0,0,NA,93
camera,12:51:51,Camera%2Fcontrol%20line%20discarded%3A%20too%20long,0,0.00,NA,NA,0,0,0,0,0,0,NA,93
camera,12:51:51,Camera%2Fcontrol%20line%20discarded%3A%20too%20long,0,0.00,NA,NA,0,0,0,0,0,0,NA,93
camera,12:51:51,Camera%2Fcontrol%20line%20discarded%3A%20too%20long,0,0.00,NA,NA,0,0,0,0,0,0,NA,93
camera,12:51:51,Camera%2Fcontrol%20line%20discarded%3A%20too%20long,0,0.00,NA,NA,0,0,0,0,0,0,NA,93
camera,12:51:51,Camera%2Fcontrol%20line%20discarded%3A%20too%20long,0,0.00,NA,NA,0,0,0,0,0,0,NA,93
pico_reply,12:51:51,S%8At%EC%8D%F0%9Es%AE%F6%AE%B8%AEw%A6V%A6%20%AE5%AE%20%AD%F3%AD%F3%AD%F3%AD%F3%AE%20%B6%20%B6%20%B6T%B64%B6T%B6T%B6T%B6T%B6T%B6t%B6t%B6t%B6t%B6t%B6t%B6t%B6t%BET%B6U%BET%BEt%AE%20%AD%F3%A5%F3%9D%D3%A5%D2%A5%D2%A5%D3%9D%93%9D%91%9Dq%9Dr%9Dq%95q%9DQ%951%951%951%8D%20%8D%20%85%20%8C%EF%84%F0%84%CE%8D%20%8D%20%8C%EF%8C%CF%84%CE%7C%CD%8D%842%21%8B,0,0.00,NA,NA,0,0,0,0,0,0,NA,93
camera,12:51:51,Camera%2Fcontrol%20line%20discarded%3A%20too%20long,0,0.00,NA,NA,0,0,0,0,0,0,NA,90
camera,12:51:51,Camera%2Fcontrol%20line%20discarded%3A%20too%20long,0,0.00,NA,NA,0,0,0,0,0,0,NA,90
camera,12:51:51,Camera%2Fcontrol%20line%20discarded%3A%20too%20long,0,0.00,NA,NA,0,0,0,0,0,0,NA,90
camera,12:51:51,Camera%2Fcontrol%20line%20discarded%3A%20too%20long,0,0.00,NA,NA,0,0,0,0,0,0,NA,90
camera,12:51:51,Camera%2Fcontrol%20line%20discarded%3A%20too%20long,0,0.00,NA,NA,0,0,0,0,0,0,NA,90
camera,12:51:51,Camera%2Fcontrol%20line%20discarded%3A%20too%20long,0,0.00,NA,NA,0,0,0,0,0,0,NA,90
pico_reply,12:51:51,%20E%20e%20d%20e%20E%20D%20D%20E%20%24%20%24%20%20%20%85%20B,0,0.00,NA,NA,0,0,0,0,0,0,NA,90
pc_command,12:51:51,0,0,0.00,NA,NA,0,0,0,0,0,0,NA,90
camera,12:51:51,Camera%2Fcontrol%20line%20discarded%3A%20too%20long,0,0.00,NA,NA,0,0,0,0,0,0,NA,90
pico_reply,12:51:51,%84%AF%84%8E%7C%8D%7C%CE%84%EE%84%CE%7C%8E%7Cn%84m%7C%8Etm%7C.Z%AF,0,0.00,NA,NA,0,0,0,0,0,0,NA,90
camera,12:51:51,Camera%2Fcontrol%20line%20discarded%3A%20too%20long,0,0.00,NA,NA,0,0,0,0,0,0,NA,90
camera,12:51:52,Camera%2Fcontrol%20line%20discarded%3A%20too%20long,0,0.00,NA,NA,0,0,0,0,0,0,NA,90
camera,12:51:52,Camera%2Fcontrol%20line%20discarded%3A%20too%20long,0,0.00,NA,NA,0,0,0,0,0,0,NA,90
camera,12:51:52,Camera%2Fcontrol%20line%20discarded%3A%20too%20long,0,0.00,NA,NA,0,0,0,0,0,0,NA,90
pico_reply,12:51:52,%20d%20E%20E%20D%20d%20e%20E%20E%20E%20E%20E%20e%20E%20E%20D%20E%20E%20E%20D%20%25%20D%20D%20D%20%24%20%24%20%24%20D%20%25%20%24%20%24%21%20%20D,0,0.00,NA,NA,0,0,0,0,0,0,NA,90
camera,12:51:52,Camera%2Fcontrol%20line%20discarded%3A%20too%20long,0,0.00,NA,NA,0,0,0,0,0,0,NA,90
camera,12:51:52,Camera%2Fcontrol%20line%20discarded%3A%20too%20long,0,0.00,NA,NA,0,0,0,0,0,0,NA,90
camera,12:51:52,Camera%2Fcontrol%20line%20discarded%3A%20too%20long,0,0.00,NA,NA,0,0,0,0,0,0,NA,90
camera,12:51:52,Camera%2Fcontrol%20line%20discarded%3A%20too%20long,0,0.00,NA,NA,0,0,0,0,0,0,NA,90
camera,12:51:52,Camera%2Fcontrol%20line%20discarded%3A%20too%20long,0,0.00,NA,NA,0,0,0,0,0,0,NA,90
camera,12:51:52,Camera%2Fcontrol%20line%20discarded%3A%20too%20long,0,0.00,NA,NA,0,0,0,0,0,0,NA,90
camera,12:51:52,Camera%2Fcontrol%20line%20discarded%3A%20too%20long,0,0.00,NA,NA,0,0,0,0,0,0,NA,90
camera,12:51:52,Camera%2Fcontrol%20line%20discarded%3A%20too%20long,0,0.00,NA,NA,0,0,0,0,0,0,NA,90
camera,12:51:52,Camera%2Fcontrol%20line%20discarded%3A%20too%20long,0,0.00,NA,NA,0,0,0,0,0,0,NA,90
pico_reply,12:51:52,C%21C%20D%21D%20%20,0,0.00,NA,NA,0,0,0,0,0,0,NA,90
pico_reply,12:51:52,k%ECc%CBSjC,0,0.00,NA,NA,0,0,0,0,0,0,NA,90
camera,12:51:52,Camera%2Fcontrol%20line%20discarded%3A%20too%20long,0,0.00,NA,NA,0,0,0,0,0,0,NA,90
camera,12:51:52,Camera%2Fcontrol%20line%20discarded%3A%20too%20long,0,0.00,NA,NA,0,0,0,0,0,0,NA,90
camera,12:51:52,Camera%2Fcontrol%20line%20discarded%3A%20too%20long,0,0.00,NA,NA,0,0,0,0,0,0,NA,90
camera,12:51:52,Camera%2Fcontrol%20line%20discarded%3A%20too%20long,0,0.00,NA,NA,0,0,0,0,0,0,NA,90
camera,12:51:52,Camera%2Fcontrol%20line%20discarded%3A%20too%20long,0,0.00,NA,NA,0,0,0,0,0,0,NA,90
camera,12:51:52,Camera%2Fcontrol%20line%20discarded%3A%20too%20long,0,0.00,NA,NA,0,0,0,0,0,0,NA,90
camera,12:51:52,Camera%2Fcontrol%20line%20discarded%3A%20too%20long,0,0.00,NA,NA,0,0,0,0,0,0,NA,90
camera,12:51:52,Camera%2Fcontrol%20line%20discarded%3A%20too%20long,0,0.00,NA,NA,0,0,0,0,0,0,NA,90
camera,12:51:52,Camera%2Fcontrol%20line%20discarded%3A%20too%20long,0,0.00,NA,NA,0,0,0,0,0,0,NA,90
camera,12:51:52,Camera%2Fcontrol%20line%20discarded%3A%20too%20long,0,0.00,NA,NA,0,0,0,0,0,0,NA,90
camera,12:51:52,Camera%2Fcontrol%20line%20discarded%3A%20too%20long,0,0.00,NA,NA,0,0,0,0,0,0,NA,90
camera,12:51:52,Camera%2Fcontrol%20line%20discarded%3A%20too%20long,0,0.00,NA,NA,0,0,0,0,0,0,NA,90
camera,12:51:52,Camera%2Fcontrol%20line%20discarded%3A%20too%20long,0,0.00,NA,NA,0,0,0,0,0,0,NA,90
camera,12:51:52,Camera%2Fcontrol%20line%20discarded%3A%20too%20long,0,0.00,NA,NA,0,0,0,0,0,0,NA,90
camera,12:51:52,Camera%2Fcontrol%20line%20discarded%3A%20too%20long,0,0.00,NA,NA,0,0,0,0,0,0,NA,90
camera,12:51:52,Camera%2Fcontrol%20line%20discarded%3A%20too%20long,0,0.00,NA,NA,0,0,0,0,0,0,NA,90
camera,12:51:52,Camera%2Fcontrol%20line%20discarded%3A%20too%20long,0,0.00,NA,NA,0,0,0,0,0,0,NA,90
camera,12:51:52,Camera%2Fcontrol%20line%20discarded%3A%20too%20long,0,0.00,NA,NA,0,0,0,0,0,0,NA,90
camera,12:51:52,Camera%2Fcontrol%20line%20discarded%3A%20too%20long,0,0.00,NA,NA,0,0,0,0,0,0,NA,90
camera,12:51:52,Camera%2Fcontrol%20line%20discarded%3A%20too%20long,0,0.00,NA,NA,0,0,0,0,0,0,NA,90
camera,12:51:52,Camera%2Fcontrol%20line%20discarded%3A%20too%20long,0,0.00,NA,NA,0,0,0,0,0,0,NA,90
camera,12:51:52,Camera%2Fcontrol%20line%20discarded%3A%20too%20long,0,0.00,NA,NA,0,0,0,0,0,0,NA,90
camera,12:51:52,Camera%2Fcontrol%20line%20discarded%3A%20too%20long,0,0.00,NA,NA,0,0,0,0,0,0,NA,90
camera,12:51:52,Camera%2Fcontrol%20line%20discarded%3A%20too%20long,0,0.00,NA,NA,0,0,0,0,0,0,NA,90
camera,12:51:52,Camera%2Fcontrol%20line%20discarded%3A%20too%20long,0,0.00,NA,NA,0,0,0,0,0,0,NA,90
camera,12:51:52,Camera%2Fcontrol%20line%20discarded%3A%20too%20long,0,0.00,NA,NA,0,0,0,0,0,0,NA,90
camera,12:51:52,Camera%2Fcontrol%20line%20discarded%3A%20too%20long,0,0.00,NA,NA,0,0,0,0,0,0,NA,90
camera,12:51:52,Camera%2Fcontrol%20line%20discarded%3A%20too%20long,0,0.00,NA,NA,0,0,0,0,0,0,NA,90
camera,12:51:52,Camera%2Fcontrol%20line%20discarded%3A%20too%20long,0,0.00,NA,NA,0,0,0,0,0,0,NA,90
camera,12:51:52,Camera%2Fcontrol%20line%20discarded%3A%20too%20long,0,0.00,NA,NA,0,0,0,0,0,0,NA,90
camera,12:51:52,Camera%2Fcontrol%20line%20discarded%3A%20too%20long,0,0.00,NA,NA,0,0,0,0,0,0,NA,90
camera,12:51:52,Camera%2Fcontrol%20line%20discarded%3A%20too%20long,0,0.00,NA,NA,0,0,0,0,0,0,NA,90
camera,12:51:52,Camera%2Fcontrol%20line%20discarded%3A%20too%20long,0,0.00,NA,NA,0,0,0,0,0,0,NA,90
camera,12:51:52,Camera%2Fcontrol%20line%20discarded%3A%20too%20long,0,0.00,NA,NA,0,0,0,0,0,0,NA,90
camera,12:51:52,Camera%2Fcontrol%20line%20discarded%3A%20too%20long,0,0.00,NA,NA,0,0,0,0,0,0,NA,90
camera,12:51:52,Camera%2Fcontrol%20line%20discarded%3A%20too%20long,0,0.00,NA,NA,0,0,0,0,0,0,NA,90
camera,12:51:52,Camera%2Fcontrol%20line%20discarded%3A%20too%20long,0,0.00,NA,NA,0,0,0,0,0,0,NA,90
camera,12:51:53,Camera%2Fcontrol%20line%20discarded%3A%20too%20long,0,0.00,NA,NA,0,0,0,0,0,0,NA,90
camera,12:51:53,Camera%2Fcontrol%20line%20discarded%3A%20too%20long,0,0.00,NA,NA,0,0,0,0,0,0,NA,90
camera,12:51:53,Camera%2Fcontrol%20line%20discarded%3A%20too%20long,0,0.00,NA,NA,0,0,0,0,0,0,NA,90
camera,12:51:53,Camera%2Fcontrol%20line%20discarded%3A%20too%20long,0,0.00,NA,NA,0,0,0,0,0,0,NA,90
pico_reply,12:51:53,%2F%20%2F%20%2F%20%2F%20%2F%20%2F%27%2F%27%2F%20%2F%20%2F%20%2F%20%29%E7%21%C7%21%E7%21%E7%21%E7%21%E6%21%E7%21%C7%21%C7%21%C6%21%C6%20%C6%20%C6%20%C6%20%C6%20%C7%20%A6%20%C6%21%C61%E7%20%E6%20a%20%81%20%81%20%81%20%81%20%A1%20%A1%20%A1%20%82%20%C2,0,0.00,NA,NA,0,0,0,0,0,0,NA,90
camera,12:51:53,Camera%2Fcontrol%20line%20discarded%3A%20too%20long,0,0.00,NA,NA,0,0,0,0,0,0,NA,90
pico_reply,12:51:53,%21%C7%20%E7%2F%20%21%E7%21%C7%21%C7%21%C7%21%C6%21%E6%20%E6%20%E7%21%C6%21%C6%21%A7%21%C6%21%C6%21%C61%86%20%20%20%80%20%81%20a%20%81%20%81%20%81%20%A1%20%A1%20%A2%20%C2,0,0.00,NA,NA,0,0,0,0,0,0,NA,90
camera,12:51:53,Camera%2Fcontrol%20line%20discarded%3A%20too%20long,0,0.00,NA,NA,0,0,0,0,0,0,NA,90
camera,12:51:53,Camera%2Fcontrol%20line%20discarded%3A%20too%20long,0,0.00,NA,NA,0,0,0,0,0,0,NA,90
camera,12:51:53,Camera%2Fcontrol%20line%20discarded%3A%20too%20long,0,0.00,NA,NA,0,0,0,0,0,0,NA,90
camera,12:51:53,Camera%2Fcontrol%20line%20discarded%3A%20too%20long,0,0.00,NA,NA,0,0,0,0,0,0,NA,90
camera,12:51:53,Camera%2Fcontrol%20line%20discarded%3A%20too%20long,0,0.00,NA,NA,0,0,0,0,0,0,NA,90
camera,12:51:53,Camera%2Fcontrol%20line%20discarded%3A%20too%20long,0,0.00,NA,NA,0,0,0,0,0,0,NA,90
camera,12:51:53,Camera%2Fcontrol%20line%20discarded%3A%20too%20long,0,0.00,NA,NA,0,0,0,0,0,0,NA,90
camera,12:51:53,Camera%2Fcontrol%20line%20discarded%3A%20too%20long,0,0.00,NA,NA,0,0,0,0,0,0,NA,90
camera,12:51:53,Camera%2Fcontrol%20line%20discarded%3A%20too%20long,0,0.00,NA,NA,0,0,0,0,0,0,NA,90
pico_reply,12:51:53,%2F%20%2F%20%2F%20%2F%20%2F%20%2F%20%2F%20%2F%20%2F%20%2F%20%2F%20%21%E6%21%E6%21%E7%21%C6%21%C7%21%E7%21%C7%21%E7%20%E6%2F%20%2F%20%29%E89%E8%20%C5%20%80%20b%20a%20%81%20%81%20%A1%20%A1%20%C3%20%A2%20%C2%20%E2%21%C4%20%A6%20%86%20%A6%20%A6%20%86%20%85%20%85%20%85%20%86%20%86%20%85%20%85%20%85%20%86%20%86%20%86%20e%20e%20%85%20%85%20f%20%86%20%86%20%86%20%86%20%A6%20%A6%20%A6%20%A6%20%A6%20%A6%20%A6%20%A6%20%A6%20%A6%20%A6%20%A6%20%A6%20%A6%20%A5%20%E7%2AFBh%20%87%20%A1%20%A2%20%A1%20%A2%20%A2%20%A2%20%A2%20%20%20%82%20A%20A%20%C0%20%20%20%23%20%23%20%C3%20%C3%20%A2%20%E2%20%C3%20%E2%20%23%20%23%20%23%20c%20%81%20%A1%20%C2%20%E1%20%E3%20%83%20%A1%20%C2%20%82%20%A1%20%A1,0,0.00,NA,NA,0,0,0,0,0,0,NA,90
camera,12:51:53,Camera%2Fcontrol%20line%20discarded%3A%20too%20long,0,0.00,NA,NA,0,0,0,0,0,0,NA,90
camera,12:51:53,Camera%2Fcontrol%20line%20discarded%3A%20too%20long,0,0.00,NA,NA,0,0,0,0,0,0,NA,90
camera,12:51:53,Camera%2Fcontrol%20line%20discarded%3A%20too%20long,0,0.00,NA,NA,0,0,0,0,0,0,NA,90
camera,12:51:53,Camera%2Fcontrol%20line%20discarded%3A%20too%20long,0,0.00,NA,NA,0,0,0,0,0,0,NA,90
camera,12:51:53,Camera%2Fcontrol%20line%20discarded%3A%20too%20long,0,0.00,NA,NA,0,0,0,0,0,0,NA,90
camera,12:51:53,Camera%2Fcontrol%20line%20discarded%3A%20too%20long,0,0.00,NA,NA,0,0,0,0,0,0,NA,90
camera,12:51:53,Camera%2Fcontrol%20line%20discarded%3A%20too%20long,0,0.00,NA,NA,0,0,0,0,0,0,NA,90
camera,12:51:53,Camera%2Fcontrol%20line%20discarded%3A%20too%20long,0,0.00,NA,NA,0,0,0,0,0,0,NA,90
camera,12:51:53,Camera%2Fcontrol%20line%20discarded%3A%20too%20long,0,0.00,NA,NA,0,0,0,0,0,0,NA,90
camera,12:51:53,Camera%2Fcontrol%20line%20discarded%3A%20too%20long,0,0.00,NA,NA,0,0,0,0,0,0,NA,90
pico_reply,12:51:53,%20%23%20%E3%20%C3%20%C2%20%E2%20%E3%20%E3%20%23%21%23%20%23%21%23%21%23%29%208%A4X%20%BA%2F%CA%CB%D3%2B%DBm%E2%CC%E2%AC%B1h%A1E%A1%24%99%20%81fR%20%21%27,0,0.00,NA,NA,0,0,0,0,0,0,NA,90
camera,12:51:53,Camera%2Fcontrol%20line%20discarded%3A%20too%20long,0,0.00,NA,NA,0,0,0,0,0,0,NA,90
camera,12:51:53,Camera%2Fcontrol%20line%20discarded%3A%20too%20long,0,0.00,NA,NA,0,0,0,0,0,0,NA,90
camera,12:51:53,Camera%2Fcontrol%20line%20discarded%3A%20too%20long,0,0.00,NA,NA,0,0,0,0,0,0,NA,90
camera,12:51:53,Camera%2Fcontrol%20line%20discarded%3A%20too%20long,0,0.00,NA,NA,0,0,0,0,0,0,NA,90
camera,12:51:53,Camera%2Fcontrol%20line%20discarded%3A%20too%20long,0,0.00,NA,NA,0,0,0,0,0,0,NA,90
camera,12:51:53,Camera%2Fcontrol%20line%20discarded%3A%20too%20long,0,0.00,NA,NA,0,0,0,0,0,0,NA,90
camera,12:51:53,Camera%2Fcontrol%20line%20discarded%3A%20too%20long,0,0.00,NA,NA,0,0,0,0,0,0,NA,90
camera,12:51:53,Camera%2Fcontrol%20line%20discarded%3A%20too%20long,0,0.00,NA,NA,0,0,0,0,0,0,NA,90
camera,12:51:53,Camera%2Fcontrol%20line%20discarded%3A%20too%20long,0,0.00,NA,NA,0,0,0,0,0,0,NA,90
camera,12:51:53,Camera%2Fcontrol%20line%20discarded%3A%20too%20long,0,0.00,NA,NA,0,0,0,0,0,0,NA,90
camera,12:51:53,Camera%2Fcontrol%20line%20discarded%3A%20too%20long,0,0.00,NA,NA,0,0,0,0,0,0,NA,90
camera,12:51:53,Camera%2Fcontrol%20line%20discarded%3A%20too%20long,0,0.00,NA,NA,0,0,0,0,0,0,NA,90
camera,12:51:54,Camera%2Fcontrol%20line%20discarded%3A%20too%20long,0,0.00,NA,NA,0,0,0,0,0,0,NA,90
camera,12:51:54,Camera%2Fcontrol%20line%20discarded%3A%20too%20long,0,0.00,NA,NA,0,0,0,0,0,0,NA,90
camera,12:51:54,Camera%2Fcontrol%20line%20discarded%3A%20too%20long,0,0.00,NA,NA,0,0,0,0,0,0,NA,90
camera,12:51:54,Camera%2Fcontrol%20line%20discarded%3A%20too%20long,0,0.00,NA,NA,0,0,0,0,0,0,NA,90
camera,12:51:54,Camera%2Fcontrol%20line%20discarded%3A%20too%20long,0,0.00,NA,NA,0,0,0,0,0,0,NA,90
camera,12:51:54,Camera%2Fcontrol%20line%20discarded%3A%20too%20long,0,0.00,NA,NA,0,0,0,0,0,0,NA,90
camera,12:51:54,Camera%2Fcontrol%20line%20discarded%3A%20too%20long,0,0.00,NA,NA,0,0,0,0,0,0,NA,90
camera,12:51:54,Camera%2Fcontrol%20line%20discarded%3A%20too%20long,0,0.00,NA,NA,0,0,0,0,0,0,NA,90
camera,12:51:54,Camera%2Fcontrol%20line%20discarded%3A%20too%20long,0,0.00,NA,NA,0,0,0,0,0,0,NA,90
camera,12:51:54,Camera%2Fcontrol%20line%20discarded%3A%20too%20long,0,0.00,NA,NA,0,0,0,0,0,0,NA,90
camera,12:51:54,Camera%2Fcontrol%20line%20discarded%3A%20too%20long,0,0.00,NA,NA,0,0,0,0,0,0,NA,90
camera,12:51:54,Camera%2Fcontrol%20line%20discarded%3A%20too%20long,0,0.00,NA,NA,0,0,0,0,0,0,NA,90
camera,12:51:54,Camera%2Fcontrol%20line%20discarded%3A%20too%20long,0,0.00,NA,NA,0,0,0,0,0,0,NA,90
camera,12:51:54,Camera%2Fcontrol%20line%20discarded%3A%20too%20long,0,0.00,NA,NA,0,0,0,0,0,0,NA,90
camera,12:51:54,Camera%2Fcontrol%20line%20discarded%3A%20too%20long,0,0.00,NA,NA,0,0,0,0,0,0,NA,90
camera,12:51:54,Camera%2Fcontrol%20line%20discarded%3A%20too%20long,0,0.00,NA,NA,0,0,0,0,0,0,NA,90
camera,12:51:54,Camera%2Fcontrol%20line%20discarded%3A%20too%20long,0,0.00,NA,NA,0,0,0,0,0,0,NA,90
camera,12:51:54,Camera%2Fcontrol%20line%20discarded%3A%20too%20long,0,0.00,NA,NA,0,0,0,0,0,0,NA,90
camera,12:51:54,Camera%2Fcontrol%20line%20discarded%3A%20too%20long,0,0.00,NA,NA,0,0,0,0,0,0,NA,90
camera,12:51:54,Camera%2Fcontrol%20line%20discarded%3A%20too%20long,0,0.00,NA,NA,0,0,0,0,0,0,NA,90
camera,12:51:54,Camera%2Fcontrol%20line%20discarded%3A%20too%20long,0,0.00,NA,NA,0,0,0,0,0,0,NA,90
camera,12:51:54,Camera%2Fcontrol%20line%20discarded%3A%20too%20long,0,0.00,NA,NA,0,0,0,0,0,0,NA,90
camera,12:51:54,Camera%2Fcontrol%20line%20discarded%3A%20too%20long,0,0.00,NA,NA,0,0,0,0,0,0,NA,90
camera,12:51:54,Camera%2Fcontrol%20line%20discarded%3A%20too%20long,0,0.00,NA,NA,0,0,0,0,0,0,NA,90
camera,12:51:54,Camera%2Fcontrol%20line%20discarded%3A%20too%20long,0,0.00,NA,NA,0,0,0,0,0,0,NA,90
camera,12:51:54,Camera%2Fcontrol%20line%20discarded%3A%20too%20long,0,0.00,NA,NA,0,0,0,0,0,0,NA,90
camera,12:51:54,Camera%2Fcontrol%20line%20discarded%3A%20too%20long,0,0.00,NA,NA,0,0,0,0,0,0,NA,90
camera,12:51:54,Camera%2Fcontrol%20line%20discarded%3A%20too%20long,0,0.00,NA,NA,0,0,0,0,0,0,NA,90
camera,12:51:54,Camera%2Fcontrol%20line%20discarded%3A%20too%20long,0,0.00,NA,NA,0,0,0,0,0,0,NA,90
camera,12:51:54,Camera%2Fcontrol%20line%20discarded%3A%20too%20long,0,0.00,NA,NA,0,0,0,0,0,0,NA,90
camera,12:51:55,Camera%2Fcontrol%20line%20discarded%3A%20too%20long,0,0.00,NA,NA,0,0,0,0,0,0,NA,90
pico_reply,12:51:55,%E2%20%C2%20%C2%20%C2%20%A2%20%A1%20%A1%20a%20a%20a%20a%20A%20a,0,0.00,NA,NA,0,0,0,0,0,0,NA,90
pico_reply,12:51:55,,0,0.00,NA,NA,0,0,0,0,0,0,NA,90
camera,12:51:55,Camera%2Fcontrol%20line%20discarded%3A%20too%20long,0,0.00,NA,NA,0,0,0,0,0,0,NA,90
pico_reply,12:51:55,%D7%98%D7x%D7%B9%DF%D9%D7%3A%BEY%A5%D5%B6s%BE%96%B6v%B6U%BEu%BEv%BE%96%BE%96%BEu%B6U%BEU%B65%AE4%AE4%AE4%AE%20%A5%F3%A5%94s0%20G%20,0,0.00,NA,NA,0,0,0,0,0,0,NA,90
camera,12:51:55,Camera%2Fcontrol%20line%20discarded%3A%20too%20long,0,0.00,NA,NA,0,0,0,0,0,0,NA,90
pico_reply,12:51:55,,0,0.00,NA,NA,0,0,0,0,0,0,NA,90
pico_reply,12:51:55,3,0,0.00,NA,NA,0,0,0,0,0,0,NA,90
pico_reply,12:51:55,3,0,0.00,NA,NA,0,0,0,0,0,0,NA,90
pico_reply,12:51:55,%3A%EB%3A%CB%3A%EB2%EB%3A%EA2%EA2%EA2%EA2%EA2%E93%2A3,0,0.00,NA,NA,0,0,0,0,0,0,NA,90
camera,12:51:55,Camera%2Fcontrol%20line%20discarded%3A%20too%20long,0,0.00,NA,NA,0,0,0,0,0,0,NA,90
pico_reply,12:51:55,%B6u%B6U%B6v%B6u%B6v%BEu%BEu%B6u%B6U%B65%AE4%B64%B63%AD%B2%AC%B4%29-,0,0.00,NA,NA,0,0,0,0,0,0,NA,90
pico_reply,12:51:55,3,0,0.00,NA,NA,0,0,0,0,0,0,NA,90
pico_reply,12:51:55,%3B%2A%3B%2A%3B%2BC%20%3A%CB%3A%EB2%CB2%EA2%E93%20%3B,0,0.00,NA,NA,0,0,0,0,0,0,NA,90
pico_reply,12:51:55,%3B%20%3A%E93,0,0.00,NA,NA,0,0,0,0,0,0,NA,90
pico_reply,12:51:55,3,0,0.00,NA,NA,0,0,0,0,0,0,NA,90
camera,12:51:55,Camera%2Fcontrol%20line%20discarded%3A%20too%20long,0,0.00,NA,NA,0,0,0,0,0,0,NA,90
pico_reply,12:51:55,%BE%95%B6u%B6v%B6u%B6%96%B6u%B6u%B6u%B6U%B64%AE4%B64%BE3%B5%B2%94s%20%CB%20%A1%20%E3%20%C3%20%C2%20%C2%20%C2%20%C2%20%A2%20%A2%20%C2%20%C3%20%23%20%23%20%23%20%A1%20b%20b%20%21,0,0.00,NA,NA,0,0,0,0,0,0,NA,90
pico_reply,12:51:55,%3A%EA%3A%EB2%EB3,0,0.00,NA,NA,0,0,0,0,0,0,NA,90
pico_reply,12:51:55,%3B%20%3B,0,0.00,NA,NA,0,0,0,0,0,0,NA,90
pico_reply,12:51:55,%3B%20%3B%20%3B%20%3B%20%3B%2B%3B%2B%3B%203,0,0.00,NA,NA,0,0,0,0,0,0,NA,90
pico_reply,12:51:55,3,0,0.00,NA,NA,0,0,0,0,0,0,NA,90
pico_reply,12:51:55,3%2A3,0,0.00,NA,NA,0,0,0,0,0,0,NA,90
pico_reply,12:51:55,%3B%203%202%EA3%203,0,0.00,NA,NA,0,0,0,0,0,0,NA,90
camera,12:51:55,Camera%2Fcontrol%20line%20discarded%3A%20too%20long,0,0.00,NA,NA,0,0,0,0,0,0,NA,90
pico_reply,12:51:55,%B6%95%B6u%B6v%B6u%B6t%B6T%B64%B64%B63%BES%BD3%8CU%20%88%20,0,0.00,NA,NA,0,0,0,0,0,0,NA,90
pico_reply,12:51:55,3%2B%3B,0,0.00,NA,NA,0,0,0,0,0,0,NA,90
pico_reply,12:51:55,2%EB2%EB%3B,0,0.00,NA,NA,0,0,0,0,0,0,NA,90
pico_reply,12:51:55,%3B%20%3B,0,0.00,NA,NA,0,0,0,0,0,0,NA,90
pico_reply,12:51:55,%3B%20%3B%203,0,0.00,NA,NA,0,0,0,0,0,0,NA,90
pico_reply,12:51:55,3%2A%3B,0,0.00,NA,NA,0,0,0,0,0,0,NA,90
pico_reply,12:51:55,C%20%3B%2B%3B%2B%3B%2B%3B%2B%3B,0,0.00,NA,NA,0,0,0,0,0,0,NA,90
pico_reply,12:51:56,CK%3B,0,0.00,NA,NA,0,0,0,0,0,0,NA,90
camera,12:51:56,Camera%2Fcontrol%20line%20discarded%3A%20too%20long,0,0.00,NA,NA,0,0,0,0,0,0,NA,90
pico_reply,12:51:56,%B6u%B6u%B6t%B6T%B64%B64%B6%20%BE%20%C5s%7C%20,0,0.00,NA,NA,0,0,0,0,0,0,NA,90
pico_reply,12:51:56,%3B%2B2%EB%3B%2B3%2B%3B%2A%3B%2B%3B%202%EB%3B,0,0.00,NA,NA,0,0,0,0,0,0,NA,90
pico_reply,12:51:56,3,0,0.00,NA,NA,0,0,0,0,0,0,NA,90
pico_reply,12:51:56,%3B%2AC%20%3B%20%3B%2B%3B%2B%3B%20%3B%2B%3BK%3B%2B%3B%2B3%2B%3A%EA%3A%EA3,0,0.00,NA,NA,0,0,0,0,0,0,NA,90
pico_reply,12:51:56,%3B,0,0.00,NA,NA,0,0,0,0,0,0,NA,90
camera,12:51:56,Camera%2Fcontrol%20line%20discarded%3A%20too%20long,0,0.00,NA,NA,0,0,0,0,0,0,NA,90
pico_reply,12:51:56,%B5%F4%B62%BDSs%B4%20%C4%20%20%20%C3%20%A3%20%A3%20%C2%20%C2%20%C2%20%A2%20%A2%20%A2%20%A2%20%A3%20D%20D%20%81%20%81%20%81%20%81%20%81%20a%20a%20a%20a%20a%20%81%20%81%20%C2%20%C2%20%A2%20%A2%20%C1%20%20%20%E3%20%C2%20%C2%20%C2%20%A2%20%A2%20%A1%20%2F%20%20%20%C3%20%A2%20%82%20%C3%20%C2%20%E2%20%E3%20%C3,0,0.00,NA,NA,0,0,0,0,0,0,NA,90
pico_reply,12:51:56,%3B,0,0.00,NA,NA,0,0,0,0,0,0,NA,90
pico_reply,12:51:56,%3A%EB%3A%EA2%EA3,0,0.00,NA,NA,0,0,0,0,0,0,NA,90
pico_reply,12:51:56,CLCK%3BL%3B%20C%20CL%3B%2B%3Bk%3BK%3B%2B%3BJ3%2A2%EB%3B%2C3K3%2ACK%3B%202%EB%3B,0,0.00,NA,NA,0,0,0,0,0,0,NA,90
pico_reply,12:51:56,3,0,0.00,NA,NA,0,0,0,0,0,0,NA,90
pico_reply,12:51:56,%3B%2A%3B%2B%3B%20%3B%20%3B%2A3%20C%2B%3BK%3B%2B%3BK3%2B%3B,0,0.00,NA,NA,0,0,0,0,0,0,NA,90
pico_reply,12:51:56,C%202%CA3,0,0.00,NA,NA,0,0,0,0,0,0,NA,90
pico_reply,12:51:56,%3B,0,0.00,NA,NA,0,0,0,0,0,0,NA,90
camera,12:51:56,Camera%2Fcontrol%20line%20discarded%3A%20too%20long,0,0.00,NA,NA,0,0,0,0,0,0,NA,90
pico_reply,12:51:56,%B62%BD%93R%F3,0,0.00,NA,NA,0,0,0,0,0,0,NA,90
pico_reply,12:51:56,%3A%EB2%AA2%C92%EA3,0,0.00,NA,NA,0,0,0,0,0,0,NA,90
pico_reply,12:51:56,3,0,0.00,NA,NA,0,0,0,0,0,0,NA,90
pico_reply,12:51:56,%3B,0,0.00,NA,NA,0,0,0,0,0,0,NA,90
pico_reply,12:51:56,2%EB%3B%2B3%203,0,0.00,NA,NA,0,0,0,0,0,0,NA,90
pico_reply,12:51:56,3J%3BkCKCL%3BK%3BKClC%2B%3B%2C3%2C%3BM%3BLC%8CC%ADC%ADC%AD%3B%8C3l3k%3Bl%3BK%3BK%3B%2C3%20%2B%2A3%2A3%2B%3B%2C3%20%3B%203,0,0.00,NA,NA,0,0,0,0,0,0,NA,90
pico_reply,12:51:56,%3BJ%3B%20%3B%20%3B%20%3B%2A%3B%203%20%3B%2BClCl%3BK%3B%2AC%202%CB3,0,0.00,NA,NA,0,0,0,0,0,0,NA,90
pico_reply,12:51:56,%3B,0,0.00,NA,NA,0,0,0,0,0,0,NA,90
camera,12:51:57,Camera%2Fcontrol%20line%20discarded%3A%20too%20long,0,0.00,NA,NA,0,0,0,0,0,0,NA,90
pico_reply,12:51:57,%B5%F2%B5T%3A1%20%81%20%E2%20%C3%20%C3%20%A3%20%C2%20%C2%20%C2%20%C2%20%C2%20%A2%20%A2%20%C3%20%83%20%83%20%81%20%81%20%81%20%81%20a%20a%20a%20a%20a%20A%20%81%20a%20%E2%20%A2%20%A2%20%A1%20%A1%20%E2%20%23%20%23%20%20%20%C2%20%A1%20%A1%20%A1%20%2F%20%20%20%C3%20%82%20%A2%20%C2%20%C2%20%E2%20%E3%20%20%20%A1%3A%89%21%E6%2AG%2Ah2%882%892%882%A92%A82%C8%3A%EA%3A%EB%3B%20%3B%20%3B,0,0.00,NA,NA,0,0,0,0,0,0,NA,90
pico_reply,12:51:57,%3A%CA2%EA%3A%EA%3B,0,0.00,NA,NA,0,0,0,0,0,0,NA,90
pico_reply,12:51:57,%3B,0,0.00,NA,NA,0,0,0,0,0,0,NA,90
pico_reply,12:51:57,%3B%2A%3B%2B%3B%2AK%2BCKK%8BK%ACC%8BK%8CKlCKK%ABK%CCS%CDS%ADK%ADK%8CS%ACC%ADClKlC%8CC%8BC%ACC%ACC%ACClCK%3B%2ACK%3B%2A%3BJ%3B%203,0,0.00,NA,NA,0,0,0,0,0,0,NA,90
pico_reply,12:51:57,%3A%EB2%AB3,0,0.00,NA,NA,0,0,0,0,0,0,NA,90
pico_reply,12:51:57,%3B%202%EB2%EA2%EB2%EB%3B,0,0.00,NA,NA,0,0,0,0,0,0,NA,90
pico_reply,12:51:57,%3A%EB%3B%20%3B,0,0.00,NA,NA,0,0,0,0,0,0,NA,90
pico_reply,12:51:57,3,0,0.00,NA,NA,0,0,0,0,0,0,NA,90
pico_reply,12:51:57,2%EA%3B%2A3,0,0.00,NA,NA,0,0,0,0,0,0,NA,90
pico_reply,12:51:57,2%EA2%EA3,0,0.00,NA,NA,0,0,0,0,0,0,NA,90
pico_reply,12:51:57,%3B%202%CB2%A9J%8A%20%E7%20%81%20%81%20%81%20%81%20%81%20a%20a%20%81%20%A1%20%A2,0,0.00,NA,NA,0,0,0,0,0,0,NA,90
camera,12:51:57,Camera%2Fcontrol%20line%20discarded%3A%20too%20long,0,0.00,NA,NA,0,0,0,0,0,0,NA,90
pico_reply,12:51:57,%E2%20%E3%20%E3%20%2F%20%A12%29%20%E7%2Ag%2A%892%A9%2A%882%A9%2A%A92%C92%EA%3B%20C%20CJ%3B%2A%3B%2AC%2BK%ABK%CCK%ACS%ACK%8DS%ACS%8DKlK%CC%2FS%CEC%CC%2FN%2F%2F%2F.d%2F%2F%2F%2F%20%2F%20%2F%20%5B%EF%5B%EFS%EES%CES%CES%EDS%EES%AEK%8DC%8DC%8DC%AD%3BKC%8C%3BK%3BL%3B%2C%2A%EC2%CB%2A%8B2%CB2%EB2%CB%2A%CA%2A%CA%2A%AA2%CB2%CB%3A%EB2%CA%2A%C93,0,0.00,NA,NA,0,0,0,0,0,0,NA,90
camera,12:51:57,Camera%2Fcontrol%20line%20discarded%3A%20too%20long,0,0.00,NA,NA,0,0,0,0,0,0,NA,90
camera,12:51:57,Camera%2Fcontrol%20line%20discarded%3A%20too%20long,0,0.00,NA,NA,0,0,0,0,0,0,NA,90
camera,12:51:57,Camera%2Fcontrol%20line%20discarded%3A%20too%20long,0,0.00,NA,NA,0,0,0,0,0,0,NA,90
pico_reply,12:51:57,%EA2%CA%2A%C9%3A%E9%3A%AA%3A%EA%3A%AAS%ABS%EC%2Fml%8El%90dot%F0t%F1%7D%20%7D%20%85r%8D%B2%95%F4%96%20%96%20%9E4%9EU%964%9E4%9Eu%9E%95%A6%D5%AE%F6%AF%20%AF%20%AE%F7%B77%B7W%B7W%BFW%B7W%AF%20%B7%20%B6%F6%AE%F6%A6%B6%A6u%9Et%9Et%963%95%F4%8D%B3%7Dr%7DQ%7C%F2t%D1dO%2F%20S%EDK%ADKnCM2%ED%2A%AB%2A%CB%2F%8B%2Fj%2A%A92%8A%20,0,0.00,NA,NA,0,0,0,0,0,0,NA,90
camera,12:51:57,Camera%2Fcontrol%20line%20discarded%3A%20too%20long,0,0.00,NA,NA,0,0,0,0,0,0,NA,90
pico_reply,12:51:57,%AE4%AE4%AE%20%C5%92%A4%D7%20I%20%E0%20%C3%20%C2%20%C3%20%C2%20%A2%20%A3%20%C2%20%C2%20%C2%20%C2%20%C3%20%C2%20%A3%20%A3%20%81%20%81%20a%20a%20a%20%81%20a%20a%20a%20a%20a%20%A1%20%E1%20%E3%20%C2%20%A1%20%A1%20%C0%20%20%20%83%2F%20%3A%27%21%26%20%83%20%C0%29%C3%29%85%20%20%20b%20%A2%20%81%20%C2%20%23%20%20,0,0.00,NA,NA,0,0,0,0,0,0,NA,90
camera,12:51:57,Camera%2Fcontrol%20line%20discarded%3A%20too%20long,0,0.00,NA,NA,0,0,0,0,0,0,NA,90
pico_reply,12:51:57,%B65%AE4%AE4%B62%C5%D2%8Cv%20G%20%E2%20%C3%20%C2%20%C3%20%A2%20%A3%20%A3%20%C2%20%C2%20%C2%20%C2%20%C2%20%C2%20%C3%20%C3%20%81%20%81%20%81%20b%20a%20a%20a%20a%20a%20a%20a%20%C1%20%C2%20%C3%20%A2%20%A1%20%A1%20%81%20%C1%20B%21%E32eBi%29i,0,0.00,NA,NA,0,0,0,0,0,0,NA,90
camera,12:51:57,Camera%2Fcontrol%20line%20discarded%3A%20too%20long,0,0.00,NA,NA,0,0,0,0,0,0,NA,90
camera,12:51:57,Camera%2Fcontrol%20line%20discarded%3A%20too%20long,0,0.00,NA,NA,0,0,0,0,0,0,NA,90
camera,12:51:57,Camera%2Fcontrol%20line%20discarded%3A%20too%20long,0,0.00,NA,NA,0,0,0,0,0,0,NA,90
camera,12:51:57,Camera%2Fcontrol%20line%20discarded%3A%20too%20long,0,0.00,NA,NA,0,0,0,0,0,0,NA,90
camera,12:51:57,Camera%2Fcontrol%20line%20discarded%3A%20too%20long,0,0.00,NA,NA,0,0,0,0,0,0,NA,90
camera,12:51:57,Camera%2Fcontrol%20line%20discarded%3A%20too%20long,0,0.00,NA,NA,0,0,0,0,0,0,NA,90
camera,12:51:57,Camera%2Fcontrol%20line%20discarded%3A%20too%20long,0,0.00,NA,NA,0,0,0,0,0,0,NA,90
camera,12:51:57,Camera%2Fcontrol%20line%20discarded%3A%20too%20long,0,0.00,NA,NA,0,0,0,0,0,0,NA,90
pico_reply,12:51:57,%92%B65%AE%20%AE4%B65%B65%B6U%B6U%B6T%AEt%AES%B5%D2%AD5%20%20%A1%20%C2%20%C3%20%E3%20%C2%20%C2%20%A3%20%A2%20%C2%20%A3%20%A2%20%A2%20%A2%20%A2%20%A2%20%A2%20%82%20%81%20%82%20%81%20%81%20a%20%81%20a%20a%20a%20b%20%A2%20%82,0,0.00,NA,NA,0,0,0,0,0,0,NA,90
camera,12:51:57,Camera%2Fcontrol%20line%20discarded%3A%20too%20long,0,0.00,NA,NA,0,0,0,0,0,0,NA,90
pico_reply,12:51:57,%20%82%20%81%20%81%20%81%20a%20a%20a,0,0.00,NA,NA,0,0,0,0,0,0,NA,90
pico_reply,12:51:57,B%27%21%86%20%20%20%A2%20a%20A,0,0.00,NA,NA,0,0,0,0,0,0,NA,90
camera,12:51:57,Camera%2Fcontrol%20line%20discarded%3A%20too%20long,0,0.00,NA,NA,0,0,0,0,0,0,NA,90
pico_reply,12:51:58,%20%C3%20%C3%20%C2%20%C2%20%A2%20%A2%20%A2%20%A2%20%A2%20%A2%20%A2%20%A2%20%A2%20%A2%20%A2%20%A2%20%A2%20%81%20%82%20a%20a%20a%20A,0,0.00,NA,NA,0,0,0,0,0,0,NA,90
pico_reply,12:51:58,B%CA2%28%29%C6%21E%20%E4%20%82%20a,0,0.00,NA,NA,0,0,0,0,0,0,NA,90
camera,12:51:58,Camera%2Fcontrol%20line%20discarded%3A%20too%20long,0,0.00,NA,NA,0,0,0,0,0,0,NA,90
pico_reply,12:51:58,%20%C3%20%C2%20%A2%20%A2%20%A2%20%A2%20%A2%20%C2%20%A2%20%A2%20%A2%20%A2%20%A2%20TELEMETRY%2Cwifi_mode%3DAP%2Cuptime_s%3D25%2Ctemp_c%3D27.97%2Crandom%3D326%2Ccommand_value%3D0%2Cgyro_z_dps%3D0.00%2Cgyro_z_angle_deg%3D0.02%2Croll_deg%3D179.98%2Cpitch_deg%3D-3.41%2Cattitude_calibrated%3D1%2Cimu_samples%3D4367%2Cimu_rejected%3D0%2Cphotodiode_adc%3D770%7C768%7C768%7C77,0,0.00,NA,NA,0,0,0,0,0,0,NA,90
camera,12:51:58,Camera%20frame%20rejected%3A%20invalid%20RLE%20header,0,0.00,NA,NA,0,0,0,0,0,0,NA,90
camera,12:51:58,Camera%2Fcontrol%20line%20discarded%3A%20too%20long,0,0.00,NA,NA,0,0,0,0,0,0,NA,90
camera,12:51:58,Camera%2Fcontrol%20line%20discarded%3A%20too%20long,0,0.00,NA,NA,0,0,0,0,0,0,NA,90
camera,12:51:58,Camera%2Fcontrol%20line%20discarded%3A%20too%20long,0,0.00,NA,NA,0,0,0,0,0,0,NA,90
camera,12:51:58,Camera%2Fcontrol%20line%20discarded%3A%20too%20long,0,0.00,NA,NA,0,0,0,0,0,0,NA,90
camera,12:51:58,Camera%2Fcontrol%20line%20discarded%3A%20too%20long,0,0.00,NA,NA,0,0,0,0,0,0,NA,90
camera,12:51:58,Camera%2Fcontrol%20line%20discarded%3A%20too%20long,0,0.00,NA,NA,0,0,0,0,0,0,NA,90
camera,12:51:58,Camera%2Fcontrol%20line%20discarded%3A%20too%20long,0,0.00,NA,NA,0,0,0,0,0,0,NA,90
camera,12:51:58,Camera%2Fcontrol%20line%20discarded%3A%20too%20long,0,0.00,NA,NA,0,0,0,0,0,0,NA,90
camera,12:51:58,Camera%2Fcontrol%20line%20discarded%3A%20too%20long,0,0.00,NA,NA,0,0,0,0,0,0,NA,90
camera,12:51:58,Camera%2Fcontrol%20line%20discarded%3A%20too%20long,0,0.00,NA,NA,0,0,0,0,0,0,NA,90
pico_reply,12:51:58,1%951%952%952%951%952%95R%95R%95R%952%951%951%952%952%951%8C%F1%8D0%95Q%952%95R%95Q%95Q%95Q%951%9D1%95Q%951%951%951%8DQ%8D1%8D%20%84%B0%84%D0lot%8Ed%20%2F%20%5B%ACS,0,0.00,NA,NA,0,0,0,0,0,0,NA,90
camera,12:51:58,Camera%2Fcontrol%20line%20discarded%3A%20too%20long,0,0.00,NA,NA,0,0,0,0,0,0,NA,90
camera,12:51:58,Camera%2Fcontrol%20line%20discarded%3A%20too%20long,0,0.00,NA,NA,0,0,0,0,0,0,NA,90
camera,12:51:58,Camera%2Fcontrol%20line%20discarded%3A%20too%20long,0,0.00,NA,NA,0,0,0,0,0,0,NA,90
camera,12:51:58,Camera%2Fcontrol%20line%20discarded%3A%20too%20long,0,0.00,NA,NA,0,0,0,0,0,0,NA,90
camera,12:51:58,Camera%2Fcontrol%20line%20discarded%3A%20too%20long,0,0.00,NA,NA,0,0,0,0,0,0,NA,90
pico_reply,12:51:58,,0,0.00,NA,NA,0,0,0,0,0,0,NA,90
camera,12:51:58,Camera%2Fcontrol%20line%20discarded%3A%20too%20long,0,0.00,NA,NA,0,0,0,0,0,0,NA,90
camera,12:51:58,Camera%2Fcontrol%20line%20discarded%3A%20too%20long,0,0.00,NA,NA,0,0,0,0,0,0,NA,90
camera,12:51:58,Camera%2Fcontrol%20line%20discarded%3A%20too%20long,0,0.00,NA,NA,0,0,0,0,0,0,NA,90
camera,12:51:58,Camera%2Fcontrol%20line%20discarded%3A%20too%20long,0,0.00,NA,NA,0,0,0,0,0,0,NA,90
camera,12:51:58,Camera%2Fcontrol%20line%20discarded%3A%20too%20long,0,0.00,NA,NA,0,0,0,0,0,0,NA,90
camera,12:51:58,Camera%2Fcontrol%20line%20discarded%3A%20too%20long,0,0.00,NA,NA,0,0,0,0,0,0,NA,90
camera,12:51:58,Camera%2Fcontrol%20line%20discarded%3A%20too%20long,0,0.00,NA,NA,0,0,0,0,0,0,NA,90
camera,12:51:58,Camera%2Fcontrol%20line%20discarded%3A%20too%20long,0,0.00,NA,NA,0,0,0,0,0,0,NA,90
pico_reply,12:51:58,%20F%20F%20f%20F%20F%20F%20F%20F%20F%20E%20F%20F%20%25%20%26%20E%20%25%20%20%20%20%20%25%20%20%20%20%202%952%951%8D1%95%20%95%20%951%95%20%95%20%950%951%951%951%95R%9DR%95R%9D2%952%952%9D2%9DR%95R%9Dr%9Ds%9DR%9Ds%9Ds%9D%93%95s%9D%93%95s%9DR%95R%8D2%952%84%F1%84%F1%8C%D2to%7Cot%2Fc%ACc%CB%5B%8CJ%CBB%8A2,0,0.00,NA,NA,0,0,0,0,0,0,NA,90
camera,12:51:58,Camera%2Fcontrol%20line%20discarded%3A%20too%20long,0,0.00,NA,NA,0,0,0,0,0,0,NA,90
camera,12:51:58,Camera%2Fcontrol%20line%20discarded%3A%20too%20long,0,0.00,NA,NA,0,0,0,0,0,0,NA,90
camera,12:51:58,Camera%2Fcontrol%20line%20discarded%3A%20too%20long,0,0.00,NA,NA,0,0,0,0,0,0,NA,90
camera,12:51:59,Camera%2Fcontrol%20line%20discarded%3A%20too%20long,0,0.00,NA,NA,0,0,0,0,0,0,NA,90
camera,12:51:59,Camera%2Fcontrol%20line%20discarded%3A%20too%20long,0,0.00,NA,NA,0,0,0,0,0,0,NA,90
camera,12:51:59,Camera%2Fcontrol%20line%20discarded%3A%20too%20long,0,0.00,NA,NA,0,0,0,0,0,0,NA,90
camera,12:51:59,Camera%2Fcontrol%20line%20discarded%3A%20too%20long,0,0.00,NA,NA,0,0,0,0,0,0,NA,90
camera,12:51:59,Camera%2Fcontrol%20line%20discarded%3A%20too%20long,0,0.00,NA,NA,0,0,0,0,0,0,NA,90
camera,12:51:59,Camera%2Fcontrol%20line%20discarded%3A%20too%20long,0,0.00,NA,NA,0,0,0,0,0,0,NA,90
camera,12:51:59,Camera%2Fcontrol%20line%20discarded%3A%20too%20long,0,0.00,NA,NA,0,0,0,0,0,0,NA,90
camera,12:51:59,Camera%2Fcontrol%20line%20discarded%3A%20too%20long,0,0.00,NA,NA,0,0,0,0,0,0,NA,90
camera,12:51:59,Camera%2Fcontrol%20line%20discarded%3A%20too%20long,0,0.00,NA,NA,0,0,0,0,0,0,NA,90
camera,12:51:59,Camera%2Fcontrol%20line%20discarded%3A%20too%20long,0,0.00,NA,NA,0,0,0,0,0,0,NA,90
camera,12:51:59,Camera%2Fcontrol%20line%20discarded%3A%20too%20long,0,0.00,NA,NA,0,0,0,0,0,0,NA,90
camera,12:51:59,Camera%2Fcontrol%20line%20discarded%3A%20too%20long,0,0.00,NA,NA,0,0,0,0,0,0,NA,90
camera,12:51:59,Camera%2Fcontrol%20line%20discarded%3A%20too%20long,0,0.00,NA,NA,0,0,0,0,0,0,NA,90
camera,12:51:59,Camera%2Fcontrol%20line%20discarded%3A%20too%20long,0,0.00,NA,NA,0,0,0,0,0,0,NA,90
camera,12:51:59,Camera%2Fcontrol%20line%20discarded%3A%20too%20long,0,0.00,NA,NA,0,0,0,0,0,0,NA,90
camera,12:51:59,Camera%2Fcontrol%20line%20discarded%3A%20too%20long,0,0.00,NA,NA,0,0,0,0,0,0,NA,90
camera,12:51:59,Camera%2Fcontrol%20line%20discarded%3A%20too%20long,0,0.00,NA,NA,0,0,0,0,0,0,NA,90
camera,12:51:59,Camera%2Fcontrol%20line%20discarded%3A%20too%20long,0,0.00,NA,NA,0,0,0,0,0,0,NA,90
camera,12:51:59,Camera%2Fcontrol%20line%20discarded%3A%20too%20long,0,0.00,NA,NA,0,0,0,0,0,0,NA,90
camera,12:51:59,Camera%2Fcontrol%20line%20discarded%3A%20too%20long,0,0.00,NA,NA,0,0,0,0,0,0,NA,90
camera,12:51:59,Camera%2Fcontrol%20line%20discarded%3A%20too%20long,0,0.00,NA,NA,0,0,0,0,0,0,NA,90
camera,12:51:59,Camera%2Fcontrol%20line%20discarded%3A%20too%20long,0,0.00,NA,NA,0,0,0,0,0,0,NA,90
camera,12:51:59,Camera%2Fcontrol%20line%20discarded%3A%20too%20long,0,0.00,NA,NA,0,0,0,0,0,0,NA,90
camera,12:51:59,Camera%2Fcontrol%20line%20discarded%3A%20too%20long,0,0.00,NA,NA,0,0,0,0,0,0,NA,90
camera,12:51:59,Camera%2Fcontrol%20line%20discarded%3A%20too%20long,0,0.00,NA,NA,0,0,0,0,0,0,NA,90
camera,12:51:59,Camera%2Fcontrol%20line%20discarded%3A%20too%20long,0,0.00,NA,NA,0,0,0,0,0,0,NA,90
camera,12:51:59,Camera%2Fcontrol%20line%20discarded%3A%20too%20long,0,0.00,NA,NA,0,0,0,0,0,0,NA,90
camera,12:51:59,Camera%2Fcontrol%20line%20discarded%3A%20too%20long,0,0.00,NA,NA,0,0,0,0,0,0,NA,90
camera,12:51:59,Camera%2Fcontrol%20line%20discarded%3A%20too%20long,0,0.00,NA,NA,0,0,0,0,0,0,NA,90
camera,12:51:59,Camera%2Fcontrol%20line%20discarded%3A%20too%20long,0,0.00,NA,NA,0,0,0,0,0,0,NA,90
camera,12:52:00,Camera%2Fcontrol%20line%20discarded%3A%20too%20long,0,0.00,NA,NA,0,0,0,0,0,0,NA,90
camera,12:52:00,Camera%2Fcontrol%20line%20discarded%3A%20too%20long,0,0.00,NA,NA,0,0,0,0,0,0,NA,90
camera,12:52:00,Camera%2Fcontrol%20line%20discarded%3A%20too%20long,0,0.00,NA,NA,0,0,0,0,0,0,NA,90
camera,12:52:00,Camera%2Fcontrol%20line%20discarded%3A%20too%20long,0,0.00,NA,NA,0,0,0,0,0,0,NA,90
camera,12:52:00,Camera%2Fcontrol%20line%20discarded%3A%20too%20long,0,0.00,NA,NA,0,0,0,0,0,0,NA,90
pico_reply,12:52:00,F%20F%20%26%20%26%20F%20F%20F%20E%20%26%21G%20G%20F%20f%20G%21%26%21%26%21%20%95%20%952%95%20%95%20%9D%20%9D2%952%951%951%952%952%952%9D%20%952%95%20%95%20%9D2%9D2%9D2%952%952%9D2%9D2%9D2%9DR%9DR%9DR%9DR%9D2%9D2%9D2%9D2%9D2%9D2%9DS%9Ds%9DS%9DR%9DS%9DS%9DS%9Ds%9Ds%9Ds%9Ds%9D%92%95R%95%20%95%20%84%D2%7C%90t0l%20c%8ER%EDB%CABi%2A,0,0.00,NA,NA,0,0,0,0,0,0,NA,90
camera,12:52:00,Camera%2Fcontrol%20line%20discarded%3A%20too%20long,0,0.00,NA,NA,0,0,0,0,0,0,NA,90
camera,12:52:00,Camera%2Fcontrol%20line%20discarded%3A%20too%20long,0,0.00,NA,NA,0,0,0,0,0,0,NA,90
camera,12:52:00,Camera%2Fcontrol%20line%20discarded%3A%20too%20long,0,0.00,NA,NA,0,0,0,0,0,0,NA,90
camera,12:52:00,Camera%2Fcontrol%20line%20discarded%3A%20too%20long,0,0.00,NA,NA,0,0,0,0,0,0,NA,90
camera,12:52:00,Camera%2Fcontrol%20line%20discarded%3A%20too%20long,0,0.00,NA,NA,0,0,0,0,0,0,NA,90
camera,12:52:00,Camera%2Fcontrol%20line%20discarded%3A%20too%20long,0,0.00,NA,NA,0,0,0,0,0,0,NA,90
camera,12:52:00,Camera%2Fcontrol%20line%20discarded%3A%20too%20long,0,0.00,NA,NA,0,0,0,0,0,0,NA,90
camera,12:52:00,Camera%2Fcontrol%20line%20discarded%3A%20too%20long,0,0.00,NA,NA,0,0,0,0,0,0,NA,90
pico_reply,12:52:00,%21h%20g%21G%21F%21F%212%952%95%20%94%F2%94%F1%95%20%9D2%9D%20%952%951%95%20%95%20%95%20%952%952%9D2%9D%20%952%9D2%9D%20%9D%20%9D2%9D2%9D2%9D2%9DR%9D2%9D2%9DR%9DR%9DR%9D2%9DR%95R%9DR%9DR%9DR%9DS%9DR%9DR%9DS%9DS%9DR%9Dr%9Ds%9Ds%9Ds%9Ds%95S%9DS%9DS%8C%F2%84%F2t0t0c%AD%5B%8DKLB%AC2,0,0.00,NA,NA,0,0,0,0,0,0,NA,90
camera,12:52:00,Camera%2Fcontrol%20line%20discarded%3A%20too%20long,0,0.00,NA,NA,0,0,0,0,0,0,NA,90
camera,12:52:00,Camera%2Fcontrol%20line%20discarded%3A%20too%20long,0,0.00,NA,NA,0,0,0,0,0,0,NA,90
camera,12:52:00,Camera%2Fcontrol%20line%20discarded%3A%20too%20long,0,0.00,NA,NA,0,0,0,0,0,0,NA,90
camera,12:52:00,Camera%2Fcontrol%20line%20discarded%3A%20too%20long,0,0.00,NA,NA,0,0,0,0,0,0,NA,90
camera,12:52:00,Camera%2Fcontrol%20line%20discarded%3A%20too%20long,0,0.00,NA,NA,0,0,0,0,0,0,NA,90
camera,12:52:00,Camera%2Fcontrol%20line%20discarded%3A%20too%20long,0,0.00,NA,NA,0,0,0,0,0,0,NA,90
camera,12:52:00,Camera%2Fcontrol%20line%20discarded%3A%20too%20long,0,0.00,NA,NA,0,0,0,0,0,0,NA,90
camera,12:52:00,Camera%2Fcontrol%20line%20discarded%3A%20too%20long,0,0.00,NA,NA,0,0,0,0,0,0,NA,90
camera,12:52:00,Camera%2Fcontrol%20line%20discarded%3A%20too%20long,0,0.00,NA,NA,0,0,0,0,0,0,NA,90
camera,12:52:00,Camera%2Fcontrol%20line%20discarded%3A%20too%20long,0,0.00,NA,NA,0,0,0,0,0,0,NA,90
camera,12:52:00,Camera%2Fcontrol%20line%20discarded%3A%20too%20long,0,0.00,NA,NA,0,0,0,0,0,0,NA,90
camera,12:52:00,Camera%2Fcontrol%20line%20discarded%3A%20too%20long,0,0.00,NA,NA,0,0,0,0,0,0,NA,90
camera,12:52:00,Camera%2Fcontrol%20line%20discarded%3A%20too%20long,0,0.00,NA,NA,0,0,0,0,0,0,NA,90
camera,12:52:00,Camera%2Fcontrol%20line%20discarded%3A%20too%20long,0,0.00,NA,NA,0,0,0,0,0,0,NA,90
camera,12:52:00,Camera%2Fcontrol%20line%20discarded%3A%20too%20long,0,0.00,NA,NA,0,0,0,0,0,0,NA,90
camera,12:52:01,Camera%2Fcontrol%20line%20discarded%3A%20too%20long,0,0.00,NA,NA,0,0,0,0,0,0,NA,90
camera,12:52:01,Camera%2Fcontrol%20line%20discarded%3A%20too%20long,0,0.00,NA,NA,0,0,0,0,0,0,NA,90
camera,12:52:01,Camera%2Fcontrol%20line%20discarded%3A%20too%20long,0,0.00,NA,NA,0,0,0,0,0,0,NA,90
camera,12:52:01,Camera%2Fcontrol%20line%20discarded%3A%20too%20long,0,0.00,NA,NA,0,0,0,0,0,0,NA,90
camera,12:52:01,Camera%2Fcontrol%20line%20discarded%3A%20too%20long,0,0.00,NA,NA,0,0,0,0,0,0,NA,90
camera,12:52:01,Camera%2Fcontrol%20line%20discarded%3A%20too%20long,0,0.00,NA,NA,0,0,0,0,0,0,NA,90
camera,12:52:01,Camera%2Fcontrol%20line%20discarded%3A%20too%20long,0,0.00,NA,NA,0,0,0,0,0,0,NA,90
camera,12:52:01,Camera%2Fcontrol%20line%20discarded%3A%20too%20long,0,0.00,NA,NA,0,0,0,0,0,0,NA,90
pico_reply,12:52:01,%20%25%21%24%21%24%21%20%95%20%95%20%95%20%95%20%952%95%20%95%20%95%20%95%20%951%95R%95%20%95%20%95%20%8D%20%94%B2%8C%B1%94%B0%8C%D1%95%20%951%95%20%95%20%95%20%95%20%95%20%94%F1%95%20%95%20%95%20%9D%20%95%20%952%9D%20%9D%20%9D%20%9D3%9D3%9D2%A52%9DR%9DR%9DR%95R%9DS%9DR%9D2%9D3%9DS%9Ds%95s%95%92%952%8C%F2%8C%91%84%B0%7Co%7Cpt%20k%EEc%AEc%AD%5BJ%CBB%CAB%AA%3A%8A%2A,0,0.00,NA,NA,0,0,0,0,0,0,NA,90
camera,12:52:01,Camera%2Fcontrol%20line%20discarded%3A%20too%20long,0,0.00,NA,NA,0,0,0,0,0,0,NA,90
camera,12:52:01,Camera%2Fcontrol%20line%20discarded%3A%20too%20long,0,0.00,NA,NA,0,0,0,0,0,0,NA,90
camera,12:52:01,Camera%2Fcontrol%20line%20discarded%3A%20too%20long,0,0.00,NA,NA,0,0,0,0,0,0,NA,90
camera,12:52:01,Camera%2Fcontrol%20line%20discarded%3A%20too%20long,0,0.00,NA,NA,0,0,0,0,0,0,NA,90
camera,12:52:01,Camera%2Fcontrol%20line%20discarded%3A%20too%20long,0,0.00,NA,NA,0,0,0,0,0,0,NA,90
camera,12:52:01,Camera%2Fcontrol%20line%20discarded%3A%20too%20long,0,0.00,NA,NA,0,0,0,0,0,0,NA,90
camera,12:52:01,Camera%2Fcontrol%20line%20discarded%3A%20too%20long,0,0.00,NA,NA,0,0,0,0,0,0,NA,90
camera,12:52:01,Camera%2Fcontrol%20line%20discarded%3A%20too%20long,0,0.00,NA,NA,0,0,0,0,0,0,NA,90
camera,12:52:01,Camera%2Fcontrol%20line%20discarded%3A%20too%20long,0,0.00,NA,NA,0,0,0,0,0,0,NA,90
camera,12:52:01,Camera%2Fcontrol%20line%20discarded%3A%20too%20long,0,0.00,NA,NA,0,0,0,0,0,0,NA,90
camera,12:52:01,Camera%2Fcontrol%20line%20discarded%3A%20too%20long,0,0.00,NA,NA,0,0,0,0,0,0,NA,90
camera,12:52:01,Camera%2Fcontrol%20line%20discarded%3A%20too%20long,0,0.00,NA,NA,0,0,0,0,0,0,NA,90
camera,12:52:01,Camera%2Fcontrol%20line%20discarded%3A%20too%20long,0,0.00,NA,NA,0,0,0,0,0,0,NA,90
camera,12:52:01,Camera%2Fcontrol%20line%20discarded%3A%20too%20long,0,0.00,NA,NA,0,0,0,0,0,0,NA,90
camera,12:52:01,Camera%2Fcontrol%20line%20discarded%3A%20too%20long,0,0.00,NA,NA,0,0,0,0,0,0,NA,90
camera,12:52:01,Camera%2Fcontrol%20line%20discarded%3A%20too%20long,0,0.00,NA,NA,0,0,0,0,0,0,NA,90
camera,12:52:01,Camera%2Fcontrol%20line%20discarded%3A%20too%20long,0,0.00,NA,NA,0,0,0,0,0,0,NA,90
camera,12:52:01,Camera%2Fcontrol%20line%20discarded%3A%20too%20long,0,0.00,NA,NA,0,0,0,0,0,0,NA,90
camera,12:52:01,Camera%2Fcontrol%20line%20discarded%3A%20too%20long,0,0.00,NA,NA,0,0,0,0,0,0,NA,90
camera,12:52:01,Camera%2Fcontrol%20line%20discarded%3A%20too%20long,0,0.00,NA,NA,0,0,0,0,0,0,NA,90
camera,12:52:02,Camera%2Fcontrol%20line%20discarded%3A%20too%20long,0,0.00,NA,NA,0,0,0,0,0,0,NA,90
camera,12:52:02,Camera%2Fcontrol%20line%20discarded%3A%20too%20long,0,0.00,NA,NA,0,0,0,0,0,0,NA,90
camera,12:52:02,Camera%2Fcontrol%20line%20discarded%3A%20too%20long,0,0.00,NA,NA,0,0,0,0,0,0,NA,90
camera,12:52:02,Camera%2Fcontrol%20line%20discarded%3A%20too%20long,0,0.00,NA,NA,0,0,0,0,0,0,NA,90
camera,12:52:02,Camera%2Fcontrol%20line%20discarded%3A%20too%20long,0,0.00,NA,NA,0,0,0,0,0,0,NA,90
camera,12:52:02,Camera%2Fcontrol%20line%20discarded%3A%20too%20long,0,0.00,NA,NA,0,0,0,0,0,0,NA,90
camera,12:52:02,Camera%2Fcontrol%20line%20discarded%3A%20too%20long,0,0.00,NA,NA,0,0,0,0,0,0,NA,90
camera,12:52:02,Camera%2Fcontrol%20line%20discarded%3A%20too%20long,0,0.00,NA,NA,0,0,0,0,0,0,NA,90
pico_reply,12:52:02,%9D2%9D%20%952%952%9D%20%9D%20%9D3%9D2%952%9D2%9D3%9D3%9DS%A5S%9DS%9DS%A5%93%9DS%A5S%9Ds%9Ds%9DS%9DS%9DS%95S%95R%952%95%20%9D%20%95%20%95%20%95%20%8C%F1%8C%F0%8C%F1%8C%D1%8C%D1%8C%B1%84%90%8C%90%84%90%7C%8F%7Co%7C%2FtNt.l%20k%EE%5Bn%5BkckJ%AA%3AI1%C6%29%86%20%25%20%C3%20%C4%20%83%20%C3%20%E4%20%20%20%20%20%25%20E%21e%21f%21%86%21%87%21%A7%21%A7%21%A7%21%86%21%A7%21%87%21%A7%21%87%20%87%20%87%21%A8%21%C8%21%C8%21%C9%21%C9%21%C9%21%C9%21%E9%29%C8%21%C8%21%C8%29%C8%29%C8%21%C8%29%E8%29%C8%29%C8%29%E7%29%C7%29%C7%29%C8%21%C8%21%C8%29%E8%29%C8%29%C8%29%C8%21%E8%29%C8%29%C8%21%C8%29%E8%29%E8%29%E9%29%E8%29%C7%29%E8%29%C9%21%C8%2A%20%29%E8%29%E8%29%E8%2A%20%29%E9%29%C8%21%A8%20%C7%21,0,0.00,NA,NA,0,0,0,0,0,0,NA,90
camera,12:52:02,Camera%2Fcontrol%20line%20discarded%3A%20too%20long,0,0.00,NA,NA,0,0,0,0,0,0,NA,90
pico_reply,12:52:02,%A5s%9Ds%9Ds%9DS%9DS%9Ds%9DS%952%952%95%20%95%20%95%20%95%20%8D%20%8C%F1%8C%F0%8C%F0%8C%D1%8C%D1%8C%D1%84%D0%8C%D0%8C%B1%84%90%7Co%7C%2Ft%2Ft%20k%CDk%ED%5Bm%5Bk%5B%2AJ%89BI%3A%27%29%86%29f%21%20%20%E3%20%C3%20%C3%20%E3%20%20%20%20%20%20%21%25%21E%29F%21f%21f%21%A6%21%A7%21%A7%21%A6%21%A7%21%A7%21%87%21%87%20%87%21%87%21%88%21%A8%21%C8%21%C8%21%C9%21%C8%21%A8%21%C8%29%C9%21%C8%21%C8%29%C8%21%C8%21%E8%21%E8%29%E8%29%C8%29%C8%29%C8%21%E7%29%C8%21%C8%21%A8%29%C8%29%C8%29%C9%29%C8%29%E8%29%E9%21%A8%21%C8%21%E8%29%E8%29%E9%29%C9%21%C7%2A%202%202%292%20%29%E8%29%E8%29%E8%2A%20%2A%20%29%E9%29%C8%2F%20%2A%20%29%E9%2A%20%29%C8%21%C9%21%C9%21%E9%2A%20%29%E9%2F%20%2A%20%29%E9%2A%20%2A%29%2A%29%29%E9%21%E9%21%C9%2A,0,0.00,NA,NA,0,0,0,0,0,0,NA,90
pico_reply,12:52:02,%2A,0,0.00,NA,NA,0,0,0,0,0,0,NA,90
pico_reply,12:52:02,%2A%29%2A%29%2A%29%2A%2A2%2A%2A%2A2,0,0.00,NA,NA,0,0,0,0,0,0,NA,90
pico_reply,12:52:02,%2A%20%2A%20%2A%202%2A%29%E9%2F%20%2A%20%2A%20%29%C9%21%C8%29%E9%21%E9%29%E8%29%E8%29%E8%29%C8%2A%20%29%E9%2A%20%29%E9%2A%20%2A%20%2A%20%29%E9%2A%20%2A%20%2A%202%20%2A,0,0.00,NA,NA,0,0,0,0,0,0,NA,90
camera,12:52:02,Camera%2Fcontrol%20line%20discarded%3A%20too%20long,0,0.00,NA,NA,0,0,0,0,0,0,NA,90
pico_reply,12:52:02,%20%26%20%C4%20%A3%20%E2%20%E3%20%E4%20%E4%20%20%20%20%20E%21e%21f%21f%21f%21%A6%29%A7%21%87%21%86%21%A7%21%A7%21%A7%21%87%20%88%20g%21%88%21%A8%21%C8%21%C8%21%A9%21%C8%21%A8%21%C8%29%C8%29%C8%29%E8%29%E8%21%E8%21%E8%29%E8%29%E8%29%E8%29%C8%29%C8%21%E7%29%E8%21%E8%29%E8%29%E8%29%C8%29%C8%29%E8%29%E8%29%E9%29%A8%29%C8%29%C8%2A%20%29%E9%29%C9%21%E81%E81%E92%202%20%29%E8%21%E8%2A%20%2AI%2A%20%29%E9%29%E8%21%E82%272%20%2A%20%29%E9%29%C9%29%C9%29%E82%29%2A%20%2A%20%29%E9%2A%20%2A%29%2A%29%2A%20%2A%20%2A%20%2A%2A2%2A%2A%2A%2A%20%2A%202%2A2%2A2%2A2%2A%2A%292%202I%2A%2A2J2%20%2A%20%2A%20%2A%20%2A%20%2A%20%2A%20%29%E9%2A%20%2A%20%2A%20%2A%20%2A%20%29%E9%29%E9%2A%202J%2A%20%2A%201%E9%2A%20%2A%29%2A%29%2A,0,0.00,NA,NA,0,0,0,0,0,0,NA,90
camera,12:52:02,Camera%2Fcontrol%20line%20discarded%3A%20too%20long,0,0.00,NA,NA,0,0,0,0,0,0,NA,90
pico_reply,12:52:02,%26%20%A3%20%C1%20%C2%20%C3%20%C3%20%C3%20%E3%20%E3%20%20%20%25%20E%21E%21f%21%86%21%86%29%A7%21%A7%21%86%21%A7%21%A7%21%A7%21%88%21g%20g%21%88%21%A8%21%A8%21%A8%21%A8%21%A8%21%A8%21%C8%29%C8%21%E9%21%E8%29%E8%21%E9%2F%20%29%E9%21%E9%29%E8%29%E8%29%E8%29%E8%29%C8%21%E8%29%E8%29%E8%29%C8%29%C8%29%E8%29%E9%29%C9%29%C8%29%C8%29%E8%29%E8%29%E9%29%E9%21%E8%29%E92,0,0.00,NA,NA,0,0,0,0,0,0,NA,90
pico_reply,12:52:02,2%20%2A%202%28%2A%29%2A%20%2A%29%2A%20%29%E9%29%E8%21%E7%2A%27%2A%20%2A%20%29%E9%29%E9%29%E9%2A%20%2A%20%2A%29%2A%29%2A%20%2A,0,0.00,NA,NA,0,0,0,0,0,0,NA,90
pico_reply,12:52:02,%2A%2A%2A%29%2A%20%2A%20%2AJ%2A%2A2%2A2%2A%2A%292%292%292%2A2%2A2%2A2%2A2%202%29%2A%2A2J2%20%2A%20%2A%20%2A%20%2A%29%2A%20%2A%20%29%E9%29%E9%2A%202%20%2A%20%2A%20%2A%20%29%E9%2A%20%2A%29%2A%20%2A%20%29%E9%29%E9%2A%29%2A%29%2A,0,0.00,NA,NA,0,0,0,0,0,0,NA,90
pico_reply,12:52:02,%2A%20%2A%29%2A%20%2A%20%29%E9%21%E9%29%C8%29%C9%21%C8%29%C8%29%E9%29%C8%29%C8%29%C8%21%E8%29%C8%21%C8%29%C8%21%C8%21%C8%29%E8%29%C9%29%C9%29%C8%29%C8%29%C8%29%C8%21%C8%21%C8%21%C8%21%A8%21%A8%21%C8%29%E8%29%C91%C9%21%A9%21%A8%21%C8%21%C8%21%C8%29%C8%21%A8%21%A7%21%A8%21%A8%21%88%21%A8%21%88%21%88%21%A8%21%88%21%A7%21%A7%21%87%21%87%21%A7%21%A8%21%88%21%88%21%88%21%88%21%88%21g%21%88%21%87%21%87%21%87%21%87%21%88%21%88%21%88%21%87%21%87%21%88%21%88%20%87%21h%21%87%21%A7%21%88%21%88%21%88%21%A8%21%A7%21%A8%21%A8%21%A8%21%A7%21%C8%21%C8%29%A8%29%A8%21%88%21%A8%21%C8%29%A8%21%A8%21%A8%21%A8%21%A8%21%A8%21%88%20%A7%20g%21%C8%21%C8%21%A8%29%A9%21%A8%21%A8%29%A8%21%88%21%88%21%88%21%87%21%86%21%86%21g%21G%21F%21f%21E%20E%21E%21e%21e%21,0,0.00,NA,NA,0,0,0,0,0,0,NA,90
pico_reply,12:52:02,c%AB%3AJ%21%28%20%82%20%83%20%C3%20%C3%20%C3%20%A3%20%C3%20%C3%20%E3%20%20%20%20%20D%20E%21f%21%86%21g%29%87%29%A7%21%A7%21%A7%29%C7%29%A8%21%87%21g%20%87%21%88%21%A8%21%A8%21%A8%21%A8%21%A8%21%A9%21%C8%29%C8%21%E9%29%E9%21%E9%21%E9%29%E8%29%E9%29%E8%29%E8%29%C8%29%E8%29%E8%29%E8%29%E8%29%E9%2F%20%29%E8%29%E9%2A%20%29%E8%29%C8%29%A8%29%A8%29%C81%E81%E9%2A%20%2A%201%E92%202%202%292,0,0.00,NA,NA,0,0,0,0,0,0,NA,90
camera,12:52:02,Camera%2Fcontrol%20line%20discarded%3A%20too%20long,0,0.00,NA,NA,0,0,0,0,0,0,NA,90
pico_reply,12:52:02,%21D%21D%21%F2%95%20%95%20%95%20%95%20%95%20%95%20%94%F2%9D%20%9C%F2%94%D1%95%20%9D%20%95%20%9D1%95%20%9C%F1%95%20%951%951%951%95%20%8C%F1%8C%D0%94%F1%94%F1%951%9D2%95%20%95%20%95%20%951%94%F0%8C%F0%9D%20%95%20%8C%D0%8C%D0%8C%F1%8C%D0%84%B0%84%B0%8C%B1%84p%7CotNtntNt%20s%EEs%CEk%8Dc%8C%5B%8B%5B%CBS%CC%5B%AER%EC%21%27%20%83%20%C1%20%C2%20%A2%20%A2%20%C2%20%A3%20%A3%20%E3%20%E3%20%E3%20%20%20D%20E%21f%21%86%21f%29%87%21%A7%29%A7%21%A7%21%87%21%86%21%86%21%86%20%86%20%A7%21%A8%21%A8%21%A8%21%A8%29%A8%21%C8%21%C8%21%E9%29%E8%29%E9%21%E9%21%E9%29%E9%29%E9%29%E9%29%E91%E9%29%C8%29%E8%29%E8%29%E9%29%E9%2F%20%2A%20%29%E8%2A%20%29%C8%29%E9%29%E82%201%E92%201%E9%29%E9%2A%20%2A%20%2A%202%202%29%2A,0,0.00,NA,NA,0,0,0,0,0,0,NA,90
camera,12:52:02,Camera%2Fcontrol%20line%20discarded%3A%20too%20long,0,0.00,NA,NA,0,0,0,0,0,0,NA,90
pico_reply,12:52:02,%8C%D0%8D%20%94%F1%8C%D1%8C%F1%8C%F1%8C%D1%8C%90%84%B0%84%90%84%8F%8C%90%84%B0%84%AF%84%B0%7C%90%84%8F%84%90%7CotN%7CotOtNs%EFk%CEk%CDk%CDl%2FMd%8DlPJ%CE%29%A8,0,0.00,NA,NA,0,0,0,0,0,0,NA,90
camera,12:52:02,Camera%2Fcontrol%20line%20discarded%3A%20too%20long,0,0.00,NA,NA,0,0,0,0,0,0,NA,90
pico_reply,12:52:02,%94%D0%84%90%84o%84O%84o%7Co%84%8F%8C%B0%8C%90%8C%90%84%90%8C%90%8Cp%84%8F%84%B0%84p%7CN%84%8F%84p%7COt%2FtNt.t%20s%EEt.l%20%2F.l%8E%84%F2J%8E%20%87%20%81%20%E1%20%A1%20%A2%20%A2%20%82%20%A2%20%A2%20%82%20%A2%20%A3%20%C3%20%E3%20%20%21%25%20%24%20%85%29%86%21%86%29%A6%21%A6%29%C7%29%A7%29%87%29%A7%21%86%21%86%21%86%21%A6%21%87%21%A7%21%A8%21%A8%21%A8%21%E8%21%C8%21%E9%29%E8%29%E9%21%E9%29%E9%2A%202%292%2A%2A%20%29%E8%29%E9%29%E9%29%E8%29%E8%29%E9%29%E8%2A%20%29%E8%29%E8%2A%20%2A%20%2A%20%29%E8%29%E7%2A%202%292%292%20%2A%202%292%2A2%292%20%2A%202%292%292%292%28%2A%20%2A%20%2A%202%29%2A%29%2A%20%2A%20%2A%20%2A%202%202%20%2A%20%2A%202%202%292J2%2A1%E92%2A%2A%292%2A2,0,0.00,NA,NA,0,0,0,0,0,0,NA,90
camera,12:52:02,Camera%2Fcontrol%20line%20discarded%3A%20too%20long,0,0.00,NA,NA,0,0,0,0,0,0,NA,90
pico_reply,12:52:02,%8C%D0%8C%D0%84%B0%84%90%84%8F%84%AF%84%AF%8C%D0%84%B0%8C%B0%84%90%84%90%84P%7CO%84O%84pto%7Co%7Cpt%2Ft%20t%20t%20%7C%20t%20tMlnt%CFk%F0J%AF%20%C6,0,0.00,NA,NA,0,0,0,0,0,0,NA,90
pico_reply,12:52:02,%2A%202%202%20%29%E9%29%E8%2F%20%29%E9%29%E9%29%E8%29%E8%2A%20%2A%20%2A%201%E9%2A%20%2A%202%282%292%202%202%202%292%292%29%2A%20%2A%202%292%292%29%2A%20%2A%20%2A%202%202%29%2A%29%29%E8%2A%202%20%2A%202%20%2A%20%2A%20%2A%20%2A%29%2AI2%2A2,0,0.00,NA,NA,0,0,0,0,0,0,NA,90
pico_reply,12:52:03,2%202%29%2A%2A2%2A2,0,0.00,NA,NA,0,0,0,0,0,0,NA,90
camera,12:52:03,Camera%2Fcontrol%20line%20discarded%3A%20too%20long,0,0.00,NA,NA,0,0,0,0,0,0,NA,90
pico_reply,12:52:03,%8C%F0%8C%D0%84%B0%8C%B0%84%B0%84%8F%84%8F%7Co%84O%84O%84%8F%84%8F%84P%7CO%7CO%7CO%7CotO%7CO%7C%8F%7CO%7CNtN%7Co%7C%8Fl%EF%8Dp%84%94A%ED%20E%20%60%20%C1%20%A2%20%A2%20%A2%20%A2%20%82%20%82%20%82%20%A2%20%82%20%A2%20%A2%20%C2%20%20%21%23%21d%21%C6%2A%202%272%282%272%282%20%29%E8%29%C8%21%A7%21%86%21%87%21%87%21%87%21%A8%21%A7%21%C7%21%C7%29%C8%21%C8%21%C8%21%C8%29%E9%29%C9%29%E8%2A%28%2A%20%2A%29%2A%29%2A%29%2A%201%E9%29%E9%2A%20%2A%20%2A%20%29%C8%29%C8%29%E8%2A%20%29%E8%2A%20%29%E9%2A%20%2A%202%202%292%29%2A%202%20%2AI2%292%20%2A%202%202%292%292%29%2A%29%2A%20%2A%292%202%20%2A%20%29%E8%29%E92%20%2A,0,0.00,NA,NA,0,0,0,0,0,0,NA,90
pico_reply,12:52:03,%2A%29%2A%20%2A%20%2A%20%2A%29%2AI2%2A2,0,0.00,NA,NA,0,0,0,0,0,0,NA,90
pico_reply,12:52:03,2,0,0.00,NA,NA,0,0,0,0,0,0,NA,90
pico_reply,12:52:03,2%292%2A2%2A%2A,0,0.00,NA,NA,0,0,0,0,0,0,NA,90
pico_reply,12:52:03,2%202I2%292%29%2AJ%2A%292%2A2J2J2I%2A%2A%2A,0,0.00,NA,NA,0,0,0,0,0,0,NA,90
camera,12:52:03,Camera%2Fcontrol%20line%20discarded%3A%20too%20long,0,0.00,NA,NA,0,0,0,0,0,0,NA,90
pico_reply,12:52:03,%84%8F%84%90%84O%7C%2F%7CO%7CN%7Cn%7Cn%84%8F%84%AF%7C%8F%7C%D0%7DP%95%B2t%20%3A.%20c,0,0.00,NA,NA,0,0,0,0,0,0,NA,90
pico_reply,12:52:03,%2A,0,0.00,NA,NA,0,0,0,0,0,0,NA,90
pico_reply,12:52:03,2,0,0.00,NA,NA,0,0,0,0,0,0,NA,90
pico_reply,12:52:03,2%292J2%2A%2A,0,0.00,NA,NA,0,0,0,0,0,0,NA,90
pico_reply,12:52:03,2%292%292%292I2%292%292%2A2J2J2%2A2%2A2%29%2A,0,0.00,NA,NA,0,0,0,0,0,0,NA,90
pico_reply,12:52:03,2J2%2A%2A%2A2%202%292%292%292%20%2A%20%2A%202%20%2A%20%2A%20%2A%202%2A2%292%292%292%202,0,0.00,NA,NA,0,0,0,0,0,0,NA,90
camera,12:52:03,Camera%2Fcontrol%20line%20discarded%3A%20too%20long,0,0.00,NA,NA,0,0,0,0,0,0,NA,90
pico_reply,12:52:03,%20%82%20%82%20%82%20%A2%20%A2%20%A2%20%A1%20%A2%20%C2%20%A2%21%20%29%A3%3AF%3A%28BIJ%89%3A%292%28%3A%20%3A%20%3A%202%201%C8%29%C8%29%E7%21%88%21%86%21%87%21%A7%21%A8%21%C8%21%C8%21%C7%21%C8%21%A8%21%C8%21%E8%29%E9%29%E9%29%C9%21%E9%2A%202%20%2A%20%2A%20%2A%201%E9%2A%20%2A%28%2A%20%29%E8%29%E8%29%E8%29%E8%2A%20%2A%20%29%E8%2A%202%202%202%202%29%2A%202%292%2A2%292%201%E9%2A%202%292,0,0.00,NA,NA,0,0,0,0,0,0,NA,90
pico_reply,12:52:03,2%292%292%20%2A%202%202%292%291%E9%29%E8%2A%29%2A%292%29%2A,0,0.00,NA,NA,0,0,0,0,0,0,NA,90
pico_reply,12:52:03,%29%E9%2A%2A%2AJ%2AI%2A%29%2A%20%2A,0,0.00,NA,NA,0,0,0,0,0,0,NA,90
pico_reply,12:52:03,2%292J2%2A%2A%2A2%202%292%292I%2A%2A2%2A2%2A2J2%2A2%2A2%2A2%2A2,0,0.00,NA,NA,0,0,0,0,0,0,NA,90
pico_reply,12:52:03,2%2A2%2A2%2A2,0,0.00,NA,NA,0,0,0,0,0,0,NA,90
pico_reply,12:52:03,2%292I2%292%20%2A%20%2A%20%2A%202%20%2A%20%2A%20%29%EA%2A%202%292%2A2%202,0,0.00,NA,NA,0,0,0,0,0,0,NA,90
pico_reply,12:52:03,%2A,0,0.00,NA,NA,0,0,0,0,0,0,NA,90
pico_reply,12:52:03,2I2%2A2%20%29%E9%2A%20%2A%20%29%E9%2A%20%29%E9%2A%20%2A%202%20%29%E9%2A%20%29%E9%21%E8%2A%202%20%2A%20%2A%20%29%E9%29%E9%2A%20%2A%29%2A%20%2A%20%2A%20%2A%20%2A%201%E9%29%E8%29%E9%21%C8%21%E9%2A%20%2A%20%2A%20%2A%20%2A,0,0.00,NA,NA,0,0,0,0,0,0,NA,90
pico_reply,12:52:03,%2A,0,0.00,NA,NA,0,0,0,0,0,0,NA,90
pico_reply,12:52:03,%2A%29%2A%20%29%E9%29%C8%29%C9%2F%20%2A%20%29%E9%21%A8%21%C8%2A%20%29%E9%29%E9%29%C9%21%A8%29%E8%29%E8%29%E8%29%E9%29%C9%21%C9%2A%20%29%E9%29%E9%29%C9%21%C8%29%E8%29%C8%29%C8%21%C8%29%C9%21%A9%29%C8%29%C9%21%A8%21%C8%21%C8%29%A9%29%C9%29%A9%29%A8%29%E8%21%88%29%A8%29%C8%29%A8%29%88%29%A8%21%A8%21%C8%21%C8%21%A8%21%C7%29%A7%29%A8%21%87%29%88%29h%21h%21%A8%21%88%21%E9%20%A8%29%C9%21%89%21%A8%21%A9%21%A8%21%C8%29%C81%E9%21%E8%29%E8%29%A7%29g%21g%29%A7%21%87%29%851%C6%29%A6%29%A6%29%86%29%A6%29%85%29e%29E%21E%21D%21D%21%24%21D%21D%21%F2%94%F2%94%F2%94%F1%94%F1%94%F1%8C%D1%94%D0%94%D0%8C%D0%8C%B0%94%F0%8C%D0%8C%D0%84%D0%8C%B0%84%B1%8C%B0%8C%B0%8C%D0%8C%B0%8C%B0%84%D0%8C%90%8C%D0%84%AF%8C%D0%8C%B0%8C%B0%84%90%84%90%84%8F%84%8F%84%8F%84,0,0.00,NA,NA,0,0,0,0,0,0,NA,90
pico_reply,12:52:03,J%E9S,0,0.00,NA,NA,0,0,0,0,0,0,NA,90
pico_reply,12:52:03,Z%EBJ%AAJ%89Ji%3A%28BgB%A8J%89%3Ai2G1%E8%29%A7%29%C7%21%A7%20%A7%21%A7%21%C8%21%A8%21%A8%21%C8%21%C8%21%C9%29%E9%29%C9%29%C9%29%E8%2A%20%2A%20%2A%20%2A%20%2A%20%2A%20%2A%20%2A%20%2A%20%29%E8%29%E8%29%E8%29%E8%2A%20%2A%202%20%2A%202%201%E92%202%292%202%29%2A%202%2A2,0,0.00,NA,NA,0,0,0,0,0,0,NA,90
pico_reply,12:52:03,2%20%2A%202%28%3A%2A2I2%292%202%202%292%292%201%E81%E82%29%2AI2%2A%2F,0,0.00,NA,NA,0,0,0,0,0,0,NA,90
pico_reply,12:52:03,%2A%282K2%2A2J2%202%202%202%292J%2A%29%2AI2J2%2A2%292%292%292%2A2%2A2J2J2%2A2%292%2A2,0,0.00,NA,NA,0,0,0,0,0,0,NA,90
pico_reply,12:52:04,2%2A2%2A2%2A%2A%2A%2A%202%292%292%202%20%2A%20%2A%202%29%29%E9%29%E9%29%E9%2A%292%292,0,0.00,NA,NA,0,0,0,0,0,0,NA,90
pico_reply,12:52:04,2%2A2,0,0.00,NA,NA,0,0,0,0,0,0,NA,90
pico_reply,12:52:04,%29%EA2I2%2A2%20%29%E9%2A%20%2A%292%2A%2A%292%20%29%E9%2A%202%20%2A%20%29%E9%29%E9%29%E8%2A%20%2A,0,0.00,NA,NA,0,0,0,0,0,0,NA,90
pico_reply,12:52:04,%2A%20%29%E9%29%E9%29%E9%2A%20%2A%202%2A%29%E9%29%E9%2A%201%E92%20%29%E8%29%E9%29%E8%2A%20%29%E9%2A%20%2A%20%2A%20%29%E9%29%EA%2A%20%2A%29%29%C9%29%C9%29%C9%29%E9%2A%20%2A%20%21%A8%21%C8%2A%20%29%E9%29%C9%29%C8%21%C8%29%E8%29%E8%29%E8%29%C8%29%C9%29%E8%2A%20%2A%201%E9%29%E9%21%E8%29%C8%29%C8%29%C8%29%C9%21%88%21%A8%29%C8%29%C9%21%C9%21%A8%21%C8%29%C8%21%A9%29%A9%21%A8%21%A8%21%C8%29%A8%29%A8%29%A7%29%88%29%A8%29%C8%21%C9%21%C8%21%C8%29%A7%29%A7%21%A8%21%A7%29%C8%29%A9%29%A8%29%C8%29%A9%21%A9%21%C8%29%EA%21%89%21%A8%21%C9%29%A8%21%A8%21%A8%29%A8%21%A8%29%A71%C6%29g1f%29%87%29%E61%C71%A7%29%A6%29%A6%29%A6%29%86%29e%29E%29E%29D%21d%21d%21E%21%24%21%24%21%F2%95%20%94%F2%94%D2%94%D1%8C%F1%94%F1%94%F1%8C%F0%94%F1%94%D1%8C%D1%8C,0,0.00,NA,NA,0,0,0,0,0,0,NA,90
pico_reply,12:52:04,%20%20%20%60%20%C1%20%C2%20%A2%20%A2%20%82%20%82%20%82%20%A1%20%A2%20%E2%20%A2%20%A0%21%23%29%84%3A%25B%87J%E9%5Bk%5Bkc%AD%5BLc%8CkKc%2B%5B%2BS%2B%5B%8Bc%8CSmJ%EBB%AA2%29%29%C8%21%A7%20%87%21%E7%29%E8%21%A8%21%A8%21%C7%21%C7%29%C81%C9%29%C9%21%C8%29%E8%29%E8%2A%20%2A%20%2A%20%2A%202H2%20%29%E9%2A%202%202%20%2A%20%29%E8%29%E8%2A%20%2A%202%20%2A%202%202%202%292%292%202%29%2A%292J2,0,0.00,NA,NA,0,0,0,0,0,0,NA,90
pico_reply,12:52:04,2%20%2A%202H%3A%2A2%2A2%29%2A%202%202%292%29%2A%20%29%E82%20%2A%29%2AI2%29%2F,0,0.00,NA,NA,0,0,0,0,0,0,NA,90
pico_reply,12:52:04,2%292J2%2A2%2A%2A%20%2A%202%2A2%292%29%2AI%2AI2J2%2A2%2A2%2A2%292%292%2A2%2A2%2A2%2A2%2A2%2A2%2A2%2A2%2A2%2A%2A%2A2J2%2A2%2A2%292%202%2A%2A%292%29%2A%2A%2A%202%2A2%2A%2A%2A2%2A2%2A2%2A2%2A2%2A2%2A%2A%20%29%E9%2A%20%2A%292%2A%2A%20%2A%20%2A%20%2A%20%2A%20%2A%20%2A%20%29%E9%29%E9%2A%20%2A,0,0.00,NA,NA,0,0,0,0,0,0,NA,90
pico_reply,12:52:04,%2A,0,0.00,NA,NA,0,0,0,0,0,0,NA,90
camera,12:52:04,Camera%2Fcontrol%20line%20discarded%3A%20too%20long,0,0.00,NA,NA,0,0,0,0,0,0,NA,90
pico_reply,12:52:04,%84%90%7COc%EEcmS%20%3Aj%3Ai%3Ah%3AJ%2A%20%29%E8%29%C8%21%A8%21%C8%21%C8%21%A8%29%A8%29%C9%21%E8%2A%20%29%E9%29%E9%29%E9%29%E92%20%2A%202%2A1%E92%201%E81%E81%E8%29%C7%29%E7%29%E81%E82%20%2A%202%209%E9%3A%202%20%3A%29%29%E9%2A%20%3AI2%2A2%202%202%282J%3A%2A2%202%28%3A%292%2A2%292%201%E92%202%292%292%29%2A%292H2J2%292,0,0.00,NA,NA,0,0,0,0,0,0,NA,90
pico_reply,12:52:04,2%202%292%2A2%292J2%292%292J2J2%2A2%2A2%202I2I2K2%2A2%2A2%2A2%2A2J%3AJ2%2A%2AJ%2AJ2J2%292%2A2%292%292%2A%2A%292%292I2%2A%2AJ2%2A2%2A2J2J2%2A%2AI%3Aj2J2J2J%2A,0,0.00,NA,NA,0,0,0,0,0,0,NA,90
camera,12:52:04,Camera%2Fcontrol%20line%20discarded%3A%20too%20long,0,0.00,NA,NA,0,0,0,0,0,0,NA,90
pico_reply,12:52:04,tM%5B%AFlk%CEt%20%7B%EE%7C%7B%EE%7CO%84%CF%95P%95R%9DS%8D%20%7C%91l0l%20k%8E%5BmK%20B%EAB%AA2%20%21%C9%29%E7%29%C9%21%A8%21%C7%29%C8%21%C8%29%C8%29%C9%21%E82%20%29%CA%29%E9%29%E8%29%E9%29%C8%3AI%3A%2A2%202%202%292I2%282%202%282%29%29%E92%20%2A%202%202%202%292%292%202%202I2%29%3A%201%E9%2A%202I%3Ak%3AJ2%29%3AI%3AI2%292%201%EA%29%E92%202%2A2%29%2A,0,0.00,NA,NA,0,0,0,0,0,0,NA,90
camera,12:52:04,Camera%2Fcontrol%20line%20discarded%3A%20too%20long,0,0.00,NA,NA,0,0,0,0,0,0,NA,90
pico_reply,12:52:04,%94%F1%94%D1%94%B1%8C%B1%8C%90%8C%D0%84%D0%8C%F0%8D%20%8D%20%94%F1%8C%D1%8C%D0%8C%D0%8C%D0%8C%B0%84%90%8C%CF%8C%D0%8C%B0%94%F0%94%F1%8C%F1%94%D1%8C%B1%84%D0%8D%20%8C%F1%8C%F1%851%8D%F1%9D%95s%B51%EC,0,0.00,NA,NA,0,0,0,0,0,0,NA,90
pico_reply,12:52:04,2%20B%292%2A%2A%20%3AI%3AI%3AJ%3A%202%292%292J%3AJ2%20%3A%292%292%89%3Aj%3Ak%29%EB2%202%292I%3AJ2%2A2%2A2%2A2%2A2J2%2A2%292%2A2%2A2J2J2%2A2%292%292%292%2A2%2A2%2A2I2J2%2A2%2A2J2J2J2%2A2%2A2%2A2J2%292%2A%2A%292%202%202%20%2A%20%2A%20%2A%20%2A%20%2A%20%2A%20%29%E9%29%E9%2A%20%2A%202%29%2A%20%2A%20%29%E92%20%2A%29%2A%29%2A%20%29%E9%2A%20%2A%20%2A%20%29%E9%2A%20%2A%20%2A%20%2A%20%29%E9%29%E9%21%C8%2A%20%2A%20%2A%20%29%EA%29%C9%29%E8%2A%20%21%C9%29%E9%29%C9%29%A9%21%C8%21%E8%29%C8%29%C9%21%C8%21%C9%21%C8%29%E9%29%C8%29%E8%2A%20%2A%20%2A,0,0.00,NA,NA,0,0,0,0,0,0,NA,90
camera,12:52:04,Camera%2Fcontrol%20line%20discarded%3A%20too%20long,0,0.00,NA,NA,0,0,0,0,0,0,NA,90
pico_reply,12:52:04,%AAB%8AJ%ABBjBJBJBJB%29%3A%29%3AiB%A9B%AAJjB%2A%3Ai%3Aj%3Aj%3A,0,0.00,NA,NA,0,0,0,0,0,0,NA,90
pico_reply,12:52:04,1%E91%E8BJ%3A%2B2%2A2%202%202I%3AjB%2B%29%CA%2A%202I%3A%8A%3AjBk2%2B%3AJ2,0,0.00,NA,NA,0,0,0,0,0,0,NA,90
pico_reply,12:52:04,2%29%3AJ2%2A2,0,0.00,NA,NA,0,0,0,0,0,0,NA,90
pico_reply,12:52:04,2,0,0.00,NA,NA,0,0,0,0,0,0,NA,90
pico_reply,12:52:04,%3AJ2J2%292%202%292J2J2J2J2I2J2%292%2A2%2A2%2A2I2J2%2A2J2J2j2J2%2A2%2A2%2A2%2A2%292%29%2A%292%202%20%2A%20%2A%20%2A%20%2A%20%2A%20%2A%20%2A%20%29%E9%29%E9%2A%202%202%202%20%2A%20%2A%202%20%2A%29%2A%29%2A%20%2A%20%2A%20%2A%20%2A%20%2A%20%2A%20%2A%20%2A%20%2A%20%2A%20%29%C9%29%C9%2A%20%2A%20%2A%20%29%E9%29%C9%2A%20%2A%20%21%E9%29%C8%29%C9%21%A8%29%C8%21%C8%29%C8%29%C9%21%A8%29%C9%29%E9%29%E9%29%E9%29%E9%2A%20%2A%2A%2A,0,0.00,NA,NA,0,0,0,0,0,0,NA,90
pico_reply,12:52:04,2%29%2A%20%2A%202%20%2F%20%2A%20%21%E8%2A%20%29%E9%29%E9%2A%20%29%E9%29%C9%29%E9%29%E9%29%E9%29%E8%29%C8%29%E8%2A%20%21%C8%21%C8%21%C8%29%C8%29%C8%29%C8%29%C8%29%C8%29%A9%29%C8%29%C8%29%C8%29%A8%21%C8%2A%20%29%E9%29%C9%29%A8%21%C8%21%C8%21%C8%29%A8%29%C8%21%C81%E81%E82gB%A9c%CDt.%7CP%8C%F2%9Dr%A5%92%B5%F3%BDU%94%20R%2B%21F%21E%20%25%21E1%A5%29%86%29e%29E%29E%29E%21D%21D%21%20%95Q%95Q%952%95%20%94%F2%94%F1%8C%D1%8C%D0%8C%F0%8C%D1%8C%D1%8C%D1%94%B1%8C%D0%8C%F0%94%F1%95%20%95%20%95%20%8D%20%8D%20%94%F1%94%F1%8C%F1%8D%20%8C%F1%8C%D1%94%D1%94%F1%94%F0%8C%F1%94%F1%94%F0%94%D1%8C%B1%8C%B0%95%20%95Q%95Q%8Dr%96%20%A5%D6s%96%29%8B,0,0.00,NA,NA,0,0,0,0,0,0,NA,90
pico_reply,12:52:04,J%EBS,0,0.00,NA,NA,0,0,0,0,0,0,NA,90
pico_reply,12:52:04,R%EAR%CBJ%CBJ%EAS,0,0.00,NA,NA,0,0,0,0,0,0,NA,90
pico_reply,12:52:04,S%20J%EBJ%AAS,0,0.00,NA,NA,0,0,0,0,0,0,NA,90
pico_reply,12:52:04,R%EBR%CAJ%AAK,0,0.00,NA,NA,0,0,0,0,0,0,NA,90
pico_reply,12:52:04,%5B%2B%5B%20J%AAB%8AJ%CAJ%EAJ%AAJ%8ABIB%89J%A9R%CABiJ%8ABjJ%AABKBJ%3AIBiB%8ABj%3AIBiBk%3AiBiBI%3A%29%3AJ%3AK%3AI%3A%2A%3A%292%29%3A%2AB%201%EA2I2i%3AJ2,0,0.00,NA,NA,0,0,0,0,0,0,NA,90
pico_reply,12:52:04,2%29%3AJ%3AJ%3AJ2I%3AJ%3A%29%3A%2A%3A%2A%3AJ2J2%292%2A%3A%2A2%2A2J%3AJ2%2A%3A%2A2J2J%3Aj2j%2A%292%20%2A%292%202%20%2A%28%2A%20%2A%20%2A%20%2A%20%29%E9%29%E9%2A%202%201%EA%29%E9%2A%20%2A%202%29%2A%29%2A,0,0.00,NA,NA,0,0,0,0,0,0,NA,90
pico_reply,12:52:04,%2A%20%29%E92%29%2A,0,0.00,NA,NA,0,0,0,0,0,0,NA,90
pico_reply,12:52:04,%2A%20%2F%20%2A%20%2A%20%2A%20%2A%20%2A%20%29%C9%29%E91%E9%2A%20%2A%20%29%C9%29%C9%29%E9%2A%20%29%E9%29%C81%C8%21%A8%2A%20%2A%20%29%C8%29%E9%21%A82,0,0.00,NA,NA,0,0,0,0,0,0,NA,90
pico_reply,12:52:04,2%20%29%E9%29%E9%29%E91%EA%2A,0,0.00,NA,NA,0,0,0,0,0,0,NA,90
pico_reply,12:52:04,%2A%29%2A,0,0.00,NA,NA,0,0,0,0,0,0,NA,90
pico_reply,12:52:04,%29%E9%29%E92,0,0.00,NA,NA,0,0,0,0,0,0,NA,90
camera,12:52:04,Camera%2Fcontrol%20line%20discarded%3A%20too%20long,0,0.00,NA,NA,0,0,0,0,0,0,NA,90
pico_reply,12:52:04,%5Bl%5Bl%5Bl%5BlS%2CS%2BS%2CK%2CSKSkSKS%2CS%2BS%2A%5BLR%ECSJ%ECR%EBJ%CCJ%CBJ%CBJ%CAK%20J%EBS%20S%20J%CBJ%ABB%8AB%8BB%8BJ%8ABk%3AJ2%29%3A%29B%2A2,0,0.00,NA,NA,0,0,0,0,0,0,NA,90
pico_reply,12:52:04,%3AI%3A%8A%3A%8B%3A%2B%3A,0,0.00,NA,NA,0,0,0,0,0,0,NA,90
pico_reply,12:52:04,%3A%20%3AJ2%292%202,0,0.00,NA,NA,0,0,0,0,0,0,NA,90
pico_reply,12:52:04,2,0,0.00,NA,NA,0,0,0,0,0,0,NA,90
pico_reply,12:52:04,2%20%3AJ2%2B2%292%292%20%3A%2A2%2A%3Aj%3AJ%3A%292%292J2J2J2J2,0,0.00,NA,NA,0,0,0,0,0,0,NA,90
pico_reply,12:52:05,2%20%2A%292%202%20%2A%20%2A%20%2A%282%29%2A%20%2A%20%2A%20%2A%292%202,0,0.00,NA,NA,0,0,0,0,0,0,NA,90
pico_reply,12:52:05,%29%E9%29%C92,0,0.00,NA,NA,0,0,0,0,0,0,NA,90
pico_reply,12:52:05,2%2A2%2A%2A,0,0.00,NA,NA,0,0,0,0,0,0,NA,90
pico_reply,12:52:05,%2A%20%2A%20%2A%29%2A%2A%2A%29%2F%20%2A%20%2A%20%2A%20%2A%20%2A%20%29%E9%29%E91%E91%E92%20%29%E9%21%E8%2A%292%2A%2A,0,0.00,NA,NA,0,0,0,0,0,0,NA,90
camera,12:52:05,Camera%2Fcontrol%20line%20discarded%3A%20too%20long,0,0.00,NA,NA,0,0,0,0,0,0,NA,90
pico_reply,12:52:05,k%CDc%CDc%ADc%ADk%ADcm%5Blclclc%8Cc%ADc%ADcncmk%8Cs%CDc%ADc%8Dc%8Cc%8Dc%8Dc%8DSM%5B%8Cc%ACc%ADcm%5Bl%5Bk%5B%8Cc%ADcmcM%5BLcL%5BL%5BmSlclcM%5B%2CSK%5Bkc%8D%5Bl%5Bl%5BM%5BL%5BL%5B%2CS%2C%5BMS%2CS%2BS%20J%CBJ%AAJ%8BJ%CAJ%CAJ%EAB%AAJ%8BJk%3A%29%3AiBj%3AjBJ%3A%20%3A%29%3A%2A2J2%29%3AI2%20%3A,0,0.00,NA,NA,0,0,0,0,0,0,NA,90
pico_reply,12:52:05,1%EA%3A%292I%3A%202,0,0.00,NA,NA,0,0,0,0,0,0,NA,90
pico_reply,12:52:05,2%29%3AJ%3AJ%3AJ2,0,0.00,NA,NA,0,0,0,0,0,0,NA,90
pico_reply,12:52:05,2%202%292%202%202%202%202%282%29%2A%20%2A%201%E92%202%202%29%2A%29%29%E9%29%EA2%292%2A2%20%2A,0,0.00,NA,NA,0,0,0,0,0,0,NA,90
pico_reply,12:52:05,%2A%20%2AI%2AJ%2A%29%2A%20%2A%20%2A%202%20%2A%20%2A%20%29%E9%2A%20%2A%202%202%20%29%E9%21%C8%2A%202%20%29%C9%29%C8%29%C8%29%E9%29%C9%2A%201%E9%29%C9%29%E8%29%E91%E91%CA%29%E9%29%E92,0,0.00,NA,NA,0,0,0,0,0,0,NA,90
pico_reply,12:52:05,2,0,0.00,NA,NA,0,0,0,0,0,0,NA,90
camera,12:52:05,Camera%2Fcontrol%20line%20discarded%3A%20too%20long,0,0.00,NA,NA,0,0,0,0,0,0,NA,90
pico_reply,12:52:05,k%CEk%CDk%CEc%CDk%ADk%CEk%CEc%AEc%8Dc%8Cc%CDk%CEc%CDc%ADc%8Dc%CDk%CEk%AEk%AEc%CE%5B%ADc%AE%5B%ADc%CCc%AEc%ADk%CDk%CEc%ADk%CE%5Bnclk%8Dc%8Dk%ADc%AEc%AEc%8D%5B%8C%5B%8C%5B%8C%5B%8C%5B%8E%5Bm%5BM%5BLS%2BS%2C%5Bl%5BMS%20J%EBK%20J%CCJ%CBJ%ACBk%3A%8AB%AAB%8A%3AJJ%8BBkBJ2J2J%3A%2B%3A%2A2%2A2%292%292,0,0.00,NA,NA,0,0,0,0,0,0,NA,90
pico_reply,12:52:05,1%CA%29%E9%2A%202%292%292%2A%2A%29%2A%20%29%C9%2A%202%202%202%292%29%2A%29%29%E9%2A,0,0.00,NA,NA,0,0,0,0,0,0,NA,90
camera,12:52:05,Camera%2Fcontrol%20line%20discarded%3A%20too%20long,0,0.00,NA,NA,0,0,0,0,0,0,NA,90
pico_reply,12:52:05,%95%20%8C%F3%84%D2%8C%F2%8D%20%84%D2%8C%F2%84%D2%94%B4%3A0%21%86%21e%21f%20f%20f%20E%20F%21%26%21F%21G%20F%20%84s%E8%7C0%7C%2FtNt.%7C%20t%20s%EEs%CFs%CEk%ADk%CDs%EDt%20tN%7C%2F%7C%20t%20t%20tk%EDs%EEt%20s%EEk%CDk%EDs%EEt%20k%EDl%20s%EEs%CFk%EEk%EDk%EEs%EEt%20l%20l%20t%20k%EEt%20t%20t.t%20t%20k%EEt%20%7C%20s%CFs%EEk%AEk%CDk%CEk%AEk%CDc%ADk%ADc%ADk%CDk%CEc%8Dclk%8Dk%ADc%ADcm%5B%8D%5Blc%8Cc%8Ccm%5B%2CR%ECS%2C%5B%2B%5B%2BR%EBR%EBJ%ABR%EBJ%CCB%CBJkJ%8B%3AJ%3Ai%3A%8A%3AjBj%3AJ%3AI%3AJ2%29%3A%202%202%282%20%29%E8%29%E8%3A%202%202%20%2A%20%29%E82%20,0,0.00,NA,NA,0,0,0,0,0,0,NA,90
pico_reply,12:52:05,%29%C9%29%E92%292%291%E9%29%C8%29%E9%2A%28%2A%202%20%2A%20%29%E82%202%291%E9%29%A81%C72%202%202%202%202%20%2A%202I2,0,0.00,NA,NA,0,0,0,0,0,0,NA,90
camera,12:52:05,Camera%2Fcontrol%20line%20discarded%3A%20too%20long,0,0.00,NA,NA,0,0,0,0,0,0,NA,90
pico_reply,12:52:05,t%20tOtO%7CO%84p%7CO%7COtNtN%7COtOt.l.t.to%7C%2Ft%20k%EFs%EEt%20s%EEk%EEs%EEk%EEt.%7CPt%2FtNt.t%20k%EEt%20%7C%2Ft%20t%20t%2Ft%2Ft%2Ft%20k%CFk%EEt%20t%2Ft.t%20k%AFc%ADk%EEl%20k%CEk%ADk%AEk%CEk%8E%5Bmc%ADc%CDk%CEk%ADc%8DcmcLc%8Dc%8Dc%8D%5BL%5BL%5B%2Bc%8C%5Bn%5BMR%EDR%EBS%2BSLB%EC%3A%8BB%8A%3A%8A%3Aj%3A%291%EA%3A,0,0.00,NA,NA,0,0,0,0,0,0,NA,90
camera,12:52:05,Camera%2Fcontrol%20line%20discarded%3A%20too%20long,0,0.00,NA,NA,0,0,0,0,0,0,NA,90
pico_reply,12:52:05,%AD%D5%AD%F5%AD%F5%AD%F5%AD%F5%AD%F5%B5%D5%A5%B5%A5%B5%A5%B5%A5%B5%A5%95%A5%95%A5%95%9Dt%A5u%A5v%9Du%95%95%9DU%9C%D5%21%8D%20%23%20E%20E%20%24%20%25%20%24%20%20%20%20%20%E5%29%20%20%83B%E4%9D%20%94%F3%84%D1%84%D0%84%B0%8Cp%7C0%7CO%84P%84O%84O%7CO%7Co%7C%8F%84o%84p%84p%7Co%84o%7C%8F%7Co%7Cp%7C%90%7Co%7Cp%7CO%7C.%7CO%7CO%7C%20%7Co%84%8F%84o%7CO%84O%84O%7COt%2F%7C.%7C%2F%7CO%7C%2Ft.%7C%2F%7CO%7Co%7C%8F%7Co%7CP%7CO%84O%7CO%7CN%7Co%7CN%7C%2Ft%20t%20t%20l%20s%EFt%20t.%7C.%7C%2F%7C%20t%20lt%20s%CEk%CEk%EEs%CEs%CDs%EDk%CEc%ADk%ADk%CDtk%CEc%ADcmc%8Dk%ADcmS%2CJ%CBJ%CAS,0,0.00,NA,NA,0,0,0,0,0,0,NA,90
pico_reply,12:52:05,J%EBR%CAJ%8A%3AjJ%89B%8B%3AjB%8ABk%3AJ%3A%89J%AABj%3Aj%3A%202H%3AIBI%3A%2A9%E92IB%89Bj%3A%292H2I%3AI%3AI%3A%29%3A%28%3AH%3A%88%3A%29%3A,0,0.00,NA,NA,0,0,0,0,0,0,NA,90
pico_reply,12:52:05,1%E91%C82%202%202%28%3A%292%202%202%292%202%29%3A%28%3AI2%20%3AH%3AI%3A%2A2%292%20%3AH2%292I2%292%20%3A%20%2A%20%29%E8%2A%20%29%E8%29%E8%29%E8%29%E82%28B%29Jk%3A,0,0.00,NA,NA,0,0,0,0,0,0,NA,90
camera,12:52:05,Camera%2Fcontrol%20line%20discarded%3A%20too%20long,0,0.00,NA,NA,0,0,0,0,0,0,NA,90
pico_reply,12:52:05,p%84%8F%8C%B1%8C%91%7C%90%7C%8F%84%90%84%B0%84%B0%8C%B0%84%91%84%90%84%90%84p%7Cp%84%90%84%B0%84%B0%8C%B1%84%91%84%90%84%90%7Co%7Co%84o%84%B0%7CptPtO%7Co%7Cp%7C%2F%7C%2Ft%2F%7COtOtO%7Cot0t%2F%7COtOt%20s%EFk%CEk%EEt%20t%20k%EFk%EEk%CEk%CDk%CEcmc%AD%5BMSL%5Bl%5Bl%5BLJ%EBJ%EAJ%EBJ%CCJ%AB%3AjBjB%AAB%CBJ%ABB%8B2iB%8AB%8AB%8AB%8A%3AJ2,0,0.00,NA,NA,0,0,0,0,0,0,NA,90
camera,12:52:05,Camera%2Fcontrol%20line%20discarded%3A%20too%20long,0,0.00,NA,NA,0,0,0,0,0,0,NA,90
camera,12:52:05,Camera%2Fcontrol%20line%20discarded%3A%20too%20long,0,0.00,NA,NA,0,0,0,0,0,0,NA,90
camera,12:52:05,Camera%2Fcontrol%20line%20discarded%3A%20too%20long,0,0.00,NA,NA,0,0,0,0,0,0,NA,90
pico_reply,12:52:05,%F2%94%F2%8D%20%952%95%20%94%F2%94%D1%8C%F2%94%F2%8C%F1%8C%D1%8C%B1%8C%D1%84%F1%8C%F1%8C%D1%8C%D0%8C%D1%8C%F1%8C%B1%84%D1%84%91%84q%84%90%7C%B0%84%B1%84%91%84%90%84%B0%8C%B1%84%91%84%B0%7Cp%7CPtP%7Co%7CptO%7COt%20t%20k%EDs%EEk%AFcm%5Bl%5BL%5Bm%5BmS%2C%5B%2CS%20S%20S-K%2CS%2B%5BLS%2CK%20K%2BK%2BSLS%2CJ%ECJ%CBJ%AAJ%AAB%CAJ%EBB%ABJ%ABJ%EBB%CAJ%CAB%AAB%AAJ%ECJ%ABBk%3A%89K,0,0.00,NA,NA,0,0,0,0,0,0,NA,90
camera,12:52:05,Camera%2Fcontrol%20line%20discarded%3A%20too%20long,0,0.00,NA,NA,0,0,0,0,0,0,NA,90
camera,12:52:05,Camera%2Fcontrol%20line%20discarded%3A%20too%20long,0,0.00,NA,NA,0,0,0,0,0,0,NA,90
camera,12:52:05,Camera%2Fcontrol%20line%20discarded%3A%20too%20long,0,0.00,NA,NA,0,0,0,0,0,0,NA,90
camera,12:52:05,Camera%2Fcontrol%20line%20discarded%3A%20too%20long,0,0.00,NA,NA,0,0,0,0,0,0,NA,90
camera,12:52:05,Camera%2Fcontrol%20line%20discarded%3A%20too%20long,0,0.00,NA,NA,0,0,0,0,0,0,NA,90
camera,12:52:05,Camera%2Fcontrol%20line%20discarded%3A%20too%20long,0,0.00,NA,NA,0,0,0,0,0,0,NA,90
camera,12:52:05,Camera%2Fcontrol%20line%20discarded%3A%20too%20long,0,0.00,NA,NA,0,0,0,0,0,0,NA,90
camera,12:52:05,Camera%2Fcontrol%20line%20discarded%3A%20too%20long,0,0.00,NA,NA,0,0,0,0,0,0,NA,90
camera,12:52:05,Camera%2Fcontrol%20line%20discarded%3A%20too%20long,0,0.00,NA,NA,0,0,0,0,0,0,NA,90
camera,12:52:06,Camera%2Fcontrol%20line%20discarded%3A%20too%20long,0,0.00,NA,NA,0,0,0,0,0,0,NA,90
camera,12:52:06,Camera%2Fcontrol%20line%20discarded%3A%20too%20long,0,0.00,NA,NA,0,0,0,0,0,0,NA,90
pico_reply,12:52:06,%80%B6%2C%AD%D7%AD%D5%AD%D4%AD%D4%A5%B4%AD%94%AD%94%A5%94%A5%B4%A5%B4%A5%B4%A5%D4%A5%B4%A5%B4%A5%B4%A5%B4%A5%94%A5%94%A5%94%A5t%A5s%9D%93%A5%94%A5%94%A5%93%A5%93%A5%93%A5%93%A5%B3%AD%B3%A5%B4%A5%B4%A5%B4%A5%B4%A5%B4%AD%B4%AD%B4%A5%B4%B5%F4%AD%F5%AD%D4%AD%D5%AD%F4%AD%F4%AD%F4%AD%F5%AD%F5%AD%D5%B5%F4%AD%F5%AD%F5%AD%D4%AD%B4%AD%D4%AD%D4%AD%F4%AD%D4%AD%F5%B5%F5%AD%D5%AD%F5%AD%F5%B5%F5%AD%F5%B5%F4%B5%F5%B6%20%B6%20%B6%20%B5%F5%B6%20%B5%F4%B5%D5%AD%F4%B5%F5%B5%D5%AD%F5%AD%D4%AE%20%AE%20%AD%F5%AD%D5%AD%B4%A5%B4%A5%93%9Ds%9D%93%95%92%9DR%95%20%8C%D1%8C%B0%84%8F%84%8F%84o%84P%7C%2F%7C.%7C.l%7CM%7CNt-s%EDk%CDk%ECs%EDk%AEk%ADk%CDk%CCk%CDk%CDk%CDs%EDs%EDs%EDs%EDt%20s%CEs%CDk%ADk%8Cc%8Cckclc,0,0.00,NA,NA,0,0,0,0,0,0,NA,90
camera,12:52:06,Camera%2Fcontrol%20line%20discarded%3A%20too%20long,0,0.00,NA,NA,0,0,0,0,0,0,NA,90
camera,12:52:06,Camera%2Fcontrol%20line%20discarded%3A%20too%20long,0,0.00,NA,NA,0,0,0,0,0,0,NA,90
camera,12:52:06,Camera%2Fcontrol%20line%20discarded%3A%20too%20long,0,0.00,NA,NA,0,0,0,0,0,0,NA,90
camera,12:52:06,Camera%2Fcontrol%20line%20discarded%3A%20too%20long,0,0.00,NA,NA,0,0,0,0,0,0,NA,90
camera,12:52:06,Camera%2Fcontrol%20line%20discarded%3A%20too%20long,0,0.00,NA,NA,0,0,0,0,0,0,NA,90
camera,12:52:06,Camera%2Fcontrol%20line%20discarded%3A%20too%20long,0,0.00,NA,NA,0,0,0,0,0,0,NA,90
camera,12:52:06,Camera%2Fcontrol%20line%20discarded%3A%20too%20long,0,0.00,NA,NA,0,0,0,0,0,0,NA,90
pico_reply,12:52:06,%D7z%D7Z%CF%20%CF%20%CE%D9%C6%B9%C6%B8%C6%B8%C6%99%C6%99%C6A,0,0.00,NA,NA,0,0,0,0,0,0,NA,90
pico_reply,12:52:06,K%AC%2F%20c%B0%29J,0,0.00,NA,NA,0,0,0,0,0,0,NA,90
camera,12:52:06,Camera%2Fcontrol%20line%20discarded%3A%20too%20long,0,0.00,NA,NA,0,0,0,0,0,0,NA,90
camera,12:52:06,Camera%2Fcontrol%20line%20discarded%3A%20too%20long,0,0.00,NA,NA,0,0,0,0,0,0,NA,90
camera,12:52:06,Camera%2Fcontrol%20line%20discarded%3A%20too%20long,0,0.00,NA,NA,0,0,0,0,0,0,NA,90
camera,12:52:06,Camera%2Fcontrol%20line%20discarded%3A%20too%20long,0,0.00,NA,NA,0,0,0,0,0,0,NA,90
pc_command,12:52:06,CAPTURE,0,0.00,NA,NA,0,0,0,0,0,0,NA,90
camera,12:52:06,Camera%2Fcontrol%20line%20discarded%3A%20too%20long,0,0.00,NA,NA,0,0,0,0,0,0,NA,90
pico_reply,12:52:06,%88%21H%20%E7%20%A5%20%A4%20%E5%21%201%A6B%A8lK%7D%20%95%F2%9E%20%A6W%AE8%A6%20%AE6%AD%F7%AE%20%B6%20%B67%AE6%AE6%AEW%B6w%CE%FA%D7%20%EF%BC%FF%FF%FF%FF%FF%FF%FF%FF%FF%FF%FF%FF%FF%FF%EF%FF%F7%FF%EF%FF%E7%20%211%20%60%20%A2%20%A2%20%82%20%82%20%82%20%82%20%A2%20b%20%A1%29%C0%B5%CE%A5%96%A5%B4%A5%B4%A5%94%A5%94%A5%94%A5%94%A5%94%A5%94%A5%94%A5%93%A5%B3%A5%94%A5%94%A5%93%A5%93%A5s%A5t%A5t%A5%93%A5%93%9D%93%9D%93%A5%94%A5%94%A5%93%A5%93%A5%93%A5%93%A5%94%A5%B4%A5%B4%A5%B4%A5%D4%A5%D4%A5%D4%A5%D4%AD%D5%AD%D4%AD%D4%AD%D4%AD%D4%AD%D4%AD%F4%AD%F4%AD%F5%AD%D4%AD%D4%AD%D4%AD%F4%AD%D4%AD%D5%AD%F5%AD%F5%AD%D5%AD%F5%AD%F4%AE%20%AD%F5%AD%F5%B5%F5%B5%F5%B5%F5%B5%F5%B5%F5%B6%20%B6%20%B6%20%B6%20%B6%20%B6%20%B6%20%B6%20%B6%20%B6%20%B6%20,0,0.00,NA,NA,0,0,0,0,0,0,NA,90
camera,12:52:06,Camera%2Fcontrol%20line%20discarded%3A%20too%20long,0,0.00,NA,NA,0,0,0,0,0,0,NA,90
camera,12:52:06,Camera%2Fcontrol%20line%20discarded%3A%20too%20long,0,0.00,NA,NA,0,0,0,0,0,0,NA,90
camera,12:52:06,Camera%2Fcontrol%20line%20discarded%3A%20too%20long,0,0.00,NA,NA,0,0,0,0,0,0,NA,90
pico_reply,12:52:06,%D5%AD%F5%B5%F5%AD%F5%AD%F5%AD%F5%AD%F5%AD%F5%B5%F5%B5%F5%B5%F5%AD%F5%B5%F5%B5%F5%B6%20%B6%20%B6%20%B6%20%B6%20%B6%20%B6%20%B6%20%B65%B6%20%B5%F5%B5%F5%B5%F5%AD%F5%AD%D4%AD%D4%AD%D4%A5%B4%9Ds%9Ds%95%20%952%8C%F1%8C%D1%8C%D0%8C%D0%84%B0%84%90%84p%7C%8F%84o%84%2F%7C.%7C.%7CN%7C.t%20t-l%20k%EE%7C%20s%CFc%8Ak%CBk%CCc%8B%5BK%5B,0,0.00,NA,NA,0,0,0,0,0,0,NA,90
camera,12:52:06,Camera%2Fcontrol%20line%20discarded%3A%20too%20long,0,0.00,NA,NA,0,0,0,0,0,0,NA,90
camera,12:52:06,Camera%2Fcontrol%20line%20discarded%3A%20too%20long,0,0.00,NA,NA,0,0,0,0,0,0,NA,90
camera,12:52:06,Camera%2Fcontrol%20line%20discarded%3A%20too%20long,0,0.00,NA,NA,0,0,0,0,0,0,NA,90
camera,12:52:06,Camera%2Fcontrol%20line%20discarded%3A%20too%20long,0,0.00,NA,NA,0,0,0,0,0,0,NA,90
camera,12:52:06,Camera%2Fcontrol%20line%20discarded%3A%20too%20long,0,0.00,NA,NA,0,0,0,0,0,0,NA,90
camera,12:52:06,Camera%2Fcontrol%20line%20discarded%3A%20too%20long,0,0.00,NA,NA,0,0,0,0,0,0,NA,90
camera,12:52:06,Camera%2Fcontrol%20line%20discarded%3A%20too%20long,0,0.00,NA,NA,0,0,0,0,0,0,NA,90
camera,12:52:06,Camera%2Fcontrol%20line%20discarded%3A%20too%20long,0,0.00,NA,NA,0,0,0,0,0,0,NA,90
camera,12:52:06,Camera%2Fcontrol%20line%20discarded%3A%20too%20long,0,0.00,NA,NA,0,0,0,0,0,0,NA,90
camera,12:52:06,Camera%2Fcontrol%20line%20discarded%3A%20too%20long,0,0.00,NA,NA,0,0,0,0,0,0,NA,90
camera,12:52:06,Camera%2Fcontrol%20line%20discarded%3A%20too%20long,0,0.00,NA,NA,0,0,0,0,0,0,NA,90
pico_reply,12:52:06,e%20%A1%20%A2%20%82%20%82%20%82%20%A2%20%A2%20%A2%20b,0,0.00,NA,NA,0,0,0,0,0,0,NA,90
pico_reply,12:52:06,K%20J%8AB%20%21%20%20%83%20B%20%C2%20%E2%21C1%87%29%E8BgR%CCJ%28JHJGJgJ%88S%27c%E9%8D-%84%CFR%CC%21%20%20d%20%A1%20%83,0,0.00,NA,NA,0,0,0,0,0,0,NA,90
camera,12:52:06,Camera%2Fcontrol%20line%20discarded%3A%20too%20long,0,0.00,NA,NA,0,0,0,0,0,0,NA,90
camera,12:52:06,Camera%2Fcontrol%20line%20discarded%3A%20too%20long,0,0.00,NA,NA,0,0,0,0,0,0,NA,90
camera,12:52:06,Camera%2Fcontrol%20line%20discarded%3A%20too%20long,0,0.00,NA,NA,0,0,0,0,0,0,NA,90
camera,12:52:06,Camera%2Fcontrol%20line%20discarded%3A%20too%20long,0,0.00,NA,NA,0,0,0,0,0,0,NA,90
camera,12:52:06,Camera%2Fcontrol%20line%20discarded%3A%20too%20long,0,0.00,NA,NA,0,0,0,0,0,0,NA,90
camera,12:52:06,Camera%2Fcontrol%20line%20discarded%3A%20too%20long,0,0.00,NA,NA,0,0,0,0,0,0,NA,90
camera,12:52:06,Camera%2Fcontrol%20line%20discarded%3A%20too%20long,0,0.00,NA,NA,0,0,0,0,0,0,NA,90
camera,12:52:06,Camera%2Fcontrol%20line%20discarded%3A%20too%20long,0,0.00,NA,NA,0,0,0,0,0,0,NA,90
camera,12:52:06,Camera%2Fcontrol%20line%20discarded%3A%20too%20long,0,0.00,NA,NA,0,0,0,0,0,0,NA,90
camera,12:52:06,Camera%2Fcontrol%20line%20discarded%3A%20too%20long,0,0.00,NA,NA,0,0,0,0,0,0,NA,90
pico_reply,12:52:07,%2A%2A%2A%2A%2AI%2AJ%2AK%2Aj%3AIJ%2B%20%85%20%A1%20%A2%20%82%20%82%20%A2%20%82%20%82%20%82%20%A2%20%E2%20C%21%E8%21%A8%20%A8%20h%20%A7,0,0.00,NA,NA,0,0,0,0,0,0,NA,90
pico_reply,12:52:07,%BE%BA%C6%98%C6x%BEw%BE%97%B6X%9D%96%953%B6%20%B6%20%B67%AE%20%B6w%B6w%C6%F8%C6%DA%C6%D9%C6%D9%C6%B9%C6%B8%C6%B8%BE%98%BE%98%C6%99%BE%B9%BE%98%C6%B9%BE%B7%C6%D8%C6%B9%C6%D8%C6%D8%CE%B9%B6%20ct%5B0%20%8CT%8A%9D%B6%CE%BC%CE%DC%5B%B5%94%B1s%95%8B%91s%F3%8C%20%AC%90%AC%90%ACA%20A%20A%20a%20a%20a%20a%20a%20a%20a%20a%20a%20b%20%82%20%81%20%A2%20%E2%21%23%21%83%2A%25K%8Ac%CCR%EC%21f%29%84%21%85%20b%20b%20a%20%81%20%81%20%A2%20%C2%20%E3%20%C3%20%A2%20%82%20%82%20%82%20%82%20b,0,0.00,NA,NA,0,0,0,0,0,0,NA,90
camera,12:52:07,Camera%2Fcontrol%20line%20discarded%3A%20too%20long,0,0.00,NA,NA,0,0,0,0,0,0,NA,90
pico_reply,12:52:07,%84O%7C%2F%7CN%84o%84O%84n%84n%7Cn%7C%8El%8E%8C%EF%8C%939%AA,0,0.00,NA,NA,0,0,0,0,0,0,NA,90
camera,12:52:07,Camera%2Fcontrol%20line%20discarded%3A%20too%20long,0,0.00,NA,NA,0,0,0,0,0,0,NA,90
pico_reply,12:52:07,%7Co%84%2F%7CO%7Cn%7Co%7Co%84%8E%84%AF%7C%EE%84%8Db%F0B%20,0,0.00,NA,NA,0,0,0,0,0,0,NA,90
camera,12:52:07,Camera%2Fcontrol%20line%20discarded%3A%20too%20long,0,0.00,NA,NA,0,0,0,0,0,0,NA,90
pico_reply,12:52:07,%7Cn%84.%7C%2Ft.%7Cnt%8Etn%7C%AF%84%D1kN%20g,0,0.00,NA,NA,0,0,0,0,0,0,NA,90
camera,12:52:07,Camera%2Fcontrol%20line%20discarded%3A%20too%20long,0,0.00,NA,NA,0,0,0,0,0,0,NA,90
camera,12:52:07,Camera%2Fcontrol%20line%20discarded%3A%20too%20long,0,0.00,NA,NA,0,0,0,0,0,0,NA,90
camera,12:52:07,Camera%2Fcontrol%20line%20discarded%3A%20too%20long,0,0.00,NA,NA,0,0,0,0,0,0,NA,90
pico_reply,12:52:07,%20%82%20%82%20%A2,0,0.00,NA,NA,0,0,0,0,0,0,NA,90
pico_reply,12:52:07,%2AJ%2AJ%2A,0,0.00,NA,NA,0,0,0,0,0,0,NA,90
camera,12:52:07,Camera%2Fcontrol%20line%20discarded%3A%20too%20long,0,0.00,NA,NA,0,0,0,0,0,0,NA,90
camera,12:52:07,Camera%2Fcontrol%20line%20discarded%3A%20too%20long,0,0.00,NA,NA,0,0,0,0,0,0,NA,90
camera,12:52:07,Camera%2Fcontrol%20line%20discarded%3A%20too%20long,0,0.00,NA,NA,0,0,0,0,0,0,NA,90
pico_reply,12:52:07,%20b%20%A2%20%C2%20%C3%20%C3%20%C3%20%82%20%82%20%82%20%82%20%82,0,0.00,NA,NA,0,0,0,0,0,0,NA,90
camera,12:52:07,Camera%2Fcontrol%20line%20discarded%3A%20too%20long,0,0.00,NA,NA,0,0,0,0,0,0,NA,90
pico_reply,12:52:07,%EC%CE%DB%C6%98%C6%B8%C6%B8%C6%99%B6X%9D%D6%9Dt%BEw%BE%97%BEw%BEw%BEw%BEx%BEX%BEw%BE%97%BE%98%BEx%BE%98%BE%B8%BE%B8%BE%98%BEx%BEx%BE%98%C6%98%BE%98%BE%B8%BE%B8%BE%98%C6%98%BE%B8%BE%B7%C6%D7%CF%20%D7Z%C6%F9%BE%98%BE%B8%C6%B7%BE%97%BEx%BE%97%BF%20%C6%B9%C6%9A%C6%9A%C6a%20b%20a%20%81%20%82%20%82%20%A2%20%82%20%A2%20%C1%20%C2%20B%21%E4Sic%8BJk%21h%29%23%21C%21D%21D%21d%21d%21d%29%85%20%84%20a%20a%20a%20%81%20%C2%20%C3%20%C3%20%C2%20%C2%20%A2%20%82%20%82%20%82%20%82,0,0.00,NA,NA,0,0,0,0,0,0,NA,90
camera,12:52:07,Camera%2Fcontrol%20line%20discarded%3A%20too%20long,0,0.00,NA,NA,0,0,0,0,0,0,NA,90
camera,12:52:07,Camera%2Fcontrol%20line%20discarded%3A%20too%20long,0,0.00,NA,NA,0,0,0,0,0,0,NA,90
camera,12:52:07,Camera%2Fcontrol%20line%20discarded%3A%20too%20long,0,0.00,NA,NA,0,0,0,0,0,0,NA,90
pico_reply,12:52:07,%C8%21%C8%20%C8%20%C7%21%C7%21%C8%20%C8%20%C8%21%C8%20%E8%21%E7%21%C8%21%C8%21%E8%21%E8%2F%20%2F%20%2F%20%2F%20%2F%20%21%E8%21%E9%2F%20%2A%29%2F%20%2A%29%2A%29%2F,0,0.00,NA,NA,0,0,0,0,0,0,NA,90
camera,12:52:07,Camera%2Fcontrol%20line%20discarded%3A%20too%20long,0,0.00,NA,NA,0,0,0,0,0,0,NA,90
camera,12:52:07,Camera%2Fcontrol%20line%20discarded%3A%20too%20long,0,0.00,NA,NA,0,0,0,0,0,0,NA,90
camera,12:52:07,Camera%2Fcontrol%20line%20discarded%3A%20too%20long,0,0.00,NA,NA,0,0,0,0,0,0,NA,90
camera,12:52:07,Camera%2Fcontrol%20line%20discarded%3A%20too%20long,0,0.00,NA,NA,0,0,0,0,0,0,NA,90
pico_reply,12:52:07,%7Co%7Cn%84Ol%20%84%20Jo,0,0.00,NA,NA,0,0,0,0,0,0,NA,90
pico_reply,12:52:07,J%C9J%C9J%89BIB%28%29%25,0,0.00,NA,NA,0,0,0,0,0,0,NA,90
pico_reply,12:52:07,%2F%29%2AI%2AI%2AI%2AJ%2AJ%2AJ%2A%2A%2A%2A%2A%2A%2A%29%2F%299%E9%21%29%20a%20a%20%82%20%82%20%A2%20%82%20%A2%20%A2%20%82%20%A2%20%2F%2F%20%2A%8C2%AB2%8B%2Aj%2F%2A%21%E8%2F%20%2F%20%21%E8%21%E8%20%E8%21%E8%20%C8%20%C8%20%C8%21%C8%21%C8%21%C8%21%C8%21%E8%21%C8%21%C8%20%A8%21%A8%20%87%20%87%21%88%20%87%20%87%20%87%20%87%20%87%20%87%20%87%20%87%20%87%20%87%20%87%20%86%20%86%21E%20%C5%20%81%20b%20%82%20b%20B,0,0.00,NA,NA,0,0,0,0,0,0,NA,90
pico_reply,12:52:07,J%C9J%89J%A9B%87B%88B%28B%20%29f,0,0.00,NA,NA,0,0,0,0,0,0,NA,90
pico_reply,12:52:07,R,0,0.00,NA,NA,0,0,0,0,0,0,NA,90
pico_reply,12:52:07,R%E4%20%E3%20%C3%20%C2%20b%3A%86K%20J%CA1%A8%20%C6%20%C2%29%84%29%85%29%85%29%85%21%85%21e%20%20%21%23%21%20%21%24%20%24%20d%21e%20%E5%20%A2%20a%20a%20%81%20%A2%20%C2%20%C2%20%E2%20%C3%20%83%20%82%20%A2%20%A2%20%82%20%82,0,0.00,NA,NA,0,0,0,0,0,0,NA,90
camera,12:52:07,Camera%2Fcontrol%20line%20discarded%3A%20too%20long,0,0.00,NA,NA,0,0,0,0,0,0,NA,90
pico_reply,12:52:07,%B6W%B6W%BEW%BE7%BEW%BE%97%BE%97%BE%97%BE%97%BE%97%BE%98%BE%98%C6%B8%BE%98%BE%98%BE%97%C6%B8%CEx%BEzk%94k%91%5B%2Fk%D0cp%83%CE%8C%20%8Cs%8Cs%83o%83o%83%A3%20%C2%20%82%21%E5%3A%87BJ9%C9%20%A5,0,0.00,NA,NA,0,0,0,0,0,0,NA,90
pico_reply,12:52:07,%2A,0,0.00,NA,NA,0,0,0,0,0,0,NA,90
camera,12:52:07,Camera%2Fcontrol%20line%20discarded%3A%20too%20long,0,0.00,NA,NA,0,0,0,0,0,0,NA,90
camera,12:52:07,Camera%2Fcontrol%20line%20discarded%3A%20too%20long,0,0.00,NA,NA,0,0,0,0,0,0,NA,90
camera,12:52:07,Camera%2Fcontrol%20line%20discarded%3A%20too%20long,0,0.00,NA,NA,0,0,0,0,0,0,NA,90
camera,12:52:07,Camera%2Fcontrol%20line%20discarded%3A%20too%20long,0,0.00,NA,NA,0,0,0,0,0,0,NA,90
camera,12:52:07,Camera%2Fcontrol%20line%20discarded%3A%20too%20long,0,0.00,NA,NA,0,0,0,0,0,0,NA,90
camera,12:52:07,Camera%2Fcontrol%20line%20discarded%3A%20too%20long,0,0.00,NA,NA,0,0,0,0,0,0,NA,90
camera,12:52:07,Camera%2Fcontrol%20line%20discarded%3A%20too%20long,0,0.00,NA,NA,0,0,0,0,0,0,NA,90
camera,12:52:07,Camera%2Fcontrol%20line%20discarded%3A%20too%20long,0,0.00,NA,NA,0,0,0,0,0,0,NA,90
camera,12:52:07,Camera%2Fcontrol%20line%20discarded%3A%20too%20long,0,0.00,NA,NA,0,0,0,0,0,0,NA,90
pico_reply,12:52:07,%2F%90%E6%90%C5%A1F%99Fq%A6I%E7%20%E6%20b%20b%20b%20%82%20%A2%20%C2%20C%29%A4%29%A7%20d,0,0.00,NA,NA,0,0,0,0,0,0,NA,90
pico_reply,12:52:08,%2F%291%E81%C9,0,0.00,NA,NA,0,0,0,0,0,0,NA,90
camera,12:52:08,Camera%2Fcontrol%20line%20discarded%3A%20too%20long,0,0.00,NA,NA,0,0,0,0,0,0,NA,90
pico_reply,12:52:08,%D7A,0,0.00,NA,NA,0,0,0,0,0,0,NA,90
camera,12:52:08,Camera%2Fcontrol%20line%20discarded%3A%20too%20long,0,0.00,NA,NA,0,0,0,0,0,0,NA,90
pico_reply,12:52:08,%BE%98%BEx%B6w%BE%97%BE%98%BEx%BEx%BE%98%C6%B8%C6%B8%C6%F8%C6%F9%C6%F9%CE%D9%C6%F8%CE%F8%BE%D9%BE%F9%C77%CF%9A%CF%9B%CF%5B%C6%DA%BEy%BEw%BEW%BEW%BEA%20%20%20A%20A%20A%20A%20A,0,0.00,NA,NA,0,0,0,0,0,0,NA,90
pico_reply,12:52:08,%2F%20%2A%20%2F%29%2F%29%2F%29%2F%29%2A%20%2F%29%2A%29%2A%29%2A%29%2A%29%2A%2A%2AJ%2AJ%2AJ%2AJ%2AK%2F%2A%2FJ%2A%29%2A%2A%2A,0,0.00,NA,NA,0,0,0,0,0,0,NA,90
camera,12:52:08,Camera%2Fcontrol%20line%20discarded%3A%20too%20long,0,0.00,NA,NA,0,0,0,0,0,0,NA,90
camera,12:52:08,Camera%2Fcontrol%20line%20discarded%3A%20too%20long,0,0.00,NA,NA,0,0,0,0,0,0,NA,90
camera,12:52:08,Camera%2Fcontrol%20line%20discarded%3A%20too%20long,0,0.00,NA,NA,0,0,0,0,0,0,NA,90
pico_reply,12:52:08,%20%82,0,0.00,NA,NA,0,0,0,0,0,0,NA,90
camera,12:52:08,Camera%2Fcontrol%20line%20discarded%3A%20too%20long,0,0.00,NA,NA,0,0,0,0,0,0,NA,90
camera,12:52:08,Camera%2Fcontrol%20line%20discarded%3A%20too%20long,0,0.00,NA,NA,0,0,0,0,0,0,NA,90
camera,12:52:08,Camera%2Fcontrol%20line%20discarded%3A%20too%20long,0,0.00,NA,NA,0,0,0,0,0,0,NA,90
camera,12:52:08,Camera%2Fcontrol%20line%20discarded%3A%20too%20long,0,0.00,NA,NA,0,0,0,0,0,0,NA,90
camera,12:52:08,Camera%2Fcontrol%20line%20discarded%3A%20too%20long,0,0.00,NA,NA,0,0,0,0,0,0,NA,90
camera,12:52:08,Camera%2Fcontrol%20line%20discarded%3A%20too%20long,0,0.00,NA,NA,0,0,0,0,0,0,NA,90
camera,12:52:08,Camera%2Fcontrol%20line%20discarded%3A%20too%20long,0,0.00,NA,NA,0,0,0,0,0,0,NA,90
camera,12:52:08,Camera%2Fcontrol%20line%20discarded%3A%20too%20long,0,0.00,NA,NA,0,0,0,0,0,0,NA,90
camera,12:52:08,Camera%2Fcontrol%20line%20discarded%3A%20too%20long,0,0.00,NA,NA,0,0,0,0,0,0,NA,90
camera,12:52:08,Camera%2Fcontrol%20line%20discarded%3A%20too%20long,0,0.00,NA,NA,0,0,0,0,0,0,NA,90
pico_reply,12:52:08,%2F%28%21%E8%21%E9%21%E8%21%E8%2F%20%2F%20%21%E8%21%C9%21%C8%20%E8%21%C8%21%E8%20%E8%21%E8%20%E8%20%E8%20%E8%21%E8%20%E9%2F%20%21%E8%21%E9%2F%20%2F%20%21%E9%2F%20%2F%20%21%E9%2F%28%2F%29%2A%29%2F%29%2F%20%2A%20%2F%29%2F%29%2F%29%2F%29%2A%20%2A%2A%2AJ%2AJ%2AJ%2AJ%2Ai%2AJ%2AJ%2Aj2J%2AJ%2Ai%2AI%2AJ%2A%2A%2AJ%2Aj%2Aj2JB,0,0.00,NA,NA,0,0,0,0,0,0,NA,90
camera,12:52:08,Camera%2Fcontrol%20line%20discarded%3A%20too%20long,0,0.00,NA,NA,0,0,0,0,0,0,NA,90
camera,12:52:08,Camera%2Fcontrol%20line%20discarded%3A%20too%20long,0,0.00,NA,NA,0,0,0,0,0,0,NA,90
camera,12:52:08,Camera%2Fcontrol%20line%20discarded%3A%20too%20long,0,0.00,NA,NA,0,0,0,0,0,0,NA,90
camera,12:52:08,Camera%2Fcontrol%20line%20discarded%3A%20too%20long,0,0.00,NA,NA,0,0,0,0,0,0,NA,90
camera,12:52:08,Camera%2Fcontrol%20line%20discarded%3A%20too%20long,0,0.00,NA,NA,0,0,0,0,0,0,NA,90
camera,12:52:08,Camera%2Fcontrol%20line%20discarded%3A%20too%20long,0,0.00,NA,NA,0,0,0,0,0,0,NA,90
pico_reply,12:52:08,%C6x%C6%98%BEx%BE%98%BE%97%BEw%B6w%BEw%BEw%BEx%B6x%B6w%BE7%C6%20%BC%B5A%AF%20%A2%20%C0%21%23%21%20%21%20%21%20%21%20%21%21,0,0.00,NA,NA,0,0,0,0,0,0,NA,90
camera,12:52:08,Camera%2Fcontrol%20line%20discarded%3A%20too%20long,0,0.00,NA,NA,0,0,0,0,0,0,NA,90
pico_reply,12:52:08,%20%E3%20%C3%20%C2%20%E2%20%C3%20%82%20b%20b%20%81%20%C1%20%C3%20%E3%20%E3%20%E3%20%A2%20%A2%20%82%20%82%20%82,0,0.00,NA,NA,0,0,0,0,0,0,NA,90
pico_reply,12:52:08,,0,0.00,NA,NA,0,0,0,0,0,0,NA,90
camera,12:52:08,Camera%2Fcontrol%20line%20discarded%3A%20too%20long,0,0.00,NA,NA,0,0,0,0,0,0,NA,90
pico_reply,12:52:08,%20%A2%20%81%20b%20b%20a%20%C1%20%E2%20%E3%20%E3%20%E3%20%A2%20%A2%20%82%20%82%20%83,0,0.00,NA,NA,0,0,0,0,0,0,NA,90
camera,12:52:08,Camera%2Fcontrol%20line%20discarded%3A%20too%20long,0,0.00,NA,NA,0,0,0,0,0,0,NA,90
camera,12:52:08,Camera%2Fcontrol%20line%20discarded%3A%20too%20long,0,0.00,NA,NA,0,0,0,0,0,0,NA,90
camera,12:52:08,Camera%2Fcontrol%20line%20discarded%3A%20too%20long,0,0.00,NA,NA,0,0,0,0,0,0,NA,90
pico_reply,12:52:08,%BEx%BEx%BEx%BEx%BEW%BEw%BEw%BEv%BEv%BEU%C5%B4%AD%201K%21B%20%E3%20%20%20%E3%20%C3%20%C3%20%C3%20%40,0,0.00,NA,NA,0,0,0,0,0,0,NA,90
camera,12:52:08,Camera%2Fcontrol%20line%20discarded%3A%20too%20long,0,0.00,NA,NA,0,0,0,0,0,0,NA,90
camera,12:52:08,Camera%2Fcontrol%20line%20discarded%3A%20too%20long,0,0.00,NA,NA,0,0,0,0,0,0,NA,90
pico_reply,12:52:08,%20A%20a%20a%20a%20a%20%81%20%A2%20%C3%20%C2%20%E3%20%A2%20%82%20a%20%81%20%82%20%82,0,0.00,NA,NA,0,0,0,0,0,0,NA,90
camera,12:52:08,Camera%2Fcontrol%20line%20discarded%3A%20too%20long,0,0.00,NA,NA,0,0,0,0,0,0,NA,90
pico_reply,12:52:08,%2AK%2Ak%2Aj%3A,0,0.00,NA,NA,0,0,0,0,0,0,NA,90
pico_reply,12:52:08,1%CA%20%82%20%81%20%82%20%A2%20%A2%20%A2%20%A2%20%A2%20%A2%20%A2,0,0.00,NA,NA,0,0,0,0,0,0,NA,90
pico_reply,12:52:08,%2F,0,0.00,NA,NA,0,0,0,0,0,0,NA,90
camera,12:52:09,Camera%2Fcontrol%20line%20discarded%3A%20too%20long,0,0.00,NA,NA,0,0,0,0,0,0,NA,90
pico_reply,12:52:09,%20%E3%20%E3%20%C2%20%C3%20%C2%20%20%20%20%20%C3%20%C2%20%A2%20%82%20%82%20b%20%81%20%82%20%C3%20%20%20%E3%20%C3%20%C3%20%A2%20%A2%20%A2%20%A2%20%A2%20%E3%20%C62%A92%AB2k%2AJ%2F%29%2F%20%2F%20%2F%20%2F%20%2F%20%2F%20%2F%20%2F%20%21%E8%21%E9%21%E9%20%E8%2F%20%21%E9%21%E9%21%E9%21%E9%21%E8%21%E8%2F%20%2F%20%21%E8%2F%20%2A%29%2F,0,0.00,NA,NA,0,0,0,0,0,0,NA,90
pico_reply,12:52:09,%2F%20%21%E9%2F%20%2F%20%2F%28%2F%28%2F%29%2A%29%2A%20%2F%29%2A%29%2A%2A%2FI%2A%2A%2A%2A%2Fi%2Ai2j%2Ak%2A%AB%2A%8B2%8B%2A%8B%2Ak%2A%8A2%AB2j%2A%8A2%AB2%8B2%8B2%8B2k2%8B%2Ak%2Aj2%2A9%EA,0,0.00,NA,NA,0,0,0,0,0,0,NA,90
camera,12:52:09,Camera%2Fcontrol%20line%20discarded%3A%20too%20long,0,0.00,NA,NA,0,0,0,0,0,0,NA,90
camera,12:52:09,Camera%2Fcontrol%20line%20discarded%3A%20too%20long,0,0.00,NA,NA,0,0,0,0,0,0,NA,90
camera,12:52:09,Camera%2Fcontrol%20line%20discarded%3A%20too%20long,0,0.00,NA,NA,0,0,0,0,0,0,NA,90
camera,12:52:09,Camera%2Fcontrol%20line%20discarded%3A%20too%20long,0,0.00,NA,NA,0,0,0,0,0,0,NA,90
camera,12:52:09,Camera%2Fcontrol%20line%20discarded%3A%20too%20long,0,0.00,NA,NA,0,0,0,0,0,0,NA,90
camera,12:52:09,Camera%2Fcontrol%20line%20discarded%3A%20too%20long,0,0.00,NA,NA,0,0,0,0,0,0,NA,90
pico_reply,12:52:09,%20%C2%20%C3%20%C2%20%C2%20%C2%20%E2%20%E3%20%E3%20%C3%20%C2%20%A2%20%81%20b%20a%20%81%20%A2%20%E3%20%E3%20%E3%20%E3%20%82%20%A2%20%A2%20%82%20%83,0,0.00,NA,NA,0,0,0,0,0,0,NA,90
camera,12:52:09,Camera%2Fcontrol%20line%20discarded%3A%20too%20long,0,0.00,NA,NA,0,0,0,0,0,0,NA,90
pico_reply,12:52:09,%20%C3%20%C3%20%C2%20%A2%20a%20b%20a%20%81%20%A2%20%E3%20%E3%20%E3%20%E3%20%83%20%82%20%A2%20%A2%20%82,0,0.00,NA,NA,0,0,0,0,0,0,NA,90
pico_reply,12:52:09,%2F%20%2F%20%2F%20%2F%20%2F%20%2F%20%2F%28%2F%20%2F%20%21%E9%21%E9%21%E9%21%E8%2F%20%21%E8%20%20%20%20%2F%20%2F%20%21%E9%21%E9%21%E8%2F%20%2F%20%2F%20%2F%20%2F%20%2F%20%21%E9%2F%20%2A%20%2F%20%2F%29%2F%29%2F%29%2F%29%2A%29%2F%29%2AI%2A%29%2AJ%2A%2A2j2j%2Aj2%8A2%AB2%AB%3A%8B%3A%8C2%AB2%AB2%8C2%AB2%AB2%8B2%8B2k2%8B2k%2A%8B%2Aj2%8AJk%20%20%20%A1%20%81%20%82%20%82%20%82%20%A2%20%A2%20%A2%20%A2%20%A2,0,0.00,NA,NA,0,0,0,0,0,0,NA,90
pico_reply,12:52:09,%2A%2A%2A%2A%2AJ%2AJ%2A%2A%2FJ%2Aj2I%3A%20%20%A6%20%C2%20%C2%20%C2%20%C3%20%C2%20%A3%20%A2%20%82%20a%20a%20a%20a%20a%20A%20a%20A%20a%20a%20a%20a,0,0.00,NA,NA,0,0,0,0,0,0,NA,90
pico_reply,12:52:09,KKKJ%5B%2B%29%AC%20%84%20%81%20%82%20%82%20%C3%20%232%20%3AH%2A%20J%E8R%E9B%A8B%A7B%87%3Ag%3A%27%3A%20%29%85%29d%21e%20%24%20%24%20%20%28%E40%24%60,0,0.00,NA,NA,0,0,0,0,0,0,NA,90
pico_reply,12:52:09,%20%95%AA%D7%BC%DF%9C%DF%9B%D7%7B%CF%20%CF%20%B6Y%AD%D5%D6%F7%CE%D9%C6%B9%C6%B8%C6%B9%C6%B9%C6%D8%CE%D9%C6%B9%C6%D8%C6%B8%C6%98%BEx%BEw%BE%98%BEX%B68%B66%BE%96%BE%97%BEW%B6W%B6W%B6V%B65%CD%D4%ADV%20%EC%20%E1%20%E3%20%E3%20%C3%20%C2%20%C2%20%A2%20%A2%20A%20%20,0,0.00,NA,NA,0,0,0,0,0,0,NA,90
camera,12:52:09,Camera%2Fcontrol%20line%20discarded%3A%20too%20long,0,0.00,NA,NA,0,0,0,0,0,0,NA,90
pico_reply,12:52:09,%20%A2%20%A2%20%A2%20%A2%20%A3%20%C3%20%C3%20%20%20%E3%20%20%20%23%20%24%20%24%21D%21%84%29%A51%A6%20%E5%20%A3%20%20%21%83%29%A41%A5%29%C5%29%E51%E51%C5%29%A5%29%A5%29%85%21e%20%20%29%83%29%A5%21e%20F%20%84%20F%20H%20%26%84%C8%E7%FB%D7%7C%D7%7B%DF%BC%D7%9B%CF%3B%AEY%A5%F6%D7%20%CE%F9%CE%F9%C6%F9%CE%F9%C6%D9%C6%B9%C6%D9%C6%B9%C6%B8%BE%B8%BE%B8%C6%D8%C6%B9%B6%98%B6%98%B6x%B6w%BE%B6%BE%97%B6X%B6W%B66%B6%20%B65%CD%D4%A56%20%CB%20%C1%20%E3%20%E3%20%C3%20%C3%20%C2%20%C2%20%C2%20A,0,0.00,NA,NA,0,0,0,0,0,0,NA,90
pico_reply,12:52:09,%2A%28%2F%29%2F%29%2F%20%2F%20%2F%20%2F%20%2F%20%2F%20%2F%20%2F%20%2F%20%2F%20%21%E8%21%E8%21%E8%2F%20%2F%20%2F%20%21%E9%21%E8%2F%29%2F%28%2F%29%2F%20%2A%20%2F%20%2F%29%2F%29%2F%29%2F%20%2A%29%2F%29%2A%29%2F%29%2A%29%2A%2A%2A%29%2A%2A%2FI%2A%8A%2A%8A%2Ak2k2%8B2%8B2%AB2%CB%3A%CB%3A%AC2%8C2%8B%2A%8B2%8B2%AB2%8B2k2%8B2%8B%2A%8B%2Aj%2A%8B%2A%AB%3AjB%2A%20%83%20%81%20a%20%81%20%82%20%82%20%A2%20%A2%20%A2%20%A2,0,0.00,NA,NA,0,0,0,0,0,0,NA,90
pico_reply,12:52:09,%20%A4%20%C4%20%C3%20%E4%20%E3%20%E3%20%20%20%24%20%E4%20%20%20%20%20%20%20%20%20%20%20%20%20%200%84P%20%80%20%B9%C7%B9%E9%BAH%C2H%C1%EB%81hJ%20%20%A5%20%A1%20%A2%20%A2%20%A2%20%A2%20%C3%20%E3%20%20%20%20%20%24%20%24%21%85%29%85%29%841%C5%29%A6%21%86%21%85%21e1%C5%3A%201%E51%A5%29%A4%29%C4%29%C51%A5%29%85%21%85%29e%21D%20%E2%21C%21%A4%29%C6%21%A7%21%A5%20f%20G%20%27%2F%20%DF%F8%D7%9E%D7%7B%D7%BB%DF%DA%E7%BD%CF%20%BEw%D7%20%CE%FA%CF%20%CF%20%D7X%D7%3A%D7%3A%CF%20%C6%F9%CE%F9%C6%F8%C6%D7%C6%D8%C6%B9%C6%98%BE%98%B6w%BE%B7%C6%B7%C6%D8%B6X%B66%B6%20%B5%D5%B6%20%C5%93%94%B5%20%C9%20%E1%20%C3%20%C3%20%C3%20%C3%20%C2%20%C2%20%C2%20A,0,0.00,NA,NA,0,0,0,0,0,0,NA,90
camera,12:52:09,Camera%2Fcontrol%20line%20discarded%3A%20too%20long,0,0.00,NA,NA,0,0,0,0,0,0,NA,90
pico_reply,12:52:09,%20%C2%20%A2%20%82%20%82%20%82%20%A2%20%82%20%83%20%A3%20%E3%20C%21%A5%21%C7%21%A8,0,0.00,NA,NA,0,0,0,0,0,0,NA,90
pico_reply,12:52:09,%29c%E7%E7%F8%CF%7B%D7%7B%D7%9B%DF%9A%DF%7B%C6%DB%B6W%CF%20%D7Z%D7Z%CF%3A%D7x%DF%BA%DF%BB%D7z%D7%9A%D7%9A%DF%9B%CF%20%CE%F9%C7%20%CF8%CF%3A%B6%B9%BE%98%BE%B8%C6%B8%B68%AD%F6%B6%20%B5%D5%B5%F5%BD2%8Ct%20h%20a%20%C3%20%C3%20%C3%20%A2%20%A2%20%C2%20%C2%20A,0,0.00,NA,NA,0,0,0,0,0,0,NA,90
pico_reply,12:52:09,%2F%20%2F%20%2F%20%2F%29%2F%29%2F%29%2F%20%2A%20%21%E8%2F%20%2F%20%2F%20%2F%20%2F%20%21%E8%21%E8%2F%20%2F%20%2F%20%21%E8%2F%20%2F%20%2F%20%2F%29%2F%20%2F%29%2F%29%2F%29%2F%29%2F%29%2F%29%2F%20%2F%20%2F%29%2A%29%2A%29%2A%29%2A%29%2AJ%2AJ%2Aj%2AJ%2Aj%2Ak%2A%8B2%AB%2A%AA2%AB2%CB2%CB%3A%CB%3A%AC%3A%AC2%AC%3A%AC2%8B2%8B2j%2Aj%2A%8B%2A%8B%2A%AA2%AB%2A%CB%3AjRk%20e%20%81%20b%20a%20%82%20%82%20%A2%20%A2%20%A2%20%A3,0,0.00,NA,NA,0,0,0,0,0,0,NA,90
camera,12:52:09,Camera%2Fcontrol%20line%20discarded%3A%20too%20long,0,0.00,NA,NA,0,0,0,0,0,0,NA,90
camera,12:52:09,Camera%2Fcontrol%20line%20discarded%3A%20too%20long,0,0.00,NA,NA,0,0,0,0,0,0,NA,90
camera,12:52:09,Camera%2Fcontrol%20line%20discarded%3A%20too%20long,0,0.00,NA,NA,0,0,0,0,0,0,NA,90
pico_reply,12:52:09,2%CB2%CB2%CB2%CC%3A%CB%3A%CB2%EB%3B%20%3A%AD2%AB2%AB2%AB%2A%8B2%8B%2A%8B2%AA2%AA%2A%AB%3AkRl%20%86%20%60%20a%20%81%20%82%20%82%20%82%20%82%20%C2%20%A2%20%E3,0,0.00,NA,NA,0,0,0,0,0,0,NA,90
pico_reply,12:52:09,%A9%A9%81%C9I%A8%20%E5%20%C2%20%C2%20%C30%E39%239e%29F%20%20%20%E4%20%C4%20%20%21%20%21%23%29d%29d%29e%29e%29d%21D%20%23%20%24%20%20%20%C3%20%A3%20%C2%20%C3%20%A3%20%A3%20%A3%20%C3%20%23%20C%20%84%29%E5%29%C6%29%E7%29%86%21g%20%88%20%20%CF0%CF%3D%CF%5B%CFZ%D7%3A%D7%20%C6%DB%AEw%BE%B7%C6%F9%CF%20%C6%BA%C6%D9%C6%F9%CF%20%CF%20%CF%20%CF%20%CF%20%C6%FA%C6%FA%C6%F9%C6%F9%CE%F9%CE%F9%C6%D9%C6%B8%C6%B9%B6Y%AD%F5%AD%F6%AD%F5%AD%F5%B6%20%CD%B4%A4%D6%20%C9%20%C0%20%C3%20%C3%20%C3%20%83%20C%20C%20%40,0,0.00,NA,NA,0,0,0,0,0,0,NA,90
pico_reply,12:52:09,%2F%29%2F%29%2F%29%2F%29%2F%29%2F%29%2F%20%2F%20%2F%29%2F%20%2F%20%2F%20%20%20%2F%29%2F%20%2F%20%2F%20%2F%20%2F%20%2F%20%2F%20%21%E9%2F%20%2F%20%2F%29%2F%29%2F%20%2F%20%2F%29%2A%29%2F%29%2F%29%2A%29%2A%29%2A%20%2AJ%2A%29%2A%2A%2AJ2%2A2K%2Aj%2A%8B%2A%AB%2A%AB2%CB2%CB2%CB2%CC2%CB%3A%CB2%CB%3B%20%3A%CC2%CB2%AB2%AB2%AB%2A%8B2k%2A%AA%2A%AB%2A%CC2%ABR%8C%20,0,0.00,NA,NA,0,0,0,0,0,0,NA,90
camera,12:52:09,Camera%2Fcontrol%20line%20discarded%3A%20too%20long,0,0.00,NA,NA,0,0,0,0,0,0,NA,90
pico_reply,12:52:09,%C6%B9%C6%B8%C6%B9%B6Y%AD%F5%AD%F5%AD%F6%AD%F5%AD%D4%D5%F3%9C%B5%20J%20a%20%A2%20%81%20b%20%C3%20%82%20%82%20A%20%21,0,0.00,NA,NA,0,0,0,0,0,0,NA,90
camera,12:52:09,Camera%2Fcontrol%20line%20discarded%3A%20too%20long,0,0.00,NA,NA,0,0,0,0,0,0,NA,90
pico_reply,12:52:09,I%260%A30%A2%40BX%83Y%20A%A6%21H%20%E3%20%C3%20%C3%20%C3%20%20%21%20%21%20%21%20%21%24%21%24%21%24%21%24%20%23%20%24%20%E4%20%E3%20%E3%20%E3%20%E3%20%E3%20%20%20%20%20%20%20%E3%20%20%20%E4%20%E3%20%E4%20%C3%20%A3%20%C4%20%E6%20%83%9D%89%CF%5B%CF%3B%CFZ%D7%3A%CF%20%C6%DA%A6Y%9D%D4%CE%F8%C6%FA%C7%20%CE%FA%CE%FA%CE%FA%CF%20%CE%F9%C6%F9%C7%20%C6%F9%C6%F9%C6%F9%C6%F9%C6%F9%C6%F9%C6%B9%C6%B8%C6%B9%B6Y%AE%20%AD%F6%AD%F5%AD%F5%AD%F4%CD%D2%BDW%20%ED%20%A0%20%A2%20%E3%20%A4,0,0.00,NA,NA,0,0,0,0,0,0,NA,90
camera,12:52:09,Camera%2Fcontrol%20line%20discarded%3A%20too%20long,0,0.00,NA,NA,0,0,0,0,0,0,NA,90
pico_reply,12:52:09,%20%21%24%21%20%20%20%20%20%20e%8D%20%DF%9A%CF%3A%CF%3A%CF%20%C7%20%CF%20%AEZ%A5%F6%CF%20%C7%20%C7%20%CE%FA%CE%F9%CE%F9%CF%20%CE%F9%C6%F9%C6%F9%C6%F9%C6%F9%C6%F9%C6%F9%C6%F9%C6%D9%C6%B9%C6%B8%CE%B8%B68%AE%20%AD%F6%AD%F5%AD%F5%AD%F4%C5%F2%BD%95%29n%20%A0A%E2Rh%29%20,0,0.00,NA,NA,0,0,0,0,0,0,NA,90
pico_reply,12:52:09,%2A%2A%2AJ%2Aj%2AJ%2AJ%2AJ2J2k2%8B2%AB2%CB%3A%AB%3A%AB%3A%AC%3A%CC%3A%EC%3A%EC%3A%EC%3A%ED%3A%AC%2A%8C%2A%8B%2A%AB2%8B2%8B2%8B2%8B2%8B2%8B%2A%CBBK%3A%20%20b%20b%20%82%20%82%20%81%20%81%20%82%20%A2%20%A2%20%A2,0,0.00,NA,NA,0,0,0,0,0,0,NA,90
camera,12:52:09,Camera%2Fcontrol%20line%20discarded%3A%20too%20long,0,0.00,NA,NA,0,0,0,0,0,0,NA,90
camera,12:52:09,Camera%2Fcontrol%20line%20discarded%3A%20too%20long,0,0.00,NA,NA,0,0,0,0,0,0,NA,90
pico_reply,12:52:09,%20A%20a%20a%20a%20a%20a%20A%20a%20a%20b%20B%20%20%20,0,0.00,NA,NA,0,0,0,0,0,0,NA,90
camera,12:52:10,Camera%2Fcontrol%20line%20discarded%3A%20too%20long,0,0.00,NA,NA,0,0,0,0,0,0,NA,90
pico_reply,12:52:10,%20%E3%20%E3%20%E3%20%E3%20%E3%20%E3%20%E3%20%E3%20%E3%20%E3%20%20%20%E4%20%20%20%20%20%20%20%20%20%20%20%24%20E%20%A6C%25%CFU%CF%2F%CF%3A%CF9%CF%3A%CE%DA%B6%7B%A5%D4%C6%D6%CF%20%C6%F9%C6%FA%CE%F9%C7%20%C6%F9%CE%F9%CE%F9%CF%20%CF%20%C6%F9%CF%20%CE%FA%CE%F9%C6%F9%C6%B8%BE%98%B6V%B6W%A5%B7%AD%F5%AD%F5%AD%D6%AD%F5%AE4%C6T%BDUs%20jC%8B%C9RJ%21%A5c%24c%24c%40%20A,0,0.00,NA,NA,0,0,0,0,0,0,NA,90
pico_reply,12:52:10,%2F%29%2F%20%2F%20%2F%20%2F%29%2F%29%2A,0,0.00,NA,NA,0,0,0,0,0,0,NA,90
camera,12:52:10,Camera%2Fcontrol%20line%20discarded%3A%20too%20long,0,0.00,NA,NA,0,0,0,0,0,0,NA,90
pico_reply,12:52:10,%20%20%20%23%20%20%20%E3%20%E3%20%20%20%20%20%20%20%20%20%20%20%20%20%20%20%20%20%20%20%202d%CF%20%D7%7B%CF%3A%CF9%CF%3A%CE%FA%BE%DB%AD%F6%B6u%CF%20%CE%F9%CE%F9%C6%D9%C6%F9%C7%20%C6%F9%CE%FA%CE%FA%CE%FA%CE%FA%C6%F9%C6%F9%C7%20%CF%20%BE%B8%BEx%B6w%B67%B67%B67%AE%20%B6%20%B5%F6%AE%20%BE3%C5%B4%8C%20%83%20%83%8BRJ2%20Z%E6Z%E6ZA,0,0.00,NA,NA,0,0,0,0,0,0,NA,90
pico_reply,12:52:10,%2F%20%2F%29%2A%20%29%E9%2F%20%2A%29%2F%20%2F%20%2F%20%2F%20%2F%20%2F%20%2F%20%20%E9%2F%20%2F%20%2A%29%2F%2A%2F%20%2F,0,0.00,NA,NA,0,0,0,0,0,0,NA,90
camera,12:52:10,Camera%2Fcontrol%20line%20discarded%3A%20too%20long,0,0.00,NA,NA,0,0,0,0,0,0,NA,90
pico_reply,12:52:10,%24%20%24%20%24%20%24%20%20%20%20%20%20%20%E4%20%E4%20%25%20%20%C6%EF%CF%3D%CF%20%CF9%CF%20%C6%FA%C7%20%AE7%B66%CE%D9%C6%F9%CE%F9%C6%F9%C6%F9%C7%20%CE%F9%CE%FA%CE%FA%C6%F9%CE%F9%CE%F9%C6%F9%C6%F8%CFY%BE%D9%BE%98%B6W%B67%B6%20%B66%B6%20%B6%20%B5%F6%AE%20%B5%F4%BDt%AC%F2%82%EC%83%8AR%20R%A6k%20k%20k%20,0,0.00,NA,NA,0,0,0,0,0,0,NA,90
camera,12:52:10,Camera%2Fcontrol%20line%20discarded%3A%20too%20long,0,0.00,NA,NA,0,0,0,0,0,0,NA,90
pico_reply,12:52:10,b%20a%20a%20%81%20%A1%20%C2%20%20%20%24%21%24%21%24%21D%21%24%21%20%21C%20E%20g%2A%25%B6k%D7%5B%CF%3A%CF%3A%CF%20%C6%F9%CF%20%A6%20%AD%F6%CE%F9%C6%F9%CE%D9%C6%D9%C6%D9%C6%F9%CE%F9%CE%FA%CE%FA%CE%F9%C6%F9%CF%20%CF9%D7%20%D79%B69%B66%B6%20%B66%B6%20%BE6%B6%20%B6%20%B6%20%B5%F5%B6%20%BE%20%BD%20%8BNr%E8J%20%7BF%8C-%8C-%8C%81%20b%20A%20,0,0.00,NA,NA,0,0,0,0,0,0,NA,90
camera,12:52:10,Camera%2Fcontrol%20line%20discarded%3A%20too%20long,0,0.00,NA,NA,0,0,0,0,0,0,NA,90
pico_reply,12:52:10,%D0%BB%20%82%8C9%A6%20c,0,0.00,NA,NA,0,0,0,0,0,0,NA,90
camera,12:52:10,Camera%2Fcontrol%20line%20discarded%3A%20too%20long,0,0.00,NA,NA,0,0,0,0,0,0,NA,90
pico_reply,12:52:10,Yj%20E%20%20%20%20%20%60%20%60%20a%20a%20a%20,0,0.00,NA,NA,0,0,0,0,0,0,NA,90
pico_reply,12:52:10,%8Bh%94l%94l%94%23%21%23%21%23%20%20%20%23%20%20%20%E3%20%C2%20%E2%20%20%20%E3%20%E3%20%A2%20%A2%20%A2%20%C2%20%C2%20%E3%20%C3%20%A2%20%82%20a%20a%20a%20%82%20%E2%20%E3%20%20%20%20%20%83%20%A3%20%A2%20%82%20%A3,0,0.00,NA,NA,0,0,0,0,0,0,NA,90
pico_reply,12:52:10,%2A,0,0.00,NA,NA,0,0,0,0,0,0,NA,90
camera,12:52:10,Camera%2Fcontrol%20line%20discarded%3A%20too%20long,0,0.00,NA,NA,0,0,0,0,0,0,NA,90
pico_reply,12:52:10,%E4%20A,0,0.00,NA,NA,0,0,0,0,0,0,NA,90
pico_reply,12:52:10,%9C%AE%9C%AE%9C%23%20%20%20%E3%20%E3%20%E3%20%20%20%20%20%E3%20%E3%20%E3%20%E3%20%C3%20%A2%20%A2%20%A2%20%C2%20%C2%20%E2%20%C2%20%A2%20%82%20a%20a%20a%20%A2%20%E2%20%E3%20%23%20%20%20%83%20%A2%20%A2%20%83%20%A3,0,0.00,NA,NA,0,0,0,0,0,0,NA,90
pico_reply,12:52:10,%2A,0,0.00,NA,NA,0,0,0,0,0,0,NA,90
pico_reply,12:52:10,%2F%29%2FI%2AI%2AJ%2A%2A%2FI%2FI%2A%29%2A%29%2A%2A%2F%29%2A%20%2F,0,0.00,NA,NA,0,0,0,0,0,0,NA,90
camera,12:52:10,Camera%2Fcontrol%20line%20discarded%3A%20too%20long,0,0.00,NA,NA,0,0,0,0,0,0,NA,90
pico_reply,12:52:10,%8B%26%7B%20%7BIkjc%8Bk%8BkLS%209%E8%21E%20%C3%20%A2%20%82%20b%20b%20a%20a%20a%20a%20A%20A%20a%20a%20a%20a%20a%20a%20b,0,0.00,NA,NA,0,0,0,0,0,0,NA,90
pico_reply,12:52:10,%2F%29%2FI%2AJ%2AJ%2AI%2AJ%2A%29%2A%29%2A%29%2A,0,0.00,NA,NA,0,0,0,0,0,0,NA,90
pico_reply,12:52:10,%2A%29%2FI%2F,0,0.00,NA,NA,0,0,0,0,0,0,NA,90
pico_reply,12:52:10,%2A%2A%2F%29%2F%29%2F%29%2A%20%2F%29%2A%20%2A%20%2F%29%2A%29%2A%29%2F%20%2F%20%2F%20%2A%20%2F%2A%2F%29%2A%29%2FI%2AI%2A%29%2A%29%2FI%2AI%2AJ%2Aj%2Aj%2A%89%2A%8A2%AB2%AB%3A%AC2%CC%3B%20%3B%20CL%3A%ED%3B%3A%EC2%AC%3A%CC2%CC2%AB2%CB2%CB2%CB2%EC2%EC2%EC%3A%ED%3A%CC%3B%20%2A%EBJ%ECJm%20e%20%81%20b%20%82%20%82%20%82%20%82%20%A2%20%A2%20%A2%20%20%20BC%202%AB2%AB2%8B2%AB2%AB2%8B2%8B2%8C2k2%8A2%AA2%8B%2A%8A2%AB2%AB%2A%AB2%8B2%8B%2A%8B2%8B2j%2A%8A%2A%8A%2A%AB%2A%AB2J%3A,0,0.00,NA,NA,0,0,0,0,0,0,NA,90
pico_reply,12:52:10,%20%A6%20%E2%20%E3%20%C3%20%E3%20%C3%20%C3%20%A2%20%82%20%81%20a%20a%20A%20A%20a%20a%20A%20A%20A%20A%20A,0,0.00,NA,NA,0,0,0,0,0,0,NA,90
camera,12:52:10,Camera%2Fcontrol%20line%20discarded%3A%20too%20long,0,0.00,NA,NA,0,0,0,0,0,0,NA,90
pico_reply,12:52:10,2%AB2%CB2%AB%3A%AC2%8B2%8B2%8B2%AA2%AB2%AB%2A%AB2%AA2%8B2%8B2%AB%2A%8B%2A%8B%2A%8B%2A%AA2%CB2,0,0.00,NA,NA,0,0,0,0,0,0,NA,90
camera,12:52:10,Camera%2Fcontrol%20line%20discarded%3A%20too%20long,0,0.00,NA,NA,0,0,0,0,0,0,NA,90
camera,12:52:10,Camera%2Fcontrol%20line%20discarded%3A%20too%20long,0,0.00,NA,NA,0,0,0,0,0,0,NA,90
camera,12:52:10,Camera%2Fcontrol%20line%20discarded%3A%20too%20long,0,0.00,NA,NA,0,0,0,0,0,0,NA,90
pico_reply,12:52:10,%3A%EB2%CC%3A%EC%3B%2B%3B%20%3BM%3BM%3B%3A%EC%3A%EC%3A%CC%3A%AB2%CB2%AC%3A%CD%3A%EC%3A%EC%3A%EC2%EC%3A%EC2%EB%3A%EB2%EB2%EBR%ED%20,0,0.00,NA,NA,0,0,0,0,0,0,NA,90
pico_reply,12:52:10,%20a%20%82%20%82%20%81%20%82%20%82%20b%20%82%20%82%20%83,0,0.00,NA,NA,0,0,0,0,0,0,NA,90
camera,12:52:10,Camera%2Fcontrol%20line%20discarded%3A%20too%20long,0,0.00,NA,NA,0,0,0,0,0,0,NA,90
pico_reply,12:52:11,%20b%20b%20a%20%A2%20%E3%20%23%20%24%20%C3%20%83%20%A2%20%A2%20%A2,0,0.00,NA,NA,0,0,0,0,0,0,NA,90
pico_reply,12:52:11,%2A%29%2A%29%2F%29%2F%29%2F%28%2F%29%2F%29%2A%29%2A%29%2F%29%2F%29%2A%20%2A%20%2F%29%2A%29%2FJ%2A%29%2A%2A%2AI%2AJ%2AJ%2AJ%2A%2A%2AJ2j2k2%8B2k2%AB%3A%EB%3A%EC%3A%EC%3B%20%3B-%3BM%3B-C%2C%3B%202%EB%3A%CC%3A%AB2%CB2%CC%3A%ED%3A%CC%3A%EC%3A%EC%3A%CC2%CC2%EC2%CC2%EB%3A%EBJ%8D%20,0,0.00,NA,NA,0,0,0,0,0,0,NA,90
camera,12:52:11,Camera%2Fcontrol%20line%20discarded%3A%20too%20long,0,0.00,NA,NA,0,0,0,0,0,0,NA,90
camera,12:52:11,Camera%2Fcontrol%20line%20discarded%3A%20too%20long,0,0.00,NA,NA,0,0,0,0,0,0,NA,90
camera,12:52:11,Camera%2Fcontrol%20line%20discarded%3A%20too%20long,0,0.00,NA,NA,0,0,0,0,0,0,NA,90
camera,12:52:11,Camera%2Fcontrol%20line%20discarded%3A%20too%20long,0,0.00,NA,NA,0,0,0,0,0,0,NA,90
camera,12:52:11,Camera%2Fcontrol%20line%20discarded%3A%20too%20long,0,0.00,NA,NA,0,0,0,0,0,0,NA,90
camera,12:52:11,Camera%2Fcontrol%20line%20discarded%3A%20too%20long,0,0.00,NA,NA,0,0,0,0,0,0,NA,90
camera,12:52:11,Camera%2Fcontrol%20line%20discarded%3A%20too%20long,0,0.00,NA,NA,0,0,0,0,0,0,NA,90
camera,12:52:11,Camera%2Fcontrol%20line%20discarded%3A%20too%20long,0,0.00,NA,NA,0,0,0,0,0,0,NA,90
camera,12:52:11,Camera%2Fcontrol%20line%20discarded%3A%20too%20long,0,0.00,NA,NA,0,0,0,0,0,0,NA,90
pico_reply,12:52:11,a%20a%20a%20A%20,0,0.00,NA,NA,0,0,0,0,0,0,NA,90
camera,12:52:11,Camera%2Fcontrol%20line%20discarded%3A%20too%20long,0,0.00,NA,NA,0,0,0,0,0,0,NA,90
pico_reply,12:52:11,%20b%20%81%20a,0,0.00,NA,NA,0,0,0,0,0,0,NA,90
pico_reply,12:52:11,,0,0.00,NA,NA,0,0,0,0,0,0,NA,90
camera,12:52:11,Camera%2Fcontrol%20line%20discarded%3A%20too%20long,0,0.00,NA,NA,0,0,0,0,0,0,NA,90
pico_reply,12:52:11,%20a%20%81%20%81%20%C2%20%E3%20%20%20%20%20%E4%20%A2%20%A2%20%A2%20%A2%20%A3,0,0.00,NA,NA,0,0,0,0,0,0,NA,90
pico_reply,12:52:11,%20%E6%20%E1%20%E3%20%E3%20%E3%20%E3%20%E3%20%C2%20%C2%20a%20b%20a%20a%20a%20a%20A,0,0.00,NA,NA,0,0,0,0,0,0,NA,90
pico_reply,12:52:11,%DF%BC%C6%F9%D79%C7%20%CE%F9%BE%BB%B6%97%B6%95%D7%9A%D7%9B%BE%B9%BE%B8%C6%B9%BE%99%BE%98%BE%98%BE%97%BEW%BEW%B6w%B6W%BE7%B5%F6%B5%F5%AD%F5%AD%F5%AD%D4%AD%B5%A5%94%A5%94%A5%D3%AD%F2%C6%93%B5%20R%B1,0,0.00,NA,NA,0,0,0,0,0,0,NA,90
camera,12:52:11,Camera%2Fcontrol%20line%20discarded%3A%20too%20long,0,0.00,NA,NA,0,0,0,0,0,0,NA,90
camera,12:52:11,Camera%2Fcontrol%20line%20discarded%3A%20too%20long,0,0.00,NA,NA,0,0,0,0,0,0,NA,90
camera,12:52:11,Camera%2Fcontrol%20line%20discarded%3A%20too%20long,0,0.00,NA,NA,0,0,0,0,0,0,NA,90
camera,12:52:11,Camera%2Fcontrol%20line%20discarded%3A%20too%20long,0,0.00,NA,NA,0,0,0,0,0,0,NA,90
pico_reply,12:52:11,%20%5B%A3%E7%D8%C6%F9%CF%3A%CF%3A%CF%3A%D7%3A%BE%DB%BE%97%CF%20%C6%F9%BE%98%BE%98%BE%D8%BE%B7%BE%98%BEw%BEx%BEX%BEW%B6V%B6V%B6V%B66%B6%20%AD%F5%AD%D5%AD%95%A5%94%A5%F3%BEu%B5%B6b%AF%20g,0,0.00,NA,NA,0,0,0,0,0,0,NA,90
camera,12:52:11,Camera%2Fcontrol%20line%20discarded%3A%20too%20long,0,0.00,NA,NA,0,0,0,0,0,0,NA,90
pico_reply,12:52:11,%20c%20a%20b,0,0.00,NA,NA,0,0,0,0,0,0,NA,90
camera,12:52:11,Camera%2Fcontrol%20line%20discarded%3A%20too%20long,0,0.00,NA,NA,0,0,0,0,0,0,NA,90
camera,12:52:11,Camera%2Fcontrol%20line%20discarded%3A%20too%20long,0,0.00,NA,NA,0,0,0,0,0,0,NA,90
camera,12:52:12,Camera%2Fcontrol%20line%20discarded%3A%20too%20long,0,0.00,NA,NA,0,0,0,0,0,0,NA,90
camera,12:52:12,Camera%2Fcontrol%20line%20discarded%3A%20too%20long,0,0.00,NA,NA,0,0,0,0,0,0,NA,90
camera,12:52:12,Camera%2Fcontrol%20line%20discarded%3A%20too%20long,0,0.00,NA,NA,0,0,0,0,0,0,NA,90
camera,12:52:12,Camera%2Fcontrol%20line%20discarded%3A%20too%20long,0,0.00,NA,NA,0,0,0,0,0,0,NA,90
pico_reply,12:52:12,%A2%20%A2%20%82%20%82%20b%20b%20b%20a%20a%20a,0,0.00,NA,NA,0,0,0,0,0,0,NA,90
camera,12:52:12,Camera%2Fcontrol%20line%20discarded%3A%20too%20long,0,0.00,NA,NA,0,0,0,0,0,0,NA,90
pico_reply,12:52:12,a%20a%20b%20b%20a%20a%20a%20a%20a%20a%20a%20a%20a%20a%20a%20A%20%60%40%E0%93d%8Bi%7Bis%ACk%CDk%ACc%ABs%8AZ%CD%20%E7%20%81%20a,0,0.00,NA,NA,0,0,0,0,0,0,NA,90
camera,12:52:12,Camera%2Fcontrol%20line%20discarded%3A%20too%20long,0,0.00,NA,NA,0,0,0,0,0,0,NA,90
camera,12:52:12,Camera%2Fcontrol%20line%20discarded%3A%20too%20long,0,0.00,NA,NA,0,0,0,0,0,0,NA,90
camera,12:52:12,Camera%2Fcontrol%20line%20discarded%3A%20too%20long,0,0.00,NA,NA,0,0,0,0,0,0,NA,90
pico_reply,12:52:12,%B6w%B6W%BEW%BEW%B6V%BE6%B5%F5%B65%B64%C5%95%8CU,0,0.00,NA,NA,0,0,0,0,0,0,NA,90
camera,12:52:12,Camera%2Fcontrol%20line%20discarded%3A%20too%20long,0,0.00,NA,NA,0,0,0,0,0,0,NA,90
pico_reply,12:52:12,A%20B%20a%20a%20a%20a%20a%20a%20a%20a%20a%20a%20a%20A%20%60A,0,0.00,NA,NA,0,0,0,0,0,0,NA,90
camera,12:52:12,Camera%2Fcontrol%20line%20discarded%3A%20too%20long,0,0.00,NA,NA,0,0,0,0,0,0,NA,90
camera,12:52:12,Camera%2Fcontrol%20line%20discarded%3A%20too%20long,0,0.00,NA,NA,0,0,0,0,0,0,NA,90
camera,12:52:12,Camera%2Fcontrol%20line%20discarded%3A%20too%20long,0,0.00,NA,NA,0,0,0,0,0,0,NA,90
camera,12:52:12,Camera%2Fcontrol%20line%20discarded%3A%20too%20long,0,0.00,NA,NA,0,0,0,0,0,0,NA,90
pico_reply,12:52:12,MCnC%8FCnCO%2A%CD33-2%ED%3B33-%3B-%3B3%3B%2CCM%3BM%3B%8C%3BMCMKnK%AEK%AES%AFS%CFS%CEK%EFS%EF%2F%20S%EFS%EFL%2FS%EFs%D1%20%EC%20%82%20%82%20b%20b%20b%20b%20b%20%82%20b%20%83,0,0.00,NA,NA,0,0,0,0,0,0,NA,90
camera,12:52:12,Camera%2Fcontrol%20line%20discarded%3A%20too%20long,0,0.00,NA,NA,0,0,0,0,0,0,NA,90
camera,12:52:12,Camera%2Fcontrol%20line%20discarded%3A%20too%20long,0,0.00,NA,NA,0,0,0,0,0,0,NA,90
camera,12:52:12,Camera%2Fcontrol%20line%20discarded%3A%20too%20long,0,0.00,NA,NA,0,0,0,0,0,0,NA,90
camera,12:52:12,Camera%2Fcontrol%20line%20discarded%3A%20too%20long,0,0.00,NA,NA,0,0,0,0,0,0,NA,90
camera,12:52:12,Camera%2Fcontrol%20line%20discarded%3A%20too%20long,0,0.00,NA,NA,0,0,0,0,0,0,NA,90
camera,12:52:12,Camera%2Fcontrol%20line%20discarded%3A%20too%20long,0,0.00,NA,NA,0,0,0,0,0,0,NA,90
camera,12:52:12,Camera%2Fcontrol%20line%20discarded%3A%20too%20long,0,0.00,NA,NA,0,0,0,0,0,0,NA,90
camera,12:52:12,Camera%2Fcontrol%20line%20discarded%3A%20too%20long,0,0.00,NA,NA,0,0,0,0,0,0,NA,90
camera,12:52:12,Camera%2Fcontrol%20line%20discarded%3A%20too%20long,0,0.00,NA,NA,0,0,0,0,0,0,NA,90
pico_reply,12:52:12,%C3%20%C3%20%C3%20%C3%20%C3%20%C3%20%A3%20%A3%20%A3%20%A3%20%A3%20%A3%20%81%20b%20b%20b%20a%20%81%20a%20a%20a%20B%20b%20%A2%20%A2%20%E4%20%82%20%82,0,0.00,NA,NA,0,0,0,0,0,0,NA,90
camera,12:52:12,Camera%2Fcontrol%20line%20discarded%3A%20too%20long,0,0.00,NA,NA,0,0,0,0,0,0,NA,90
camera,12:52:12,Camera%2Fcontrol%20line%20discarded%3A%20too%20long,0,0.00,NA,NA,0,0,0,0,0,0,NA,90
camera,12:52:12,Camera%2Fcontrol%20line%20discarded%3A%20too%20long,0,0.00,NA,NA,0,0,0,0,0,0,NA,90
camera,12:52:13,Camera%2Fcontrol%20line%20discarded%3A%20too%20long,0,0.00,NA,NA,0,0,0,0,0,0,NA,90
pico_reply,12:52:13,%21%A8%20F%20%20%20%A5,0,0.00,NA,NA,0,0,0,0,0,0,NA,90
pc_command,12:52:13,CAPTURE,0,0.00,NA,NA,0,0,0,0,0,0,NA,90
camera,12:52:13,Camera%2Fcontrol%20line%20discarded%3A%20too%20long,0,0.00,NA,NA,0,0,0,0,0,0,NA,90
camera,12:52:13,Camera%2Fcontrol%20line%20discarded%3A%20too%20long,0,0.00,NA,NA,0,0,0,0,0,0,NA,90
camera,12:52:13,Camera%2Fcontrol%20line%20discarded%3A%20too%20long,0,0.00,NA,NA,0,0,0,0,0,0,NA,90
camera,12:52:13,Camera%2Fcontrol%20line%20discarded%3A%20too%20long,0,0.00,NA,NA,0,0,0,0,0,0,NA,90
pico_reply,12:52:13,%A3%20%A3%20%C3%20%C3%20%C3%20%A3%20%A3%20%A3%20%A3%20%A3%20%82%20%82%20%82%20%82%20b%20b%20b%20A%20a,0,0.00,NA,NA,0,0,0,0,0,0,NA,90
camera,12:52:13,Camera%2Fcontrol%20line%20discarded%3A%20too%20long,0,0.00,NA,NA,0,0,0,0,0,0,NA,90
camera,12:52:13,Camera%2Fcontrol%20line%20discarded%3A%20too%20long,0,0.00,NA,NA,0,0,0,0,0,0,NA,90
camera,12:52:13,Camera%2Fcontrol%20line%20discarded%3A%20too%20long,0,0.00,NA,NA,0,0,0,0,0,0,NA,90
pico_reply,12:52:13,%A5%29%E51%A6%21e%20%20%21e%21%23%21%85%21D%29%85%21%85%29%85%29%A5%29%C5%29%E51%E61%A61%C51%E61%E62%262f%3AgBh%3A%88B%A7B%E8B%C8B%C8B%A8B%A8B%C8K%29J%E9B%C8J%E9B%E8J%E8K,0,0.00,NA,NA,0,0,0,0,0,0,NA,90
camera,12:52:13,Camera%2Fcontrol%20line%20discarded%3A%20too%20long,0,0.00,NA,NA,0,0,0,0,0,0,NA,90
pico_reply,12:52:13,%BE7%B6V%B6V%B6V%B65%BEU%C5Uct%20c%20%E3%20%C3%20%C3%20%C3%20%C3%20%A3%20%C3%20%A3%20%C3%20%C3%20%A3%20%A3%20%A3%20%A3%20%A2%20%A2%20TELEMETRY%2Cwifi_mode%3DAP%2Cuptime_s%3D38%2Ctemp_c%3D27.03%2Crandom%3D26%2Ccommand_value%3D0%2Cgyro_z_dps%3D0.00%2Cgyro_z_angle_deg%3D0.01%2Croll_deg%3D179.91%2Cpitch_deg%3D-3.30%2Cattitude_calibrated%3D1%2Cimu_samples%3D6847%2Cimu_rejected%3D0%2Cphotod,0,0.00,NA,NA,0,0,0,0,0,0,NA,90
camera,12:52:13,Camera%20frame%20rejected%3A%20invalid%20RLE%20header,0,0.00,NA,NA,0,0,0,0,0,0,NA,90
camera,12:52:13,Camera%2Fcontrol%20line%20discarded%3A%20too%20long,0,0.00,NA,NA,0,0,0,0,0,0,NA,90
camera,12:52:13,Camera%2Fcontrol%20line%20discarded%3A%20too%20long,0,0.00,NA,NA,0,0,0,0,0,0,NA,90
camera,12:52:13,Camera%2Fcontrol%20line%20discarded%3A%20too%20long,0,0.00,NA,NA,0,0,0,0,0,0,NA,90
camera,12:52:13,Camera%2Fcontrol%20line%20discarded%3A%20too%20long,0,0.00,NA,NA,0,0,0,0,0,0,NA,90
camera,12:52:13,Camera%2Fcontrol%20line%20discarded%3A%20too%20long,0,0.00,NA,NA,0,0,0,0,0,0,NA,90
camera,12:52:13,Camera%2Fcontrol%20line%20discarded%3A%20too%20long,0,0.00,NA,NA,0,0,0,0,0,0,NA,90
camera,12:52:13,Camera%2Fcontrol%20line%20discarded%3A%20too%20long,0,0.00,NA,NA,0,0,0,0,0,0,NA,90
camera,12:52:13,Camera%2Fcontrol%20line%20discarded%3A%20too%20long,0,0.00,NA,NA,0,0,0,0,0,0,NA,90
camera,12:52:13,Camera%2Fcontrol%20line%20discarded%3A%20too%20long,0,0.00,NA,NA,0,0,0,0,0,0,NA,90
camera,12:52:13,Camera%2Fcontrol%20line%20discarded%3A%20too%20long,0,0.00,NA,NA,0,0,0,0,0,0,NA,90
camera,12:52:13,Camera%2Fcontrol%20line%20discarded%3A%20too%20long,0,0.00,NA,NA,0,0,0,0,0,0,NA,90
camera,12:52:13,Camera%2Fcontrol%20line%20discarded%3A%20too%20long,0,0.00,NA,NA,0,0,0,0,0,0,NA,90
camera,12:52:13,Camera%2Fcontrol%20line%20discarded%3A%20too%20long,0,0.00,NA,NA,0,0,0,0,0,0,NA,90
camera,12:52:13,Camera%2Fcontrol%20line%20discarded%3A%20too%20long,0,0.00,NA,NA,0,0,0,0,0,0,NA,90
camera,12:52:13,Camera%2Fcontrol%20line%20discarded%3A%20too%20long,0,0.00,NA,NA,0,0,0,0,0,0,NA,90
camera,12:52:13,Camera%2Fcontrol%20line%20discarded%3A%20too%20long,0,0.00,NA,NA,0,0,0,0,0,0,NA,90
camera,12:52:13,Camera%2Fcontrol%20line%20discarded%3A%20too%20long,0,0.00,NA,NA,0,0,0,0,0,0,NA,90
camera,12:52:13,Camera%2Fcontrol%20line%20discarded%3A%20too%20long,0,0.00,NA,NA,0,0,0,0,0,0,NA,90
camera,12:52:13,Camera%2Fcontrol%20line%20discarded%3A%20too%20long,0,0.00,NA,NA,0,0,0,0,0,0,NA,90
camera,12:52:13,Camera%2Fcontrol%20line%20discarded%3A%20too%20long,0,0.00,NA,NA,0,0,0,0,0,0,NA,90
camera,12:52:13,Camera%2Fcontrol%20line%20discarded%3A%20too%20long,0,0.00,NA,NA,0,0,0,0,0,0,NA,90
camera,12:52:13,Camera%2Fcontrol%20line%20discarded%3A%20too%20long,0,0.00,NA,NA,0,0,0,0,0,0,NA,90
camera,12:52:13,Camera%2Fcontrol%20line%20discarded%3A%20too%20long,0,0.00,NA,NA,0,0,0,0,0,0,NA,90
camera,12:52:13,Camera%2Fcontrol%20line%20discarded%3A%20too%20long,0,0.00,NA,NA,0,0,0,0,0,0,NA,90
camera,12:52:13,Camera%2Fcontrol%20line%20discarded%3A%20too%20long,0,0.00,NA,NA,0,0,0,0,0,0,NA,90
camera,12:52:13,Camera%2Fcontrol%20line%20discarded%3A%20too%20long,0,0.00,NA,NA,0,0,0,0,0,0,NA,90
camera,12:52:13,Camera%2Fcontrol%20line%20discarded%3A%20too%20long,0,0.00,NA,NA,0,0,0,0,0,0,NA,90
camera,12:52:13,Camera%2Fcontrol%20line%20discarded%3A%20too%20long,0,0.00,NA,NA,0,0,0,0,0,0,NA,90
camera,12:52:13,Camera%2Fcontrol%20line%20discarded%3A%20too%20long,0,0.00,NA,NA,0,0,0,0,0,0,NA,90
camera,12:52:13,Camera%2Fcontrol%20line%20discarded%3A%20too%20long,0,0.00,NA,NA,0,0,0,0,0,0,NA,90
camera,12:52:13,Camera%2Fcontrol%20line%20discarded%3A%20too%20long,0,0.00,NA,NA,0,0,0,0,0,0,NA,90
camera,12:52:14,Camera%2Fcontrol%20line%20discarded%3A%20too%20long,0,0.00,NA,NA,0,0,0,0,0,0,NA,90
camera,12:52:14,Camera%2Fcontrol%20line%20discarded%3A%20too%20long,0,0.00,NA,NA,0,0,0,0,0,0,NA,90
pico_reply,12:52:14,%20%20%20%20%20%26%20%26%20%26%20E%20%25%20%26%20%25%20%25%20%26%20%26%20%26%20%20%20%20%20%26%20%26%20%20%20%26%20%20%20%20%20%20%20%26%20%20%20%20%20%25%20%25%20%20%20%20%20%20%20%20%20%20%20%20%20%20%20%20%20%20%20%20%20%20%20%26%20%26%20%25%20%25%20%26%20%26%20%25%20%26%20%26%20%26%20%25%20%25%20%20%20%20%20%20%20%20%20%E5%20%20%20%E5%20%E5%20%E5%20%E4%20%E4%20%E4%20%91%84%91%8C%91%8C%B0%84%B0%8C%CF%8C%D1%8C%B1%8C%91%84p%8Co%84%90%84%90%8Cp%84P%84p%84p%84%90%84%8F%84%90%8C%90%8C%90%8C%B1%8C%B1%8C%B0%8C%B0%8C%B1%8C%D1%8C%D1%8C%90%8C%B0%8C%D1%8C%D1%8C%B1%8C%D1%84%91%7CQt%2Ft0k%CEc%AEcLSK,0,0.00,NA,NA,0,0,0,0,0,0,NA,90
camera,12:52:14,Camera%2Fcontrol%20line%20discarded%3A%20too%20long,0,0.00,NA,NA,0,0,0,0,0,0,NA,90
camera,12:52:14,Camera%2Fcontrol%20line%20discarded%3A%20too%20long,0,0.00,NA,NA,0,0,0,0,0,0,NA,90
camera,12:52:14,Camera%2Fcontrol%20line%20discarded%3A%20too%20long,0,0.00,NA,NA,0,0,0,0,0,0,NA,90
camera,12:52:14,Camera%2Fcontrol%20line%20discarded%3A%20too%20long,0,0.00,NA,NA,0,0,0,0,0,0,NA,90
camera,12:52:14,Camera%2Fcontrol%20line%20discarded%3A%20too%20long,0,0.00,NA,NA,0,0,0,0,0,0,NA,90
camera,12:52:14,Camera%2Fcontrol%20line%20discarded%3A%20too%20long,0,0.00,NA,NA,0,0,0,0,0,0,NA,90
camera,12:52:14,Camera%2Fcontrol%20line%20discarded%3A%20too%20long,0,0.00,NA,NA,0,0,0,0,0,0,NA,90
camera,12:52:14,Camera%2Fcontrol%20line%20discarded%3A%20too%20long,0,0.00,NA,NA,0,0,0,0,0,0,NA,90
camera,12:52:14,Camera%2Fcontrol%20line%20discarded%3A%20too%20long,0,0.00,NA,NA,0,0,0,0,0,0,NA,90
camera,12:52:14,Camera%2Fcontrol%20line%20discarded%3A%20too%20long,0,0.00,NA,NA,0,0,0,0,0,0,NA,90
camera,12:52:14,Camera%2Fcontrol%20line%20discarded%3A%20too%20long,0,0.00,NA,NA,0,0,0,0,0,0,NA,90
camera,12:52:14,Camera%2Fcontrol%20line%20discarded%3A%20too%20long,0,0.00,NA,NA,0,0,0,0,0,0,NA,90
camera,12:52:14,Camera%2Fcontrol%20line%20discarded%3A%20too%20long,0,0.00,NA,NA,0,0,0,0,0,0,NA,90
camera,12:52:14,Camera%2Fcontrol%20line%20discarded%3A%20too%20long,0,0.00,NA,NA,0,0,0,0,0,0,NA,90
camera,12:52:14,Camera%2Fcontrol%20line%20discarded%3A%20too%20long,0,0.00,NA,NA,0,0,0,0,0,0,NA,90
pico_reply,12:52:14,%20k%CEc%8DcmR%CCR%EB%3AJ%3A,0,0.00,NA,NA,0,0,0,0,0,0,NA,90
camera,12:52:14,Camera%2Fcontrol%20line%20discarded%3A%20too%20long,0,0.00,NA,NA,0,0,0,0,0,0,NA,90
camera,12:52:14,Camera%2Fcontrol%20line%20discarded%3A%20too%20long,0,0.00,NA,NA,0,0,0,0,0,0,NA,90
camera,12:52:14,Camera%2Fcontrol%20line%20discarded%3A%20too%20long,0,0.00,NA,NA,0,0,0,0,0,0,NA,90
camera,12:52:14,Camera%2Fcontrol%20line%20discarded%3A%20too%20long,0,0.00,NA,NA,0,0,0,0,0,0,NA,90
camera,12:52:14,Camera%2Fcontrol%20line%20discarded%3A%20too%20long,0,0.00,NA,NA,0,0,0,0,0,0,NA,90
pico_reply,12:52:14,%3AI2,0,0.00,NA,NA,0,0,0,0,0,0,NA,90
camera,12:52:14,Camera%2Fcontrol%20line%20discarded%3A%20too%20long,0,0.00,NA,NA,0,0,0,0,0,0,NA,90
camera,12:52:14,Camera%2Fcontrol%20line%20discarded%3A%20too%20long,0,0.00,NA,NA,0,0,0,0,0,0,NA,90
camera,12:52:14,Camera%2Fcontrol%20line%20discarded%3A%20too%20long,0,0.00,NA,NA,0,0,0,0,0,0,NA,90
camera,12:52:14,Camera%2Fcontrol%20line%20discarded%3A%20too%20long,0,0.00,NA,NA,0,0,0,0,0,0,NA,90
camera,12:52:14,Camera%2Fcontrol%20line%20discarded%3A%20too%20long,0,0.00,NA,NA,0,0,0,0,0,0,NA,90
camera,12:52:14,Camera%2Fcontrol%20line%20discarded%3A%20too%20long,0,0.00,NA,NA,0,0,0,0,0,0,NA,90
camera,12:52:14,Camera%2Fcontrol%20line%20discarded%3A%20too%20long,0,0.00,NA,NA,0,0,0,0,0,0,NA,90
camera,12:52:14,Camera%2Fcontrol%20line%20discarded%3A%20too%20long,0,0.00,NA,NA,0,0,0,0,0,0,NA,90
camera,12:52:14,Camera%2Fcontrol%20line%20discarded%3A%20too%20long,0,0.00,NA,NA,0,0,0,0,0,0,NA,90
camera,12:52:14,Camera%2Fcontrol%20line%20discarded%3A%20too%20long,0,0.00,NA,NA,0,0,0,0,0,0,NA,90
camera,12:52:14,Camera%2Fcontrol%20line%20discarded%3A%20too%20long,0,0.00,NA,NA,0,0,0,0,0,0,NA,90
camera,12:52:14,Camera%2Fcontrol%20line%20discarded%3A%20too%20long,0,0.00,NA,NA,0,0,0,0,0,0,NA,90
camera,12:52:14,Camera%2Fcontrol%20line%20discarded%3A%20too%20long,0,0.00,NA,NA,0,0,0,0,0,0,NA,90
camera,12:52:14,Camera%2Fcontrol%20line%20discarded%3A%20too%20long,0,0.00,NA,NA,0,0,0,0,0,0,NA,90
camera,12:52:14,Camera%2Fcontrol%20line%20discarded%3A%20too%20long,0,0.00,NA,NA,0,0,0,0,0,0,NA,90
camera,12:52:14,Camera%2Fcontrol%20line%20discarded%3A%20too%20long,0,0.00,NA,NA,0,0,0,0,0,0,NA,90
camera,12:52:14,Camera%2Fcontrol%20line%20discarded%3A%20too%20long,0,0.00,NA,NA,0,0,0,0,0,0,NA,90
camera,12:52:14,Camera%2Fcontrol%20line%20discarded%3A%20too%20long,0,0.00,NA,NA,0,0,0,0,0,0,NA,90
camera,12:52:15,Camera%2Fcontrol%20line%20discarded%3A%20too%20long,0,0.00,NA,NA,0,0,0,0,0,0,NA,90
camera,12:52:15,Camera%2Fcontrol%20line%20discarded%3A%20too%20long,0,0.00,NA,NA,0,0,0,0,0,0,NA,90
camera,12:52:15,Camera%2Fcontrol%20line%20discarded%3A%20too%20long,0,0.00,NA,NA,0,0,0,0,0,0,NA,90
camera,12:52:15,Camera%2Fcontrol%20line%20discarded%3A%20too%20long,0,0.00,NA,NA,0,0,0,0,0,0,NA,90
camera,12:52:15,Camera%2Fcontrol%20line%20discarded%3A%20too%20long,0,0.00,NA,NA,0,0,0,0,0,0,NA,90
camera,12:52:15,Camera%2Fcontrol%20line%20discarded%3A%20too%20long,0,0.00,NA,NA,0,0,0,0,0,0,NA,90
camera,12:52:15,Camera%2Fcontrol%20line%20discarded%3A%20too%20long,0,0.00,NA,NA,0,0,0,0,0,0,NA,90
camera,12:52:15,Camera%2Fcontrol%20line%20discarded%3A%20too%20long,0,0.00,NA,NA,0,0,0,0,0,0,NA,90
camera,12:52:15,Camera%2Fcontrol%20line%20discarded%3A%20too%20long,0,0.00,NA,NA,0,0,0,0,0,0,NA,90
camera,12:52:15,Camera%2Fcontrol%20line%20discarded%3A%20too%20long,0,0.00,NA,NA,0,0,0,0,0,0,NA,90
camera,12:52:15,Camera%2Fcontrol%20line%20discarded%3A%20too%20long,0,0.00,NA,NA,0,0,0,0,0,0,NA,90
camera,12:52:15,Camera%2Fcontrol%20line%20discarded%3A%20too%20long,0,0.00,NA,NA,0,0,0,0,0,0,NA,90
camera,12:52:15,Camera%2Fcontrol%20line%20discarded%3A%20too%20long,0,0.00,NA,NA,0,0,0,0,0,0,NA,90
camera,12:52:15,Camera%2Fcontrol%20line%20discarded%3A%20too%20long,0,0.00,NA,NA,0,0,0,0,0,0,NA,90
camera,12:52:15,Camera%2Fcontrol%20line%20discarded%3A%20too%20long,0,0.00,NA,NA,0,0,0,0,0,0,NA,90
camera,12:52:15,Camera%2Fcontrol%20line%20discarded%3A%20too%20long,0,0.00,NA,NA,0,0,0,0,0,0,NA,90
camera,12:52:15,Camera%2Fcontrol%20line%20discarded%3A%20too%20long,0,0.00,NA,NA,0,0,0,0,0,0,NA,90
camera,12:52:15,Camera%2Fcontrol%20line%20discarded%3A%20too%20long,0,0.00,NA,NA,0,0,0,0,0,0,NA,90
camera,12:52:15,Camera%2Fcontrol%20line%20discarded%3A%20too%20long,0,0.00,NA,NA,0,0,0,0,0,0,NA,90
camera,12:52:15,Camera%2Fcontrol%20line%20discarded%3A%20too%20long,0,0.00,NA,NA,0,0,0,0,0,0,NA,90
camera,12:52:15,Camera%2Fcontrol%20line%20discarded%3A%20too%20long,0,0.00,NA,NA,0,0,0,0,0,0,NA,90
camera,12:52:15,Camera%2Fcontrol%20line%20discarded%3A%20too%20long,0,0.00,NA,NA,0,0,0,0,0,0,NA,90
camera,12:52:15,Camera%2Fcontrol%20line%20discarded%3A%20too%20long,0,0.00,NA,NA,0,0,0,0,0,0,NA,90
camera,12:52:15,Camera%2Fcontrol%20line%20discarded%3A%20too%20long,0,0.00,NA,NA,0,0,0,0,0,0,NA,90
camera,12:52:15,Camera%2Fcontrol%20line%20discarded%3A%20too%20long,0,0.00,NA,NA,0,0,0,0,0,0,NA,90
camera,12:52:15,Camera%2Fcontrol%20line%20discarded%3A%20too%20long,0,0.00,NA,NA,0,0,0,0,0,0,NA,90
camera,12:52:15,Camera%2Fcontrol%20line%20discarded%3A%20too%20long,0,0.00,NA,NA,0,0,0,0,0,0,NA,90
camera,12:52:15,Camera%2Fcontrol%20line%20discarded%3A%20too%20long,0,0.00,NA,NA,0,0,0,0,0,0,NA,90
pico_reply,12:52:15,%27%20F%21F%21G%21G%21f%20G%21G%21G%21g%21g%21g%21G%21%26%21F%21G%21G%21G%21G%21F%21G%21f%21f%21G%21%27%20%27%21%26%21F%20g%20g%21G%20G%21%27%21G%20F%21G%20%20%20%26%20%26%20%26%20%26%20%26%20%26%20%26%20%26%20%25%20%25%20%20%20%26%20%20%20%20%20%20%20%26%20%26%20%26%20%26%20%26%21F%20%26%20%26%20F%20%26%20%26%20%20%20%20%20%20%20%20%20%25%20%20%20%20%20%25%20E%20E%20q%84P%8C%90%84p%84p%8Co%8C%8F%8CP%84P%84O%84%B0%8C%91%84q%8C%90%8C%90%84%B1%84%90%8C%91%84%90%8C%90%8Cp%840%84P%84O%84P%84o%84o%8Cp%84%90%84%90%84p%8CP%84o%8C%AF%8C%90%8C%90%8Cp%8Cp%84p%8C%90%8C%91%84o%94%B0%94%91%84O%8C%90%8C%B0%8C%90%8C%90%8C%91%8C%B1%8C%91%84q%7Co%84p,0,0.00,NA,NA,0,0,0,0,0,0,NA,90
camera,12:52:15,Camera%2Fcontrol%20line%20discarded%3A%20too%20long,0,0.00,NA,NA,0,0,0,0,0,0,NA,90
camera,12:52:15,Camera%2Fcontrol%20line%20discarded%3A%20too%20long,0,0.00,NA,NA,0,0,0,0,0,0,NA,90
camera,12:52:15,Camera%2Fcontrol%20line%20discarded%3A%20too%20long,0,0.00,NA,NA,0,0,0,0,0,0,NA,90
camera,12:52:15,Camera%2Fcontrol%20line%20discarded%3A%20too%20long,0,0.00,NA,NA,0,0,0,0,0,0,NA,90
camera,12:52:15,Camera%2Fcontrol%20line%20discarded%3A%20too%20long,0,0.00,NA,NA,0,0,0,0,0,0,NA,90
camera,12:52:15,Camera%2Fcontrol%20line%20discarded%3A%20too%20long,0,0.00,NA,NA,0,0,0,0,0,0,NA,90
camera,12:52:15,Camera%2Fcontrol%20line%20discarded%3A%20too%20long,0,0.00,NA,NA,0,0,0,0,0,0,NA,90
camera,12:52:15,Camera%2Fcontrol%20line%20discarded%3A%20too%20long,0,0.00,NA,NA,0,0,0,0,0,0,NA,90
camera,12:52:15,Camera%2Fcontrol%20line%20discarded%3A%20too%20long,0,0.00,NA,NA,0,0,0,0,0,0,NA,90
camera,12:52:16,Camera%2Fcontrol%20line%20discarded%3A%20too%20long,0,0.00,NA,NA,0,0,0,0,0,0,NA,90
camera,12:52:16,Camera%2Fcontrol%20line%20discarded%3A%20too%20long,0,0.00,NA,NA,0,0,0,0,0,0,NA,90
camera,12:52:16,Camera%2Fcontrol%20line%20discarded%3A%20too%20long,0,0.00,NA,NA,0,0,0,0,0,0,NA,90
camera,12:52:16,Camera%2Fcontrol%20line%20discarded%3A%20too%20long,0,0.00,NA,NA,0,0,0,0,0,0,NA,90
camera,12:52:16,Camera%2Fcontrol%20line%20discarded%3A%20too%20long,0,0.00,NA,NA,0,0,0,0,0,0,NA,90
camera,12:52:16,Camera%2Fcontrol%20line%20discarded%3A%20too%20long,0,0.00,NA,NA,0,0,0,0,0,0,NA,90
camera,12:52:16,Camera%2Fcontrol%20line%20discarded%3A%20too%20long,0,0.00,NA,NA,0,0,0,0,0,0,NA,90
