type,received_at,event_text_encoded,uptime_s,temp_c,gyro_z_dps,gyro_z_angle_deg,command_value,random,pd0,pd1,pd2,pd3,photoreflector_adc,wifi_signal_quality
connection,09:48:19,Pico%20connected,0,0.00,NA,NA,0,0,0,0,0,0,NA,92
pico_reply,09:48:19,PICO_CONNECTED,0,0.00,NA,NA,0,0,0,0,0,0,NA,92
pico_reply,09:48:19,ERROR%2CCAMERA%2CSCCB%20communication%20failed,0,0.00,NA,NA,0,0,0,0,0,0,NA,92
telemetry,09:48:19,,44,24.69,0.06,0.00,0,632,767,769,768,766,962,92
telemetry,09:48:19,,44,26.10,0.00,0.03,0,416,767,769,769,766,979,92
telemetry,09:48:20,,45,25.16,0.06,0.06,0,675,767,769,768,766,979,92
telemetry,09:48:20,,45,25.16,0.06,0.09,0,102,767,769,768,766,979,92
telemetry,09:48:21,,46,23.76,0.06,0.12,0,24,767,769,768,766,983,92
telemetry,09:48:21,,46,27.03,0.30,0.03,0,154,767,769,768,766,991,92
telemetry,09:48:22,,47,26.10,0.36,0.15,0,399,767,769,768,766,986,92
telemetry,09:48:22,,47,25.63,0.24,0.27,0,935,766,769,768,766,989,92
telemetry,09:48:23,,48,25.16,0.36,0.46,0,841,767,769,768,767,991,92
telemetry,09:48:23,,48,26.10,0.36,0.64,0,931,766,769,768,767,985,92
telemetry,09:48:24,,49,26.10,0.48,0.39,0,507,765,769,768,767,918,92
telemetry,09:48:24,,49,25.63,0.06,0.46,0,339,765,769,768,767,897,92
telemetry,09:48:25,,50,26.10,0.18,0.55,0,896,766,769,768,766,903,92
telemetry,09:48:25,,50,25.16,0.12,0.61,0,598,767,769,768,766,907,92
telemetry,09:48:26,,51,27.03,0.06,0.64,0,287,767,769,768,767,910,92
telemetry,09:48:26,,51,31.72,0.06,0.67,0,731,767,769,768,767,911,92
telemetry,09:48:27,,52,29.84,0.06,0.70,0,240,767,769,768,766,913,92
telemetry,09:48:27,,52,25.63,0.12,0.76,0,557,766,769,768,766,913,92
telemetry,09:48:28,,53,49.98,0.12,0.83,0,497,767,769,767,767,914,92
telemetry,09:48:28,,53,25.16,1.21,0.21,0,901,767,769,767,767,842,92
telemetry,09:48:29,,54,25.16,0.73,0.15,0,585,767,769,767,767,594,92
telemetry,09:48:29,,54,25.16,0.73,0.49,0,906,766,769,767,767,531,92
telemetry,09:48:30,,55,25.63,1.52,1.26,0,905,765,769,767,767,656,92
telemetry,09:48:30,,55,26.10,0.12,1.32,0,755,766,769,767,767,696,92
telemetry,09:48:31,,56,27.03,-4.87,-1.01,0,242,765,769,767,767,605,92
telemetry,09:48:31,,56,26.57,0.12,-1.07,0,39,765,769,767,767,592,92
telemetry,09:48:32,,57,26.10,0.06,-1.10,0,843,766,769,768,767,610,92
telemetry,09:48:32,,57,26.57,0.12,-1.16,0,344,765,769,768,767,610,92
telemetry,09:48:33,,58,25.16,0.12,-1.23,0,33,765,769,768,767,630,92
telemetry,09:48:33,,58,27.03,0.00,-1.23,0,207,765,769,768,767,677,92
telemetry,09:48:34,,59,26.57,0.00,-1.23,0,135,765,769,768,767,711,92
telemetry,09:48:34,,59,27.03,0.18,-1.32,0,49,766,769,768,767,710,92
telemetry,09:48:35,,60,25.63,0.12,-1.38,0,929,766,769,768,767,708,92
telemetry,09:48:35,,60,27.03,0.00,-1.38,0,628,766,769,768,767,678,92
telemetry,09:48:36,,61,27.50,0.67,-1.04,0,337,766,769,768,767,663,92
telemetry,09:48:36,,61,34.99,0.42,-1.26,0,116,766,769,768,767,779,92
telemetry,09:48:37,,62,25.16,0.42,-1.47,0,2,766,769,768,767,786,92
telemetry,09:48:37,,62,26.57,0.24,-1.35,0,502,765,769,768,766,927,92
telemetry,09:48:38,,63,29.84,0.24,-1.23,0,623,766,769,768,766,992,92
telemetry,09:48:38,,63,25.63,0.30,-1.38,0,808,766,769,768,766,988,92
telemetry,09:48:39,,64,25.63,0.06,-1.41,0,970,765,769,768,766,986,92
telemetry,09:48:39,,64,27.03,2.86,0.03,0,17,766,769,768,766,986,92
telemetry,09:48:40,,65,27.50,0.06,0.00,0,205,765,769,768,766,985,92
telemetry,09:48:40,,65,26.10,0.06,0.03,0,581,766,769,768,766,985,92
telemetry,09:48:41,,66,25.63,0.12,0.09,0,995,766,769,768,766,986,92
telemetry,09:48:41,,66,25.16,0.06,0.12,0,346,766,769,768,766,986,92
telemetry,09:48:42,,67,32.65,-1.21,0.36,0,237,765,769,768,766,988,92
telemetry,09:48:42,,68,25.63,0.12,0.43,0,181,766,769,768,766,988,92
telemetry,09:48:43,,68,28.91,0.30,0.58,0,135,766,769,767,765,991,92
telemetry,09:48:43,,69,26.57,0.79,0.98,0,302,766,769,768,766,991,92
telemetry,09:48:44,,69,26.57,0.24,-1.10,0,375,765,769,768,766,950,92
telemetry,09:48:44,,70,27.03,0.12,-1.04,0,639,765,769,768,766,879,92
telemetry,09:48:45,,70,26.57,0.85,0.61,0,802,766,769,768,766,680,92
telemetry,09:48:45,,71,26.57,0.00,0.61,0,306,766,769,768,766,567,92
telemetry,09:48:46,,71,26.10,1.34,0.06,0,967,766,769,768,766,610,92
telemetry,09:48:46,,72,26.57,0.06,0.03,0,521,766,769,768,765,682,92
telemetry,09:48:47,,72,26.10,0.06,0.00,0,84,766,769,768,766,681,92
telemetry,09:48:47,,73,28.44,0.00,0.00,0,171,767,769,768,766,681,92
telemetry,09:48:48,,73,27.03,0.12,0.06,0,495,763,768,768,766,709,92
telemetry,09:48:48,,74,25.63,0.06,0.09,0,25,763,768,768,766,707,92
telemetry,09:48:49,,74,26.57,0.00,0.09,0,535,765,769,768,766,707,92
telemetry,09:48:49,,75,46.70,0.12,0.15,0,568,761,769,768,766,707,92
telemetry,09:48:50,,75,25.63,0.12,0.21,0,134,753,768,767,765,772,92
telemetry,09:48:50,,76,26.57,2.25,0.92,0,755,754,768,763,766,751,92
telemetry,09:48:51,,76,26.10,47.50,24.98,0,556,756,767,764,767,745,92
telemetry,09:48:51,,77,26.10,31.03,40.64,0,847,756,765,766,768,742,92
telemetry,09:48:52,,77,25.63,41.09,61.45,0,881,761,763,766,769,742,92
telemetry,09:48:52,,78,26.10,41.52,82.40,0,249,765,762,766,769,719,92
telemetry,09:48:53,,78,26.57,45.00,105.09,0,668,767,761,764,768,719,92
telemetry,09:48:53,,79,26.10,12.31,111.61,0,212,767,754,762,768,687,92
telemetry,09:48:54,,79,24.69,-2.56,110.32,0,707,767,695,762,769,738,92
telemetry,09:48:54,,80,26.57,-2.25,109.18,0,52,767,741,763,769,740,92
telemetry,09:48:55,,80,26.10,-14.14,101.96,0,309,767,755,763,768,824,92
telemetry,09:48:55,,81,26.57,-55.36,74.03,0,303,766,761,766,768,950,92
telemetry,09:48:56,,81,27.03,-77.92,34.72,0,398,761,765,766,769,988,92
telemetry,09:48:56,,82,26.10,-64.08,2.58,0,179,763,765,763,767,990,92
telemetry,09:48:57,,82,27.03,-98.10,-46.89,0,491,765,766,758,765,988,92
telemetry,09:48:57,,83,26.10,-3.90,-48.86,0,113,767,763,766,763,991,92
telemetry,09:48:58,,83,43.42,0.79,-49.35,0,372,767,765,766,762,990,92
telemetry,09:48:58,,84,26.57,1.09,-48.80,0,232,766,765,766,762,990,92
telemetry,09:48:59,,84,26.10,1.52,-48.03,0,678,766,765,766,762,988,92
telemetry,09:48:59,,85,26.10,-4.93,-50.52,0,224,766,765,766,762,988,92
telemetry,09:49:00,,85,26.57,0.48,-50.28,0,966,766,765,766,762,990,92
telemetry,09:49:00,,86,24.69,2.68,-48.92,0,962,767,766,766,762,986,92
telemetry,09:49:01,,86,26.57,1.21,-48.31,0,320,767,766,766,762,985,92
telemetry,09:49:01,,87,25.63,5.00,-45.79,0,314,767,766,766,762,986,92
telemetry,09:49:02,,87,26.57,154.39,32.08,0,160,761,767,766,767,985,92
telemetry,09:49:02,,88,27.03,21.28,42.81,0,954,760,766,763,769,985,92
telemetry,09:49:03,,88,26.10,0.06,42.78,0,84,761,766,764,769,985,92
telemetry,09:49:03,,89,30.31,-1.15,42.19,0,173,760,766,764,768,986,92
telemetry,09:49:04,,89,27.50,-4.08,40.13,0,440,761,766,764,768,990,92
telemetry,09:49:04,,90,26.10,-4.32,38.13,0,736,760,765,764,768,992,92
telemetry,09:49:05,,90,25.63,-3.65,36.29,0,478,761,763,765,768,887,92
telemetry,09:49:05,,91,24.69,0.48,36.04,0,50,760,762,764,769,742,92
telemetry,09:49:06,,91,26.57,-15.91,28.02,0,416,760,763,764,769,615,92
telemetry,09:49:06,,92,28.91,-65.67,-5.10,0,902,766,767,766,764,560,92
telemetry,09:49:07,,92,26.57,-4.81,-7.53,0,273,767,766,766,761,615,92
telemetry,09:49:07,,93,26.10,0.00,-7.53,0,624,767,767,766,762,614,92
telemetry,09:49:08,,93,25.63,3.10,-5.96,0,36,766,767,766,762,613,92
telemetry,09:49:08,,94,27.03,0.60,-5.65,0,519,767,766,766,763,600,92
telemetry,09:49:09,,94,26.10,0.30,-5.81,0,240,767,767,765,762,599,92
telemetry,09:49:09,,95,27.03,0.73,-5.44,0,92,766,767,765,762,711,92
telemetry,09:49:10,,95,25.63,2.37,-4.24,0,468,766,767,766,763,615,92
telemetry,09:49:10,,96,26.57,5.00,-1.72,0,423,766,767,765,763,693,92
telemetry,09:49:11,,96,27.50,0.48,-1.99,0,693,766,766,766,763,718,92
telemetry,09:49:12,,97,25.63,1.28,-1.35,0,741,766,766,766,763,714,92
telemetry,09:49:12,,97,26.10,2.13,0.27,0,651,766,767,766,762,705,92
telemetry,09:49:13,,98,26.57,4.14,1.72,0,389,766,766,767,763,778,92
telemetry,09:49:13,,98,26.57,9.45,6.49,0,836,766,767,765,764,778,92
telemetry,09:49:14,,99,25.63,-2.80,5.07,0,983,765,766,766,763,776,92
telemetry,09:49:14,,99,26.10,5.85,8.02,0,624,766,766,766,764,777,92
telemetry,09:49:15,,100,27.03,-1.34,7.35,0,166,766,766,766,765,797,92
telemetry,09:49:15,,100,26.10,-6.46,4.09,0,149,766,765,766,765,798,92
telemetry,09:49:16,,101,28.44,-3.23,2.46,0,395,766,765,766,766,798,92
telemetry,09:49:16,,101,26.57,-2.92,0.98,0,127,766,765,766,765,756,92
telemetry,09:49:17,,102,26.10,-5.00,-1.53,0,798,766,765,764,765,754,92
telemetry,09:49:17,,102,27.97,21.34,9.22,0,659,765,765,764,765,842,92
telemetry,09:49:18,,103,25.63,148.17,83.96,0,301,761,766,761,767,942,92
telemetry,09:49:18,,103,26.57,18.29,93.18,0,785,763,764,766,767,992,92
telemetry,09:49:19,,104,27.50,5.30,95.61,0,361,763,763,766,766,985,92
telemetry,09:49:19,,104,26.57,-1.40,94.91,0,953,764,763,766,766,988,92
telemetry,09:49:20,,105,26.57,-1.28,94.26,0,403,763,762,766,766,987,92
telemetry,09:49:20,,105,26.57,1.58,95.06,0,953,764,763,766,766,986,92
telemetry,09:49:21,,106,26.10,1.76,95.95,0,756,763,763,766,766,986,92
telemetry,09:49:21,,106,26.10,2.13,97.03,0,310,764,763,765,767,987,92
telemetry,09:49:22,,107,26.57,0.48,96.78,0,121,764,763,765,767,986,92
telemetry,09:49:22,,107,26.10,0.48,96.54,0,227,764,763,764,767,991,92
telemetry,09:49:23,,108,26.10,-1.76,95.65,0,12,764,763,764,767,949,92
telemetry,09:49:23,,108,28.44,-2.74,94.26,0,662,763,763,764,767,896,92
telemetry,09:49:24,,109,26.10,-7.68,90.57,0,582,764,763,765,767,880,92
telemetry,09:49:24,,109,27.03,-2.01,89.56,0,120,764,763,765,767,872,92
telemetry,09:49:25,,110,27.03,-3.10,87.99,0,3,764,763,766,768,885,92
telemetry,09:49:25,,110,26.10,-75.42,49.91,0,191,762,764,765,768,897,92
telemetry,09:49:26,,111,27.03,-127.43,-14.36,0,701,764,767,756,765,835,92
telemetry,09:49:26,,111,28.91,-19.20,-24.04,0,586,765,765,752,764,842,92
telemetry,09:49:27,,112,26.10,0.12,-23.98,0,914,766,765,758,764,869,92
telemetry,09:49:27,,112,26.57,1.70,-23.12,0,756,766,766,762,764,867,92
telemetry,09:49:28,,113,27.03,0.24,-23.24,0,182,766,765,760,764,867,92
telemetry,09:49:28,,113,26.57,-23.10,-34.90,0,372,766,766,680,761,666,92
telemetry,09:49:29,,114,26.57,0.18,-34.81,0,980,767,769,768,760,530,92
telemetry,09:49:29,,114,26.10,0.36,-34.99,0,758,768,769,768,765,656,92
telemetry,09:49:30,,115,26.10,0.97,-35.48,0,68,768,769,768,764,657,92
telemetry,09:49:30,,115,26.10,0.12,-35.48,0,11,767,769,768,764,600,92
telemetry,09:49:31,,116,26.57,0.06,-35.52,0,447,767,769,768,764,688,92
telemetry,09:49:31,,116,25.63,0.00,-35.52,0,710,767,769,768,765,687,92
telemetry,09:49:32,,117,26.10,0.06,-35.58,0,624,768,769,768,764,676,92
telemetry,09:49:32,,117,26.57,0.06,-35.61,0,639,767,769,768,764,675,92
telemetry,09:49:33,,118,26.10,0.06,-35.64,0,748,767,769,768,764,674,92
telemetry,09:49:33,,118,26.10,0.12,-35.70,0,714,767,769,768,764,670,92
telemetry,09:49:34,,119,26.57,0.12,-35.76,0,15,767,769,767,764,669,92
telemetry,09:49:34,,119,27.03,0.06,-35.79,0,321,767,769,768,764,669,92
telemetry,09:49:35,,120,32.65,0.06,-35.82,0,3,767,769,768,764,668,92
telemetry,09:49:35,,120,27.03,0.12,-35.88,0,449,767,769,768,765,667,92
telemetry,09:49:36,,121,27.03,0.06,-35.92,0,877,767,769,768,764,667,92
telemetry,09:49:36,,121,26.57,0.54,-36.19,0,768,768,769,768,764,717,92
telemetry,09:49:37,,122,26.57,0.60,-35.88,0,34,768,769,768,764,804,92
telemetry,09:49:37,,122,28.91,0.54,-35.61,0,442,767,769,768,764,930,92
telemetry,09:49:38,,123,26.57,0.18,-35.52,0,839,767,769,768,765,992,92
telemetry,09:49:38,,124,26.10,0.67,-35.85,0,508,767,769,768,764,987,92
telemetry,09:49:39,,124,26.10,0.12,-35.92,0,345,768,769,768,764,990,92
telemetry,09:49:39,,125,25.16,0.00,-35.92,0,809,768,769,768,764,990,92
telemetry,09:49:40,,125,26.57,0.30,-36.07,0,497,766,769,768,764,991,92
telemetry,09:49:40,,126,27.03,0.06,-36.10,0,88,766,769,768,764,987,92
telemetry,09:49:41,,126,26.10,0.12,-36.16,0,608,766,769,768,762,990,92
telemetry,09:49:41,,127,27.03,0.12,-36.22,0,927,765,769,768,760,991,92
telemetry,09:49:42,,127,27.03,0.12,-36.28,0,852,765,769,768,760,991,92
telemetry,09:49:42,,128,31.25,0.06,-36.32,0,249,766,769,768,764,992,92
telemetry,09:49:43,,128,28.44,0.06,-36.35,0,448,767,769,769,764,989,92
telemetry,09:49:43,,129,26.10,0.12,-36.28,0,667,767,769,768,764,991,92
telemetry,09:49:44,,129,26.57,0.06,-36.32,0,785,767,769,768,764,992,92
telemetry,09:49:44,,130,27.50,0.00,-36.32,0,398,767,769,767,764,992,92
telemetry,09:49:45,,130,26.10,-1.40,-37.02,0,401,768,769,768,764,987,92
telemetry,09:49:45,,131,26.57,0.54,-37.30,0,840,768,769,767,764,862,92
telemetry,09:49:46,,131,26.57,0.18,-37.39,0,684,767,769,767,764,704,92
telemetry,09:49:46,,132,26.10,0.48,-37.15,0,536,767,769,767,765,575,92
telemetry,09:49:47,,132,26.57,0.06,-37.18,0,628,767,769,767,764,621,92
telemetry,09:49:47,,133,26.10,0.06,-37.15,0,634,767,769,768,765,714,92
telemetry,09:49:48,,133,26.10,0.30,-37.30,0,799,767,769,768,765,644,92
telemetry,09:49:48,,134,26.57,0.12,-37.36,0,334,767,769,768,765,639,92
telemetry,09:49:49,,134,26.10,0.12,-37.42,0,376,768,769,768,764,607,92
telemetry,09:49:49,,135,27.50,0.12,-37.48,0,991,767,769,768,764,607,92
telemetry,09:49:50,,135,26.57,0.12,-37.55,0,599,767,769,768,765,606,92
telemetry,09:49:50,,136,26.57,0.06,-37.58,0,390,767,769,768,764,588,92
telemetry,09:49:51,,136,27.03,0.12,-37.64,0,974,768,769,768,765,587,92
telemetry,09:49:51,,137,26.10,0.06,-37.67,0,819,767,769,768,764,586,92
telemetry,09:49:52,,137,27.50,0.12,-37.73,0,481,767,769,768,764,585,92
telemetry,09:49:52,,138,26.57,0.12,-37.79,0,635,767,769,768,765,585,92
telemetry,09:49:53,,138,26.10,0.12,-37.85,0,142,767,769,768,765,604,92
telemetry,09:49:53,,139,27.03,0.12,-37.79,0,355,767,769,768,765,659,92
telemetry,09:49:54,,139,26.10,0.18,-37.82,0,357,767,769,768,764,678,92
telemetry,09:49:54,,140,26.57,0.30,-37.98,0,731,767,769,768,764,751,92
telemetry,09:49:55,,140,24.22,0.48,-38.22,0,761,767,769,767,762,912,92
telemetry,09:49:55,,141,26.10,0.24,-38.35,0,677,767,769,766,763,972,92
telemetry,09:49:56,,141,27.03,0.18,-38.44,0,206,767,769,766,762,989,92
telemetry,09:49:56,,142,27.97,0.06,-38.47,0,792,767,769,765,763,987,92
telemetry,09:49:57,,142,26.10,0.06,-38.50,0,969,767,768,764,764,986,92
telemetry,09:49:57,,143,26.57,0.12,-38.56,0,313,767,769,765,764,986,92
telemetry,09:49:58,,143,26.57,0.36,-38.75,0,236,767,769,765,764,989,92
telemetry,09:49:58,,144,26.57,0.06,-38.78,0,449,767,769,766,763,987,92
telemetry,09:49:59,,144,47.17,0.12,-38.84,0,914,763,766,766,651,987,92
telemetry,09:49:59,,145,26.57,0.12,-38.90,0,67,766,768,765,755,987,92
telemetry,09:50:00,,145,26.57,0.06,-38.93,0,224,767,769,764,763,987,92
telemetry,09:50:00,,146,28.91,0.06,-38.96,0,797,767,769,764,764,989,92
telemetry,09:50:01,,146,26.10,0.42,-38.75,0,672,764,767,764,718,991,92
telemetry,09:50:01,,147,26.57,-4.87,-41.21,0,623,765,765,764,752,994,90
telemetry,09:50:02,,147,26.10,1.34,-40.53,0,262,765,766,764,680,915,90
telemetry,09:50:02,,148,26.57,0.91,-40.07,0,796,766,766,765,684,768,90
telemetry,09:50:03,,148,26.57,-244.75,-163.52,0,145,765,757,762,762,603,90
telemetry,09:50:03,,149,27.50,37.19,-144.76,0,207,767,689,698,766,543,90
telemetry,09:50:04,,149,26.10,0.06,-144.79,0,820,768,761,763,767,538,90
telemetry,09:50:04,,150,26.10,0.12,-144.85,0,194,769,762,763,767,538,90
telemetry,09:50:05,,150,26.57,0.12,-144.91,0,774,768,763,763,767,504,90
telemetry,09:50:05,,151,26.10,0.06,-144.94,0,21,768,762,763,767,504,90
telemetry,09:50:06,,151,26.57,0.12,-145.00,0,635,769,762,763,767,504,90
telemetry,09:50:06,,152,26.57,0.06,-145.03,0,676,768,761,763,767,504,90
telemetry,09:50:07,,152,26.57,0.06,-145.06,0,533,769,762,763,767,504,90
telemetry,09:50:08,,153,27.03,0.06,-145.09,0,325,768,762,763,767,503,90
telemetry,09:50:08,,153,26.57,0.06,-145.13,0,941,768,762,763,767,503,90
telemetry,09:50:09,,154,26.10,0.06,-145.16,0,226,768,762,763,767,536,90
telemetry,09:50:09,,154,28.44,1.21,-144.54,0,812,767,761,763,767,698,94
telemetry,09:50:10,,155,26.10,0.00,-144.54,0,728,766,761,763,767,678,94
telemetry,09:50:10,,155,27.50,0.67,-144.88,0,868,765,761,762,767,657,94
telemetry,09:50:11,,156,26.10,0.12,-144.94,0,890,764,761,763,766,689,94
telemetry,09:50:11,,156,27.03,0.18,-144.85,0,549,763,761,762,766,760,94
telemetry,09:50:12,,157,26.57,0.12,-144.91,0,882,763,762,763,767,841,94
telemetry,09:50:12,,157,47.64,0.12,-144.97,0,489,762,760,763,766,930,94
telemetry,09:50:13,,158,27.50,0.18,-145.09,0,521,763,761,764,766,933,94
telemetry,09:50:13,,158,26.10,-11.70,-151.00,0,355,762,761,762,766,934,94
telemetry,09:50:14,,159,26.57,0.24,-151.12,0,749,754,762,766,766,934,94
telemetry,09:50:14,,159,26.10,15.18,-143.53,0,367,761,760,765,766,933,94
telemetry,09:50:15,,160,26.57,31.89,-127.44,0,164,762,760,761,764,933,94
telemetry,09:50:15,,160,27.03,3.23,-125.81,0,253,762,758,764,765,963,94
telemetry,09:50:16,,161,33.12,30.97,-110.19,0,354,762,749,764,765,971,94
telemetry,09:50:16,,161,26.57,9.08,-105.60,0,686,762,689,763,766,990,94
telemetry,09:50:17,,162,26.10,12.07,-99.51,0,467,761,615,763,766,988,94
telemetry,09:50:17,,162,26.10,0.12,-99.45,0,95,759,669,763,766,987,94
telemetry,09:50:18,,163,26.57,4.39,-97.24,0,150,754,678,763,765,989,94
telemetry,09:50:18,,163,26.10,13.71,-90.32,0,179,762,698,764,766,989,94
telemetry,09:50:19,,164,28.91,13.53,-83.49,0,444,763,758,765,765,941,94
telemetry,09:50:19,,164,26.57,20.18,-73.31,0,150,765,761,765,765,835,94
telemetry,09:50:20,,165,29.37,8.04,-69.25,0,701,766,762,763,763,832,94
telemetry,09:50:20,,165,27.03,20.00,-59.16,0,146,766,763,763,764,829,94
telemetry,09:50:21,,166,25.16,11.70,-53.26,0,37,765,763,761,765,827,95
telemetry,09:50:21,,166,28.91,20.85,-42.74,0,775,765,764,755,763,825,95
telemetry,09:50:22,,167,26.57,43.04,-21.03,0,442,765,765,689,763,821,95
telemetry,09:50:22,,167,26.57,-1.46,-21.33,0,138,764,766,682,762,862,95
telemetry,09:50:23,,168,27.03,0.12,-21.39,0,388,764,766,419,765,864,95
telemetry,09:50:23,,168,34.06,0.12,-21.46,0,622,765,763,671,764,749,95
telemetry,09:50:24,,169,26.57,24.39,-9.49,0,991,765,764,659,765,673,95
telemetry,09:50:24,,169,26.57,3.41,-7.77,0,818,764,764,741,765,528,95
telemetry,09:50:25,,170,26.57,0.12,-7.71,0,908,764,764,756,764,624,95
telemetry,09:50:25,,170,27.50,0.42,-7.49,0,734,764,764,758,765,717,95
telemetry,09:50:26,,171,24.22,10.06,-2.42,0,999,762,762,760,764,611,95
telemetry,09:50:26,,171,25.16,10.60,2.92,0,479,763,762,762,763,651,95
telemetry,09:50:27,,172,27.03,11.89,8.92,0,306,762,762,763,761,652,95
telemetry,09:50:27,,172,26.57,-47.50,-15.03,0,786,759,762,762,764,653,93
telemetry,09:50:28,,173,26.10,0.12,-15.09,0,652,756,766,763,765,652,93
telemetry,09:50:28,,173,27.03,0.42,-15.31,0,46,758,766,762,765,652,93
telemetry,09:50:29,,174,25.63,0.00,-15.37,0,582,759,766,762,765,692,93
telemetry,09:50:29,,174,26.57,0.18,-15.46,0,736,758,765,762,765,693,93
telemetry,09:50:30,,175,26.10,0.06,-15.49,0,439,759,763,761,759,712,93
telemetry,09:50:30,,175,28.91,0.06,-15.55,0,414,758,764,757,679,711,93
telemetry,09:50:31,,176,27.03,0.12,-15.49,0,720,757,764,726,612,661,93
telemetry,09:50:31,,176,26.10,5.79,-12.57,0,571,758,764,743,628,761,93
telemetry,09:50:32,,177,35.93,5.97,-9.62,0,357,760,764,756,592,860,93
telemetry,09:50:32,,177,27.50,26.52,3.75,0,171,763,764,760,558,950,93
telemetry,09:50:33,,178,26.10,-2.92,2.28,0,895,764,765,761,558,990,93
telemetry,09:50:33,,178,26.10,0.18,2.43,0,868,764,767,759,762,991,93
telemetry,09:50:34,,179,27.03,0.18,2.34,0,382,764,766,760,762,991,93
telemetry,09:50:34,,179,26.57,0.06,2.31,0,847,765,766,759,762,990,93
telemetry,09:50:35,,180,32.65,0.12,2.25,0,940,765,767,761,763,990,93
telemetry,09:50:35,,181,27.03,0.12,2.18,0,327,764,767,761,762,990,93
telemetry,09:50:36,,181,27.03,0.06,2.15,0,962,764,768,761,762,990,93
telemetry,09:50:36,,182,26.57,0.12,2.09,0,60,764,768,763,764,989,93
telemetry,09:50:37,,182,26.10,0.00,2.09,0,147,764,768,765,765,989,93
telemetry,09:50:37,,183,26.57,0.36,1.91,0,636,765,768,766,767,990,93
telemetry,09:50:38,,183,26.10,0.60,1.60,0,337,765,768,767,766,990,93
telemetry,09:50:38,,184,26.10,0.36,1.42,0,714,764,768,766,755,981,93
telemetry,09:50:39,,184,27.03,0.73,1.78,0,84,762,768,767,640,896,93
telemetry,09:50:39,,185,27.97,0.24,1.66,0,893,762,768,767,682,846,93
telemetry,09:50:40,,185,26.57,0.12,1.60,0,211,762,768,765,633,562,93
telemetry,09:50:40,,186,26.57,0.30,1.45,0,127,760,766,767,685,569,93
telemetry,09:50:41,,186,27.03,0.12,1.38,0,641,761,766,766,617,606,93
telemetry,09:50:41,,187,27.97,0.30,1.23,0,12,761,766,766,627,607,93
telemetry,09:50:42,,187,27.97,0.24,1.11,0,358,760,766,765,537,515,93
telemetry,09:50:42,,188,27.50,0.18,1.02,0,874,760,766,764,671,639,93
telemetry,09:50:43,,188,26.10,0.12,1.08,0,971,761,766,764,662,639,93
pc_command,09:50:43,-10,0,0.00,NA,NA,0,0,0,0,0,0,NA,93
pico_reply,09:50:43,ACK%2CSET_VALUE%2C-10,0,0.00,NA,NA,0,0,0,0,0,0,NA,93
telemetry,09:50:43,,189,26.10,146.03,74.87,-10,93,748,766,767,694,666,93
telemetry,09:50:44,,189,26.57,159.14,155.21,-10,598,712,760,767,767,743,93
telemetry,09:50:44,,190,27.03,3.78,157.12,-10,349,764,760,764,768,992,93
telemetry,09:50:45,,190,26.57,27.31,170.90,-10,86,762,742,763,768,778,93
telemetry,09:50:45,,191,26.57,0.73,170.53,-10,710,763,664,763,768,625,93
telemetry,09:50:46,,191,25.63,0.91,170.07,-10,177,763,683,764,768,571,93
telemetry,09:50:46,,192,27.03,-2.80,168.65,-10,739,762,759,765,768,970,93
telemetry,09:50:47,,192,26.57,1.09,169.21,-10,721,764,766,765,768,875,93
telemetry,09:50:47,,193,26.10,0.67,168.87,-10,235,764,765,765,768,644,93
telemetry,09:50:48,,193,27.03,0.54,168.59,-10,499,763,765,764,768,568,93
telemetry,09:50:48,,194,27.50,-1.76,167.70,-10,485,763,765,764,768,975,93
telemetry,09:50:49,,194,27.03,0.18,167.61,-10,236,763,765,763,768,868,93
telemetry,09:50:49,,195,26.10,0.60,167.30,-10,244,764,766,764,768,594,93
telemetry,09:50:50,,195,27.50,0.42,167.08,-10,631,765,766,763,768,565,93
telemetry,09:50:50,,196,27.03,0.06,167.05,-10,426,764,766,764,768,980,93
telemetry,09:50:51,,196,26.10,-1.70,166.93,-10,74,763,766,763,768,778,93
telemetry,09:50:51,,197,27.50,0.00,166.93,-10,414,763,765,763,768,673,93
telemetry,09:50:52,,197,27.03,0.30,167.08,-10,458,764,766,763,768,793,93
telemetry,09:50:52,,198,28.44,-1.09,166.53,-10,827,763,766,762,768,983,93
pc_command,09:50:53,0,0,0.00,NA,NA,0,0,0,0,0,0,NA,93
pico_reply,09:50:53,ACK%2CSET_VALUE%2C0,0,0.00,NA,NA,0,0,0,0,0,0,NA,93
telemetry,09:50:53,,198,27.03,0.12,166.47,0,375,763,766,764,768,818,93
telemetry,09:50:53,,199,26.57,0.12,166.41,0,164,763,766,763,768,821,93
telemetry,09:50:54,,199,28.91,0.00,166.41,0,790,763,766,761,768,822,93
telemetry,09:50:54,,200,26.57,0.12,166.35,0,156,765,766,761,768,820,93
telemetry,09:50:55,,200,24.69,0.06,166.31,0,702,763,765,760,767,820,93
telemetry,09:50:55,,201,27.03,0.12,166.25,0,329,761,762,761,767,820,93
telemetry,09:50:56,,201,26.57,0.06,166.22,0,44,759,759,759,767,820,93
telemetry,09:50:56,,202,34.99,0.12,166.19,0,269,760,758,760,767,821,93
telemetry,09:50:57,,202,27.03,0.06,166.16,0,525,761,757,760,767,822,93
telemetry,09:50:57,,203,26.57,0.12,166.10,0,645,760,753,759,767,820,93
telemetry,09:50:58,,203,31.25,0.00,166.10,0,743,760,428,758,767,821,93
telemetry,09:50:58,,204,26.57,0.06,166.07,0,721,760,465,756,767,774,93
telemetry,09:50:59,,204,26.57,0.30,165.91,0,0,724,759,758,766,848,93
telemetry,09:50:59,,205,27.03,-27.68,151.94,0,469,756,755,755,767,870,93
telemetry,09:51:00,,205,26.57,-44.69,129.39,0,962,669,762,761,767,867,93
telemetry,09:51:00,,206,26.57,-63.47,97.50,0,777,581,758,766,767,852,93
telemetry,09:51:01,,206,26.57,-36.21,79.22,0,285,751,752,766,766,843,93
telemetry,09:51:01,,207,26.10,-77.50,40.13,0,336,702,760,766,761,839,93
telemetry,09:51:02,,207,27.03,-57.31,11.22,0,131,760,762,766,624,835,93
telemetry,09:51:02,,208,27.97,-78.23,-28.23,0,219,759,765,764,751,838,93
telemetry,09:51:03,,208,27.03,19.87,-18.21,0,455,761,765,763,755,888,93
telemetry,09:51:03,,209,27.50,0.42,-18.42,0,347,759,765,764,761,912,93
telemetry,09:51:04,,209,27.50,0.00,-18.42,0,730,763,764,764,764,908,93
telemetry,09:51:05,,210,27.50,0.06,-18.45,0,856,761,764,764,759,906,93
telemetry,09:51:05,,210,26.57,0.06,-18.48,0,433,761,764,764,752,905,93
telemetry,09:51:05,,211,26.57,0.06,-18.51,0,792,761,764,764,745,903,93
telemetry,09:51:06,,211,27.03,0.06,-18.54,0,734,762,764,763,742,903,93
telemetry,09:51:07,,212,27.03,0.12,-18.61,0,379,762,764,763,757,902,93
telemetry,09:51:07,,212,26.57,0.12,-18.54,0,445,758,763,763,663,901,93
telemetry,09:51:08,,213,26.10,0.00,-18.48,0,349,760,761,764,646,991,93
telemetry,09:51:08,,213,26.57,10.54,-13.16,0,324,722,760,764,610,991,93
telemetry,09:51:09,,214,27.03,0.30,-13.32,0,629,737,762,764,574,990,93
telemetry,09:51:09,,214,27.03,0.60,-13.75,0,91,644,763,764,520,987,93
telemetry,09:51:10,,215,26.10,10.67,-8.36,0,501,702,764,765,526,984,93
telemetry,09:51:10,,215,25.63,0.48,-8.12,0,821,744,765,765,468,981,93
telemetry,09:51:11,,216,27.03,0.48,-7.87,0,410,759,765,765,455,981,93
telemetry,09:51:11,,216,27.50,0.73,-8.24,0,321,753,765,765,460,978,93
telemetry,09:51:12,,217,24.69,5.12,-5.66,0,247,753,765,765,422,976,93
telemetry,09:51:12,,217,27.50,5.24,-3.01,0,826,745,764,765,377,974,93
telemetry,09:51:13,,218,27.03,11.58,2.82,0,62,700,764,765,412,972,93
telemetry,09:51:13,,218,27.97,17.74,11.77,0,999,684,764,765,460,970,93
telemetry,09:51:14,,219,27.03,1.03,12.29,0,92,669,764,765,472,969,93
telemetry,09:51:14,,219,36.40,0.06,12.23,0,764,696,764,765,459,968,93
telemetry,09:51:15,,220,27.03,0.36,12.05,0,790,736,764,765,452,968,93
telemetry,09:51:15,,220,26.57,0.36,11.86,0,828,748,764,765,448,968,93
telemetry,09:51:16,,221,27.03,0.18,11.95,0,572,744,764,765,469,967,95
telemetry,09:51:16,,221,27.03,-3.84,10.02,0,99,692,759,765,411,965,95
telemetry,09:51:17,,222,26.57,0.12,9.96,0,827,542,765,765,752,968,95
telemetry,09:51:17,,222,28.44,0.12,9.89,0,806,747,765,765,758,967,95
telemetry,09:51:18,,223,27.97,0.12,9.83,0,942,763,765,765,759,967,95
telemetry,09:51:18,,223,27.50,0.06,9.80,0,82,765,765,765,758,967,95
telemetry,09:51:19,,224,27.50,0.12,9.74,0,857,765,765,766,762,967,95
telemetry,09:51:19,,224,27.50,0.12,9.68,0,977,764,765,766,762,967,95
telemetry,09:51:20,,225,27.03,0.12,9.62,0,373,765,765,767,762,966,95
telemetry,09:51:20,,225,26.10,0.06,9.59,0,117,765,765,767,762,966,95
telemetry,09:51:21,,226,26.57,0.06,9.56,0,126,765,765,766,763,966,95
telemetry,09:51:21,,226,27.03,0.06,9.52,0,883,765,766,765,764,967,95
telemetry,09:51:22,,227,26.10,0.06,9.49,0,732,764,766,762,763,967,95
telemetry,09:51:22,,227,39.68,0.12,9.43,0,361,764,765,766,763,967,95
telemetry,09:51:23,,228,27.03,0.12,9.37,0,46,764,765,766,764,942,95
telemetry,09:51:23,,228,27.97,-4.81,6.94,0,426,764,766,766,764,942,95
telemetry,09:51:24,,229,27.03,30.18,22.16,0,804,764,764,766,763,943,95
telemetry,09:51:24,,229,26.57,124.93,85.18,0,801,766,763,766,767,947,95
telemetry,09:51:25,,230,26.57,43.29,107.02,0,198,761,764,765,767,954,95
telemetry,09:51:25,,230,27.03,-8.71,102.62,0,996,753,765,765,766,975,95
telemetry,09:51:26,,231,26.10,-1.28,101.97,0,640,752,765,765,765,973,95
telemetry,09:51:26,,231,27.03,0.06,101.94,0,692,755,765,765,767,972,95
telemetry,09:51:27,,232,31.25,0.12,101.88,0,387,758,765,763,767,971,95
telemetry,09:51:27,,232,29.84,0.12,101.85,0,234,752,765,760,766,971,95
telemetry,09:51:28,,233,27.50,0.12,101.79,0,959,749,765,761,766,975,95
telemetry,09:51:28,,233,27.97,0.12,101.73,0,585,720,765,763,767,976,95
telemetry,09:51:29,,234,27.03,0.12,101.67,0,698,608,764,763,767,976,95
telemetry,09:51:29,,234,26.57,0.06,101.64,0,277,523,763,763,766,978,95
telemetry,09:51:30,,235,27.50,0.06,101.61,0,311,455,764,763,766,979,95
telemetry,09:51:30,,235,27.50,0.00,101.61,0,568,450,754,763,766,977,95
telemetry,09:51:31,,236,27.03,0.00,101.61,0,244,461,762,763,766,978,95
telemetry,09:51:31,,236,27.50,0.00,101.61,0,30,499,762,763,766,978,95
telemetry,09:51:32,,237,27.50,0.12,101.51,0,885,535,764,764,766,978,95
telemetry,09:51:32,,238,27.97,0.12,101.45,0,424,611,765,763,767,976,95
telemetry,09:51:33,,238,27.50,0.12,101.39,0,695,762,766,763,767,975,95
telemetry,09:51:33,,239,26.57,0.06,101.36,0,449,760,766,763,767,976,95
telemetry,09:51:34,,239,27.50,0.06,101.33,0,774,756,765,763,767,976,95
telemetry,09:51:34,,240,27.03,0.12,101.27,0,243,753,764,763,767,977,95
telemetry,09:51:35,,240,27.97,0.12,101.21,0,27,752,763,763,766,976,95
telemetry,09:51:35,,241,27.50,0.18,101.11,0,484,753,765,766,767,977,95
telemetry,09:51:36,,241,26.57,0.06,101.08,0,968,751,765,766,767,976,95
telemetry,09:51:36,,242,26.10,0.18,100.99,0,104,755,766,766,767,982,95
telemetry,09:51:37,,242,26.57,0.06,100.96,0,706,749,766,766,765,982,95
telemetry,09:51:37,,243,27.03,0.48,100.71,0,684,748,766,765,765,989,95
telemetry,09:51:38,,243,27.50,0.06,100.74,0,219,734,766,765,764,985,95
telemetry,09:51:38,,244,27.03,0.36,100.56,0,431,743,766,765,765,987,95
telemetry,09:51:39,,244,26.57,0.79,100.16,0,140,747,766,765,764,990,95
telemetry,09:51:39,,245,27.03,0.24,100.04,0,402,692,766,765,765,944,95
telemetry,09:51:40,,245,27.50,0.06,100.01,0,194,657,765,765,765,817,95
telemetry,09:51:40,,246,26.57,-1.03,99.48,0,253,614,765,767,765,560,97
telemetry,09:51:41,,246,26.57,0.36,99.67,0,965,599,765,767,765,612,97
telemetry,09:51:41,,247,26.57,-6.82,96.22,0,72,506,765,767,761,561,97
telemetry,09:51:42,,247,27.03,-44.57,73.74,0,541,519,765,767,758,511,97
telemetry,09:51:42,,248,27.97,0.12,73.68,0,638,453,764,767,601,527,97
telemetry,09:51:43,,248,28.44,0.06,73.65,0,251,653,764,767,760,529,97
telemetry,09:51:43,,249,27.03,0.12,73.59,0,991,738,764,765,767,526,97
telemetry,09:51:44,,249,27.03,0.06,73.56,0,436,674,764,763,766,523,97
telemetry,09:51:44,,250,27.50,0.18,73.46,0,153,681,761,764,766,542,97
telemetry,09:51:45,,250,27.03,0.06,73.43,0,718,678,761,763,766,543,97
telemetry,09:51:45,,251,31.72,0.06,73.40,0,476,755,763,761,765,539,97
telemetry,09:51:46,,251,27.50,0.54,73.13,0,105,751,592,761,764,545,97
telemetry,09:51:46,,252,27.97,-16.21,64.95,0,111,736,634,761,764,544,97
telemetry,09:51:47,,252,26.57,0.54,65.22,0,54,733,642,763,764,608,97
telemetry,09:51:47,,253,27.03,-9.93,60.21,0,932,721,748,761,763,607,97
telemetry,09:51:48,,253,27.03,-58.04,30.93,0,862,762,758,737,764,608,97
telemetry,09:51:48,,254,27.03,-128.29,-33.77,0,612,764,711,762,765,605,97
telemetry,09:51:49,,254,27.03,-26.64,-47.21,0,50,762,521,762,632,609,97
telemetry,09:51:49,,255,27.03,0.18,-47.12,0,442,760,375,758,758,708,97
telemetry,09:51:50,,255,27.50,0.00,-47.12,0,577,761,526,765,729,641,97
telemetry,09:51:50,,256,27.97,0.48,-46.87,0,84,761,494,766,758,668,97
telemetry,09:51:51,,256,27.03,0.18,-46.78,0,275,765,759,766,759,685,97
telemetry,09:51:51,,257,27.03,0.06,-46.81,0,145,764,761,766,759,741,97
telemetry,09:51:52,,257,28.44,0.06,-46.84,0,724,764,761,767,758,769,97
telemetry,09:51:52,,258,34.06,0.06,-46.87,0,660,764,759,766,613,768,97
telemetry,09:51:53,,258,25.16,0.12,-46.94,0,231,764,758,766,574,767,97
telemetry,09:51:53,,259,27.03,0.12,-47.00,0,210,764,759,765,476,766,97
telemetry,09:51:54,,259,26.10,0.06,-47.03,0,127,764,759,765,369,766,97
telemetry,09:51:54,,260,27.97,0.12,-47.09,0,776,764,759,764,305,761,97
telemetry,09:51:55,,260,27.03,0.06,-47.12,0,293,764,759,765,313,759,97
telemetry,09:51:55,,261,27.97,0.12,-47.18,0,234,764,760,765,313,759,97
telemetry,09:51:56,,261,27.03,0.06,-47.21,0,611,764,760,765,318,758,97
telemetry,09:51:56,,262,27.50,0.12,-47.27,0,300,764,760,765,320,758,97
telemetry,09:51:57,,262,27.50,0.12,-47.33,0,215,764,759,765,340,758,97
telemetry,09:51:57,,263,27.50,0.18,-47.43,0,193,764,760,765,290,758,97
telemetry,09:51:58,,263,28.44,0.00,-47.43,0,3,764,680,764,278,758,97
telemetry,09:51:58,,264,27.97,0.12,-47.37,0,712,764,705,766,380,879,97
telemetry,09:51:59,,264,34.53,0.54,-47.09,0,455,764,761,764,500,979,97
telemetry,09:51:59,,265,27.97,0.42,-47.30,0,26,764,761,767,689,989,97
telemetry,09:52:00,,265,27.50,0.06,-47.33,0,843,763,762,767,759,990,97
telemetry,09:52:01,,266,27.50,0.36,-47.52,0,52,764,764,767,759,990,97
telemetry,09:52:01,,266,30.78,0.67,-47.18,0,522,765,764,766,759,991,97
telemetry,09:52:01,,267,27.97,1.82,-46.26,0,161,766,765,767,759,965,97
telemetry,09:52:02,,267,27.50,0.06,-46.29,0,796,766,765,767,759,866,97
telemetry,09:52:03,,268,27.50,0.06,-46.32,0,192,766,766,767,759,866,97
telemetry,09:52:03,,268,26.57,0.06,-46.35,0,626,765,766,766,758,817,97
telemetry,09:52:04,,269,27.97,0.12,-46.41,0,97,765,766,766,759,817,97
telemetry,09:52:04,,269,27.03,0.06,-46.44,0,776,765,766,766,758,843,97
telemetry,09:52:05,,270,32.18,0.06,-46.47,0,733,765,766,766,758,842,97
telemetry,09:52:05,,270,27.97,0.06,-46.50,0,135,765,766,766,758,843,97
telemetry,09:52:06,,271,27.03,0.06,-46.53,0,967,765,766,766,758,842,98
telemetry,09:52:06,,271,28.91,0.12,-46.60,0,747,765,766,766,758,843,98
telemetry,09:52:07,,272,27.50,0.06,-46.63,0,821,765,766,766,756,783,98
telemetry,09:52:07,,272,27.03,0.06,-46.66,0,632,765,766,766,758,783,98
telemetry,09:52:08,,273,27.03,0.06,-46.69,0,98,765,766,766,755,783,98
telemetry,09:52:08,,273,27.03,0.30,-46.53,0,839,765,766,766,754,776,98
telemetry,09:52:09,,274,27.97,0.48,-46.29,0,685,765,765,766,690,571,98
telemetry,09:52:09,,274,27.97,1.40,-45.58,0,927,766,766,766,697,544,98
telemetry,09:52:10,,275,27.97,0.73,-45.95,0,41,765,766,766,716,671,98
telemetry,09:52:10,,275,27.03,0.54,-45.67,0,235,765,766,766,699,661,98
telemetry,09:52:11,,276,27.50,0.30,-45.83,0,480,765,766,766,739,588,98
telemetry,09:52:11,,276,27.50,0.06,-45.89,0,41,765,766,766,759,682,98
telemetry,09:52:12,,277,25.16,0.06,-45.92,0,683,764,766,766,759,678,98
telemetry,09:52:12,,277,27.03,0.06,-45.95,0,567,764,766,766,759,679,98
telemetry,09:52:13,,278,27.03,0.06,-45.98,0,659,765,766,767,757,679,98
telemetry,09:52:13,,278,27.50,1.15,-45.40,0,775,764,766,765,760,689,98
telemetry,09:52:14,,279,27.97,0.30,-45.55,0,694,765,766,766,760,701,98
telemetry,09:52:14,,279,28.44,1.64,-44.72,0,521,765,765,765,718,763,98
telemetry,09:52:15,,280,27.03,-3.71,-46.60,0,250,764,766,765,717,758,98
telemetry,09:52:15,,280,27.97,0.06,-46.63,0,435,764,766,765,758,755,98
telemetry,09:52:16,,281,27.03,0.42,-46.41,0,176,764,765,763,758,753,99
telemetry,09:52:16,,281,26.57,0.12,-46.47,0,940,764,766,764,756,760,99
telemetry,09:52:17,,282,27.50,0.06,-46.50,0,872,764,766,762,758,771,99
telemetry,09:52:17,,282,27.97,0.24,-46.38,0,423,765,766,760,757,917,99
telemetry,09:52:18,,283,29.84,0.30,-46.38,0,238,765,765,752,760,980,99
telemetry,09:52:18,,283,27.50,0.54,-46.66,0,872,764,765,747,761,989,99
telemetry,09:52:19,,284,27.03,0.12,-46.60,0,673,764,766,765,760,992,99
telemetry,09:52:19,,284,27.50,0.06,-46.63,0,397,764,766,766,761,993,99
telemetry,09:52:20,,285,27.03,0.12,-46.69,0,540,765,765,766,761,992,99
telemetry,09:52:20,,285,26.57,0.12,-46.75,0,814,766,766,767,762,992,99
telemetry,09:52:21,,286,27.50,0.06,-46.72,0,59,765,766,766,760,989,99
telemetry,09:52:21,,286,28.44,0.06,-46.75,0,660,766,766,767,761,990,99
telemetry,09:52:22,,287,27.97,0.18,-46.84,0,128,765,766,766,761,990,99
telemetry,09:52:22,,287,27.50,0.06,-46.87,0,34,765,766,767,763,990,99
telemetry,09:52:23,,288,26.57,0.06,-46.90,0,588,765,766,767,761,990,99
telemetry,09:52:23,,288,27.03,0.06,-46.93,0,643,766,766,767,762,990,99
telemetry,09:52:24,,289,27.50,-1.03,-47.46,0,772,766,766,767,762,990,99
telemetry,09:52:24,,289,27.97,0.18,-47.55,0,138,765,766,767,761,991,99
telemetry,09:52:25,,290,26.57,0.18,-47.64,0,665,766,766,766,761,887,99
telemetry,09:52:25,,290,27.50,0.18,-47.73,0,252,766,766,766,761,759,99
telemetry,09:52:26,,291,28.44,0.30,-47.61,0,474,766,766,766,761,614,99
telemetry,09:52:26,,291,27.50,0.06,-47.64,0,375,765,766,766,761,558,99
telemetry,09:52:27,,292,27.50,0.00,-47.64,0,804,766,766,766,761,558,99
telemetry,09:52:27,,292,28.44,0.06,-47.67,0,854,766,766,766,761,557,99
telemetry,09:52:28,,293,27.97,0.06,-47.70,0,358,765,766,766,762,538,99
telemetry,09:52:28,,293,27.03,0.12,-47.76,0,156,765,766,767,761,537,99
telemetry,09:52:29,,294,27.03,0.12,-47.83,0,683,765,766,766,762,537,99
telemetry,09:52:29,,295,27.03,0.06,-47.86,0,271,765,766,767,762,535,99
telemetry,09:52:30,,295,27.50,0.06,-47.89,0,299,766,766,768,763,536,99
telemetry,09:52:30,,296,27.97,0.06,-47.92,0,156,766,766,768,763,535,99
telemetry,09:52:31,,296,34.53,0.06,-47.95,0,775,765,766,767,763,535,99
telemetry,09:52:31,,297,27.03,0.18,-48.04,0,863,766,766,768,763,511,99
telemetry,09:52:32,,297,27.97,0.36,-47.86,0,654,765,766,768,762,535,99
telemetry,09:52:32,,298,27.03,0.12,-47.92,0,507,766,766,768,763,664,99
telemetry,09:52:33,,298,27.03,0.48,-48.16,0,411,766,766,768,761,676,99
telemetry,09:52:33,,299,40.14,0.36,-48.35,0,659,765,766,768,762,627,99
telemetry,09:52:34,,299,27.50,0.06,-48.38,0,807,765,766,768,761,710,99
telemetry,09:52:34,,300,27.97,0.42,-48.60,0,142,765,766,767,760,689,99
telemetry,09:52:35,,300,27.50,0.06,-48.63,0,764,766,766,768,762,786,99
telemetry,09:52:35,,301,27.97,1.89,-47.67,0,418,765,766,768,762,787,99
telemetry,09:52:36,,301,27.50,0.12,-47.73,0,962,766,766,768,762,777,99
telemetry,09:52:36,,302,27.03,0.06,-47.76,0,451,766,766,767,763,798,99
telemetry,09:52:37,,302,27.03,0.06,-47.80,0,495,766,767,768,763,793,99
telemetry,09:52:37,,303,27.50,0.12,-47.86,0,528,765,765,768,763,795,99
telemetry,09:52:38,,303,27.50,0.18,-48.04,0,982,766,766,768,763,839,99
telemetry,09:52:38,,304,27.97,0.24,-47.92,0,47,766,766,768,763,944,99
telemetry,09:52:39,,304,27.03,0.00,-47.92,0,893,766,766,768,763,944,99
telemetry,09:52:39,,305,27.03,0.12,-47.98,0,522,766,766,768,763,944,99
telemetry,09:52:40,,305,27.50,0.00,-47.98,0,986,765,765,768,764,944,99
telemetry,09:52:40,,306,31.25,0.00,-47.98,0,345,765,766,768,763,944,99
telemetry,09:52:41,,306,31.72,0.12,-48.01,0,912,766,765,768,764,943,99
telemetry,09:52:41,,307,27.97,0.12,-48.07,0,370,766,766,768,764,943,99
telemetry,09:52:42,,307,27.03,0.06,-48.10,0,53,765,766,768,763,943,99
telemetry,09:52:42,,308,27.50,0.79,-47.86,0,749,766,766,768,764,989,99
telemetry,09:52:43,,308,27.50,0.00,-47.86,0,69,766,766,768,764,986,99
telemetry,09:52:43,,309,25.63,0.30,-47.70,0,710,766,766,768,764,989,99
telemetry,09:52:44,,309,27.03,0.48,-47.46,0,434,766,766,768,763,990,99
telemetry,09:52:44,,310,27.50,0.18,-47.55,0,600,766,766,767,763,990,99
telemetry,09:52:45,,310,27.97,0.30,-47.70,0,412,765,766,767,763,907,99
telemetry,09:52:45,,311,30.78,0.12,-47.76,0,24,766,766,767,764,771,99
telemetry,09:52:46,,311,27.50,0.12,-47.83,0,269,765,766,768,765,774,99
telemetry,09:52:46,,312,27.50,0.12,-47.89,0,873,766,766,769,765,838,99
telemetry,09:52:47,,312,27.97,0.06,-47.92,0,173,766,766,769,765,849,99
telemetry,09:52:47,,313,27.50,0.06,-47.95,0,113,766,766,768,766,804,99
telemetry,09:52:48,,313,27.97,0.00,-47.95,0,408,766,766,768,766,807,99
telemetry,09:52:48,,314,27.97,0.06,-47.98,0,627,766,766,768,766,809,99
telemetry,09:52:49,,314,27.03,-2.25,-49.12,0,843,766,766,768,766,761,99
telemetry,09:52:49,,315,27.03,0.12,-49.18,0,301,766,766,768,766,758,99
telemetry,09:52:50,,315,28.44,0.42,-48.96,0,902,766,766,768,766,656,99
telemetry,09:52:50,,316,27.97,2.25,-47.83,0,670,766,766,768,766,551,99
telemetry,09:52:51,,316,27.97,0.79,-47.49,0,244,766,766,768,766,610,99
telemetry,09:52:51,,317,27.03,-1.03,-48.01,0,26,765,766,768,765,707,99
telemetry,09:52:52,,317,27.03,-1.64,-48.84,0,931,766,766,768,765,677,99
telemetry,09:52:52,,318,28.44,0.12,-48.90,0,733,766,766,768,765,597,99
telemetry,09:52:53,,318,27.97,0.12,-48.96,0,804,765,766,768,765,596,99
telemetry,09:52:53,,319,27.97,0.12,-49.03,0,314,765,766,769,765,597,99
telemetry,09:52:54,,319,27.50,0.00,-49.03,0,570,765,766,768,766,596,99
telemetry,09:52:54,,320,30.31,0.06,-49.06,0,698,766,767,769,765,600,99
telemetry,09:52:55,,320,27.03,0.85,-48.63,0,822,765,766,769,765,607,99
telemetry,09:52:55,,321,29.84,0.06,-48.66,0,759,766,766,769,765,698,99
telemetry,09:52:56,,321,27.97,0.12,-48.72,0,926,765,766,768,766,699,99
telemetry,09:52:56,,322,27.50,0.12,-48.78,0,98,766,766,769,766,698,99
telemetry,09:52:57,,322,27.50,0.00,-48.78,0,13,765,766,768,765,682,99
telemetry,09:52:57,,323,28.91,0.48,-49.03,0,436,766,766,768,766,780,99
telemetry,09:52:58,,323,27.50,0.24,-49.15,0,360,766,766,768,766,829,99
telemetry,09:52:58,,324,27.03,0.06,-49.18,0,491,766,767,768,766,889,99
telemetry,09:52:59,,324,29.37,0.12,-49.24,0,823,766,766,768,766,991,99
telemetry,09:53:00,,325,27.50,1.09,-48.69,0,790,765,766,768,766,988,99
telemetry,09:53:00,,325,27.50,0.06,-48.72,0,44,766,766,768,766,988,99
telemetry,09:53:01,,326,27.50,0.06,-48.75,0,141,766,766,768,766,988,99
telemetry,09:53:01,,326,27.97,0.12,-48.81,0,349,765,764,768,766,988,99
telemetry,09:53:02,,327,27.50,0.12,-48.87,0,966,766,764,768,766,988,99
telemetry,09:53:02,,327,27.50,0.06,-48.90,0,214,766,765,768,765,989,99
telemetry,09:53:03,,328,27.97,0.06,-48.93,0,988,766,765,741,764,987,99
telemetry,09:53:03,,328,28.91,10.91,-43.43,0,509,765,206,435,170,988,99
telemetry,09:53:04,,329,27.97,2.86,-41.98,0,904,766,144,452,495,985,99
telemetry,09:53:04,,329,27.50,2.01,-40.97,0,219,768,721,503,537,983,99
telemetry,09:53:05,,330,27.50,26.03,-27.84,0,528,768,761,388,471,985,99
telemetry,09:53:05,,330,27.97,-18.65,-37.25,0,192,768,760,465,487,985,99
telemetry,09:53:06,,331,27.03,23.71,-25.28,0,911,768,648,497,459,948,99
telemetry,09:53:06,,331,30.31,-19.57,-35.15,0,930,769,614,531,477,881,99
telemetry,09:53:07,,332,25.16,9.39,-30.33,0,225,768,636,490,479,852,99
telemetry,09:53:07,,332,27.97,10.85,-24.85,0,611,769,567,577,466,751,99
telemetry,09:53:08,,333,27.50,-24.51,-37.22,0,166,768,568,524,470,758,99
telemetry,09:53:08,,333,27.03,28.04,-23.01,0,599,768,616,590,465,759,99
telemetry,09:53:09,,334,27.50,-25.73,-35.99,0,900,768,521,608,449,766,99
telemetry,09:53:09,,334,27.50,17.25,-27.28,0,765,767,603,571,477,597,99
telemetry,09:53:10,,335,32.18,7.80,-23.38,0,920,768,513,602,444,588,99
telemetry,09:53:10,,335,27.97,0.79,-23.78,0,168,768,599,612,464,587,99
telemetry,09:53:11,,336,30.78,0.36,-23.96,0,35,768,573,605,455,587,94
telemetry,09:53:11,,336,28.44,2.25,-22.82,0,410,768,595,612,454,565,94
telemetry,09:53:12,,337,28.44,5.97,-19.81,0,396,768,600,605,440,524,94
telemetry,09:53:12,,337,27.50,-6.64,-23.16,0,870,768,615,605,448,702,94
telemetry,09:53:13,,338,28.91,0.67,-22.82,0,335,768,616,604,446,666,94
telemetry,09:53:13,,338,27.97,0.73,-22.45,0,620,768,613,601,443,597,94
telemetry,09:53:14,,339,28.91,-2.13,-23.53,0,944,768,621,607,444,680,94
telemetry,09:53:14,,339,28.44,0.24,-23.41,0,801,768,616,598,444,666,94
telemetry,09:53:15,,340,27.97,0.73,-23.07,0,679,768,616,611,462,662,94
telemetry,09:53:15,,340,34.06,0.54,-22.79,0,426,768,604,597,452,660,94
telemetry,09:53:16,,341,27.97,0.67,-22.45,0,342,768,631,615,462,668,94
telemetry,09:53:16,,341,27.50,0.42,-22.24,0,480,768,621,598,450,671,94
telemetry,09:53:17,,342,27.03,-28.23,-36.48,0,645,768,538,629,486,677,94
telemetry,09:53:17,,342,27.97,28.78,-21.96,0,101,768,589,604,462,742,94
telemetry,09:53:18,,343,27.50,-19.14,-31.62,0,66,768,555,619,462,742,94
telemetry,09:53:18,,343,26.57,12.80,-25.16,0,521,767,681,607,464,745,94
telemetry,09:53:19,,344,28.91,8.47,-20.89,0,531,768,563,640,452,741,94
telemetry,09:53:19,,344,27.97,-14.20,-28.05,0,201,767,630,621,487,736,94
telemetry,09:53:20,,345,27.03,17.98,-18.89,0,238,768,608,635,465,728,94
telemetry,09:53:20,,345,28.44,-19.26,-28.61,0,143,767,598,628,451,890,94
telemetry,09:53:21,,346,27.97,3.17,-27.01,0,409,767,569,620,460,981,94
telemetry,09:53:21,,346,27.97,0.67,-26.67,0,102,766,569,630,492,986,94
telemetry,09:53:22,,347,27.03,1.15,-26.08,0,544,765,564,616,495,985,94
telemetry,09:53:22,,347,27.50,2.37,-24.88,0,177,765,590,639,508,987,94
telemetry,09:53:23,,348,27.50,0.18,-24.98,0,13,766,572,623,492,991,94
telemetry,09:53:23,,348,28.91,4.20,-22.85,0,728,766,590,644,510,986,94
telemetry,09:53:24,,349,27.50,0.24,-22.98,0,869,766,571,627,489,948,94
telemetry,09:53:24,,349,27.50,0.24,-23.10,0,646,766,585,640,504,930,94
telemetry,09:53:25,,350,34.06,0.54,-22.82,0,493,767,583,633,491,914,94
telemetry,09:53:25,,350,26.57,0.54,-23.10,0,152,767,596,636,503,913,94
telemetry,09:53:26,,351,26.57,-7.74,-27.01,0,320,766,579,638,499,863,94
telemetry,09:53:26,,352,27.97,-8.17,-31.13,0,75,765,574,619,477,872,94
telemetry,09:53:27,,352,27.50,0.06,-31.10,0,821,765,511,634,451,802,94
telemetry,09:53:27,,353,27.50,-16.89,-39.62,0,7,767,622,595,477,804,94
telemetry,09:53:28,,353,27.03,5.73,-36.73,0,872,766,666,470,489,791,94
telemetry,09:53:28,,354,27.97,5.30,-34.05,0,378,766,652,506,375,828,94
telemetry,09:53:29,,354,27.50,0.67,-34.39,0,25,766,404,469,322,853,94
telemetry,09:53:29,,355,27.97,0.06,-34.42,0,679,765,766,749,762,731,94
telemetry,09:53:30,,355,27.03,0.06,-34.45,0,549,766,766,767,763,733,94
telemetry,09:53:30,,356,27.03,-4.51,-36.73,0,511,765,766,767,763,693,94
telemetry,09:53:31,,356,28.44,0.06,-36.76,0,640,765,767,767,763,526,94
telemetry,09:53:31,,357,27.97,0.06,-36.73,0,703,765,766,766,763,622,94
telemetry,09:53:32,,357,27.97,0.24,-36.63,0,928,765,767,767,764,707,94
telemetry,09:53:32,,358,27.03,0.30,-36.79,0,438,766,767,767,764,624,94
telemetry,09:53:33,,358,27.97,0.06,-36.82,0,968,765,766,767,765,618,94
telemetry,09:53:33,,359,27.50,0.06,-36.88,0,59,766,767,769,766,618,94
telemetry,09:53:34,,359,27.97,0.12,-36.94,0,600,767,767,768,767,715,94
telemetry,09:53:34,,360,26.57,0.06,-36.97,0,866,767,767,768,768,713,94
telemetry,09:53:35,,360,31.25,0.12,-37.03,0,935,767,767,769,768,712,94
telemetry,09:53:35,,361,27.97,0.06,-37.06,0,414,767,767,769,768,678,94
telemetry,09:53:36,,361,27.50,0.12,-37.12,0,162,767,766,769,768,681,94
telemetry,09:53:36,,362,28.44,0.06,-37.16,0,834,766,765,769,768,759,94
telemetry,09:53:37,,362,27.50,0.06,-37.19,0,907,766,766,769,767,759,94
telemetry,09:53:37,,363,27.97,0.12,-37.25,0,312,765,766,768,767,759,94
telemetry,09:53:38,,363,27.97,0.12,-37.31,0,654,766,766,769,768,797,94
telemetry,09:53:38,,364,27.97,0.12,-37.37,0,481,766,766,768,767,797,94
telemetry,09:53:39,,364,28.44,0.06,-37.40,0,576,766,766,768,768,763,94
telemetry,09:53:39,,365,27.97,0.12,-37.46,0,777,766,766,769,768,865,94
telemetry,09:53:40,,365,28.44,0.06,-37.49,0,434,766,766,768,767,945,94
telemetry,09:53:40,,366,27.50,0.24,-37.62,0,711,766,766,768,766,992,94
telemetry,09:53:41,,366,28.91,0.97,-37.12,0,755,766,766,769,767,990,94
telemetry,09:53:41,,367,28.44,0.18,-37.22,0,2,766,765,769,767,990,94
telemetry,09:53:42,,367,27.97,0.12,-37.28,0,577,765,765,769,767,989,94
telemetry,09:53:42,,368,27.50,0.06,-37.31,0,408,765,765,769,767,988,94
telemetry,09:53:43,,368,27.03,0.12,-37.37,0,608,766,765,769,767,988,94
telemetry,09:53:43,,369,27.97,0.06,-37.40,0,870,766,765,769,767,988,94
telemetry,09:53:44,,369,28.44,0.12,-37.46,0,589,766,765,769,767,988,94
telemetry,09:53:44,,370,28.44,0.06,-37.49,0,465,766,765,769,767,989,94
telemetry,09:53:45,,370,31.72,0.12,-37.56,0,743,765,765,769,768,989,94
telemetry,09:53:45,,371,35.93,0.42,-37.77,0,24,765,764,769,768,989,94
telemetry,09:53:46,,371,27.97,0.12,-37.28,0,61,765,764,769,767,990,94
telemetry,09:53:46,,372,27.97,0.06,-37.31,0,157,766,763,769,768,987,94
telemetry,09:53:47,,372,31.25,0.06,-37.34,0,167,765,762,769,768,956,94
telemetry,09:53:47,,373,28.91,0.24,-37.46,0,875,764,763,769,768,772,94
telemetry,09:53:48,,373,27.03,0.00,-37.46,0,110,765,763,769,767,593,94
telemetry,09:53:48,,374,27.50,0.18,-37.56,0,801,764,763,769,766,542,94
telemetry,09:53:49,,374,27.50,0.06,-37.59,0,945,764,764,769,767,558,94
telemetry,09:53:49,,375,27.03,0.12,-37.65,0,211,764,762,769,767,556,94
telemetry,09:53:50,,375,27.03,0.18,-37.74,0,982,765,763,769,767,617,94
telemetry,09:53:50,,376,27.50,1.28,-37.09,0,164,765,762,769,767,610,96
telemetry,09:53:51,,376,27.50,0.12,-37.16,0,715,765,763,769,767,652,96
telemetry,09:53:51,,377,27.50,0.30,-37.31,0,999,765,723,768,766,710,96
telemetry,09:53:52,,377,27.97,-47.37,-61.21,0,967,765,666,749,763,709,96
telemetry,09:53:52,,378,27.50,-11.28,-66.90,0,797,765,752,728,764,689,96
telemetry,09:53:53,,378,27.97,2.01,-65.88,0,565,765,726,763,761,688,96
telemetry,09:53:53,,379,28.44,6.15,-62.77,0,872,765,747,710,764,671,96
telemetry,09:53:54,,379,28.91,0.06,-62.80,0,126,765,719,705,764,642,96
telemetry,09:53:54,,380,27.50,-3.04,-64.34,0,489,765,759,763,765,643,96
telemetry,09:53:55,,380,28.91,-24.14,-76.61,0,995,764,759,765,765,630,96
telemetry,09:53:55,,381,27.97,-11.09,-82.21,0,370,764,760,762,765,629,96
telemetry,09:53:56,,381,27.50,49.51,-57.24,0,386,765,762,761,766,608,96
telemetry,09:53:57,,382,31.25,-36.40,-75.60,0,740,765,759,762,765,609,96
telemetry,09:53:57,,382,28.91,30.00,-60.47,0,360,767,762,750,763,611,96
telemetry,09:53:57,,383,27.97,-18.53,-69.82,0,96,766,734,762,765,723,96
telemetry,09:53:58,,383,27.50,-7.31,-73.51,0,730,766,763,754,766,769,96
telemetry,09:53:59,,384,27.50,19.39,-63.73,0,688,765,735,763,766,891,96
telemetry,09:53:59,,384,28.44,-61.28,-94.63,0,364,766,763,763,765,914,96
telemetry,09:54:00,,385,28.44,79.75,-54.40,0,992,766,762,761,766,991,96
telemetry,09:54:00,,385,27.03,-68.35,-88.60,0,141,767,760,763,762,986,96
telemetry,09:54:01,,386,28.91,60.54,-58.06,0,159,767,764,762,761,986,96
telemetry,09:54:01,,386,28.91,-44.81,-80.67,0,153,764,763,764,598,987,96
telemetry,09:54:02,,387,26.57,0.12,-80.51,0,898,767,764,760,764,987,96
telemetry,09:54:02,,387,27.50,27.86,-66.46,0,213,763,761,763,574,988,96
telemetry,09:54:03,,388,27.50,-54.32,-93.86,0,769,765,762,764,751,985,96
telemetry,09:54:03,,388,27.03,73.78,-56.65,0,116,765,762,764,756,986,96
telemetry,09:54:04,,389,27.97,-67.37,-90.64,0,950,760,758,765,759,985,96
telemetry,09:54:04,,389,27.97,42.07,-69.42,0,100,767,764,762,762,985,96
telemetry,09:54:05,,390,27.03,15.00,-61.85,0,1,748,758,763,762,986,96
telemetry,09:54:05,,390,27.50,-31.58,-77.78,0,477,767,759,763,762,989,96
telemetry,09:54:06,,391,28.44,46.09,-54.53,0,867,760,757,765,757,990,96
telemetry,09:54:06,,391,27.50,-41.52,-75.47,0,465,767,763,763,760,937,96
telemetry,09:54:07,,392,27.03,70.36,-39.98,0,956,766,759,764,758,820,96
telemetry,09:54:07,,392,28.44,-63.96,-72.24,0,1,766,710,765,759,743,96
telemetry,09:54:08,,393,28.44,27.07,-58.59,0,176,767,764,764,765,570,96
telemetry,09:54:08,,393,27.50,1.82,-58.00,0,712,766,691,765,766,563,96
telemetry,09:54:09,,394,27.97,7.62,-54.16,0,746,767,758,766,768,547,96
telemetry,09:54:09,,394,27.03,0.30,-54.00,0,173,766,760,766,767,549,96
telemetry,09:54:10,,395,27.50,-1.46,-54.74,0,841,767,755,766,765,552,96
telemetry,09:54:10,,395,27.97,0.12,-54.68,0,263,765,705,767,767,546,96
telemetry,09:54:11,,396,27.50,0.12,-54.74,0,900,766,754,767,768,544,95
telemetry,09:54:11,,396,27.97,0.06,-54.77,0,789,766,760,768,767,541,95
telemetry,09:54:12,,397,27.50,0.12,-54.83,0,19,766,762,768,766,539,95
telemetry,09:54:12,,397,27.50,0.06,-54.86,0,970,766,761,768,767,538,95
telemetry,09:54:13,,398,28.44,0.18,-54.77,0,354,766,672,768,767,555,95
telemetry,09:54:13,,398,27.97,0.06,-54.74,0,468,766,752,769,767,708,95
telemetry,09:54:14,,399,28.44,0.12,-54.80,0,552,766,748,768,767,687,95
telemetry,09:54:14,,399,34.06,0.30,-54.65,0,422,766,761,768,768,621,95
telemetry,09:54:15,,400,28.44,0.60,-54.46,0,773,766,761,768,767,685,95
telemetry,09:54:15,,400,27.97,0.73,-54.10,0,350,766,760,768,766,772,95
telemetry,09:54:16,,401,28.91,0.73,-54.46,0,242,765,763,768,764,758,95
telemetry,09:54:16,,401,27.50,-120.42,-115.20,0,813,764,763,768,764,896,95
telemetry,09:54:17,,402,30.31,-43.53,-137.16,0,175,763,767,763,767,904,95
telemetry,09:54:17,,402,27.50,39.75,-117.11,0,343,763,766,764,766,916,95
telemetry,09:54:18,,403,27.50,65.97,-83.83,0,986,765,763,769,766,985,95
telemetry,09:54:18,,403,27.50,-37.80,-102.90,0,64,766,761,766,768,991,95
telemetry,09:54:19,,404,27.97,-5.42,-105.64,0,715,762,761,768,766,988,95
telemetry,09:54:19,,404,31.72,0.06,-105.67,0,551,761,762,768,766,988,95
telemetry,09:54:20,,405,27.50,0.00,-105.67,0,837,764,763,768,767,987,95
telemetry,09:54:20,,405,27.50,0.06,-105.70,0,559,764,765,767,768,987,95
telemetry,09:54:21,,406,28.44,0.12,-105.76,0,498,763,762,767,767,987,95
telemetry,09:54:21,,406,27.50,0.12,-105.82,0,388,764,763,768,767,987,95
telemetry,09:54:22,,407,27.50,0.60,-106.13,0,940,764,763,767,768,987,95
telemetry,09:54:22,,407,27.50,0.54,-105.86,0,768,765,764,767,768,989,95
telemetry,09:54:23,,408,27.97,0.12,-105.79,0,436,764,764,768,768,982,95
telemetry,09:54:23,,408,27.97,0.24,-105.92,0,51,765,764,767,768,880,95
telemetry,09:54:24,,409,27.50,0.12,-105.98,0,828,765,764,767,768,866,95
telemetry,09:54:24,,410,29.84,0.06,-106.01,0,310,765,765,767,768,866,95
telemetry,09:54:25,,410,37.80,0.48,-105.76,0,735,765,765,768,768,795,95
telemetry,09:54:25,,411,26.10,0.18,-105.86,0,440,765,765,768,768,764,95
telemetry,09:54:26,,411,27.97,0.42,-106.07,0,13,765,765,768,767,663,95
telemetry,09:54:26,,412,27.50,0.06,-106.10,0,549,764,765,769,767,662,95
telemetry,09:54:27,,412,28.44,0.06,-106.16,0,519,765,765,769,768,558,95
telemetry,09:54:27,,413,27.50,1.89,-105.21,0,858,765,765,769,769,592,95
telemetry,09:54:28,,413,28.91,0.12,-105.27,0,632,765,765,769,769,598,95
telemetry,09:54:28,,414,25.63,0.00,-105.27,0,433,764,765,769,769,598,95
telemetry,09:54:29,,414,27.50,0.12,-105.33,0,527,765,766,769,769,598,95
telemetry,09:54:29,,415,31.25,0.06,-105.36,0,222,765,765,769,769,598,95
telemetry,09:54:30,,415,27.97,0.06,-105.39,0,912,765,765,768,768,559,95
telemetry,09:54:30,,416,27.50,0.42,-105.61,0,556,765,760,768,769,547,95
telemetry,09:54:31,,416,27.50,0.36,-105.42,0,197,764,758,767,768,712,95
telemetry,09:54:31,,417,27.97,0.60,-105.12,0,490,763,748,767,769,672,95
telemetry,09:54:32,,417,28.44,2.31,-103.95,0,789,761,662,767,768,624,95
telemetry,09:54:32,,418,27.50,0.06,-103.92,0,752,762,748,767,768,697,95
telemetry,09:54:33,,418,28.44,0.91,-104.38,0,985,765,765,768,769,734,95
telemetry,09:54:33,,419,27.97,0.12,-104.44,0,196,765,764,768,768,771,95
telemetry,09:54:34,,419,28.91,0.06,-104.47,0,459,765,765,768,768,772,95
telemetry,09:54:34,,420,27.97,0.06,-104.50,0,83,764,765,768,768,772,95
telemetry,09:54:35,,420,27.97,0.06,-104.53,0,785,765,766,768,769,772,95
telemetry,09:54:35,,421,30.31,0.12,-104.59,0,624,764,766,769,768,773,95
telemetry,09:54:36,,421,27.97,0.30,-104.75,0,47,766,766,769,768,793,95
telemetry,09:54:36,,422,27.50,0.12,-104.78,0,896,766,767,769,769,817,95
telemetry,09:54:37,,422,28.91,0.06,-104.81,0,891,766,767,769,768,850,95
telemetry,09:54:37,,423,27.97,0.06,-104.84,0,89,766,766,769,768,849,95
telemetry,09:54:38,,423,30.31,0.54,-104.87,0,774,766,766,769,769,920,95
telemetry,09:54:38,,424,27.50,0.91,-105.33,0,962,765,766,768,769,986,95
telemetry,09:54:39,,424,28.44,-1.64,-106.16,0,422,765,766,769,769,988,95
telemetry,09:54:39,,425,27.50,0.73,-105.79,0,0,765,766,769,768,991,95
telemetry,09:54:40,,425,27.97,1.34,-105.12,0,694,764,766,768,768,991,95
telemetry,09:54:40,,426,28.91,0.06,-105.09,0,790,765,766,768,768,986,95
telemetry,09:54:41,,426,27.97,0.12,-105.15,0,135,765,766,769,768,991,95
telemetry,09:54:41,,427,27.97,0.06,-105.18,0,218,765,763,768,769,992,95
telemetry,09:54:42,,427,27.97,0.12,-105.24,0,492,764,764,768,768,990,95
telemetry,09:54:42,,428,25.63,0.06,-105.30,0,744,766,765,768,769,989,95
telemetry,09:54:43,,428,28.44,0.18,-105.39,0,958,764,765,768,768,993,95
telemetry,09:54:43,,429,28.44,0.06,-105.42,0,666,765,762,769,769,991,95
telemetry,09:54:44,,429,28.91,0.12,-105.49,0,899,764,766,768,768,991,95
telemetry,09:54:44,,430,26.57,0.06,-105.52,0,926,767,766,768,768,990,95
telemetry,09:54:45,,430,27.50,0.30,-105.67,0,471,767,766,768,768,902,95
telemetry,09:54:45,,431,31.72,0.54,-105.39,0,98,766,766,769,769,792,95
telemetry,09:54:46,,431,27.50,0.00,-105.33,0,442,765,765,768,769,599,95
telemetry,09:54:46,,432,27.50,-2.56,-106.62,0,639,765,761,768,769,522,95
telemetry,09:54:47,,432,28.44,0.18,-106.72,0,679,765,766,769,769,663,95
telemetry,09:54:47,,433,28.44,0.36,-106.90,0,823,765,764,769,769,716,95
telemetry,09:54:48,,433,27.50,0.12,-106.96,0,718,763,766,769,768,673,95
telemetry,09:54:48,,434,27.97,0.06,-106.99,0,602,764,766,768,768,673,95
telemetry,09:54:49,,434,27.50,0.06,-107.02,0,943,765,765,768,768,662,95
telemetry,09:54:49,,435,27.97,0.12,-107.09,0,44,766,763,768,769,662,95
telemetry,09:54:50,,435,33.59,0.12,-107.15,0,196,764,762,768,768,661,95
telemetry,09:54:50,,436,27.50,0.00,-107.15,0,320,765,761,768,768,678,95
telemetry,09:54:51,,436,28.44,0.67,-106.81,0,350,765,765,768,769,655,95
telemetry,09:54:51,,437,27.50,0.06,-106.84,0,291,763,764,768,769,693,95
telemetry,09:54:52,,437,30.31,0.18,-106.93,0,420,763,759,768,768,742,95
telemetry,09:54:52,,438,27.97,0.06,-106.99,0,731,763,751,768,768,779,95
telemetry,09:54:53,,438,27.50,0.12,-107.05,0,644,763,751,768,769,768,95
telemetry,09:54:53,,439,27.97,0.12,-107.12,0,21,763,758,768,768,768,95
telemetry,09:54:54,,439,27.50,0.00,-107.12,0,843,764,764,768,768,807,95
telemetry,09:54:54,,440,27.50,0.12,-107.18,0,437,764,764,768,768,806,95
telemetry,09:54:55,,440,27.97,0.00,-107.18,0,717,765,764,768,768,843,95
telemetry,09:54:56,,441,29.84,0.00,-107.18,0,169,765,765,768,768,842,95
telemetry,09:54:56,,441,27.50,0.06,-107.21,0,370,764,763,768,769,841,95
telemetry,09:54:57,,442,27.50,0.06,-107.24,0,785,766,766,768,768,938,95
telemetry,09:54:57,,442,27.50,0.12,-107.18,0,448,766,766,768,768,986,95
telemetry,09:54:58,,443,28.44,0.06,-107.15,0,98,766,766,768,768,988,95
telemetry,09:54:58,,443,28.91,0.12,-107.09,0,263,765,766,769,769,988,95
telemetry,09:54:59,,444,27.97,0.06,-107.12,0,48,766,765,768,769,989,95
telemetry,09:54:59,,444,27.97,0.12,-107.09,0,609,766,764,769,769,989,95
telemetry,09:55:00,,445,27.97,0.18,-107.18,0,571,765,765,768,768,913,95
telemetry,09:55:00,,445,28.44,0.06,-107.21,0,581,765,765,768,768,892,95
telemetry,09:55:01,,446,27.50,0.18,-107.18,0,101,765,764,768,768,878,95
telemetry,09:55:01,,446,29.84,0.06,-107.21,0,495,765,765,769,768,840,95
telemetry,09:55:02,,447,27.50,0.12,-107.27,0,87,765,764,768,768,855,95
telemetry,09:55:02,,447,28.44,0.06,-107.30,0,194,765,765,766,768,861,95
telemetry,09:55:03,,448,28.44,2.37,-106.10,0,93,765,765,765,768,764,95
telemetry,09:55:03,,448,28.44,0.06,-106.13,0,735,765,766,765,768,766,95
telemetry,09:55:04,,449,28.44,0.00,-106.13,0,476,765,765,768,768,715,95
telemetry,09:55:04,,449,27.50,0.06,-106.16,0,866,765,765,769,769,717,95
telemetry,09:55:05,,450,28.44,0.00,-106.16,0,149,765,762,769,769,718,95
telemetry,09:55:05,,450,28.44,0.06,-106.19,0,702,764,764,768,769,602,95
telemetry,09:55:06,,451,27.97,0.06,-106.16,0,667,764,761,769,769,557,93
telemetry,09:55:06,,451,28.44,0.12,-106.22,0,708,766,767,769,768,616,93
telemetry,09:55:07,,452,27.97,0.30,-106.38,0,635,766,767,769,769,696,93
telemetry,09:55:07,,452,27.03,0.42,-106.07,0,462,766,767,769,768,646,93
telemetry,09:55:08,,453,27.97,-1.64,-106.90,0,503,767,767,769,768,658,93
telemetry,09:55:08,,453,28.44,0.12,-106.84,0,407,766,768,769,768,695,93
telemetry,09:55:09,,454,28.44,0.06,-106.84,0,953,767,767,769,769,684,93
telemetry,09:55:09,,454,29.84,0.06,-106.87,0,476,766,767,769,768,683,93
telemetry,09:55:10,,455,27.03,0.12,-106.93,0,877,766,767,769,769,681,93
telemetry,09:55:10,,455,28.91,0.06,-106.90,0,525,767,767,769,769,724,93
telemetry,09:55:11,,456,27.97,0.06,-106.93,0,160,767,767,769,768,720,93
telemetry,09:55:11,,456,28.44,0.12,-106.99,0,760,767,768,769,769,718,93
telemetry,09:55:12,,457,28.44,0.12,-107.05,0,50,767,767,768,768,717,93
telemetry,09:55:12,,457,31.25,0.06,-107.09,0,714,767,767,769,769,717,93
telemetry,09:55:13,,458,28.44,0.36,-106.90,0,100,767,767,768,769,786,93
telemetry,09:55:13,,458,27.50,0.48,-107.15,0,772,766,767,769,768,854,93
telemetry,09:55:14,,459,27.50,0.30,-106.99,0,692,767,768,769,768,979,93
telemetry,09:55:14,,459,27.97,-5.12,-109.58,0,809,767,768,769,768,987,93
telemetry,09:55:15,,460,28.44,0.24,-109.48,0,607,766,767,769,768,989,93
telemetry,09:55:15,,460,27.03,0.06,-109.45,0,299,766,767,769,768,989,93
telemetry,09:55:16,,461,28.44,0.06,-109.48,0,938,766,767,769,769,988,93
telemetry,09:55:16,,461,27.50,0.12,-109.55,0,612,764,766,769,769,988,93
telemetry,09:55:17,,462,27.50,0.06,-109.58,0,626,765,765,769,769,987,93
telemetry,09:55:17,,462,28.44,0.12,-109.64,0,70,765,765,769,769,989,93
telemetry,09:55:18,,463,28.44,0.42,-109.85,0,710,765,765,769,769,991,93
telemetry,09:55:18,,463,27.97,0.06,-109.88,0,753,766,766,769,769,991,93
telemetry,09:55:19,,464,27.97,0.06,-109.92,0,511,765,765,769,768,990,93
telemetry,09:55:19,,464,27.03,0.06,-109.95,0,605,765,766,769,769,990,93
telemetry,09:55:20,,465,27.97,0.24,-110.07,0,97,765,766,769,768,986,93
telemetry,09:55:20,,465,28.44,0.12,-110.13,0,354,765,767,769,768,906,93
telemetry,09:55:21,,466,27.50,0.54,-109.95,0,331,765,767,769,769,825,93
telemetry,09:55:21,,467,29.37,0.36,-110.13,0,368,765,765,769,768,566,93
pc_command,09:55:21,CAPTURE,0,0.00,NA,NA,0,0,0,0,0,0,NA,93
pico_reply,09:55:22,ACK%2CCAPTURE,0,0.00,NA,NA,0,0,0,0,0,0,NA,93
camera,09:55:24,Camera%20image%20saved%3A%20camera_20260911_095524_622.bmp,0,0.00,NA,NA,0,0,0,0,0,0,NA,93
telemetry,09:55:24,,469,27.97,0.91,-107.47,0,614,766,767,769,769,682,93
telemetry,09:55:25,,470,27.50,0.42,-107.68,0,510,766,767,769,768,618,93
telemetry,09:55:25,,470,28.44,0.06,-107.71,0,972,766,766,769,768,617,93
telemetry,09:55:26,,471,27.50,0.12,-107.77,0,659,766,766,769,768,616,93
telemetry,09:55:26,,471,25.63,0.06,-107.80,0,634,766,767,769,769,615,93
telemetry,09:55:27,,472,27.97,0.06,-107.83,0,625,766,767,769,769,596,93
telemetry,09:55:27,,472,28.44,0.24,-107.71,0,785,764,766,769,769,578,93
telemetry,09:55:28,,473,28.91,0.12,-107.77,0,398,762,766,769,768,655,93
telemetry,09:55:28,,473,27.97,0.06,-107.80,0,555,764,765,769,769,654,93
telemetry,09:55:29,,474,27.97,1.76,-106.91,0,623,761,759,769,768,694,93
telemetry,09:55:29,,474,27.97,0.18,-106.82,0,357,188,215,766,766,711,93
telemetry,09:55:30,,475,27.97,1.89,-105.87,0,991,136,118,762,766,833,93
telemetry,09:55:30,,475,27.97,0.12,-105.80,0,384,346,504,768,768,942,93
telemetry,09:55:31,,476,27.97,1.40,-105.10,0,492,764,765,769,768,991,93
telemetry,09:55:31,,476,27.97,0.48,-104.85,0,988,694,765,769,767,989,93
telemetry,09:55:32,,477,28.44,7.92,-100.85,0,657,758,762,769,765,989,93
telemetry,09:55:32,,477,27.50,133.17,-33.68,0,799,762,762,769,762,990,93
telemetry,09:55:33,,478,28.44,43.84,-11.57,0,636,755,758,767,758,959,93
telemetry,09:55:33,,478,27.97,0.12,-11.63,0,550,769,761,765,769,960,93
telemetry,09:55:34,,479,27.03,0.06,-11.66,0,507,769,765,765,769,967,93
telemetry,09:55:34,,480,27.97,0.06,-11.69,0,819,769,766,766,769,978,93
telemetry,09:55:35,,480,27.97,0.12,-11.75,0,272,769,766,765,769,985,93
telemetry,09:55:35,,481,27.97,0.06,-11.78,0,804,769,765,765,769,988,93
pc_command,09:55:36,CAPTURE,0,0.00,NA,NA,0,0,0,0,0,0,NA,93
pico_reply,09:55:36,ACK%2CCAPTURE,0,0.00,NA,NA,0,0,0,0,0,0,NA,93
camera,09:55:37,Camera%20image%20saved%3A%20camera_20260911_095537_132.bmp,0,0.00,NA,NA,0,0,0,0,0,0,NA,93
telemetry,09:55:37,,482,27.97,0.30,-12.04,0,281,769,767,767,768,985,93
telemetry,09:55:37,,482,27.97,0.30,-11.89,0,246,769,766,765,769,968,93
telemetry,09:55:38,,483,27.97,0.42,-11.67,0,568,769,766,766,769,876,93
telemetry,09:55:38,,483,27.97,-1.15,-12.26,0,503,769,766,765,769,830,93
telemetry,09:55:39,,484,27.97,0.24,-12.62,0,302,769,766,766,769,562,93
telemetry,09:55:39,,484,27.97,0.00,-12.62,0,702,770,766,766,769,515,93
telemetry,09:55:40,,485,27.50,0.73,-12.26,0,342,769,765,765,769,619,93
telemetry,09:55:40,,485,27.50,0.12,-12.22,0,801,769,765,765,769,702,93
telemetry,09:55:41,,486,28.44,0.12,-12.16,0,959,769,765,765,769,638,93
telemetry,09:55:41,,486,28.44,0.12,-12.22,0,99,769,766,765,769,605,93
telemetry,09:55:42,,487,27.50,0.42,-12.32,0,291,769,766,765,769,582,93
telemetry,09:55:42,,487,27.97,0.12,-12.38,0,916,769,766,765,769,594,93
telemetry,09:55:43,,488,27.50,0.12,-12.44,0,224,769,766,765,769,593,93
telemetry,09:55:43,,488,28.44,0.12,-12.50,0,940,769,765,765,769,594,93
telemetry,09:55:44,,489,27.97,0.06,-12.53,0,973,769,765,765,769,593,93
telemetry,09:55:44,,489,27.97,1.28,-11.89,0,623,769,765,766,769,601,93
telemetry,09:55:45,,490,28.44,0.06,-11.86,0,60,769,766,766,769,670,93
telemetry,09:55:45,,491,28.44,0.06,-11.89,0,658,769,765,765,769,670,93
telemetry,09:55:46,,491,27.97,0.06,-11.92,0,102,769,765,766,769,670,93
telemetry,09:55:46,,492,28.44,0.06,-11.92,0,577,769,766,766,768,706,93
telemetry,09:55:47,,492,27.97,0.06,-11.95,0,737,769,765,766,769,704,93
telemetry,09:55:47,,493,27.97,-3.47,-13.70,0,118,769,764,765,769,672,93
telemetry,09:55:48,,493,27.50,0.60,-13.98,0,70,769,765,766,769,780,93
telemetry,09:55:48,,494,28.44,0.12,-14.04,0,792,769,766,765,769,902,93
telemetry,09:55:49,,494,27.50,0.06,-14.07,0,945,769,765,765,769,974,93
telemetry,09:55:49,,495,28.44,0.06,-14.04,0,883,769,766,765,769,989,93
telemetry,09:55:50,,495,27.97,0.36,-13.86,0,150,769,766,765,769,988,93
telemetry,09:55:50,,496,27.97,0.30,-14.01,0,935,769,766,765,769,987,93
telemetry,09:55:51,,496,27.50,0.06,-14.04,0,976,769,766,765,769,986,93
telemetry,09:55:51,,497,27.97,0.06,-14.07,0,926,769,766,766,769,986,93
telemetry,09:55:52,,497,27.97,0.06,-14.10,0,914,769,766,765,769,985,93
telemetry,09:55:52,,498,27.97,0.06,-14.13,0,900,769,766,765,769,985,93
telemetry,09:55:53,,498,27.03,0.12,-14.19,0,534,769,766,766,769,985,93
telemetry,09:55:53,,499,27.50,1.34,-13.52,0,456,769,765,765,769,984,93
telemetry,09:55:54,,499,27.97,0.06,-13.55,0,591,769,766,766,769,904,93
telemetry,09:55:54,,500,27.97,0.06,-13.58,0,620,769,766,765,769,898,93
telemetry,09:55:55,,500,27.97,0.06,-13.61,0,754,769,765,765,769,904,93
telemetry,09:55:55,,501,27.50,0.06,-13.64,0,365,769,765,766,769,907,93
telemetry,09:55:56,,501,27.50,0.12,-13.70,0,398,769,766,765,769,860,93
telemetry,09:55:56,,502,27.50,0.36,-13.52,0,516,769,765,765,769,810,93
telemetry,09:55:57,,502,28.44,0.06,-13.55,0,520,769,765,765,769,760,93
telemetry,09:55:57,,503,28.91,0.06,-13.58,0,293,769,764,765,769,759,93
telemetry,09:55:58,,503,27.50,0.18,-13.67,0,480,769,765,765,769,751,93
telemetry,09:55:58,,504,27.97,0.12,-13.73,0,4,769,764,765,768,777,93
telemetry,09:55:59,,504,27.50,0.06,-13.76,0,99,769,765,765,769,775,93
telemetry,09:55:59,,505,27.97,0.12,-13.82,0,757,769,765,765,769,690,93
telemetry,09:56:00,,505,27.97,0.54,-13.55,0,783,769,764,765,768,551,93
telemetry,09:56:00,,506,27.97,0.12,-13.61,0,865,769,765,765,769,544,93
telemetry,09:56:01,,506,28.91,0.54,-13.33,0,898,769,764,765,769,701,93
telemetry,09:56:01,,507,26.57,0.12,-13.39,0,746,769,765,765,769,675,93
telemetry,09:56:02,,507,27.97,0.24,-13.52,0,72,769,765,765,769,606,93
telemetry,09:56:02,,508,27.97,0.06,-13.55,0,389,769,764,765,769,701,93
telemetry,09:56:03,,508,27.97,0.06,-13.58,0,469,769,765,765,769,698,93
telemetry,09:56:03,,509,27.97,0.12,-13.58,0,786,769,764,765,769,671,93
telemetry,09:56:04,,509,27.97,0.06,-13.61,0,351,769,764,765,769,671,93
telemetry,09:56:04,,510,27.97,0.06,-13.64,0,90,769,765,765,769,671,92
telemetry,09:56:05,,510,27.50,0.06,-13.67,0,63,769,764,765,769,672,92
telemetry,09:56:05,,511,27.50,0.06,-13.70,0,394,769,765,766,769,671,92
telemetry,09:56:06,,511,27.97,0.12,-13.76,0,604,769,766,766,769,694,92
telemetry,09:56:06,,512,27.50,0.06,-13.79,0,450,769,766,766,769,694,92
telemetry,09:56:07,,512,27.97,0.06,-13.82,0,823,769,765,766,769,694,92
pc_command,09:56:07,50,0,0.00,NA,NA,0,0,0,0,0,0,NA,92
pico_reply,09:56:07,ACK%2CSET_VALUE%2C50,0,0.00,NA,NA,0,0,0,0,0,0,NA,92
telemetry,09:56:07,,513,27.03,1.09,-13.27,50,598,769,766,766,769,777,92
telemetry,09:56:08,,513,27.97,0.54,-12.99,50,582,769,767,767,769,684,92
telemetry,09:56:08,,514,27.97,1.15,-12.41,50,930,769,766,767,769,680,92
telemetry,09:56:09,,514,27.97,0.06,-12.38,50,250,769,766,766,769,782,92
telemetry,09:56:09,,515,27.50,0.54,-12.65,50,900,769,766,766,769,758,92
pc_command,09:56:09,75,0,0.00,NA,NA,0,0,0,0,0,0,NA,92
pico_reply,09:56:09,ACK%2CSET_VALUE%2C75,0,0.00,NA,NA,0,0,0,0,0,0,NA,92
telemetry,09:56:10,,515,28.44,0.97,-13.15,75,19,769,766,766,769,763,92
telemetry,09:56:10,,516,27.97,0.24,-13.02,75,94,769,766,766,769,789,92
telemetry,09:56:11,,516,27.97,-1.28,-13.67,75,507,769,766,765,769,845,92
telemetry,09:56:11,,517,27.50,0.67,-13.33,75,840,769,766,765,769,794,92
telemetry,09:56:12,,517,28.44,0.30,-13.18,75,455,769,766,765,769,883,92
telemetry,09:56:12,,518,27.50,0.67,-13.52,75,566,769,765,763,769,949,92
telemetry,09:56:13,,518,27.97,0.67,-13.18,75,264,769,766,764,769,904,92
telemetry,09:56:13,,519,27.97,0.54,-13.46,75,110,769,764,767,769,932,92
pc_command,09:56:13,100,0,0.00,NA,NA,0,0,0,0,0,0,NA,92
pico_reply,09:56:14,ACK%2CSET_VALUE%2C100,0,0.00,NA,NA,0,0,0,0,0,0,NA,92
telemetry,09:56:14,,519,27.97,0.30,-13.61,100,947,769,766,764,769,980,92
telemetry,09:56:14,,520,27.50,0.06,-13.58,100,627,769,766,764,769,984,92
telemetry,09:56:15,,520,27.97,0.48,-13.33,100,908,769,766,765,769,987,92
telemetry,09:56:16,,521,27.50,0.79,-13.73,100,533,769,766,766,769,988,92
telemetry,09:56:16,,521,27.97,0.60,-14.04,100,608,769,766,766,769,988,92
telemetry,09:56:16,,522,27.97,0.36,-14.22,100,359,769,766,766,769,986,92
telemetry,09:56:17,,522,27.50,0.85,-14.65,100,883,769,766,764,769,984,92
telemetry,09:56:18,,523,27.97,0.48,-14.41,100,844,769,765,761,769,987,92
telemetry,09:56:18,,523,27.97,-1.34,-15.09,100,359,769,765,760,769,982,92
telemetry,09:56:19,,524,27.50,0.12,-15.15,100,858,769,766,764,768,984,92
telemetry,09:56:19,,524,27.97,0.54,-15.42,100,946,769,766,764,769,986,92
telemetry,09:56:20,,525,27.50,0.18,-15.33,100,127,769,765,764,768,983,92
telemetry,09:56:20,,525,27.97,-1.58,-16.13,100,432,769,765,761,769,986,92
telemetry,09:56:21,,526,27.97,-1.03,-16.65,100,331,769,765,764,768,987,92
telemetry,09:56:21,,526,28.44,0.36,-16.47,100,214,769,765,764,768,986,92
telemetry,09:56:22,,527,27.50,0.36,-16.29,100,857,769,766,764,769,988,92
telemetry,09:56:22,,527,27.50,0.42,-16.07,100,350,769,765,764,768,986,92
telemetry,09:56:23,,528,27.97,0.60,-16.38,100,129,769,766,764,769,987,92
telemetry,09:56:23,,528,27.97,0.36,-16.56,100,818,769,766,764,769,986,92
telemetry,09:56:24,,529,27.97,0.00,-16.56,100,712,769,766,764,768,989,92
telemetry,09:56:24,,529,27.50,0.54,-16.29,100,572,769,766,764,768,990,92
telemetry,09:56:25,,530,27.97,0.73,-15.92,100,341,769,766,764,768,990,92
telemetry,09:56:25,,530,27.97,0.12,-15.85,100,354,769,766,764,769,990,92
telemetry,09:56:26,,531,27.97,0.54,-16.13,100,969,769,766,765,768,986,92
telemetry,09:56:26,,531,27.50,0.60,-15.82,100,197,769,766,765,768,988,92
telemetry,09:56:27,,532,27.50,-1.09,-16.25,100,675,769,766,766,768,976,92
telemetry,09:56:27,,532,27.50,0.18,-16.16,100,494,769,766,765,768,970,92
telemetry,09:56:28,,533,28.44,-1.52,-16.93,100,467,769,767,766,769,984,92
telemetry,09:56:28,,533,28.44,0.79,-16.53,100,857,769,767,766,769,983,92
telemetry,09:56:29,,534,27.03,0.36,-16.72,100,983,769,767,766,769,972,92
telemetry,09:56:29,,534,28.44,-1.09,-17.27,100,99,769,767,766,769,964,92
telemetry,09:56:30,,535,28.44,0.73,-18.07,100,619,769,767,766,769,927,92
telemetry,09:56:30,,535,27.97,0.85,-17.64,100,16,769,767,766,769,919,92
telemetry,09:56:31,,536,27.97,1.09,-17.08,100,313,769,767,766,769,850,92
telemetry,09:56:31,,536,26.57,1.28,-16.56,100,392,769,767,766,769,853,92
telemetry,09:56:32,,537,28.44,0.48,-16.32,100,41,769,767,765,768,817,92
telemetry,09:56:32,,537,27.97,-1.76,-17.21,100,777,769,767,766,768,798,92
telemetry,09:56:33,,538,28.44,0.12,-17.27,100,586,769,767,766,768,729,92
telemetry,09:56:33,,538,27.50,0.48,-17.02,100,927,769,767,766,768,768,92
telemetry,09:56:34,,539,27.97,0.97,-16.53,100,673,769,767,766,769,733,92
telemetry,09:56:34,,539,27.97,-1.15,-17.12,100,131,769,767,765,768,672,92
telemetry,09:56:35,,540,28.91,1.34,-16.44,100,131,769,767,764,769,594,92
telemetry,09:56:35,,540,27.97,0.42,-16.65,100,671,769,767,757,768,587,92
telemetry,09:56:36,,541,27.97,0.54,-16.93,100,624,769,767,763,769,541,92
telemetry,09:56:36,,541,27.97,0.79,-16.53,100,66,769,767,764,769,587,92
telemetry,09:56:37,,542,27.50,-2.92,-18.01,100,36,769,767,765,769,568,92
telemetry,09:56:37,,542,27.97,0.18,-17.92,100,347,769,767,766,768,529,92
telemetry,09:56:38,,543,27.50,0.18,-18.01,100,784,769,767,766,769,526,92
telemetry,09:56:38,,543,27.97,0.79,-18.07,100,907,769,767,766,768,503,92
telemetry,09:56:39,,544,28.91,0.73,-17.70,100,901,769,767,766,769,504,92
telemetry,09:56:39,,544,27.97,0.60,-18.01,100,206,769,767,766,769,519,92
telemetry,09:56:40,,545,28.44,0.24,-17.52,100,675,769,767,766,768,607,92
telemetry,09:56:40,,545,27.50,-1.64,-18.35,100,665,769,767,766,768,613,92
telemetry,09:56:41,,546,28.44,1.34,-17.67,100,134,769,767,766,768,654,92
telemetry,09:56:41,,546,27.50,0.85,-17.70,100,653,769,767,766,769,660,92
telemetry,09:56:42,,547,28.44,0.54,-17.42,100,26,769,767,766,768,701,92
telemetry,09:56:42,,548,28.91,0.60,-17.73,100,18,769,767,766,769,714,92
telemetry,09:56:43,,548,28.44,0.67,-18.10,100,143,769,767,766,769,663,92
telemetry,09:56:43,,549,27.97,0.79,-17.70,100,173,769,767,765,768,681,92
telemetry,09:56:44,,549,28.91,0.12,-17.76,100,198,769,767,766,768,648,92
telemetry,09:56:44,,550,27.97,0.85,-17.39,100,511,769,767,766,768,637,92
telemetry,09:56:45,,550,27.97,0.30,-17.55,100,312,769,767,765,768,591,92
telemetry,09:56:45,,551,27.97,0.79,-17.95,100,590,769,767,766,768,595,92
telemetry,09:56:46,,551,27.97,0.12,-17.79,100,625,769,766,765,768,607,92
telemetry,09:56:46,,552,27.97,-1.21,-18.41,100,24,769,766,765,768,676,92
telemetry,09:56:47,,552,29.84,0.73,-18.04,100,653,769,767,765,768,713,92
telemetry,09:56:47,,553,28.44,0.30,-18.19,100,879,769,767,766,768,678,92
telemetry,09:56:48,,553,27.97,0.60,-17.88,100,23,769,767,766,768,675,92
telemetry,09:56:48,,554,28.44,-2.07,-18.93,100,885,769,767,766,768,688,92
telemetry,09:56:49,,554,27.97,1.76,-18.04,100,60,769,767,766,768,688,92
telemetry,09:56:49,,555,27.97,0.85,-18.47,100,545,769,767,764,768,701,92
telemetry,09:56:50,,555,27.97,0.97,-18.96,100,426,769,767,765,768,687,92
telemetry,09:56:50,,556,27.97,0.54,-19.24,100,367,769,767,765,768,684,92
telemetry,09:56:51,,556,27.97,0.48,-19.48,100,834,769,767,766,768,681,92
telemetry,09:56:51,,557,28.91,0.48,-19.24,100,889,769,767,766,768,690,92
telemetry,09:56:52,,557,27.97,0.73,-18.87,100,55,769,767,766,768,704,92
telemetry,09:56:52,,558,27.97,-1.03,-19.39,100,239,769,767,766,769,697,92
telemetry,09:56:53,,558,27.97,0.48,-19.64,100,26,769,767,767,769,736,92
telemetry,09:56:53,,559,27.97,0.79,-20.04,100,318,769,766,766,768,775,92
pc_command,09:56:54,0,0,0.00,NA,NA,0,0,0,0,0,0,NA,92
pico_reply,09:56:54,ACK%2CSET_VALUE%2C0,0,0.00,NA,NA,0,0,0,0,0,0,NA,92
telemetry,09:56:54,,559,27.50,0.24,-20.16,0,474,769,766,767,769,775,92
telemetry,09:56:54,,560,27.97,-2.31,-21.33,0,276,769,767,765,769,796,92
telemetry,09:56:55,,560,28.44,0.06,-21.36,0,886,769,767,766,769,941,92
telemetry,09:56:55,,561,27.97,0.06,-21.39,0,345,769,767,766,769,943,92
telemetry,09:56:56,,561,27.97,0.06,-21.42,0,500,769,767,766,768,947,92
telemetry,09:56:56,,562,27.03,0.06,-21.45,0,369,769,767,766,769,951,92
telemetry,09:56:57,,562,27.97,0.12,-21.51,0,974,769,767,766,768,957,92
telemetry,09:56:57,,563,27.97,0.12,-21.58,0,917,769,767,766,769,965,92
telemetry,09:56:58,,563,27.97,0.12,-21.64,0,711,769,767,766,768,974,92
telemetry,09:56:58,,564,27.50,0.06,-21.67,0,316,769,767,766,769,981,92
telemetry,09:56:59,,564,27.97,0.12,-21.73,0,250,769,767,765,769,986,92
telemetry,09:56:59,,565,27.50,0.06,-21.76,0,617,769,767,765,769,988,92
telemetry,09:57:00,,565,28.44,0.00,-21.76,0,711,769,767,765,769,990,92
telemetry,09:57:00,,566,27.97,0.06,-21.79,0,925,769,767,765,769,989,92
telemetry,09:57:01,,566,27.97,0.06,-21.82,0,304,769,767,765,768,989,92
telemetry,09:57:01,,567,27.50,0.06,-21.85,0,747,769,767,766,769,989,92
telemetry,09:57:02,,567,27.97,0.06,-21.88,0,605,769,767,766,768,989,92
telemetry,09:57:02,,568,27.97,0.12,-21.94,0,654,769,767,766,768,989,92
telemetry,09:57:03,,568,28.44,0.06,-21.98,0,216,769,767,766,769,989,92
telemetry,09:57:03,,569,27.97,0.06,-22.01,0,310,769,767,766,768,989,92
telemetry,09:57:04,,569,27.50,0.12,-22.07,0,550,769,767,766,768,990,92
telemetry,09:57:04,,570,27.97,0.12,-22.13,0,195,769,767,766,768,989,92
telemetry,09:57:05,,570,27.97,0.06,-22.16,0,597,769,767,766,769,989,92
telemetry,09:57:05,,571,27.03,0.06,-22.19,0,359,769,767,766,769,990,92
telemetry,09:57:06,,571,27.97,0.06,-22.22,0,937,769,767,766,769,989,92
telemetry,09:57:06,,572,27.97,0.06,-22.25,0,514,769,767,766,768,990,92
telemetry,09:57:07,,572,27.97,0.12,-22.31,0,476,769,767,766,769,988,92
telemetry,09:57:07,,573,27.50,0.06,-22.34,0,710,769,767,766,769,989,92
telemetry,09:57:08,,573,28.91,0.06,-22.38,0,265,769,767,766,768,989,92
telemetry,09:57:08,,574,28.44,0.12,-22.44,0,272,769,766,766,769,989,92
telemetry,09:57:09,,574,27.50,0.06,-22.47,0,966,769,767,766,769,989,92
telemetry,09:57:09,,575,28.91,0.12,-22.53,0,480,769,767,766,769,988,92
telemetry,09:57:10,,575,27.50,0.12,-22.59,0,634,769,766,766,768,989,92
telemetry,09:57:10,,576,27.97,0.12,-22.65,0,831,769,767,765,769,989,92
telemetry,09:57:11,,576,28.44,0.18,-22.74,0,370,769,766,766,768,990,92
telemetry,09:57:12,,577,28.91,0.12,-22.81,0,685,769,767,766,769,990,92
telemetry,09:57:12,,577,27.97,0.06,-22.84,0,735,769,766,765,768,989,90
telemetry,09:57:12,,578,27.97,0.06,-22.87,0,379,769,767,766,769,989,90
telemetry,09:57:13,,578,27.50,0.12,-22.93,0,444,769,766,766,769,989,90
telemetry,09:57:14,,579,28.44,0.06,-22.96,0,453,769,767,765,769,989,90
telemetry,09:57:14,,579,27.97,0.06,-22.99,0,365,769,767,766,769,989,90
telemetry,09:57:15,,580,28.91,0.12,-23.05,0,599,769,767,766,769,989,90
telemetry,09:57:15,,580,27.97,0.18,-22.96,0,93,769,767,766,769,989,90
telemetry,09:57:16,,581,27.97,0.06,-22.99,0,585,769,767,766,769,989,90
telemetry,09:57:16,,581,28.44,0.06,-23.02,0,701,769,767,766,769,989,90
telemetry,09:57:17,,582,27.97,0.06,-23.05,0,952,769,767,766,769,988,90
telemetry,09:57:17,,582,27.97,0.06,-23.08,0,217,769,767,766,768,989,90
telemetry,09:57:18,,583,27.97,0.06,-23.11,0,825,769,767,766,768,989,90
telemetry,09:57:18,,583,27.97,0.12,-23.17,0,348,769,767,766,769,989,90
telemetry,09:57:19,,584,27.97,0.12,-23.24,0,993,769,767,766,768,989,90
telemetry,09:57:19,,584,28.44,0.06,-23.27,0,182,769,767,766,769,989,90
telemetry,09:57:20,,585,28.44,0.12,-23.33,0,740,769,767,766,768,989,90
telemetry,09:57:20,,585,27.97,0.06,-23.36,0,883,769,767,766,769,989,90
telemetry,09:57:21,,586,27.97,0.06,-23.39,0,49,769,767,766,768,988,90
telemetry,09:57:21,,586,27.50,0.12,-23.45,0,152,769,766,766,768,989,90
telemetry,09:57:22,,587,28.44,0.06,-23.48,0,537,769,767,766,768,989,90
telemetry,09:57:22,,587,28.44,0.06,-23.51,0,25,769,767,765,768,988,90
telemetry,09:57:23,,588,28.44,0.06,-23.54,0,815,769,767,766,769,989,90
telemetry,09:57:23,,588,27.50,0.06,-23.57,0,228,769,766,764,769,989,90
telemetry,09:57:24,,589,27.50,0.06,-23.61,0,461,769,767,766,769,989,90
telemetry,09:57:24,,589,27.50,0.12,-23.67,0,238,769,767,765,769,989,90
telemetry,09:57:25,,590,27.97,0.06,-23.70,0,713,769,767,765,769,989,90
telemetry,09:57:25,,590,27.97,0.24,-23.82,0,225,769,767,765,769,989,90
telemetry,09:57:26,,591,27.50,0.12,-23.88,0,434,769,767,765,769,989,89
telemetry,09:57:26,,591,27.50,0.12,-23.94,0,486,769,767,765,769,989,89
telemetry,09:57:27,,592,28.91,0.06,-23.97,0,860,769,766,765,769,989,89
telemetry,09:57:27,,592,26.57,0.06,-24.01,0,44,769,767,765,769,989,89
telemetry,09:57:28,,593,28.44,0.06,-24.04,0,773,769,766,765,768,989,89
telemetry,09:57:28,,593,27.97,0.12,-24.10,0,222,769,767,765,769,988,89
telemetry,09:57:29,,594,27.97,0.12,-24.16,0,580,769,767,765,769,989,89
telemetry,09:57:29,,594,27.50,0.12,-24.22,0,164,769,767,765,769,989,89
telemetry,09:57:30,,595,27.97,0.12,-24.28,0,265,769,767,765,769,989,89
telemetry,09:57:30,,595,27.97,0.06,-24.31,0,219,769,766,766,768,989,89
telemetry,09:57:31,,596,27.97,0.06,-24.34,0,846,769,767,766,769,989,89
telemetry,09:57:31,,596,27.50,0.06,-24.37,0,652,769,767,766,769,989,89
telemetry,09:57:32,,597,28.44,0.00,-24.37,0,735,769,767,766,769,989,89
telemetry,09:57:32,,597,27.97,0.06,-24.41,0,204,769,767,766,769,989,89
telemetry,09:57:33,,598,28.44,0.06,-24.44,0,185,769,766,766,769,988,89
telemetry,09:57:33,,598,28.44,0.06,-24.47,0,678,769,765,766,769,988,89
telemetry,09:57:34,,599,27.97,0.12,-24.53,0,731,769,766,766,769,989,89
telemetry,09:57:34,,599,27.97,0.12,-24.59,0,778,769,766,766,769,989,89
telemetry,09:57:35,,600,28.44,0.06,-24.62,0,160,769,765,765,769,989,89
telemetry,09:57:35,,600,27.97,0.12,-24.68,0,341,769,766,765,769,988,89
telemetry,09:57:36,,601,28.44,0.06,-24.71,0,976,769,766,766,769,989,89
telemetry,09:57:36,,601,28.44,0.12,-24.77,0,231,769,767,767,769,989,89
telemetry,09:57:37,,602,27.97,0.06,-24.80,0,89,769,767,766,769,989,89
telemetry,09:57:37,,602,28.44,0.12,-24.87,0,555,769,766,766,769,989,89
telemetry,09:57:38,,603,27.97,0.12,-24.93,0,706,769,766,766,769,988,89
telemetry,09:57:38,,603,27.97,0.06,-24.96,0,154,769,766,766,769,989,89
telemetry,09:57:39,,604,27.97,0.12,-25.02,0,127,769,766,766,769,988,89
telemetry,09:57:39,,605,28.44,0.18,-25.11,0,57,769,766,767,769,989,89
telemetry,09:57:40,,605,27.50,0.06,-25.14,0,513,769,767,765,769,988,89
telemetry,09:57:40,,606,27.97,0.06,-25.17,0,992,769,766,763,769,989,89
telemetry,09:57:41,,606,27.97,0.06,-25.20,0,139,769,767,765,769,988,89
telemetry,09:57:41,,607,27.97,0.06,-25.24,0,867,769,767,766,769,989,89
telemetry,09:57:42,,607,28.44,0.12,-25.30,0,960,769,767,766,769,989,89
telemetry,09:57:42,,608,27.97,0.18,-25.39,0,818,768,766,766,769,989,89
telemetry,09:57:43,,608,27.03,0.12,-25.45,0,133,769,767,766,769,988,89
telemetry,09:57:43,,609,27.97,0.18,-25.54,0,966,769,767,766,769,989,89
telemetry,09:57:44,,609,27.97,0.06,-25.57,0,903,769,767,766,769,989,89
telemetry,09:57:44,,610,27.97,0.06,-25.60,0,618,769,767,766,769,988,89
telemetry,09:57:45,,610,27.97,0.06,-25.64,0,220,769,767,766,769,989,89
telemetry,09:57:45,,611,28.44,0.06,-25.67,0,919,769,767,766,769,989,89
telemetry,09:57:46,,611,27.97,0.06,-25.70,0,441,769,767,766,769,987,89
telemetry,09:57:46,,612,27.97,0.06,-25.73,0,893,769,767,766,769,989,89
telemetry,09:57:47,,612,28.44,0.06,-25.76,0,136,769,767,766,769,988,89
telemetry,09:57:47,,613,28.44,0.12,-25.79,0,497,769,767,766,769,989,89
telemetry,09:57:48,,613,27.03,0.12,-25.85,0,963,769,768,767,769,988,89
telemetry,09:57:48,,614,27.97,0.00,-25.85,0,55,769,767,766,769,989,89
telemetry,09:57:49,,614,27.97,0.12,-25.91,0,233,769,767,766,769,989,89
telemetry,09:57:49,,615,27.97,0.06,-25.94,0,585,769,768,767,769,989,89
telemetry,09:57:50,,615,27.97,0.12,-26.00,0,608,769,766,767,769,989,89
telemetry,09:57:50,,616,28.44,0.12,-26.04,0,172,769,767,767,769,988,89
telemetry,09:57:51,,616,27.50,0.06,-26.07,0,694,769,766,767,769,988,89
telemetry,09:57:51,,617,27.50,0.06,-26.10,0,562,769,766,767,770,989,89
telemetry,09:57:52,,617,27.97,0.12,-26.16,0,778,769,767,767,769,989,89
pc_command,09:57:52,100,0,0.00,NA,NA,0,0,0,0,0,0,NA,89
pico_reply,09:57:52,ACK%2CSET_VALUE%2C100,0,0.00,NA,NA,0,0,0,0,0,0,NA,89
telemetry,09:57:52,,618,27.50,0.12,-26.22,100,88,769,767,767,769,990,89
telemetry,09:57:53,,618,27.50,0.60,-25.91,100,423,769,767,767,769,986,89
telemetry,09:57:53,,619,27.97,0.18,-26.00,100,675,769,767,767,769,985,89
telemetry,09:57:54,,619,27.97,0.36,-26.19,100,220,769,768,767,769,986,89
telemetry,09:57:54,,620,27.97,0.73,-26.56,100,681,769,768,767,769,984,89
telemetry,09:57:55,,620,28.91,0.97,-27.05,100,196,769,768,767,769,986,89
telemetry,09:57:55,,621,27.97,0.12,-27.11,100,643,769,767,767,769,988,89
telemetry,09:57:56,,621,28.44,0.60,-27.42,100,973,769,767,767,769,985,89
telemetry,09:57:56,,622,28.44,0.06,-27.39,100,559,769,768,767,769,988,89
telemetry,09:57:57,,622,27.97,0.18,-27.48,100,66,769,767,767,769,989,89
telemetry,09:57:57,,623,27.50,0.79,-27.08,100,427,769,767,767,769,988,89
telemetry,09:57:58,,623,27.97,-1.34,-27.76,100,314,769,767,767,769,990,89
telemetry,09:57:58,,624,27.03,-1.46,-28.50,100,703,769,766,766,769,988,89
telemetry,09:57:59,,624,28.44,-1.40,-29.20,100,411,769,765,766,769,991,89
telemetry,09:57:59,,625,27.97,0.79,-28.80,100,922,769,764,766,769,988,89
telemetry,09:58:00,,625,28.44,0.48,-29.05,100,941,769,764,767,769,978,89
telemetry,09:58:00,,626,27.97,0.54,-29.33,100,575,769,764,766,769,979,89
telemetry,09:58:01,,626,26.57,0.18,-29.23,100,724,769,765,766,769,985,89
telemetry,09:58:01,,627,27.97,0.06,-29.26,100,791,769,765,767,769,976,89
telemetry,09:58:02,,627,27.97,0.67,-29.60,100,49,769,764,766,769,974,89
telemetry,09:58:02,,628,27.97,0.06,-29.63,100,840,769,764,767,769,986,89
telemetry,09:58:03,,628,28.44,0.18,-29.73,100,212,769,764,766,769,989,89
telemetry,09:58:03,,629,27.97,0.06,-29.76,100,853,769,764,767,769,986,89
telemetry,09:58:04,,629,27.97,0.24,-29.63,100,849,769,765,766,769,991,89
telemetry,09:58:04,,630,28.44,0.42,-29.85,100,69,769,764,765,769,991,89
telemetry,09:58:05,,630,27.97,0.79,-30.25,100,645,769,764,761,769,986,89
telemetry,09:58:05,,631,27.97,0.24,-30.37,100,186,769,763,760,769,989,89
telemetry,09:58:06,,631,28.44,0.48,-30.62,100,511,769,764,763,768,990,89
telemetry,09:58:06,,632,27.50,-1.46,-31.36,100,583,769,764,766,769,991,89
telemetry,09:58:07,,632,28.44,0.79,-31.76,100,539,769,765,765,769,989,89
telemetry,09:58:07,,633,27.97,0.42,-31.97,100,274,769,765,766,769,991,89
telemetry,09:58:08,,633,28.44,0.42,-32.19,100,892,769,764,765,768,991,89
pc_command,09:58:08,0,0,0.00,NA,NA,0,0,0,0,0,0,NA,89
telemetry,09:58:08,,634,28.44,0.24,-32.06,100,802,769,765,767,769,983,89
pico_reply,09:58:08,ACK%2CSET_VALUE%2C0,0,0.00,NA,NA,0,0,0,0,0,0,NA,89
telemetry,09:58:09,,634,28.44,0.79,-31.66,0,736,769,765,767,769,980,89
telemetry,09:58:10,,635,27.97,0.12,-31.60,0,824,769,765,765,769,986,89
telemetry,09:58:10,,635,28.91,0.12,-31.66,0,302,769,765,765,769,990,89
telemetry,09:58:11,,636,27.97,0.06,-31.69,0,960,768,765,765,769,990,89
telemetry,09:58:11,,636,28.44,0.06,-31.72,0,359,769,765,766,769,989,89
telemetry,09:58:12,,637,28.91,0.00,-31.72,0,891,769,765,765,769,988,89
pc_command,09:58:12,101,0,0.00,NA,NA,0,0,0,0,0,0,NA,89
pico_reply,09:58:12,ERROR%2CINVALID_SPEED%2C-100_TO_100,0,0.00,NA,NA,0,0,0,0,0,0,NA,89
telemetry,09:58:12,,637,27.97,0.06,-31.76,0,658,769,765,765,769,987,89
telemetry,09:58:13,,638,27.97,0.06,-31.79,0,711,769,765,765,769,986,89
telemetry,09:58:13,,638,27.50,0.06,-31.82,0,228,769,765,765,769,988,89
telemetry,09:58:14,,639,28.44,0.12,-31.88,0,565,769,765,765,769,986,89
telemetry,09:58:14,,639,28.44,0.12,-31.94,0,763,769,765,765,769,987,89
telemetry,09:58:15,,640,27.03,0.12,-32.00,0,673,769,764,759,769,986,89
telemetry,09:58:15,,640,27.97,0.12,-32.06,0,633,769,765,764,769,987,89
pc_command,09:58:15,100,0,0.00,NA,NA,0,0,0,0,0,0,NA,89
pico_reply,09:58:15,ACK%2CSET_VALUE%2C100,0,0.00,NA,NA,0,0,0,0,0,0,NA,89
telemetry,09:58:16,,641,27.97,-1.58,-32.86,100,934,769,765,762,769,987,89
telemetry,09:58:16,,641,28.91,-1.40,-32.93,100,864,769,763,761,769,962,89
telemetry,09:58:17,,642,27.97,1.89,-31.97,100,513,769,764,757,769,912,89
telemetry,09:58:17,,642,27.97,0.12,-31.91,100,838,769,764,763,769,960,89
telemetry,09:58:18,,643,28.44,0.24,-31.94,100,867,769,764,760,769,980,89
telemetry,09:58:18,,643,28.44,0.24,-32.06,100,145,769,764,764,769,961,89
telemetry,09:58:19,,644,28.44,0.48,-32.31,100,309,769,764,765,769,974,89
telemetry,09:58:19,,644,27.97,0.54,-31.91,100,19,769,765,766,769,989,89
telemetry,09:58:20,,645,27.97,0.60,-32.22,100,49,769,766,765,769,988,89
telemetry,09:58:20,,645,27.97,0.54,-32.50,100,782,769,765,765,769,982,89
telemetry,09:58:21,,646,28.44,0.60,-32.86,100,397,769,765,765,769,988,89
telemetry,09:58:21,,646,28.44,0.18,-32.96,100,223,769,765,765,769,988,89
telemetry,09:58:22,,647,27.97,0.00,-32.96,100,341,769,765,539,768,979,89
telemetry,09:58:22,,647,28.44,0.06,-33.26,100,846,769,766,765,769,989,89
telemetry,09:58:23,,648,27.97,0.85,-33.70,100,337,769,765,763,769,986,89
telemetry,09:58:23,,648,27.50,0.12,-33.63,100,260,769,765,763,769,991,89
telemetry,09:58:24,,649,28.91,0.30,-33.30,100,210,769,764,765,769,990,89
telemetry,09:58:24,,649,27.97,0.30,-33.14,100,16,769,765,764,769,986,89
telemetry,09:58:25,,650,28.44,0.18,-33.23,100,985,769,765,764,769,988,89
telemetry,09:58:25,,650,27.03,0.00,-33.02,100,288,769,765,764,769,989,89
telemetry,09:58:26,,651,30.31,0.30,-33.17,100,790,769,766,765,769,987,89
telemetry,09:58:26,,651,27.97,0.79,-32.77,100,768,769,765,765,769,984,89
telemetry,09:58:27,,652,28.44,0.79,-33.05,100,489,769,765,765,769,984,89
telemetry,09:58:27,,652,28.44,0.73,-33.42,100,130,769,765,765,769,985,89
pc_command,09:58:27,0,0,0.00,NA,NA,0,0,0,0,0,0,NA,89
pico_reply,09:58:27,ACK%2CSET_VALUE%2C0,0,0.00,NA,NA,0,0,0,0,0,0,NA,89
telemetry,09:58:28,,653,27.50,0.24,-33.29,0,842,769,765,765,768,985,89
telemetry,09:58:28,,653,28.91,0.18,-33.20,0,333,769,765,766,769,987,89
telemetry,09:58:29,,654,28.44,0.12,-33.26,0,524,769,764,764,769,665,89
telemetry,09:58:29,,654,27.97,0.06,-33.33,0,109,769,765,763,769,665,89
telemetry,09:58:30,,655,27.97,0.06,-33.36,0,399,769,766,766,769,665,89
telemetry,09:58:30,,655,28.91,0.06,-33.39,0,49,769,765,765,769,665,89
telemetry,09:58:31,,656,28.44,0.12,-33.42,0,79,769,767,766,769,665,89
telemetry,09:58:31,,656,28.44,0.12,-33.48,0,718,769,766,767,769,665,89
telemetry,09:58:32,,657,27.97,0.12,-33.54,0,223,769,766,767,769,665,89
telemetry,09:58:32,,657,27.97,0.06,-33.57,0,312,769,765,767,769,665,89
telemetry,09:58:33,,658,27.97,0.06,-33.60,0,330,769,765,767,769,665,89
telemetry,09:58:33,,658,27.97,0.12,-33.66,0,738,769,766,767,769,664,89
telemetry,09:58:34,,659,28.44,0.12,-33.73,0,579,769,766,767,769,665,89
telemetry,09:58:34,,659,28.91,0.06,-33.76,0,943,769,766,767,769,665,89
telemetry,09:58:35,,660,30.78,0.06,-33.79,0,11,769,766,767,769,665,89
telemetry,09:58:35,,661,30.31,0.12,-33.85,0,381,769,766,767,769,665,89
telemetry,09:58:36,,661,28.44,0.06,-33.88,0,847,769,766,767,769,665,89
telemetry,09:58:36,,662,29.37,0.06,-33.91,0,884,769,766,767,769,665,89
telemetry,09:58:37,,662,27.97,0.12,-33.97,0,41,769,766,767,769,665,89
telemetry,09:58:37,,663,28.44,0.12,-34.03,0,944,769,766,766,769,665,89
telemetry,09:58:38,,663,28.44,0.06,-34.06,0,121,769,766,767,769,665,89
pc_command,09:58:38,CAPTURE,0,0.00,NA,NA,0,0,0,0,0,0,NA,89
pico_reply,09:58:38,ACK%2CCAPTURE,0,0.00,NA,NA,0,0,0,0,0,0,NA,89
camera,09:58:39,Camera%20image%20saved%3A%20camera_20260911_095839_633.bmp,0,0.00,NA,NA,0,0,0,0,0,0,NA,89
telemetry,09:58:39,,664,28.91,0.06,-34.15,0,262,769,766,767,768,665,89
telemetry,09:58:40,,665,27.50,0.06,-34.18,0,354,769,766,767,769,665,89
telemetry,09:58:40,,665,28.44,0.12,-34.24,0,382,769,766,767,769,665,89
pc_command,09:58:40,CAPTURE,0,0.00,NA,NA,0,0,0,0,0,0,NA,89
pico_reply,09:58:40,ACK%2CCAPTURE,0,0.00,NA,NA,0,0,0,0,0,0,NA,89
camera,09:58:41,Camera%20image%20saved%3A%20camera_20260911_095841_932.bmp,0,0.00,NA,NA,0,0,0,0,0,0,NA,89
telemetry,09:58:42,,667,27.97,0.12,-34.40,0,292,769,766,766,769,665,89
telemetry,09:58:42,,667,27.50,0.18,-34.49,0,724,769,765,766,769,665,89
telemetry,09:58:42,,668,27.50,0.12,-34.55,0,92,769,765,764,769,665,89
telemetry,09:58:43,,668,67.77,0.06,-34.58,0,584,769,765,763,769,665,89
telemetry,09:58:43,,669,28.44,0.06,-34.61,0,619,769,765,764,769,665,89
telemetry,09:58:44,,669,27.97,0.06,-34.64,0,518,769,766,766,769,666,89
telemetry,09:58:44,,670,27.50,0.06,-34.67,0,201,769,766,766,769,665,89
pc_command,09:58:44,CAPTURE,0,0.00,NA,NA,0,0,0,0,0,0,NA,89
pico_reply,09:58:44,ACK%2CCAPTURE,0,0.00,NA,NA,0,0,0,0,0,0,NA,89
camera,09:58:46,Camera%20image%20saved%3A%20camera_20260911_095846_029.bmp,0,0.00,NA,NA,0,0,0,0,0,0,NA,89
telemetry,09:58:46,,671,28.44,0.06,-34.74,0,177,769,766,767,769,665,89
telemetry,09:58:46,,671,28.44,0.12,-34.80,0,38,769,766,767,769,666,89
telemetry,09:58:46,,672,27.97,0.12,-34.86,0,164,769,766,767,769,665,89
telemetry,09:58:47,,672,27.03,0.00,-34.86,0,230,769,766,767,769,665,89
telemetry,09:58:48,,673,28.44,0.00,-34.86,0,892,769,766,767,769,665,89
telemetry,09:58:48,,673,28.44,0.06,-34.89,0,240,769,766,767,769,665,89
telemetry,09:58:49,,674,27.03,0.12,-34.95,0,148,769,766,767,769,665,89
telemetry,09:58:49,,674,28.44,0.06,-34.98,0,679,769,766,767,769,665,89
telemetry,09:58:50,,675,27.50,0.06,-35.01,0,924,769,766,767,769,665,89
telemetry,09:58:50,,675,28.44,0.06,-35.05,0,938,769,766,767,769,666,89
telemetry,09:58:51,,676,28.44,0.06,-35.08,0,528,769,765,766,768,665,89
telemetry,09:58:51,,676,29.37,0.06,-35.11,0,776,769,766,766,768,665,89
telemetry,09:58:52,,677,27.97,0.06,-35.14,0,21,769,766,767,768,665,89
telemetry,09:58:52,,677,28.44,0.12,-35.20,0,793,769,766,767,769,665,89
telemetry,09:58:53,,678,27.03,0.12,-35.26,0,345,769,765,767,769,665,89
telemetry,09:58:53,,678,27.03,0.00,-35.26,0,572,769,765,765,768,665,89
telemetry,09:58:54,,679,27.97,0.06,-35.23,0,64,769,766,765,768,666,89
telemetry,09:58:54,,679,28.91,0.06,-35.26,0,255,769,766,767,769,666,89
telemetry,09:58:55,,680,28.44,0.12,-35.32,0,896,769,766,767,769,665,89
telemetry,09:58:55,,680,27.97,0.12,-35.38,0,14,769,766,767,769,665,89
pc_command,09:58:56,CAPTURE,0,0.00,NA,NA,0,0,0,0,0,0,NA,89
telemetry,09:58:56,,681,27.50,0.06,-35.41,0,271,769,766,767,769,665,89
pico_reply,09:58:56,ACK%2CCAPTURE,0,0.00,NA,NA,0,0,0,0,0,0,NA,89
camera,09:58:57,Camera%20image%20saved%3A%20camera_20260911_095857_293.bmp,0,0.00,NA,NA,0,0,0,0,0,0,NA,89
telemetry,09:58:57,,682,28.91,0.06,-35.49,0,733,769,765,766,769,666,89
pc_command,09:58:57,CAPTURE,0,0.00,NA,NA,0,0,0,0,0,0,NA,89
pico_reply,09:58:57,ACK%2CCAPTURE,0,0.00,NA,NA,0,0,0,0,0,0,NA,89
camera,09:58:58,Camera%20image%20saved%3A%20camera_20260911_095858_558.bmp,0,0.00,NA,NA,0,0,0,0,0,0,NA,89
telemetry,09:58:58,,683,27.97,0.06,-35.56,0,910,769,765,767,769,665,89
telemetry,09:58:59,,684,28.44,0.06,-35.60,0,870,769,766,767,768,665,89
pc_command,09:58:59,CAPTURE,0,0.00,NA,NA,0,0,0,0,0,0,NA,89
pico_reply,09:58:59,ACK%2CCAPTURE,0,0.00,NA,NA,0,0,0,0,0,0,NA,89
camera,09:59:00,Camera%20image%20saved%3A%20camera_20260911_095900_624.bmp,0,0.00,NA,NA,0,0,0,0,0,0,NA,89
telemetry,09:59:00,,685,28.44,0.12,-35.79,0,694,769,766,767,769,665,89
telemetry,09:59:01,,686,28.91,0.06,-35.82,0,983,769,766,767,768,665,89
telemetry,09:59:01,,686,27.97,0.12,-35.88,0,758,769,766,768,769,665,89
telemetry,09:59:02,,687,28.91,0.06,-35.91,0,469,769,765,767,768,665,89
telemetry,09:59:02,,687,28.91,0.06,-35.94,0,676,769,766,767,769,665,89
telemetry,09:59:03,,688,28.44,0.06,-35.97,0,964,769,766,767,768,666,89
telemetry,09:59:03,,688,27.50,0.12,-36.03,0,873,769,766,768,769,666,89
telemetry,09:59:04,,689,27.97,0.06,-36.06,0,336,769,766,766,769,665,89
telemetry,09:59:04,,689,28.44,0.06,-36.09,0,518,769,766,766,769,666,89
telemetry,09:59:05,,690,27.97,0.06,-36.12,0,97,769,766,767,769,666,89
telemetry,09:59:05,,690,27.97,0.12,-36.19,0,272,769,766,767,769,665,89
telemetry,09:59:06,,691,28.44,0.06,-36.22,0,673,769,766,767,768,665,89
telemetry,09:59:06,,691,28.91,0.06,-36.25,0,280,769,766,767,769,665,89
telemetry,09:59:07,,692,27.97,0.12,-36.31,0,797,769,765,767,769,665,89
telemetry,09:59:07,,692,27.97,0.12,-36.37,0,2,769,766,767,769,665,89
telemetry,09:59:08,,693,27.97,0.06,-36.40,0,260,769,766,767,769,665,89
telemetry,09:59:08,,693,27.97,0.06,-36.43,0,101,769,765,767,769,666,89
telemetry,09:59:09,,694,27.97,0.06,-36.46,0,791,769,766,767,769,665,89
telemetry,09:59:09,,694,28.44,0.12,-36.52,0,401,769,766,766,769,665,89
telemetry,09:59:10,,695,28.91,0.06,-36.55,0,339,769,766,767,769,666,89
telemetry,09:59:10,,695,28.44,0.12,-36.62,0,159,769,765,764,769,665,89
pc_command,09:59:10,CAPTURE,0,0.00,NA,NA,0,0,0,0,0,0,NA,89
pico_reply,09:59:10,ACK%2CCAPTURE,0,0.00,NA,NA,0,0,0,0,0,0,NA,89
camera,09:59:11,Camera%20image%20saved%3A%20camera_20260911_095911_853.bmp,0,0.00,NA,NA,0,0,0,0,0,0,NA,89
telemetry,09:59:11,,697,28.44,0.06,-36.69,0,881,769,766,767,769,666,89
pc_command,09:59:12,CAPTURE,0,0.00,NA,NA,0,0,0,0,0,0,NA,89
pico_reply,09:59:12,ACK%2CCAPTURE,0,0.00,NA,NA,0,0,0,0,0,0,NA,89
camera,09:59:13,Camera%20image%20saved%3A%20camera_20260911_095913_400.bmp,0,0.00,NA,NA,0,0,0,0,0,0,NA,89
telemetry,09:59:13,,698,28.44,0.12,-36.87,0,764,769,766,767,769,666,89
telemetry,09:59:13,,699,28.44,0.18,-36.97,0,524,769,766,767,769,665,89
telemetry,09:59:14,,699,28.44,0.12,-37.03,0,742,769,766,766,769,666,89
pc_command,09:59:14,CAPTURE,0,0.00,NA,NA,0,0,0,0,0,0,NA,89
pico_reply,09:59:14,ACK%2CCAPTURE,0,0.00,NA,NA,0,0,0,0,0,0,NA,89
camera,09:59:15,Camera%20image%20saved%3A%20camera_20260911_095915_660.bmp,0,0.00,NA,NA,0,0,0,0,0,0,NA,89
telemetry,09:59:15,,700,28.91,0.12,-37.18,0,294,769,767,762,772,667,89
telemetry,09:59:16,,701,28.91,0.06,-37.22,0,603,769,766,767,769,665,89
telemetry,09:59:16,,701,27.97,0.06,-37.25,0,70,769,766,767,769,665,89
telemetry,09:59:17,,702,28.91,0.06,-37.28,0,878,769,766,766,769,666,89
telemetry,09:59:17,,702,27.97,0.06,-37.28,0,298,769,765,767,769,666,89
telemetry,09:59:18,,703,27.97,0.06,-37.31,0,679,769,765,766,769,666,89
telemetry,09:59:18,,703,28.44,0.12,-37.37,0,342,769,766,767,769,666,89
telemetry,09:59:19,,704,28.44,0.12,-37.43,0,392,769,766,767,769,666,89
telemetry,09:59:19,,704,28.91,0.06,-37.46,0,231,769,766,767,769,666,89
telemetry,09:59:20,,705,28.44,0.06,-37.49,0,100,769,766,767,769,665,89
telemetry,09:59:20,,705,28.91,0.12,-37.55,0,219,769,766,767,769,666,89
telemetry,09:59:21,,706,28.91,0.06,-37.58,0,944,769,766,767,769,666,89
telemetry,09:59:21,,707,27.50,0.06,-37.62,0,472,769,766,767,769,666,89
telemetry,09:59:22,,707,28.44,0.06,-37.68,0,253,769,766,767,768,665,89
telemetry,09:59:22,,708,27.97,0.00,-37.68,0,843,769,766,767,768,666,89
telemetry,09:59:23,,708,28.44,0.12,-37.74,0,853,769,766,767,769,666,89
telemetry,09:59:23,,709,28.44,0.06,-37.80,0,266,769,766,767,769,665,89
telemetry,09:59:24,,709,28.44,0.06,-37.83,0,82,769,766,767,769,666,89
telemetry,09:59:24,,710,27.97,0.06,-37.86,0,244,769,766,767,769,666,89
telemetry,09:59:25,,710,28.44,0.12,-37.89,0,113,769,766,767,769,666,89
telemetry,09:59:25,,711,28.44,0.12,-37.95,0,42,769,766,767,768,666,89
telemetry,09:59:26,,711,28.91,0.00,-37.95,0,830,769,766,767,769,665,89
telemetry,09:59:26,,712,28.44,0.12,-38.05,0,444,769,766,767,769,665,89
telemetry,09:59:27,,712,28.44,0.12,-38.11,0,865,769,766,767,768,666,89
telemetry,09:59:27,,713,28.44,0.06,-38.14,0,372,769,767,767,768,666,89
telemetry,09:59:28,,713,28.44,0.06,-38.20,0,675,769,766,767,768,666,89
telemetry,09:59:28,,714,27.97,0.12,-38.26,0,416,769,766,767,769,665,89
telemetry,09:59:29,,714,28.44,0.06,-38.29,0,556,769,766,767,768,666,89
telemetry,09:59:29,,715,27.97,0.12,-38.35,0,681,770,766,767,769,666,89
telemetry,09:59:30,,715,27.97,0.06,-38.38,0,297,769,766,767,768,666,89
telemetry,09:59:30,,716,28.44,0.06,-38.42,0,848,769,766,767,769,665,89
telemetry,09:59:31,,716,28.91,0.12,-38.45,0,654,769,766,767,768,666,89
telemetry,09:59:31,,717,28.44,0.06,-38.48,0,943,769,766,767,769,666,89
telemetry,09:59:32,,717,27.97,0.00,-38.48,0,916,769,766,767,769,666,89
telemetry,09:59:32,,718,27.50,0.12,-38.51,0,167,769,766,767,768,666,89
telemetry,09:59:33,,718,28.91,0.12,-38.57,0,374,769,766,767,768,666,89
telemetry,09:59:33,,719,28.44,0.12,-38.63,0,749,769,767,767,769,666,89
telemetry,09:59:34,,719,28.44,0.12,-38.69,0,11,769,766,767,768,666,89
telemetry,09:59:34,,720,28.91,0.00,-38.69,0,921,769,766,767,769,666,89
telemetry,09:59:35,,720,28.44,0.06,-38.72,0,8,769,766,767,769,666,89
telemetry,09:59:35,,721,27.97,0.06,-38.75,0,378,769,767,767,769,666,89
telemetry,09:59:36,,721,28.44,0.12,-38.82,0,685,769,766,767,769,666,89
telemetry,09:59:36,,722,27.97,0.06,-38.85,0,798,769,767,767,769,666,89
telemetry,09:59:37,,722,28.44,0.06,-38.88,0,904,769,767,767,768,665,89
telemetry,09:59:37,,723,27.03,0.18,-38.97,0,640,769,766,767,769,666,89
telemetry,09:59:38,,723,28.91,0.12,-39.03,0,74,769,765,767,769,666,89
telemetry,09:59:38,,724,28.44,0.06,-39.06,0,965,769,766,767,768,666,89
telemetry,09:59:39,,724,28.44,0.06,-39.09,0,946,769,766,766,769,665,89
telemetry,09:59:39,,725,28.91,0.06,-39.12,0,2,769,766,766,768,666,89
telemetry,09:59:40,,725,28.44,0.12,-39.18,0,936,769,766,766,768,665,89
telemetry,09:59:40,,726,27.97,0.06,-39.21,0,885,769,766,767,768,665,89
telemetry,09:59:41,,726,27.97,0.00,-39.21,0,521,769,766,766,768,666,89
telemetry,09:59:41,,727,28.91,0.12,-39.28,0,108,769,766,766,768,665,89
telemetry,09:59:42,,727,27.50,0.12,-39.34,0,547,769,766,766,768,665,89
telemetry,09:59:42,,728,28.44,0.06,-39.37,0,95,769,766,767,768,666,89
telemetry,09:59:43,,728,28.44,0.12,-39.43,0,715,769,766,766,768,666,89
telemetry,09:59:43,,729,28.44,0.18,-39.52,0,983,769,766,767,769,666,89
telemetry,09:59:44,,729,27.97,0.06,-39.55,0,940,769,766,767,768,666,89
telemetry,09:59:44,,730,28.44,0.06,-39.61,0,947,769,766,767,768,666,89
telemetry,09:59:45,,730,28.44,0.12,-39.68,0,596,769,766,767,769,666,89
telemetry,09:59:45,,731,28.44,0.12,-39.74,0,704,769,766,767,768,665,89
telemetry,09:59:46,,731,28.44,0.06,-39.80,0,499,769,766,767,769,666,89
telemetry,09:59:46,,732,28.44,0.06,-39.83,0,482,769,766,767,769,665,89
telemetry,09:59:47,,732,28.44,0.18,-39.92,0,410,769,766,767,769,665,89
telemetry,09:59:47,,733,28.44,0.06,-39.92,0,438,769,766,767,768,665,89
telemetry,09:59:48,,733,28.44,0.06,-39.95,0,786,769,767,767,769,666,89
telemetry,09:59:48,,734,27.03,0.06,-39.98,0,824,769,766,767,769,666,89
telemetry,09:59:49,,734,28.91,0.06,-40.01,0,340,769,765,767,769,666,89
telemetry,09:59:50,,735,28.44,0.12,-40.08,0,202,769,766,767,769,665,89
telemetry,09:59:50,,735,28.44,0.12,-40.14,0,232,769,766,767,769,666,89
telemetry,09:59:51,,736,28.91,0.06,-40.17,0,229,769,766,767,769,666,89
telemetry,09:59:51,,736,28.44,0.12,-40.23,0,85,769,765,767,769,665,89
telemetry,09:59:52,,737,28.44,0.06,-40.26,0,374,768,765,767,769,665,89
telemetry,09:59:52,,737,28.91,0.06,-40.32,0,893,768,761,764,769,665,89
telemetry,09:59:52,,738,27.97,0.06,-40.35,0,804,766,765,767,769,665,89
telemetry,09:59:53,,738,28.44,0.06,-40.38,0,815,767,765,767,769,666,89
telemetry,09:59:54,,739,27.97,0.00,-40.38,0,631,767,765,767,769,665,89
telemetry,09:59:54,,739,28.44,0.12,-40.45,0,71,767,764,767,769,666,89
telemetry,09:59:55,,740,27.97,0.06,-40.48,0,268,768,765,767,769,665,89
telemetry,09:59:55,,740,28.44,0.12,-40.54,0,75,768,766,767,768,665,89
telemetry,09:59:56,,741,29.84,0.06,-40.57,0,866,768,766,767,769,666,89
telemetry,09:59:56,,741,28.44,0.06,-40.60,0,433,768,766,767,769,666,89
telemetry,09:59:57,,742,28.91,0.06,-40.66,0,473,768,766,767,769,665,89
telemetry,09:59:57,,742,29.37,0.06,-40.69,0,86,768,765,767,769,666,89
telemetry,09:59:58,,743,28.44,0.12,-40.75,0,190,768,766,767,769,666,89
telemetry,09:59:58,,743,27.97,0.12,-40.81,0,948,768,765,766,768,666,89
telemetry,09:59:59,,744,30.78,0.06,-40.88,0,845,768,766,767,768,666,89
telemetry,09:59:59,,744,28.91,0.12,-40.91,0,196,768,765,767,768,666,89
telemetry,10:00:00,,745,28.91,0.12,-40.97,0,437,768,765,767,768,666,89
telemetry,10:00:00,,745,28.44,0.12,-41.03,0,694,768,765,767,768,666,89
telemetry,10:00:01,,746,28.44,0.12,-41.09,0,392,768,765,767,768,666,89
telemetry,10:00:01,,746,28.44,0.12,-41.18,0,834,768,765,766,768,666,89
telemetry,10:00:02,,747,28.44,0.12,-41.25,0,241,768,765,767,769,665,89
telemetry,10:00:02,,747,28.44,0.18,-41.34,0,26,768,764,766,768,666,89
telemetry,10:00:03,,748,28.44,0.06,-41.37,0,356,768,765,767,769,666,89
telemetry,10:00:03,,748,28.44,0.06,-41.40,0,621,768,764,766,769,666,89
telemetry,10:00:04,,749,28.44,0.12,-41.46,0,133,768,765,767,769,666,89
telemetry,10:00:04,,749,28.91,0.12,-41.52,0,572,768,764,765,769,666,89
telemetry,10:00:05,,750,27.97,0.06,-41.55,0,345,768,765,765,769,666,89
telemetry,10:00:05,,750,28.44,0.12,-41.61,0,651,768,764,766,768,666,89
telemetry,10:00:06,,751,27.97,0.06,-41.65,0,144,768,765,766,768,666,89
telemetry,10:00:06,,751,28.44,0.12,-41.71,0,169,768,764,766,768,666,89
telemetry,10:00:07,,752,28.44,0.12,-41.77,0,489,768,765,766,769,666,89
telemetry,10:00:07,,752,27.97,0.06,-41.80,0,151,768,764,766,769,666,89
telemetry,10:00:08,,753,27.97,0.06,-41.83,0,290,768,765,767,769,665,89
telemetry,10:00:08,,753,28.91,0.06,-41.86,0,209,768,764,767,769,666,89
telemetry,10:00:09,,754,27.97,0.12,-41.92,0,917,768,764,767,769,666,89
telemetry,10:00:09,,754,28.44,0.12,-41.98,0,901,768,765,767,769,665,89
telemetry,10:00:10,,755,27.97,0.06,-42.01,0,770,768,765,767,769,665,89
telemetry,10:00:10,,755,27.50,0.12,-42.08,0,391,768,765,767,769,666,89
telemetry,10:00:11,,756,28.91,0.18,-42.17,0,546,768,765,767,769,666,89
telemetry,10:00:11,,756,27.97,0.06,-42.20,0,694,768,766,767,769,666,89
telemetry,10:00:12,,757,27.97,0.06,-42.23,0,907,768,765,766,769,666,89
telemetry,10:00:12,,757,28.91,0.12,-42.29,0,313,768,766,766,769,666,89
telemetry,10:00:13,,758,28.44,0.06,-42.32,0,561,768,765,766,769,666,89
telemetry,10:00:13,,758,28.91,0.06,-42.35,0,228,768,765,766,769,666,89
telemetry,10:00:14,,759,27.97,0.00,-42.35,0,305,768,764,767,768,666,89
telemetry,10:00:14,,759,28.44,0.06,-42.38,0,944,768,765,767,769,666,89
telemetry,10:00:15,,760,28.44,0.06,-42.41,0,295,768,764,766,769,666,89
telemetry,10:00:15,,760,28.44,0.30,-42.57,0,525,769,764,767,769,666,89
telemetry,10:00:16,,761,28.44,0.12,-42.63,0,604,768,764,767,769,666,89
telemetry,10:00:16,,761,27.50,0.00,-42.63,0,189,768,764,767,769,666,89
telemetry,10:00:17,,762,28.44,0.18,-42.72,0,259,768,764,766,769,666,89
telemetry,10:00:17,,762,28.44,0.06,-42.75,0,909,768,764,766,769,666,89
telemetry,10:00:18,,763,28.91,0.06,-42.78,0,820,768,764,767,769,665,89
telemetry,10:00:18,,764,27.97,0.18,-42.88,0,106,768,764,766,769,666,89
telemetry,10:00:19,,764,27.97,0.12,-42.94,0,584,768,765,766,769,666,89
telemetry,10:00:19,,765,28.44,0.06,-42.97,0,322,768,765,766,769,666,89
telemetry,10:00:20,,765,27.97,0.12,-43.03,0,204,769,765,768,770,665,89
telemetry,10:00:20,,766,28.44,0.12,-43.09,0,637,768,765,767,769,666,89
telemetry,10:00:21,,766,28.91,0.12,-43.15,0,330,768,764,766,769,666,89
telemetry,10:00:21,,767,28.44,0.12,-43.21,0,290,768,764,766,769,666,89
telemetry,10:00:22,,767,28.91,0.06,-43.24,0,844,768,764,766,769,666,89
telemetry,10:00:22,,768,28.91,0.12,-43.31,0,889,768,764,766,769,666,89
telemetry,10:00:23,,768,28.44,0.06,-43.34,0,481,768,765,766,768,666,89
telemetry,10:00:23,,769,28.44,0.12,-43.40,0,429,768,765,767,769,666,89
telemetry,10:00:24,,769,28.44,0.12,-43.46,0,345,768,765,766,769,666,89
telemetry,10:00:24,,770,27.97,0.12,-43.52,0,834,768,765,767,769,665,89
telemetry,10:00:25,,770,28.91,0.06,-43.55,0,859,768,765,766,769,666,89
telemetry,10:00:25,,771,29.37,0.06,-43.58,0,550,768,765,767,768,666,89
telemetry,10:00:26,,771,28.44,0.06,-43.61,0,87,768,765,766,769,666,89
telemetry,10:00:26,,772,27.50,0.12,-43.68,0,927,768,765,766,769,666,89
pc_command,10:00:26,CAPTURE,0,0.00,NA,NA,0,0,0,0,0,0,NA,89
pico_reply,10:00:26,ACK%2CCAPTURE,0,0.00,NA,NA,0,0,0,0,0,0,NA,89
camera,10:00:28,Camera%20image%20saved%3A%20camera_20260911_100028_088.bmp,0,0.00,NA,NA,0,0,0,0,0,0,NA,89
telemetry,10:00:28,,773,28.44,0.06,-43.83,0,538,768,765,766,769,666,89
pc_command,10:00:28,CAPTURE,0,0.00,NA,NA,0,0,0,0,0,0,NA,89
pico_reply,10:00:28,ACK%2CCAPTURE,0,0.00,NA,NA,0,0,0,0,0,0,NA,89
camera,10:00:29,Camera%20image%20saved%3A%20camera_20260911_100029_440.bmp,0,0.00,NA,NA,0,0,0,0,0,0,NA,89
telemetry,10:00:29,,774,28.44,0.06,-43.91,0,156,768,765,766,769,666,89
telemetry,10:00:29,,775,28.44,0.12,-43.97,0,734,768,765,766,769,666,89
pc_command,10:00:30,CAPTURE,0,0.00,NA,NA,0,0,0,0,0,0,NA,89
pico_reply,10:00:30,ACK%2CCAPTURE,0,0.00,NA,NA,0,0,0,0,0,0,NA,89
camera,10:00:31,Camera%20image%20saved%3A%20camera_20260911_100031_467.bmp,0,0.00,NA,NA,0,0,0,0,0,0,NA,90
telemetry,10:00:31,,776,28.44,0.12,-44.16,0,978,768,765,766,768,666,90
telemetry,10:00:31,,777,27.97,0.06,-44.19,0,324,768,765,766,769,666,90
telemetry,10:00:32,,777,27.97,0.06,-44.22,0,744,768,765,766,769,666,90
telemetry,10:00:32,,778,27.97,0.06,-44.25,0,2,768,765,767,769,665,90
telemetry,10:00:33,,778,27.97,0.18,-44.35,0,869,768,765,767,769,666,90
telemetry,10:00:33,,779,28.91,0.12,-44.38,0,560,768,765,766,769,666,90
telemetry,10:00:34,,779,28.91,0.12,-44.44,0,741,768,765,766,769,666,90
telemetry,10:00:34,,780,27.97,0.12,-44.50,0,690,768,765,766,768,666,90
telemetry,10:00:35,,780,28.91,0.18,-44.59,0,253,768,766,767,769,665,90
telemetry,10:00:36,,781,27.97,0.06,-44.62,0,38,768,765,767,769,665,90
telemetry,10:00:36,,781,28.91,0.06,-44.65,0,882,768,764,767,769,666,90
telemetry,10:00:36,,782,28.44,0.06,-44.68,0,525,768,765,767,769,666,90
telemetry,10:00:37,,782,27.97,0.06,-44.72,0,725,768,765,767,769,666,90
telemetry,10:00:38,,783,27.97,0.12,-44.78,0,204,768,765,767,769,666,90
telemetry,10:00:38,,783,27.97,0.06,-44.81,0,673,768,765,766,769,666,90
telemetry,10:00:39,,784,27.97,0.06,-44.84,0,333,768,765,767,769,666,90
telemetry,10:00:39,,784,28.44,0.06,-44.87,0,223,768,765,767,769,666,90
telemetry,10:00:40,,785,27.97,0.06,-44.90,0,39,768,765,767,768,666,90
telemetry,10:00:40,,785,27.97,0.12,-44.96,0,861,768,765,767,769,666,90
telemetry,10:00:41,,786,28.44,0.06,-44.99,0,660,768,764,767,769,665,90
telemetry,10:00:41,,786,28.91,0.06,-45.02,0,686,768,765,767,769,665,90
telemetry,10:00:42,,787,27.97,0.12,-45.08,0,268,768,765,767,769,666,90
telemetry,10:00:42,,787,28.44,0.12,-45.15,0,355,768,765,767,769,666,90
telemetry,10:00:43,,788,27.97,0.12,-45.21,0,732,768,765,768,769,666,90
telemetry,10:00:43,,788,27.97,0.12,-45.27,0,205,768,765,767,769,666,90
telemetry,10:00:44,,789,27.03,0.06,-45.30,0,494,768,765,767,769,665,90
telemetry,10:00:44,,789,27.97,0.06,-45.33,0,367,768,765,767,769,666,90
telemetry,10:00:45,,790,28.91,0.06,-45.36,0,307,768,765,767,768,666,90
telemetry,10:00:45,,790,28.44,0.00,-45.36,0,959,768,765,767,769,666,90
telemetry,10:00:46,,791,28.44,0.06,-45.39,0,785,771,765,767,769,666,90
telemetry,10:00:46,,791,28.91,0.06,-45.42,0,496,768,765,767,769,665,90
telemetry,10:00:47,,792,27.97,0.06,-45.45,0,791,768,765,767,769,666,90
telemetry,10:00:47,,792,27.97,0.06,-45.48,0,783,768,765,767,769,666,90
telemetry,10:00:48,,793,27.03,0.00,-45.48,0,329,768,764,767,769,666,90
telemetry,10:00:48,,793,27.97,0.06,-45.51,0,805,768,765,767,769,666,90
telemetry,10:00:49,,794,28.44,0.06,-45.55,0,880,768,764,767,769,665,90
telemetry,10:00:49,,794,28.44,0.12,-45.61,0,516,768,765,767,769,666,90
telemetry,10:00:50,,795,27.50,0.12,-45.67,0,739,768,764,767,769,666,90
telemetry,10:00:50,,795,28.44,0.06,-45.70,0,163,768,765,768,769,666,91
telemetry,10:00:51,,796,27.97,0.12,-45.76,0,291,768,765,767,769,666,91
telemetry,10:00:51,,796,28.91,0.12,-45.82,0,86,768,765,768,769,666,91
telemetry,10:00:52,,797,28.44,0.12,-45.88,0,858,768,764,767,769,666,91
telemetry,10:00:52,,797,28.91,0.12,-45.95,0,21,768,765,767,769,666,91
telemetry,10:00:53,,798,28.44,0.12,-46.01,0,746,768,765,768,769,665,91
telemetry,10:00:53,,798,27.97,0.06,-46.04,0,958,768,765,767,768,666,91
telemetry,10:00:54,,799,27.97,0.12,-46.10,0,171,768,766,768,769,666,91
telemetry,10:00:54,,799,28.44,0.00,-46.10,0,133,768,766,767,769,666,91
telemetry,10:00:55,,800,27.50,0.18,-46.19,0,713,768,766,767,769,665,91
telemetry,10:00:55,,800,27.97,0.12,-46.13,0,215,768,765,766,768,666,91
telemetry,10:00:56,,801,27.97,0.12,-46.19,0,694,768,764,765,769,667,91
telemetry,10:00:56,,801,27.97,0.06,-46.22,0,555,768,764,764,768,666,91
telemetry,10:00:57,,802,28.44,0.12,-46.28,0,576,768,764,764,769,666,91
telemetry,10:00:57,,802,28.91,0.12,-46.35,0,345,768,764,767,769,666,91
telemetry,10:00:58,,803,27.97,0.12,-46.41,0,688,768,764,767,769,666,91
telemetry,10:00:58,,803,28.91,0.06,-46.44,0,203,768,764,767,769,666,91
telemetry,10:00:59,,804,28.91,0.06,-46.47,0,254,768,764,767,768,666,91
telemetry,10:00:59,,804,28.91,0.06,-46.50,0,295,768,764,766,768,665,91
telemetry,10:01:00,,805,27.97,0.06,-46.53,0,941,768,764,767,769,666,91
telemetry,10:01:00,,805,28.91,0.12,-46.59,0,127,768,764,767,769,666,91
telemetry,10:01:01,,806,28.44,0.06,-46.62,0,888,768,764,767,769,666,91
telemetry,10:01:01,,806,27.97,0.06,-46.68,0,761,768,764,767,768,666,91
telemetry,10:01:02,,807,28.44,0.06,-46.71,0,436,768,764,767,769,665,91
telemetry,10:01:02,,807,27.50,0.12,-46.78,0,535,768,764,767,769,666,91
pc_command,10:01:02,CAPTURE,0,0.00,NA,NA,0,0,0,0,0,0,NA,91
pico_reply,10:01:02,ACK%2CCAPTURE,0,0.00,NA,NA,0,0,0,0,0,0,NA,91
pc_command,10:01:04,CAPTURE,0,0.00,NA,NA,0,0,0,0,0,0,NA,91
camera,10:01:04,Camera%20image%20rejected%3A%20CRC%20mismatch,0,0.00,NA,NA,0,0,0,0,0,0,NA,91
pico_reply,10:01:04,LslkMclcLc%2BkLc%20c%20cTELEMETRY%2Cwifi_mode%3DAP%2Cuptime_s%3D809%2Ctemp_c%3D27.50%2Crandom%3D105%2Ccommand_value%3D0%2Cgyro_z_dps%3D0.12%2Cgyro_z_angle_deg%3D-46.95%2Cphotodiode_adc%3D768%7C767%7C765%7C768%2Cphotoreflector_adc%3D666,0,0.00,NA,NA,0,0,0,0,0,0,NA,91
telemetry,10:01:04,,809,27.97,0.06,-46.98,0,761,768,764,767,769,665,91
telemetry,10:01:05,,810,27.97,0.18,-47.08,0,906,768,765,767,769,666,91
telemetry,10:01:05,,810,28.44,0.00,-47.08,0,787,768,764,767,769,666,91
pc_command,10:01:05,CAPTURE,0,0.00,NA,NA,0,0,0,0,0,0,NA,91
pico_reply,10:01:05,ACK%2CCAPTURE,0,0.00,NA,NA,0,0,0,0,0,0,NA,91
camera,10:01:07,Camera%20image%20saved%3A%20camera_20260911_100107_045.bmp,0,0.00,NA,NA,0,0,0,0,0,0,NA,91
telemetry,10:01:07,,812,28.44,0.06,-47.16,0,329,768,764,767,768,666,91
telemetry,10:01:07,,812,27.97,0.06,-47.19,0,439,768,765,767,769,666,91
telemetry,10:01:07,,813,27.97,0.12,-47.25,0,519,768,764,767,769,666,91
telemetry,10:01:08,,813,28.44,0.06,-47.28,0,10,768,764,767,769,666,91
telemetry,10:01:09,,814,27.97,0.06,-47.31,0,4,768,764,767,768,666,91
telemetry,10:01:09,,814,27.97,0.12,-47.37,0,717,768,764,766,769,666,91
telemetry,10:01:10,,815,28.44,0.06,-47.40,0,901,768,764,767,769,665,91
telemetry,10:01:10,,815,28.44,0.12,-47.46,0,156,768,764,762,768,666,91
telemetry,10:01:11,,816,27.97,0.06,-47.49,0,373,768,764,767,769,666,91
telemetry,10:01:11,,816,27.97,0.12,-47.56,0,139,768,764,767,769,666,91
telemetry,10:01:12,,817,27.97,0.12,-47.62,0,608,768,764,767,769,666,91
telemetry,10:01:12,,817,27.97,0.12,-47.68,0,690,768,764,767,768,666,91
telemetry,10:01:13,,818,28.44,0.12,-47.74,0,465,768,763,767,769,666,91
telemetry,10:01:13,,818,28.91,0.12,-47.80,0,842,768,764,766,769,666,91
telemetry,10:01:14,,819,27.03,0.12,-47.86,0,976,768,763,767,768,666,91
telemetry,10:01:14,,819,27.50,0.06,-47.89,0,547,768,763,767,769,666,91
telemetry,10:01:15,,820,27.97,0.12,-47.96,0,37,768,763,767,769,666,91
telemetry,10:01:15,,820,27.97,0.12,-48.02,0,176,768,764,767,768,666,91
telemetry,10:01:16,,821,27.97,0.06,-48.05,0,802,768,764,767,769,666,91
telemetry,10:01:16,,821,27.50,0.06,-48.08,0,301,768,764,767,769,666,91
telemetry,10:01:17,,822,28.91,0.06,-48.11,0,373,768,761,766,768,666,91
telemetry,10:01:17,,822,28.44,0.18,-48.20,0,178,768,760,764,769,666,91
telemetry,10:01:18,,823,28.44,0.12,-48.26,0,266,768,765,767,769,666,91
telemetry,10:01:18,,823,28.44,0.12,-48.33,0,723,768,764,767,769,666,91
telemetry,10:01:19,,824,28.44,0.06,-48.36,0,572,768,765,767,768,665,91
telemetry,10:01:19,,824,28.44,0.06,-48.39,0,907,768,764,767,768,666,91
telemetry,10:01:20,,825,27.97,0.06,-48.42,0,537,768,764,767,768,666,91
telemetry,10:01:20,,825,28.44,0.06,-48.45,0,474,768,764,767,768,666,91
pc_command,10:01:20,CAPTURE,0,0.00,NA,NA,0,0,0,0,0,0,NA,91
pico_reply,10:01:20,ACK%2CCAPTURE,0,0.00,NA,NA,0,0,0,0,0,0,NA,91
camera,10:01:21,Camera%20image%20saved%3A%20camera_20260911_100121_873.bmp,0,0.00,NA,NA,0,0,0,0,0,0,NA,91
telemetry,10:01:21,,827,27.97,0.06,-48.52,0,590,768,764,767,768,666,91
pc_command,10:01:22,CAPTURE,0,0.00,NA,NA,0,0,0,0,0,0,NA,91
pico_reply,10:01:22,ACK%2CCAPTURE,0,0.00,NA,NA,0,0,0,0,0,0,NA,91
camera,10:01:23,Camera%20image%20saved%3A%20camera_20260911_100123_149.bmp,0,0.00,NA,NA,0,0,0,0,0,0,NA,91
telemetry,10:01:23,,828,28.91,0.18,-48.76,0,289,768,764,767,768,666,91
telemetry,10:01:23,,828,28.44,0.06,-48.79,0,167,768,764,767,769,666,91
pc_command,10:01:23,CAPTURE,0,0.00,NA,NA,0,0,0,0,0,0,NA,91
pico_reply,10:01:23,ACK%2CCAPTURE,0,0.00,NA,NA,0,0,0,0,0,0,NA,91
camera,10:01:25,Camera%20image%20saved%3A%20camera_20260911_100125_196.bmp,0,0.00,NA,NA,0,0,0,0,0,0,NA,91
telemetry,10:01:25,,830,27.97,0.06,-48.88,0,912,768,764,767,769,666,91
telemetry,10:01:25,,830,27.97,0.12,-48.94,0,701,768,764,767,769,666,91
telemetry,10:01:26,,831,27.50,0.12,-49.00,0,734,768,764,767,769,666,91
telemetry,10:01:26,,831,27.97,0.06,-49.04,0,552,768,764,767,769,666,91
telemetry,10:01:27,,832,27.97,0.06,-49.07,0,761,768,764,767,769,666,91
telemetry,10:01:27,,832,28.44,0.06,-49.10,0,160,768,764,767,769,666,91
telemetry,10:01:28,,833,27.97,0.06,-49.13,0,828,768,765,767,768,666,91
telemetry,10:01:28,,833,27.97,0.12,-49.16,0,902,768,764,767,769,666,91
telemetry,10:01:29,,834,27.97,0.06,-49.19,0,571,768,764,767,768,666,91
telemetry,10:01:29,,834,27.50,0.06,-49.22,0,151,768,764,767,769,666,91
pc_command,10:01:29,CAPTURE,0,0.00,NA,NA,0,0,0,0,0,0,NA,91
pico_reply,10:01:29,ACK%2CCAPTURE,0,0.00,NA,NA,0,0,0,0,0,0,NA,91
pc_command,10:01:30,CAPTURE,0,0.00,NA,NA,0,0,0,0,0,0,NA,91
camera,10:01:31,Camera%20image%20saved%3A%20camera_20260911_100131_064.bmp,0,0.00,NA,NA,0,0,0,0,0,0,NA,91
telemetry,10:01:31,,836,27.03,0.24,-49.55,0,56,768,764,767,769,666,91
pico_reply,10:01:31,ACK%2CCAPTURE,0,0.00,NA,NA,0,0,0,0,0,0,NA,91
camera,10:01:32,Camera%20image%20saved%3A%20camera_20260911_100132_058.bmp,0,0.00,NA,NA,0,0,0,0,0,0,NA,91
telemetry,10:01:32,,837,28.44,0.06,-49.61,0,792,768,764,767,769,666,91
telemetry,10:01:32,,837,28.91,0.06,-49.64,0,827,768,764,767,769,666,91
pc_command,10:01:32,CAPTURE,0,0.00,NA,NA,0,0,0,0,0,0,NA,91
pico_reply,10:01:33,ACK%2CCAPTURE,0,0.00,NA,NA,0,0,0,0,0,0,NA,91
camera,10:01:34,Camera%20image%20saved%3A%20camera_20260911_100134_143.bmp,0,0.00,NA,NA,0,0,0,0,0,0,NA,91
telemetry,10:01:34,,839,28.91,0.12,-49.83,0,606,768,764,767,769,666,91
telemetry,10:01:34,,839,27.50,0.12,-49.89,0,530,768,764,767,769,665,91
telemetry,10:01:35,,840,28.44,0.12,-49.95,0,485,768,764,767,769,666,91
telemetry,10:01:35,,840,27.97,0.06,-49.98,0,57,768,764,767,769,666,91
telemetry,10:01:36,,841,27.97,0.06,-50.01,0,669,768,764,767,768,666,91
telemetry,10:01:36,,841,27.50,0.18,-50.11,0,947,768,764,767,769,666,91
telemetry,10:01:37,,842,27.97,0.00,-50.11,0,298,768,764,767,768,666,91
telemetry,10:01:37,,842,28.44,0.00,-50.11,0,107,768,764,767,769,666,91
telemetry,10:01:38,,843,28.44,0.12,-50.17,0,929,768,764,767,768,666,91
telemetry,10:01:38,,843,28.44,0.06,-50.20,0,631,768,764,767,769,666,91
telemetry,10:01:39,,844,28.91,0.06,-50.23,0,662,768,764,767,769,666,91
telemetry,10:01:39,,844,27.97,0.18,-50.32,0,912,768,764,767,769,666,91
telemetry,10:01:40,,845,27.97,0.06,-50.35,0,489,768,764,767,769,666,91
telemetry,10:01:40,,845,27.97,0.00,-50.35,0,88,768,764,767,769,666,91
telemetry,10:01:41,,846,27.97,0.00,-50.35,0,44,768,764,767,769,666,91
telemetry,10:01:41,,846,27.97,0.00,-50.35,0,656,768,764,767,769,665,91
telemetry,10:01:42,,847,28.44,0.00,-50.35,0,299,768,764,768,769,666,91
telemetry,10:01:42,,847,27.97,0.12,-50.41,0,83,768,764,767,768,666,91
telemetry,10:01:43,,848,27.97,0.06,-50.44,0,300,768,764,767,769,666,91
telemetry,10:01:43,,848,27.97,0.06,-50.51,0,307,768,764,768,769,666,91
telemetry,10:01:44,,849,27.97,0.12,-50.57,0,20,768,764,767,768,666,91
telemetry,10:01:44,,849,27.97,0.00,-50.57,0,854,768,764,767,769,666,91
telemetry,10:01:45,,850,27.97,0.06,-50.63,0,457,768,764,767,769,666,91
telemetry,10:01:45,,850,28.91,0.06,-50.66,0,623,768,764,767,769,666,91
telemetry,10:01:46,,851,27.97,0.12,-50.72,0,112,768,764,767,769,666,91
telemetry,10:01:46,,852,28.44,0.06,-50.75,0,498,768,764,767,768,666,91
telemetry,10:01:47,,852,27.97,0.12,-50.81,0,801,768,764,767,769,665,91
telemetry,10:01:47,,853,27.97,0.06,-50.84,0,210,768,764,766,768,666,91
telemetry,10:01:48,,853,28.44,0.06,-50.88,0,287,768,764,767,769,666,91
telemetry,10:01:48,,854,27.97,0.12,-50.94,0,549,768,764,767,768,666,91
telemetry,10:01:49,,854,27.97,0.06,-50.97,0,847,768,764,767,769,666,91
telemetry,10:01:49,,855,27.97,0.12,-51.03,0,762,768,764,766,769,666,91
telemetry,10:01:50,,855,27.97,0.06,-51.06,0,843,768,764,766,769,666,91
telemetry,10:01:50,,856,28.44,0.06,-51.09,0,146,768,764,767,768,666,91
telemetry,10:01:51,,856,27.97,0.06,-51.12,0,736,768,764,767,769,666,91
telemetry,10:01:51,,857,27.97,0.06,-51.15,0,590,768,764,767,769,666,91
telemetry,10:01:52,,857,28.44,0.06,-51.18,0,173,768,764,766,768,666,91
telemetry,10:01:52,,858,27.97,0.06,-51.21,0,887,768,764,767,768,666,91
telemetry,10:01:53,,858,27.97,0.06,-51.24,0,661,768,764,767,769,666,91
telemetry,10:01:53,,859,26.57,0.06,-51.28,0,214,768,764,767,769,666,91
telemetry,10:01:54,,859,27.03,0.06,-51.31,0,686,768,764,767,769,666,91
telemetry,10:01:54,,860,27.03,0.12,-51.37,0,619,768,765,767,769,665,91
telemetry,10:01:55,,860,27.97,0.12,-51.43,0,911,768,764,767,768,665,91
telemetry,10:01:55,,861,27.97,0.12,-51.49,0,949,768,764,767,769,666,91
telemetry,10:01:56,,861,27.97,0.12,-51.55,0,465,768,764,767,768,666,91
telemetry,10:01:56,,862,28.44,0.06,-51.58,0,661,768,764,767,768,666,91
telemetry,10:01:57,,862,27.97,0.06,-51.61,0,481,768,764,767,769,666,91
telemetry,10:01:57,,863,27.50,0.06,-51.64,0,925,768,764,767,769,666,91
telemetry,10:01:58,,863,28.44,0.12,-51.71,0,65,768,764,767,769,666,91
telemetry,10:01:58,,864,27.97,0.12,-51.77,0,413,768,764,767,769,666,91
telemetry,10:01:59,,864,27.97,0.06,-51.80,0,819,768,764,767,769,666,91
telemetry,10:01:59,,865,27.97,0.12,-51.83,0,483,768,764,767,768,666,91
telemetry,10:02:00,,865,27.97,0.06,-51.86,0,881,768,765,767,768,666,91
telemetry,10:02:00,,866,27.97,0.12,-51.92,0,749,768,764,767,768,666,91
telemetry,10:02:01,,866,28.91,0.06,-51.98,0,191,768,765,767,769,666,91
telemetry,10:02:01,,867,27.03,0.12,-52.04,0,489,768,765,768,769,666,91
telemetry,10:02:02,,867,27.97,0.06,-52.07,0,157,768,765,768,769,666,91
telemetry,10:02:02,,868,27.97,0.12,-52.14,0,388,768,764,767,768,666,91
telemetry,10:02:03,,868,27.97,0.06,-52.17,0,959,768,765,768,769,665,91
telemetry,10:02:03,,869,27.50,0.12,-52.20,0,770,768,764,767,768,666,91
telemetry,10:02:04,,869,28.44,0.06,-52.23,0,512,768,764,767,769,666,91
telemetry,10:02:04,,870,27.97,0.00,-52.23,0,408,768,764,767,769,666,91
telemetry,10:02:05,,870,27.97,0.12,-52.26,0,203,768,764,767,769,665,91
telemetry,10:02:05,,871,28.44,0.00,-52.26,0,790,768,765,767,769,666,91
telemetry,10:02:06,,871,27.97,0.06,-52.29,0,89,768,764,767,768,666,91
telemetry,10:02:06,,872,27.50,0.06,-52.32,0,36,768,764,767,769,666,91
telemetry,10:02:07,,872,28.44,0.12,-52.38,0,167,768,764,767,769,666,91
telemetry,10:02:07,,873,27.97,0.00,-52.38,0,534,768,764,767,769,666,91
telemetry,10:02:08,,873,27.97,0.06,-52.41,0,733,768,764,767,768,666,91
telemetry,10:02:08,,874,27.97,0.12,-52.47,0,411,768,764,768,769,666,91
telemetry,10:02:09,,874,27.97,0.06,-52.51,0,892,768,764,767,768,666,91
telemetry,10:02:09,,875,28.44,0.12,-52.57,0,606,768,765,768,769,666,91
telemetry,10:02:10,,875,27.97,0.12,-52.63,0,151,768,764,767,769,666,91
telemetry,10:02:10,,876,27.97,0.00,-52.63,0,794,768,765,767,768,665,91
telemetry,10:02:11,,876,27.97,0.06,-52.66,0,321,768,764,767,769,666,91
telemetry,10:02:11,,877,27.97,0.12,-52.72,0,330,768,764,767,769,666,91
telemetry,10:02:12,,877,28.91,0.12,-52.78,0,44,768,764,767,769,666,91
telemetry,10:02:12,,878,27.50,0.06,-52.81,0,460,768,764,767,769,666,91
telemetry,10:02:13,,878,27.97,0.00,-52.81,0,471,768,764,767,768,666,91
telemetry,10:02:13,,879,26.57,0.12,-52.87,0,591,768,764,767,768,666,91
telemetry,10:02:14,,879,27.03,0.06,-52.91,0,114,768,764,767,769,666,91
telemetry,10:02:14,,880,27.97,0.12,-52.97,0,277,768,764,767,769,666,91
telemetry,10:02:15,,880,28.91,0.06,-53.00,0,987,768,764,767,769,666,91
telemetry,10:02:16,,881,27.97,0.06,-53.03,0,413,768,764,767,769,665,91
telemetry,10:02:16,,881,27.97,0.06,-53.06,0,111,768,765,767,769,666,91
telemetry,10:02:16,,882,28.44,0.12,-53.12,0,44,768,764,767,769,666,91
telemetry,10:02:17,,882,28.44,0.12,-53.18,0,175,768,765,767,769,667,91
telemetry,10:02:18,,883,27.97,0.12,-53.21,0,348,768,764,767,769,666,91
telemetry,10:02:18,,883,27.50,0.06,-53.24,0,138,768,765,767,769,666,91
telemetry,10:02:19,,884,27.50,0.06,-53.27,0,95,768,765,767,768,666,91
telemetry,10:02:19,,884,27.97,0.12,-53.34,0,329,768,764,767,769,666,91
telemetry,10:02:20,,885,28.44,0.00,-53.34,0,340,768,764,767,769,666,91
telemetry,10:02:20,,885,27.50,0.12,-53.40,0,30,768,764,767,768,666,91
telemetry,10:02:21,,886,27.97,0.12,-53.43,0,91,768,764,767,769,665,91
telemetry,10:02:21,,886,27.97,0.06,-53.46,0,43,768,765,767,769,666,91
telemetry,10:02:22,,887,28.91,0.06,-53.49,0,618,768,765,767,768,666,91
telemetry,10:02:22,,887,28.44,0.12,-53.52,0,872,768,764,767,768,666,91
telemetry,10:02:23,,888,27.97,0.18,-53.61,0,61,768,764,767,769,666,91
pc_command,10:02:23,CAPTURE,0,0.00,NA,NA,0,0,0,0,0,0,NA,91
pico_reply,10:02:23,ACK%2CCAPTURE,0,0.00,NA,NA,0,0,0,0,0,0,NA,91
pc_command,10:02:23,CAPTURE,0,0.00,NA,NA,0,0,0,0,0,0,NA,91
camera,10:02:24,Camera%20image%20rejected%3A%20CRC%20mismatch,0,0.00,NA,NA,0,0,0,0,0,0,NA,91
pico_reply,10:02:24,%2Ck%20k%20c%20c%2Bc%2CZ%EC%5B%20%5B%20%5BTELEMETRY%2Cwifi_mode%3DAP%2Cuptime_s%3D889%2Ctemp_c%3D27.97%2Crandom%3D451%2Ccommand_value%3D0%2Cgyro_z_dps%3D0.06%2Cgyro_z_angle_deg%3D-53.69%2Cphotodiode_adc%3D768%7C765%7C767%7C769%2Cphotoreflector_adc%3D666,0,0.00,NA,NA,0,0,0,0,0,0,NA,91
telemetry,10:02:24,,890,27.97,0.18,-53.78,0,783,768,764,767,768,666,91
telemetry,10:02:25,,890,27.03,0.12,-53.84,0,94,768,765,767,769,666,91
telemetry,10:02:25,,891,27.97,0.06,-53.87,0,912,768,764,767,769,666,91
pc_command,10:02:26,CAPTURE,0,0.00,NA,NA,0,0,0,0,0,0,NA,91
pico_reply,10:02:26,ACK%2CCAPTURE,0,0.00,NA,NA,0,0,0,0,0,0,NA,91
camera,10:02:27,Camera%20image%20saved%3A%20camera_20260911_100227_127.bmp,0,0.00,NA,NA,0,0,0,0,0,0,NA,91
telemetry,10:02:27,,892,28.44,0.24,-53.55,0,632,768,764,767,769,666,91
telemetry,10:02:27,,892,27.97,0.00,-53.55,0,531,768,765,767,769,666,91
telemetry,10:02:28,,893,27.97,0.06,-53.59,0,344,768,764,767,769,666,91
telemetry,10:02:28,,893,27.97,0.06,-53.62,0,222,768,765,767,769,666,92
telemetry,10:02:29,,894,27.97,0.12,-53.65,0,940,768,764,767,768,666,92
telemetry,10:02:29,,894,27.97,0.12,-53.71,0,899,768,765,767,769,666,92
telemetry,10:02:30,,895,28.44,0.00,-53.71,0,551,768,765,767,768,665,92
telemetry,10:02:30,,895,27.97,0.00,-53.71,0,915,768,765,767,769,666,92
telemetry,10:02:31,,896,27.50,0.12,-53.77,0,765,768,764,767,769,666,92
telemetry,10:02:31,,896,27.97,0.06,-53.80,0,424,768,765,767,769,666,92
telemetry,10:02:32,,897,28.91,0.06,-53.83,0,264,768,765,767,769,666,92
telemetry,10:02:32,,897,27.97,0.12,-53.89,0,173,768,765,767,769,666,92
telemetry,10:02:33,,898,27.97,0.06,-53.92,0,99,768,764,767,769,666,92
telemetry,10:02:33,,898,28.44,0.12,-53.99,0,721,768,764,767,769,666,92
telemetry,10:02:34,,899,27.97,0.06,-54.02,0,559,768,764,767,769,666,92
telemetry,10:02:34,,899,27.97,0.06,-54.05,0,584,768,764,767,769,666,92
telemetry,10:02:35,,900,27.97,0.06,-54.08,0,468,768,765,767,769,665,92
telemetry,10:02:35,,900,28.91,0.06,-54.11,0,765,768,764,767,769,666,92
telemetry,10:02:36,,901,29.84,0.06,-54.14,0,55,768,764,767,768,666,92
telemetry,10:02:36,,901,27.97,0.00,-54.14,0,262,768,764,767,768,666,92
telemetry,10:02:37,,902,27.97,0.12,-54.20,0,369,768,765,767,769,666,92
telemetry,10:02:37,,902,27.97,0.06,-54.23,0,9,768,764,767,769,666,92
telemetry,10:02:38,,903,27.50,0.06,-54.23,0,179,768,764,767,769,666,92
telemetry,10:02:38,,903,27.97,0.12,-54.29,0,465,768,764,767,769,666,91
telemetry,10:02:39,,904,27.97,0.12,-54.35,0,620,768,764,767,769,666,91
telemetry,10:02:39,,904,28.91,0.06,-54.39,0,711,768,764,767,769,666,91
telemetry,10:02:40,,905,27.97,0.12,-54.45,0,298,768,765,767,768,666,91
telemetry,10:02:40,,905,27.50,0.06,-54.48,0,294,768,764,767,768,666,91
telemetry,10:02:41,,906,28.91,0.12,-54.54,0,272,768,765,767,769,666,91
pc_command,10:02:41,CAPTURE,0,0.00,NA,NA,0,0,0,0,0,0,NA,91
pico_reply,10:02:41,ACK%2CCAPTURE,0,0.00,NA,NA,0,0,0,0,0,0,NA,91
pc_command,10:02:42,CAPTURE,0,0.00,NA,NA,0,0,0,0,0,0,NA,91
camera,10:02:42,Camera%20image%20rejected%3A%20CRC%20mismatch,0,0.00,NA,NA,0,0,0,0,0,0,NA,91
pico_reply,10:02:42,Lk%20c%2CkKc%20cLcLc%2Bc%2BcTELEMETRY%2Cwifi_mode%3DAP%2Cuptime_s%3D907%2Ctemp_c%3D28.44%2Crandom%3D956%2Ccommand_value%3D0%2Cgyro_z_dps%3D0.12%2Cgyro_z_angle_deg%3D-54.69%2Cphotodiode_adc%3D768%7C761%7C762%7C769%2Cphotoreflector_adc%3D666,0,0.00,NA,NA,0,0,0,0,0,0,NA,91
telemetry,10:02:42,,908,28.44,0.06,-54.72,0,477,768,759,760,768,666,91
telemetry,10:02:43,,908,27.97,0.12,-54.78,0,636,768,762,762,768,666,91
telemetry,10:02:43,,909,27.50,0.06,-54.81,0,240,768,762,763,769,666,91
pc_command,10:02:44,CAPTURE,0,0.00,NA,NA,0,0,0,0,0,0,NA,91
pico_reply,10:02:44,ACK%2CCAPTURE,0,0.00,NA,NA,0,0,0,0,0,0,NA,91
camera,10:02:45,Camera%20image%20saved%3A%20camera_20260911_100245_537.bmp,0,0.00,NA,NA,0,0,0,0,0,0,NA,91
telemetry,10:02:45,,910,28.44,0.00,-54.81,0,29,768,763,764,768,666,91
telemetry,10:02:46,,911,27.97,0.06,-54.84,0,273,768,764,766,768,666,91
telemetry,10:02:46,,911,27.97,0.12,-54.90,0,952,768,764,766,769,666,91
telemetry,10:02:47,,912,28.91,0.06,-54.94,0,613,768,764,766,769,666,91
telemetry,10:02:47,,912,28.91,0.12,-55.00,0,639,768,765,767,768,666,91
telemetry,10:02:48,,913,28.44,0.06,-55.03,0,505,768,764,767,769,666,91
telemetry,10:02:48,,913,27.50,0.06,-55.06,0,972,768,764,765,769,666,91
telemetry,10:02:49,,914,27.97,0.12,-55.12,0,357,768,764,764,769,666,91
telemetry,10:02:49,,914,27.97,0.12,-55.18,0,322,768,765,765,769,666,91
telemetry,10:02:50,,915,28.91,0.06,-55.21,0,280,768,765,767,769,666,91
telemetry,10:02:50,,915,27.97,0.06,-55.24,0,739,768,765,766,769,666,91
telemetry,10:02:51,,916,27.97,0.18,-55.34,0,402,768,764,766,768,666,91
telemetry,10:02:51,,916,27.97,0.12,-55.40,0,710,768,765,766,769,666,91
pc_command,10:02:51,CAPTURE,0,0.00,NA,NA,0,0,0,0,0,0,NA,91
pico_reply,10:02:51,ACK%2CCAPTURE,0,0.00,NA,NA,0,0,0,0,0,0,NA,91
pc_command,10:02:52,CAPTURE,0,0.00,NA,NA,0,0,0,0,0,0,NA,91
camera,10:02:52,Camera%20image%20saved%3A%20camera_20260911_100252_977.bmp,0,0.00,NA,NA,0,0,0,0,0,0,NA,91
telemetry,10:02:53,,918,30.31,0.12,-55.56,0,302,768,765,766,769,666,91
pico_reply,10:02:53,ACK%2CCAPTURE,0,0.00,NA,NA,0,0,0,0,0,0,NA,91
camera,10:02:54,Camera%20image%20saved%3A%20camera_20260911_100253_995.bmp,0,0.00,NA,NA,0,0,0,0,0,0,NA,91
telemetry,10:02:54,,919,28.44,0.12,-55.69,0,793,768,764,765,769,666,91
telemetry,10:02:54,,919,26.57,0.06,-55.72,0,587,768,765,766,769,666,91
pc_command,10:02:54,CAPTURE,0,0.00,NA,NA,0,0,0,0,0,0,NA,91
telemetry,10:02:54,,920,28.44,0.06,-55.75,0,48,768,764,766,768,666,91
pico_reply,10:02:54,ACK%2CCAPTURE,0,0.00,NA,NA,0,0,0,0,0,0,NA,91
camera,10:02:56,Camera%20image%20saved%3A%20camera_20260911_100256_030.bmp,0,0.00,NA,NA,0,0,0,0,0,0,NA,91
telemetry,10:02:56,,921,28.44,0.12,-55.88,0,502,768,764,766,768,666,91
telemetry,10:02:56,,921,28.44,0.00,-55.91,0,302,768,765,770,769,665,91
telemetry,10:02:57,,922,27.97,0.06,-55.94,0,811,768,765,766,768,666,91
telemetry,10:02:57,,922,27.97,0.06,-55.97,0,660,768,764,766,769,665,91
telemetry,10:02:58,,923,29.84,0.00,-55.97,0,773,768,764,766,768,666,91
telemetry,10:02:58,,923,27.50,0.06,-56.00,0,823,768,765,767,769,666,91
telemetry,10:02:59,,924,27.97,0.06,-56.03,0,595,768,765,766,769,666,91
telemetry,10:02:59,,924,27.97,0.18,-56.12,0,273,768,764,764,769,666,91
telemetry,10:03:00,,925,28.91,0.06,-56.15,0,704,768,764,763,768,666,91
telemetry,10:03:00,,925,27.97,0.12,-56.21,0,738,768,765,766,768,666,91
telemetry,10:03:01,,926,27.97,0.06,-56.25,0,92,768,765,766,769,666,91
telemetry,10:03:01,,926,28.44,0.12,-56.31,0,4,768,765,766,769,666,91
telemetry,10:03:02,,927,27.97,0.12,-56.37,0,46,768,764,763,768,666,91
telemetry,10:03:02,,927,28.44,0.06,-56.40,0,984,768,765,765,769,666,91
telemetry,10:03:03,,928,27.50,0.06,-56.43,0,122,768,765,767,769,666,91
telemetry,10:03:03,,928,28.44,0.06,-56.46,0,69,768,764,766,769,666,91
telemetry,10:03:04,,929,28.91,0.06,-56.49,0,786,768,765,767,769,666,91
telemetry,10:03:04,,929,27.50,0.12,-56.55,0,588,768,765,766,768,666,91
telemetry,10:03:05,,930,27.97,0.06,-56.58,0,799,768,764,767,769,666,91
telemetry,10:03:05,,930,27.03,0.06,-56.61,0,279,768,764,766,768,666,91
telemetry,10:03:06,,931,27.97,0.06,-56.65,0,20,768,764,767,769,666,92
telemetry,10:03:06,,931,28.44,0.12,-56.71,0,824,768,764,767,768,666,92
telemetry,10:03:07,,932,28.44,0.12,-56.77,0,2,768,764,767,769,666,92
telemetry,10:03:07,,932,28.44,0.06,-56.80,0,885,768,764,767,769,666,92
telemetry,10:03:08,,933,27.97,0.06,-56.83,0,986,768,764,767,768,666,92
telemetry,10:03:08,,933,27.97,0.06,-56.86,0,55,768,764,768,769,666,92
telemetry,10:03:09,,934,28.44,0.12,-56.92,0,418,768,764,767,768,666,92
telemetry,10:03:09,,934,27.97,0.06,-56.95,0,989,768,764,767,768,666,92
telemetry,10:03:10,,935,28.44,0.12,-57.01,0,759,768,764,767,768,666,92
telemetry,10:03:10,,935,28.44,0.06,-57.05,0,750,768,764,767,769,666,92
telemetry,10:03:11,,936,27.97,0.06,-57.08,0,61,768,764,767,769,666,92
telemetry,10:03:11,,936,27.97,0.12,-57.14,0,763,768,764,767,769,666,92
telemetry,10:03:12,,937,27.97,0.18,-57.23,0,584,768,764,767,769,666,92
telemetry,10:03:12,,937,27.97,0.12,-57.29,0,181,768,764,767,769,666,92
telemetry,10:03:13,,938,27.97,0.12,-57.35,0,710,768,764,767,768,666,92
telemetry,10:03:13,,938,27.97,0.12,-57.41,0,570,768,764,767,769,666,92
telemetry,10:03:14,,939,26.57,0.06,-57.44,0,317,768,764,767,769,666,92
telemetry,10:03:14,,939,27.97,0.00,-57.44,0,201,768,764,765,769,666,92
telemetry,10:03:15,,940,27.50,0.06,-57.48,0,846,768,764,765,769,666,92
telemetry,10:03:15,,940,27.97,0.18,-57.57,0,147,768,764,765,768,666,92
telemetry,10:03:16,,941,27.97,0.12,-57.63,0,32,768,764,765,769,666,92
telemetry,10:03:16,,941,28.44,0.12,-57.69,0,859,768,764,766,769,666,92
telemetry,10:03:17,,942,27.97,0.12,-57.75,0,768,768,764,766,769,666,92
telemetry,10:03:17,,942,28.91,0.06,-57.78,0,198,768,764,766,768,666,92
telemetry,10:03:18,,943,27.50,0.00,-57.78,0,187,768,764,766,769,666,92
telemetry,10:03:18,,943,27.97,0.06,-57.81,0,631,768,764,766,768,666,92
telemetry,10:03:19,,944,28.91,0.06,-57.84,0,455,768,764,766,769,666,92
telemetry,10:03:19,,944,27.97,0.06,-57.88,0,100,768,764,766,769,666,92
telemetry,10:03:20,,945,27.97,0.12,-57.94,0,912,768,764,766,769,666,92
telemetry,10:03:20,,945,27.97,0.06,-57.97,0,32,768,764,766,769,666,92
telemetry,10:03:21,,946,27.97,0.06,-58.00,0,43,768,764,767,768,666,92
telemetry,10:03:21,,947,27.03,0.06,-58.03,0,199,768,764,767,768,666,92
telemetry,10:03:22,,947,27.97,0.12,-58.09,0,716,768,764,766,768,666,92
telemetry,10:03:22,,948,28.44,0.12,-58.15,0,162,768,764,766,769,666,92
telemetry,10:03:23,,948,27.97,0.06,-58.18,0,602,768,764,766,768,666,92
telemetry,10:03:23,,949,27.97,0.06,-58.21,0,828,768,764,766,769,666,92
telemetry,10:03:24,,949,27.97,0.06,-58.24,0,348,768,764,766,769,666,92
telemetry,10:03:24,,950,27.97,0.00,-58.24,0,555,768,764,766,769,666,92
telemetry,10:03:25,,950,27.97,0.12,-58.31,0,278,768,764,766,768,666,92
telemetry,10:03:25,,951,27.03,0.12,-58.37,0,624,768,764,766,768,666,92
telemetry,10:03:26,,951,27.97,0.06,-58.40,0,885,768,764,765,768,666,92
telemetry,10:03:26,,952,28.44,0.06,-58.43,0,434,768,764,765,769,666,92
telemetry,10:03:27,,952,27.97,0.06,-58.46,0,117,768,764,765,769,665,92
telemetry,10:03:27,,953,27.97,0.12,-58.52,0,872,768,764,765,769,666,92
telemetry,10:03:28,,953,27.97,0.00,-58.52,0,278,768,764,766,769,666,92
telemetry,10:03:28,,954,28.44,0.12,-58.58,0,612,768,764,765,769,666,92
telemetry,10:03:29,,954,27.97,0.06,-58.61,0,834,768,765,766,769,666,92
telemetry,10:03:29,,955,28.44,0.00,-58.61,0,564,768,764,766,769,666,92
telemetry,10:03:30,,955,27.97,0.06,-58.64,0,408,768,764,766,769,666,92
telemetry,10:03:30,,956,27.97,0.06,-58.68,0,679,768,764,766,769,666,92
telemetry,10:03:31,,956,28.44,0.06,-58.71,0,474,768,764,766,769,666,92
telemetry,10:03:31,,957,27.97,0.12,-58.77,0,777,768,764,766,769,666,92
telemetry,10:03:32,,957,27.97,0.18,-58.86,0,595,768,764,767,769,666,92
telemetry,10:03:32,,958,27.97,0.12,-58.92,0,826,768,764,767,769,666,92
telemetry,10:03:33,,958,27.03,0.12,-58.98,0,854,768,764,767,768,666,92
telemetry,10:03:33,,959,27.50,0.00,-58.98,0,371,768,764,767,769,666,92
telemetry,10:03:34,,959,27.97,0.06,-59.01,0,641,768,764,767,769,666,92
telemetry,10:03:34,,960,27.50,0.18,-59.11,0,456,768,764,766,769,666,92
telemetry,10:03:35,,960,28.44,0.00,-59.11,0,360,768,764,767,768,665,92
telemetry,10:03:35,,961,27.97,0.12,-59.17,0,550,768,764,767,769,666,92
telemetry,10:03:36,,961,27.97,0.12,-59.23,0,607,768,764,766,769,666,92
telemetry,10:03:36,,962,28.91,0.06,-59.26,0,422,768,764,767,769,666,92
telemetry,10:03:37,,962,27.97,0.00,-59.26,0,201,768,764,767,768,666,92
telemetry,10:03:37,,963,27.97,0.12,-59.32,0,881,768,764,767,769,666,92
telemetry,10:03:38,,963,27.50,0.06,-59.35,0,963,768,764,767,769,666,92
telemetry,10:03:38,,964,27.50,0.18,-59.44,0,528,768,764,767,768,666,92
telemetry,10:03:39,,964,27.97,0.06,-59.47,0,250,768,764,767,769,666,92
telemetry,10:03:39,,965,27.97,0.12,-59.54,0,841,768,764,767,769,666,92
telemetry,10:03:40,,965,27.97,0.12,-59.60,0,429,768,764,767,769,666,92
telemetry,10:03:40,,966,27.50,0.12,-59.66,0,461,768,764,767,768,666,92
telemetry,10:03:41,,966,28.44,0.12,-59.72,0,521,768,764,767,769,666,92
telemetry,10:03:41,,967,27.50,0.18,-59.81,0,275,768,765,767,769,666,92
telemetry,10:03:42,,967,27.50,0.06,-59.84,0,893,768,764,767,768,666,92
telemetry,10:03:42,,968,26.57,0.12,-59.91,0,605,768,764,767,769,666,92
telemetry,10:03:43,,968,27.03,0.06,-59.94,0,752,768,764,767,768,666,92
telemetry,10:03:43,,969,27.50,0.12,-60.00,0,783,768,764,767,769,666,92
telemetry,10:03:44,,969,26.57,0.06,-60.03,0,475,768,764,767,769,666,92
telemetry,10:03:44,,970,30.31,0.06,-60.06,0,425,768,764,767,769,666,92
telemetry,10:03:45,,970,27.03,0.06,-60.09,0,413,768,764,767,769,666,92
telemetry,10:03:45,,971,28.44,0.12,-60.15,0,139,768,764,767,769,666,92
telemetry,10:03:46,,971,27.97,0.06,-60.21,0,764,768,765,767,769,666,92
telemetry,10:03:46,,972,27.97,0.06,-60.24,0,479,768,764,767,768,666,92
telemetry,10:03:47,,972,27.97,0.12,-60.31,0,161,768,764,766,769,666,92
telemetry,10:03:47,,973,28.44,0.06,-60.34,0,800,768,764,766,769,666,92
telemetry,10:03:48,,973,27.97,0.12,-60.40,0,772,768,765,767,769,666,92
telemetry,10:03:48,,974,27.97,0.06,-60.43,0,284,768,764,766,769,666,92
telemetry,10:03:49,,974,27.97,0.06,-60.46,0,364,768,765,767,769,665,92
telemetry,10:03:49,,975,27.50,0.12,-60.52,0,91,768,764,767,768,666,92
telemetry,10:03:50,,975,27.97,0.12,-60.58,0,448,768,765,767,769,666,92
telemetry,10:03:50,,976,28.44,0.12,-60.64,0,554,768,764,767,769,666,92
telemetry,10:03:51,,976,27.50,0.18,-60.74,0,810,768,764,767,769,665,92
telemetry,10:03:51,,977,27.50,0.06,-60.77,0,577,768,764,767,769,666,92
telemetry,10:03:52,,977,27.97,0.12,-60.83,0,498,768,764,767,768,666,92
telemetry,10:03:53,,978,27.97,0.06,-60.86,0,60,768,764,767,768,666,92
telemetry,10:03:53,,978,27.97,0.06,-60.89,0,916,768,764,767,769,666,92
telemetry,10:03:54,,979,27.03,0.06,-60.92,0,151,768,764,767,769,666,92
telemetry,10:03:54,,979,27.97,0.12,-60.98,0,26,768,765,767,769,665,92
telemetry,10:03:55,,980,27.50,0.18,-61.07,0,496,768,764,767,769,666,92
telemetry,10:03:55,,980,26.57,0.06,-61.11,0,168,768,765,767,769,666,92
telemetry,10:03:56,,981,27.50,0.06,-61.14,0,568,768,764,767,769,666,92
telemetry,10:03:56,,981,27.50,0.12,-61.20,0,604,768,764,767,769,665,92
telemetry,10:03:57,,982,27.50,0.12,-61.26,0,240,768,764,767,769,666,92
telemetry,10:03:57,,982,27.97,0.06,-61.29,0,233,768,765,767,768,666,92
telemetry,10:03:58,,983,28.44,0.06,-61.32,0,811,768,764,764,768,666,92
telemetry,10:03:58,,983,28.44,0.06,-61.35,0,106,768,764,767,769,666,92
telemetry,10:03:59,,984,27.50,0.12,-61.41,0,339,768,764,767,769,666,92
telemetry,10:03:59,,984,27.03,0.06,-61.44,0,57,768,764,767,768,666,92
telemetry,10:04:00,,985,27.97,0.12,-61.50,0,548,768,764,767,768,666,92
telemetry,10:04:00,,985,27.03,0.06,-61.54,0,920,768,765,767,769,666,92
telemetry,10:04:01,,986,27.97,0.06,-61.57,0,454,768,764,767,769,666,92
telemetry,10:04:01,,986,28.91,0.12,-61.63,0,165,768,764,767,769,666,92
telemetry,10:04:02,,987,27.97,0.06,-61.66,0,41,768,764,767,768,666,92
telemetry,10:04:02,,987,27.97,0.12,-61.72,0,346,768,764,767,769,666,92
telemetry,10:04:03,,988,28.44,0.06,-61.75,0,697,768,765,767,769,666,92
telemetry,10:04:03,,988,27.50,0.06,-61.78,0,415,768,764,767,769,666,92
telemetry,10:04:04,,989,27.97,0.12,-61.84,0,539,768,764,767,768,666,92
telemetry,10:04:04,,989,28.44,0.06,-61.87,0,898,768,764,767,769,666,92
telemetry,10:04:05,,990,27.50,0.06,-61.90,0,384,768,764,767,769,666,92
telemetry,10:04:05,,990,27.97,0.06,-61.94,0,930,768,764,767,769,666,92
telemetry,10:04:06,,991,27.97,0.06,-61.97,0,943,768,764,767,769,666,92
